# This file uses centimeters as units for non-parametric coordinates.

mtllib rose.mtl
g default
v 121.953298 68.152604 162.208072
v 122.214038 66.498452 162.998262
v 122.897466 63.106282 163.97507
v 123.968458 60.031562 164.7707
v 125.443974 57.624248 165.266982
v 127.119086 55.546258 165.615562
v 128.842106 53.547302 165.928696
v 130.74875600000001 51.851318 166.105938
v 132.926864 50.603214 166.082304
v 135.240704 49.579044 165.958232
v 137.859526 49.058064 165.608474
v 140.620466 48.77156 165.153548
v 143.64488 48.919762 164.503652
v 146.899232 49.447322 163.683604
v 150.091304 49.872146 162.909638
v 152.914658 49.688614 162.186042
v 154.7356 48.927162 160.817172
v 123.030136 69.929252 161.411216
v 124.721016 70.634674 161.143106
v 128.044484 71.598266 160.166298
v 131.265834 72.07138 159.370672
v 134.082662 71.87709 158.874386
v 136.699892 71.353478 158.525806
v 139.26922 70.750846 158.21267
v 141.654912 69.845222 158.035424
v 143.769142 68.491722 158.05906
v 145.747652 66.914292 158.183136
v 147.421174 64.83368 158.532892
v 148.952572 62.518574 158.987824
v 150.220498 59.768772 159.637716
v 151.25849399999998 56.639602 160.457766
v 152.358758 53.61319 161.231732
v 153.782806 51.120968 161.543612
v 155.032834 49.41756 160.597224
v 122.92464 69.755196 160.88058
v 124.578598 70.399704 160.426744
v 127.902064 71.363288 159.449936
v 131.123414 71.83641 158.654306
v 133.940244 71.642112 158.158026
v 136.557474 71.118508 157.809444
v 139.126802 70.51587 157.496308
v 141.512492 69.610244 157.319064
v 143.626724 68.256744 157.342696
v 145.60523 66.679314 157.466772
v 147.27875 64.598694 157.81653
v 148.81015 62.283596 158.271462
v 150.078078 59.533794 158.921358
v 151.11607800000002 56.404628 159.741404
v 152.21634 53.378208 160.51537
v 153.65274399999998 50.906376 160.889396
v 154.97752400000002 49.326306 160.319008
v 121.847804 67.978546 161.677434
v 122.071618 66.263474 162.281898
v 122.755044 62.8713 163.258708
v 123.826036 59.796582 164.054338
v 125.301552 57.389274 164.550618
v 126.976666 55.31128 164.899202
v 128.69968599999999 53.312328 165.212332
v 130.606332 51.616348 165.389574
v 132.784442 50.368236 165.365942
v 135.09828 49.344066 165.241872
v 137.717104 48.823086 164.892112
v 140.478048 48.536586 164.437184
v 143.502458 48.684784 163.78729
v 146.756814 49.212348 162.96724
v 149.948882 49.637166 162.19328
v 152.78458799999999 49.474018 161.531832
v 154.680286 48.835904 160.538958
v 153.095146 49.986396 160.589268
v 150.947852 51.28535 160.676484
v 148.801682 52.586148 160.676484
v 146.655508 53.886952 160.676486
v 144.509342 55.187756 160.67648
v 142.363166 56.488552 160.676482
v 140.21699999999998 57.789356 160.676482
v 138.070828 59.090156 160.67648
v 135.924654 60.39096 160.67648
v 133.778482 61.691754 160.676482
v 131.632308 62.992554 160.676482
v 129.486142 64.293358 160.676484
v 127.33997 65.594154 160.67648
v 125.193798 66.894958 160.67648
v 123.19035 68.10926 160.676482
v 121.818894 68.927552 160.64763
v 121.640474 68.633172 159.750188
v 123.000452 67.795944 159.721334
v 125.0039 66.58165 159.721332
v 127.150074 65.280854 159.721332
v 129.296244 63.980046 159.721332
v 131.44241399999999 62.679244 159.721334
v 133.588584 61.378444 159.721334
v 135.734758 60.077648 159.721336
v 137.880932 58.776852 159.721334
v 140.027102 57.476048 159.721334
v 142.17327 56.175244 159.721334
v 144.31944 54.874444 159.721336
v 146.46561 53.573642 159.721334
v 148.611788 52.272846 159.721334
v 150.757954 50.972042 159.721334
v 152.920216 49.697788 159.709428
v 154.903424 48.733326 159.682078
v 154.970982 48.844792 160.021902
v 146.774222 58.924542 159.248518
v 144.955926 60.766304 159.00589
v 143.061842 62.483014 158.819352
v 141.005084 63.93134 158.753182
v 138.875944 65.260246 158.740576
v 136.602034 66.350288 158.835102
v 134.230178 67.278732 159.00211
v 131.832776 68.165032 159.18802
v 129.32892 68.875694 159.452702
v 126.609318 69.230408 159.877038
v 123.90186 69.283172 160.398002
v 122.14744 69.292076 160.551044
v 121.993432 69.03798 159.776422
v 123.711968 68.969864 159.442858
v 126.419424 68.917106 158.921892
v 129.139024 68.562394 158.497554
v 131.642886 67.851738 158.232866
v 134.040286 66.965432 158.046956
v 136.412136 66.036988 157.879954
v 138.686054 64.946952 157.785426
v 140.815194 63.61805 157.798028
v 142.871942 62.169708 157.864202
v 144.76603 60.453 158.050742
v 146.584324 58.611236 158.293374
v 148.262098 56.53764 158.639982
v 149.817246 54.261712 159.077338
v 151.405596 52.040576 159.49012
v 153.191268 50.144996 159.73702
v 154.988422 48.873566 159.726822
v 155.054856 48.983174 160.060982
v 153.36596600000001 50.433228 160.615728
v 151.59549 52.353882 160.445274
v 150.00714 54.575012 160.032492
v 148.451996 56.850948 159.595128
v 142.33043 51.592804 162.536906
v 139.856382 52.35265 162.779532
v 137.45813 53.237542 162.966072
v 135.22254 54.390808 163.03224
v 133.059334 55.66351 163.044844
v 131.040908 57.175072 162.950316
v 129.120418 58.848224 162.783312
v 127.225476 60.563518 162.597406
v 125.436988 62.454456 162.332722
v 123.864246 64.701348 161.908386
v 122.564806 67.077186 161.38742
v 121.678344 68.518128 160.89817
v 121.524346 68.264038 160.12354
v 122.374912 66.763878 160.43227
v 123.67435 64.388046 160.953232
v 125.247092 62.141152 161.377572
v 127.035578 60.250218 161.642254
v 128.930522 58.53492 161.828164
v 130.851012 56.861774 161.995168
v 132.86944 55.350212 162.089696
v 135.032646 54.07751 162.077094
v 137.268242 52.924244 162.010924
v 139.666492 52.039344 161.82438
v 142.140542 51.279506 161.581754
v 144.7551 50.751496 161.235146
v 147.49230599999999 50.425828 160.797788
v 150.196288 50.045356 160.385006
v 152.728256 49.381076 160.079648
v 154.85574400000002 48.654652 159.825006
v 154.922168 48.764256 160.159164
v 152.902946 49.669304 160.958358
v 150.386186 50.35867 161.34015
v 147.682202 50.739132 161.752934
v 144.944996 51.0648 162.190296
v 119.581718 70.178184 160.412826
v 119.496662 70.037858 159.984994
v 119.971924 70.218102 160.278146
v 119.90212 70.102936 159.927042
v 119.711606 69.78862 160.47078
v 119.64181 69.673462 160.11967
v 149.23638 55.72422 159.808768
v 147.532258 55.333488 160.027694
v 145.582424 54.537354 160.676482
v 147.631844 57.91866 159.407958
v 145.620288 57.020688 159.854384
v 143.436254 55.838154 160.676482
v 145.877422 59.865798 159.118066
v 143.638052 58.59196 159.733072
v 141.290082 57.13895 160.676482
v 144.024214 61.649948 158.901278
v 141.617926 60.100724 159.639802
v 139.143914 58.439754 160.67648
v 142.048366 63.231766 158.775238
v 139.516462 61.475284 159.606718
v 136.997742 59.740558 160.67648
v 139.953288 64.616868 158.737426
v 137.378806 62.790142 159.600414
v 134.851568 61.041358 160.676482
v 137.756022 65.833366 158.775236
v 135.168764 63.985558 159.647678
v 132.705394 62.342152 160.676482
v 135.422492 66.82505 158.913878
v 132.90975 65.100182 159.731182
v 130.559226 63.642956 160.676482
v 133.037864 67.732422 159.09034
v 130.637964 66.19374 159.824138
v 128.413056 64.943756 160.676482
v 130.602138 68.555488 159.304606
v 128.312952 67.19947 159.956478
v 126.266882 66.24456 160.67648
v 127.996088 69.09755 159.644914
v 125.880064 68.027222 160.168646
v 124.120712 67.545356 160.67648
v 125.174292 69.283646 160.144874
v 123.524612 68.660752 160.429128
v 122.545436 68.500138 160.676482
v 123.002878 69.254876 160.586012
v 121.944262 69.134392 160.554858
v 119.195032 70.316612 160.19891
v 119.662302 70.311142 160.35319
v 119.680982 70.341964 160.093982
v 119.577244 70.170806 159.925364
v 122.812984 68.941566 159.630868
v 123.334716 68.347434 159.473982
v 122.355538 68.186828 159.721334
v 121.765838 68.840012 159.657418
v 124.984398 68.970344 159.189728
v 125.690168 67.713912 159.213498
v 123.930814 67.232048 159.721332
v 127.806194 68.784248 158.689766
v 128.123056 66.886162 159.001328
v 126.076988 65.931252 159.72133
v 130.412246 68.242196 158.349454
v 130.44807 65.880432 158.868984
v 128.223158 64.630448 159.721332
v 132.847972 67.419128 158.135184
v 132.719854 64.78688 158.77603
v 130.369328 63.329648 159.721334
v 135.232598 66.51175 157.958728
v 134.978866 63.672252 158.69253
v 132.515498 62.028846 159.721334
v 137.566128 65.520072 157.820086
v 137.188912 62.476834 158.645268
v 134.66167000000002 60.728046 159.721334
v 139.7634 64.303574 157.782274
v 139.326568 61.161988 158.651568
v 136.807844 59.42725 159.721334
v 141.85847 62.918464 157.820086
v 141.428028 59.787414 158.684654
v 138.954018 58.12645 159.721334
v 143.834314 61.336644 157.946128
v 143.448156 58.278656 158.777924
v 141.100188 56.825646 159.721334
v 145.687524 59.552494 158.16292
v 145.430386 56.707374 158.899242
v 143.246356 55.524842 159.721336
v 147.441946 57.60535 158.452814
v 147.34235999999999 55.02018 159.072544
v 145.392524 54.22404 159.721336
v 149.04648600000002 55.41092 158.853618
v 149.19302199999998 53.231816 159.291222
v 147.5387 52.923244 159.721334
v 150.596518 53.126556 159.294756
v 151.060278 51.470844 159.497612
v 149.68487 51.622444 159.721334
v 152.265774 51.038906 159.64767
v 153.035964 49.888772 159.623772
v 151.831038 50.32164 159.721334
v 154.196292 49.382294 159.727776
v 154.936596 48.788056 159.657532
v 154.041572 49.127026 159.67371
v 155.214076 48.640656 159.80243
v 155.275238 48.741558 159.841046
v 155.004154 48.89952 159.997356
v 154.171582 49.341526 160.327628
v 154.325398 49.595302 160.377162
v 148.014132 60.970252 159.075106
v 146.35978 63.0825 158.711162
v 144.591732 65.007156 158.431356
v 142.579686 66.529252 158.332098
v 140.459064 67.872208 158.31319
v 138.12128 68.856864 158.454982
v 135.636584 69.599144 158.705492
v 133.113566 70.27819 158.984358
v 130.430868 70.693786 159.381384
v 127.424552 70.575448 160.017886
v 124.365088 70.04744 160.799332
v 122.702366 69.608764 161.136832
v 121.870886 69.29657 160.249552
v 122.559944 69.373786 160.420474
v 124.175198 69.734138 159.844186
v 127.23466 70.262146 159.062738
v 130.240974 70.380486 158.426234
v 132.923676 69.96489 158.029204
v 135.44669 69.285842 157.75034
v 137.931386 68.543564 157.499834
v 140.269172 67.558914 157.35804
v 142.389796 66.215958 157.376944
v 144.401832 64.693848 157.476204
v 146.169882 62.769192 157.756012
v 147.824238 60.656952 158.119958
v 149.267812 58.196956 158.639874
v 150.527448 55.43346 159.29591
v 151.836888 52.752162 159.915082
v 153.425656 50.531708 160.248078
v 155.07756 49.020634 159.983786
v 155.14061 49.12466 160.300946
v 153.599674 50.81882 161.123386
v 152.026782 53.065468 160.870236
v 150.717338 55.746758 160.251062
v 149.457708 58.510258 159.59502
v 143.398394 53.354816 161.49858
v 141.088282 54.385136 161.619892
v 138.81607 55.47799 161.713162
v 136.62519 56.70502 161.746246
v 134.4705 57.991776 161.752548
v 132.3882 59.397954 161.705286
v 130.354868 60.884926 161.621782
v 128.334314 62.392974 161.52883
v 126.366984 63.988842 161.396488
v 124.507526 65.762688 161.18432
v 122.856084 67.557762 160.923838
v 121.693524 68.72071 160.740402
v 119.39739 69.874076 160.303838
v 119.50113 70.045228 160.47246
v 119.416078 69.904908 160.044626
v 122.66619 67.244446 159.968688
v 121.515106 68.42633 159.842956
v 124.317632 65.449378 160.229168
v 126.17708999999999 63.675538 160.441338
v 128.144416 62.079666 160.57368
v 130.164972 60.57162 160.666636
v 132.198304 59.084648 160.750138
v 134.280604 57.678466 160.797402
v 136.435296 56.39172 160.7911
v 138.626178 55.164684 160.758016
v 140.898388 54.07183 160.664742
v 143.208496 53.041512 160.54343
v 145.588862 52.127106 160.370126
v 148.030552 51.313874 160.151448
v 150.455626 50.473236 159.945056
v 152.804462 49.50681 159.795086
v 154.870254 48.678596 159.706624
v 154.937812 48.790062 160.04645
v 152.979386 49.795414 160.674926
v 150.645524 50.786548 160.900202
v 148.220448 51.627174 161.106596
v 145.778758 52.440414 161.325276
v 120.782894 69.83075 160.354178
v 120.643664 69.601036 160.561072
v 120.67489 69.65255 159.81094
v 120.499662 69.36345 159.836748
v 120.468424 69.31192 160.586882
v 120.360432 69.133736 160.043636
v 122.045502 67.675316 162.645742
v 122.359506 66.738456 162.283458
v 122.173958 67.887252 161.19941
v 121.931638 68.337158 161.707166
v 122.50302 64.876358 163.47288
v 123.306942 63.78186 163.064904
v 123.1531 65.948914 161.64055
v 123.382398 61.485492 164.410302
v 124.592968 61.061928 163.701408
v 124.623648 63.53341 162.14051
v 124.666298 58.76204 165.048382
v 126.202614 58.875916 164.098434
v 126.30994 61.473862 162.480818
v 126.269554 56.565498 165.450134
v 127.97194 56.95337 164.377296
v 128.16656 59.695332 162.695086
v 127.96862 54.527024 165.780992
v 129.77959 55.094044 164.627804
v 130.074276 58.00111 162.87154
v 129.763494 52.646622 166.04095
v 131.73414400000001 53.4771 164.769598
v 132.033088 56.39119 163.010184
v 131.813858 51.187748 166.111846
v 133.905866 52.218448 164.75069
v 134.128164 55.006084 163.047996
v 134.05584 50.045022 166.040946
v 136.186168 51.13895 164.651434
v 136.325432 53.789586 163.010184
v 136.521374 49.271134 165.804622
v 138.710462 50.46201 164.371624
v 138.641926 52.769806 162.884144
v 139.21684199999999 48.876606 165.398144
v 141.348448 49.972644 164.007686
v 141.081056 51.952354 162.667356
v 142.097544 48.7877 164.854596
v 144.197212 49.83105 163.48777
v 143.618976 51.297894 162.377466
v 145.25928199999998 49.162472 164.10308
v 147.22993 49.992938 162.83173
v 146.306786 50.890728 161.976656
v 148.523212 49.705842 163.275942
v 150.212824 50.07264 162.212556
v 149.04909800000001 50.57349 161.535514
v 151.56359 49.880382 162.614232
v 152.905152 49.672936 161.63733
v 151.672176 50.059536 161.182602
v 154.119088 49.254918 161.421388
v 154.941586 48.796296 160.44822
v 154.074382 49.181164 160.562908
v 123.599724 70.239594 161.495622
v 124.776362 70.725982 160.939312
v 123.457304 70.004616 160.779262
v 122.863026 69.873832 161.351186
v 126.292758 71.128982 160.668488
v 128.18783 71.834762 159.897386
v 126.15034 70.894004 159.952126
v 129.705724 71.918252 159.731066
v 131.48086 72.426148 159.048716
v 129.563304 71.683274 159.014704
v 132.714168 72.0401 159.092988
v 134.342398 72.305618 158.519348
v 132.57175 71.805122 158.376626
v 135.403252 71.63504 158.691234
v 136.99103 71.833832 158.147528
v 135.260834 71.400062 157.974872
v 137.996532 71.071922 158.360376
v 139.58857 71.277726 157.813518
v 137.854114 70.836944 157.644014
v 140.494002 70.350716 158.100414
v 141.990228 70.398452 157.62445400000001
v 140.351584 70.115746 157.384054
v 142.735978 69.207984 158.029518
v 144.102332 69.041436 157.649662
v 142.59356 68.973014 157.313154
v 144.78634 67.749108 158.10042
v 146.06966 67.445564 157.782012
v 144.64392 67.51413 157.384056
v 146.613156 65.92141 158.336744
v 147.711672 65.312966 158.155086
v 146.470732 65.686424 157.620382
v 148.210026 63.714324 158.743224
v 149.202086 62.930244 158.640346
v 148.067604 63.479344 158.026862
v 149.621664 61.20163 159.286774
v 150.411462 60.083848 159.333566
v 149.479242 60.966656 158.570414
v 150.75227 58.225266 160.038288
v 151.375584 56.832782 160.208286
v 150.609852 57.990292 159.321928
v 151.780682 55.080292 160.865428
v 152.406116 53.691326 161.033848
v 151.638264 54.845314 160.149064
v 153.032642 52.304154 161.527138
v 153.786144 51.126476 161.393428
v 152.89022 52.069172 160.810776
v 154.58972599999998 50.031422 161.07312
v 155.19425999999999 49.213176 160.413034
v 154.49673 49.87799 160.605344
v 121.984066 67.573952 160.24426
v 122.169614 66.425156 161.328308
v 121.903084 67.440338 161.929382
v 121.789222 68.102188 160.990804
v 122.963204 65.635598 160.685398
v 123.11704399999999 63.468556 162.109752
v 122.360598 64.641372 162.756516
v 124.433754 63.220104 161.185358
v 124.403074 60.74862 162.746258
v 123.239976 61.250512 163.69394
v 126.12004400000001 61.160556 161.525668
v 126.012718 58.562618 163.143282
v 124.523876 58.527066 164.332018
v 127.976662 59.38203 161.739936
v 127.782046 56.640064 163.422148
v 126.127134 56.33052 164.73377
v 129.88438 57.687806 161.916394
v 129.589696 54.780746 163.672654
v 127.8262 54.292046 165.06463
v 131.843194 56.077892 162.055036
v 131.544248 53.163804 163.814446
v 129.621072 52.411648 165.324586
v 133.938268 54.692788 162.092848
v 133.715972 51.905152 163.79554
v 131.671436 50.952774 165.395482
v 136.13554 53.476292 162.055038
v 135.996278 50.82565 163.696286
v 133.913418 49.810048 165.324584
v 138.45203800000002 52.456502 161.928996
v 138.52057 50.148708 163.416476
v 136.37895 49.036156 165.088262
v 140.891168 51.639054 161.712204
v 141.15856 49.659348 163.052534
v 139.074422 48.641636 164.681782
v 143.429084 50.984588 161.422314
v 144.007316 49.517738 162.532622
v 141.955122 48.552722 164.138234
v 146.11689 50.577424 161.02151
v 147.040038 49.679634 161.87658
v 145.116864 48.92749 163.386718
v 148.8592 50.260182 160.580368
v 150.022924 49.75933 161.257412
v 148.38079 49.47086 162.55958
v 151.482278 49.746232 160.227456
v 152.731132 49.385822 160.762026
v 151.421166 49.645402 161.897874
v 153.945286 48.968158 159.91352
v 154.878536 48.692264 160.131062
v 154.02608800000002 49.101482 160.95362
v 122.10225 66.314018 162.918146
v 121.886492 68.262664 162.073818
v 122.697676 62.77665 163.960076
v 123.696992 59.583672 164.808746
v 125.127796 57.102592 165.338114
v 126.771504 54.972786 165.709936
v 128.466312 52.927288 166.043944
v 130.356994 51.20496 166.233002
v 132.537232 49.96037 166.207792
v 134.86225 48.95464 166.07545
v 137.51258 48.485646 165.702374
v 140.314508 48.266766 165.217118
v 143.39747 48.511566 164.523896
v 146.725704 49.161022 163.649176
v 149.987498 49.700882 162.823616
v 152.860116 49.598628 162.07869
v 154.940552 48.794586 160.600774
v 155.18200000000002 48.587718 159.910042
v 121.423354 68.558198 160.58072
v 152.020938 50.634952 160.676482
v 153.210896 50.17738 160.503612
v 152.45567 51.35221 160.602822
v 151.250176 51.784152 160.452766
v 149.874766 51.93575 160.676484
v 150.78641199999998 53.439858 160.249912
v 149.382918 53.545116 160.246374
v 147.728594 53.23655 160.676486
v 122.095692 67.758126 162.001442
v 122.776766 65.328002 162.663152
v 123.909504 62.355152 163.41309
v 125.365856 59.916234 163.923554
v 127.077696 57.898834 164.244956
v 128.866184 56.007896 164.50964
v 130.731318 54.243416 164.717606
v 132.800844 52.816162 164.774324
v 135.023662 51.641816 164.717604
v 137.425322 50.762542 164.528544
v 140.010932 50.186768 164.203362
v 142.744726 49.855476 163.768524
v 145.703352 49.89513 163.167312
v 148.743732 50.069676 162.5056
v 151.605268 49.949146 161.976232
v 154.096566 49.217758 161.036556
v 123.623308 70.278504 161.315332
v 126.390862 71.29084 160.433054
v 129.88828 72.219452 159.433138
v 132.95421 72.436134 158.752522
v 135.679488 72.090806 158.323986
v 138.302574 71.57685 157.97107
v 140.823466 70.894294 157.693778
v 143.071828 69.7621 157.618152
v 145.115802 68.292678 157.69378
v 146.921326 66.429848 157.94586
v 148.481576 64.162354 158.37944
v 149.844246 61.568866 158.959228
v 150.90715 58.480796 159.760842
v 151.861044 55.212876 160.643124
v 153.053386 52.338378 161.348948
v 154.58768 50.028046 160.972294
v 121.905802 67.444824 161.046292
v 122.586872 65.014694 161.708002
v 123.719606 62.041848 162.45794
v 125.17596 59.602932 162.968402
v 126.8878 57.585534 163.289804
v 128.67629 55.694596 163.554492
v 130.541422 53.930122 163.762456
v 132.610948 52.502864 163.819172
v 134.83377 51.328522 163.762456
v 137.23543 50.449242 163.573396
v 139.821044 49.873466 163.24821
v 142.554834 49.542176 162.813374
v 145.513458 49.581826 162.212164
v 148.553836 49.756366 161.550454
v 151.41537 49.635838 161.021086
v 153.97017 49.009216 160.400772
v 121.965472 67.543274 162.542128
v 122.348472 64.621376 163.424406
v 123.143396 61.091172 164.424324
v 124.369812 58.27288 165.10494
v 125.936874 56.016614 165.533476
v 127.606134 53.928958 165.886392
v 129.377588 52.009922 166.16368
v 131.421564 50.540512 166.239302
v 133.669934 49.408326 166.163678
v 136.156758 48.66956 165.9116
v 138.888848 48.335456 165.478022
v 141.818518 48.327342 164.898236
v 145.04796199999998 48.813816 164.09662
v 148.386408 49.48013 163.21434
v 151.486396 49.753026 162.508518
v 154.085662 49.199768 161.343784
v 155.202294 48.621212 160.146634
v 121.813658 68.425744 161.290692
v 152.216812 50.958118 160.53154
v 150.30909400000002 52.65234 160.355086
v 148.460992 54.444924 160.134514
v 146.58564 56.192544 159.934106
v 144.635346 57.816514 159.789158
v 142.635654 59.358986 159.680766
v 140.574646 60.800296 159.617746
v 138.45402 62.14325 159.59884
v 136.2823 63.401902 159.617744
v 134.04245 64.548142 159.687066
v 131.77705 65.652222 159.775296
v 129.486104 66.714164 159.88243
v 127.109992 67.63559 160.052582
v 124.626008 68.379036 160.302562
v 122.752662 68.842048 160.523134
v 119.27253 70.444474 160.141562
v 122.562764 68.528732 159.567988
v 124.436112 68.065728 159.347416
v 126.920096 67.322288 159.097434
v 129.296208 66.400864 158.92728
v 131.587156 65.33892 158.820144
v 133.852552 64.234832 158.731916
v 136.092404 63.088596 158.662596
v 138.264128 61.829952 158.643692
v 140.38475 60.486996 158.662596
v 142.445756 59.04568 158.725618
v 144.445446 57.503204 158.834014
v 146.39574 55.879234 158.97896
v 148.2711 54.131618 159.179362
v 150.1192 52.339038 159.399932
v 152.026908 50.64481 159.576388
v 154.104324 49.23056 159.627274
v 155.237388 48.679116 159.785182
v 154.234334 49.44506 160.281192
v 147.205478 62.056938 158.879426
v 145.49875 64.082764 158.554244
v 143.608062 65.805084 158.365184
v 141.538536 67.232346 158.308464
v 139.315722 68.4067 158.36518
v 136.888512 69.243812 158.573148
v 134.384654 69.954476 158.837836
v 131.804152 70.538682 159.159238
v 128.968162 70.701354 159.6697
v 125.808554 70.330102 160.419638
v 123.339072 69.809548 161.081346
v 122.42683 69.4374 160.836946
v 123.149176 69.496238 160.1262
v 125.618664 70.0168 159.46449
v 128.77827 70.388054 158.714552
v 131.61426 70.22538 158.204086
v 134.194764 69.641174 157.882682
v 136.69862 68.930512 157.617996
v 139.12583 68.0934 157.41003
v 141.348646 66.919052 157.353312
v 143.41817 65.49179 157.410032
v 145.308852 63.769454 157.599094
v 147.015584 61.74363 157.924278
v 148.574128 59.47332 158.35912
v 149.90785 56.83207 158.96033
v 151.159814 54.055928 159.622038
v 152.59061 51.574852 160.151408
v 154.346684 49.63042 160.122152
v 155.342152 48.851964 160.04314
v 154.47308 49.838966 160.75794
v 152.780506 51.88816 161.10656
v 151.349704 54.369232 160.577192
v 150.097744 57.14537 159.915478
v 148.764024 59.786624 159.314266
v 142.237164 53.859794 161.563804
v 139.94451 54.918914 161.6722
v 137.713178 56.079208 161.735218
v 135.54146 57.33786 161.754122
v 133.420834 58.680812 161.735218
v 131.36834 60.13617 161.665896
v 129.341398 61.633682 161.57767
v 127.340004 63.173348 161.470536
v 125.42377 64.853524 161.300382
v 123.61541 66.711678 161.050402
v 122.3382 68.158234 160.829832
v 119.117534 70.188752 160.256258
v 122.148308 67.844924 159.874682
v 123.425516 66.398368 160.095252
v 125.233876 64.540214 160.34523
v 127.150106 62.860038 160.515386
v 129.1515 61.320374 160.622522
v 131.178444 59.822864 160.71075
v 133.230938 58.367504 160.780072
v 135.351562 57.024556 160.798978
v 137.523284 55.765908 160.780072
v 139.754618 54.60561 160.71705
v 142.047268 53.546486 160.608656
v 144.38931 52.568856 160.463712
v 146.8063 51.71487 160.263308
v 149.25054 50.90585 160.042738
v 151.635164 49.998474 159.86628
v 153.97881999999998 49.023494 159.720146
v 155.19077 48.602196 159.81968
v 154.10883 49.237988 160.374066
v 151.825064 50.311782 160.821428
v 149.440438 51.219158 160.997884
v 146.996194 52.028176 161.218458
v 144.579206 52.882164 161.41886
v 120.733512 69.749276 160.494584
v 120.751354 69.77871 160.065936
v 120.589506 69.51168 159.770264
v 120.391966 69.185768 160.331882
v 120.553812 69.45279 160.627558
v 120.409816 69.215218 159.903232
vt 0.742520 0.834136
vt 0.733904 0.834136
vt 0.738438 0.711227
vt 0.745331 0.711227
vt 0.722304 0.834136
vt 0.729158 0.711227
vt 0.744484 0.560593
vt 0.749079 0.560592
vt 0.746837 0.773519
vt 0.749605 0.683501
vt 0.710029 0.834136
vt 0.719338 0.711227
vt 0.738297 0.560593
vt 0.750529 0.510381
vt 0.752827 0.510381
vt 0.752333 0.521556
vt 0.699392 0.834136
vt 0.710828 0.711227
vt 0.731751 0.560593
vt 0.747436 0.510381
vt 0.690583 0.834136
vt 0.703782 0.711227
vt 0.726077 0.560593
vt 0.744163 0.510381
vt 0.683797 0.834136
vt 0.698352 0.711227
vt 0.721379 0.560593
vt 0.741326 0.510381
vt 0.678454 0.834136
vt 0.694078 0.711227
vt 0.717760 0.560593
vt 0.108356 0.062610
vt 0.112673 0.001993
vt 0.113610 0.034957
vt 0.107448 0.085168
vt 0.121288 0.001993
vt 0.122800 0.034957
vt 0.112673 0.168343
vt 0.108355 0.185833
vt 0.132889 0.001993
vt 0.135173 0.034957
vt 0.121289 0.168344
vt 0.109862 0.346703
vt 0.105587 0.318978
vt 0.104163 0.235802
vt 0.145163 0.001993
vt 0.148266 0.034956
vt 0.132889 0.168343
vt 0.116754 0.346703
vt 0.106113 0.497337
vt 0.102860 0.494453
vt 0.102665 0.386437
vt 0.155801 0.001992
vt 0.159613 0.034956
vt 0.145163 0.168343
vt 0.126035 0.346702
vt 0.110709 0.497337
vt 0.102366 0.547548
vt 0.100885 0.540848
vt 0.102860 0.314573
vt 0.105587 0.152627
vt 0.164609 0.001992
vt 0.169008 0.034956
vt 0.155801 0.168343
vt 0.135854 0.346702
vt 0.116895 0.497337
vt 0.104663 0.547548
vt 0.098617 0.547548
vt 0.098617 0.540848
vt 0.171396 0.001992
vt 0.176248 0.034956
vt 0.164609 0.168343
vt 0.144364 0.346702
vt 0.123442 0.497337
vt 0.107757 0.547548
vt 0.094870 0.547548
vt 0.096350 0.540849
vt 0.098617 0.520748
vt 0.100243 0.520748
vt 0.176739 0.001992
vt 0.181947 0.034956
vt 0.171396 0.168343
vt 0.151411 0.346702
vt 0.129115 0.497337
vt 0.111030 0.547548
vt 0.091121 0.497337
vt 0.094376 0.494454
vt 0.096993 0.520748
vt 0.098617 0.486322
vt 0.100075 0.486323
vt 0.181215 0.001992
vt 0.186722 0.034956
vt 0.176739 0.168343
vt 0.156840 0.346703
vt 0.133813 0.497337
vt 0.113866 0.547548
vt 0.092572 0.547548
vt 0.086526 0.497337
vt 0.087373 0.346703
vt 0.091648 0.318978
vt 0.097160 0.486322
vt 0.098617 0.436648
vt 0.100019 0.436649
vt 0.185259 0.001992
vt 0.191035 0.034956
vt 0.181215 0.168343
vt 0.161114 0.346703
vt 0.137433 0.497337
vt 0.089479 0.547549
vt 0.080340 0.497337
vt 0.080481 0.346703
vt 0.084563 0.168343
vt 0.088880 0.185832
vt 0.093072 0.235802
vt 0.094570 0.386437
vt 0.097216 0.436648
vt 0.098617 0.386974
vt 0.100075 0.386974
vt 0.189302 0.001992
vt 0.195347 0.034956
vt 0.185259 0.168343
vt 0.164696 0.346703
vt 0.086206 0.547549
vt 0.073793 0.497338
vt 0.071201 0.346703
vt 0.075946 0.168343
vt 0.083625 0.034956
vt 0.089787 0.085168
vt 0.091648 0.152627
vt 0.094375 0.314573
vt 0.097160 0.386974
vt 0.098617 0.352548
vt 0.100243 0.352549
vt 0.189302 0.168343
vt 0.083369 0.547549
vt 0.068120 0.497337
vt 0.061381 0.346703
vt 0.064346 0.168344
vt 0.074435 0.034956
vt 0.084563 0.001992
vt 0.088880 0.062610
vt 0.096993 0.352549
vt 0.098618 0.332448
vt 0.100885 0.332448
vt 0.052871 0.346703
vt 0.052072 0.168344
vt 0.062062 0.034957
vt 0.075946 0.001992
vt 0.096350 0.332448
vt 0.098618 0.325747
vt 0.102366 0.325748
vt 0.101461 0.373574
vt 0.063422 0.497337
vt 0.045824 0.346703
vt 0.041435 0.168343
vt 0.048969 0.034957
vt 0.064346 0.001992
vt 0.094870 0.325747
vt 0.095774 0.373574
vt 0.059802 0.497337
vt 0.040395 0.346703
vt 0.032626 0.168343
vt 0.037622 0.034956
vt 0.052072 0.001993
vt 0.025839 0.168343
vt 0.028227 0.034956
vt 0.041435 0.001992
vt 0.036121 0.346703
vt 0.020496 0.168344
vt 0.020987 0.034956
vt 0.032626 0.001992
vt 0.032539 0.346703
vt 0.016020 0.168343
vt 0.015288 0.034957
vt 0.025839 0.001992
vt 0.010513 0.034957
vt 0.020496 0.001993
vt 0.011977 0.168343
vt 0.006201 0.034956
vt 0.016020 0.001993
vt 0.007933 0.168343
vt 0.001888 0.034956
vt 0.011977 0.001993
vt 0.007933 0.001992
vt 0.543520 0.773133
vt 0.543812 0.755646
vt 0.545905 0.755646
vt 0.547063 0.773133
vt 0.539978 0.773133
vt 0.541718 0.755645
vt 0.544685 0.703183
vt 0.545820 0.703183
vt 0.543550 0.703182
vt 0.545558 0.640483
vt 0.546157 0.640483
vt 0.544958 0.640482
vt 0.545849 0.592282
vt 0.546270 0.592283
vt 0.545427 0.592282
vt 0.545558 0.561570
vt 0.546157 0.561570
vt 0.546692 0.609261
vt 0.546757 0.660957
vt 0.544958 0.561570
vt 0.545819 0.551332
vt 0.544685 0.551332
vt 0.545006 0.609261
vt 0.544358 0.583360
vt 0.543550 0.551332
vt 0.612655 0.711226
vt 0.621935 0.711226
vt 0.628789 0.834135
vt 0.617189 0.834135
vt 0.606610 0.560592
vt 0.612796 0.560592
vt 0.631755 0.711227
vt 0.641064 0.834136
vt 0.605762 0.711226
vt 0.608574 0.834135
vt 0.600564 0.510381
vt 0.603658 0.510381
vt 0.619343 0.560592
vt 0.602014 0.560592
vt 0.640265 0.711227
vt 0.651701 0.834136
vt 0.601488 0.683501
vt 0.604256 0.773518
vt 0.606930 0.510381
vt 0.598266 0.510381
vt 0.625016 0.560592
vt 0.598760 0.521556
vt 0.647311 0.711227
vt 0.660510 0.834136
vt 0.609767 0.510381
vt 0.629714 0.560592
vt 0.652741 0.711227
vt 0.667297 0.834136
vt 0.633333 0.560592
vt 0.657015 0.711227
vt 0.672640 0.834136
vt 0.603271 0.124902
vt 0.610203 0.124902
vt 0.610203 0.275536
vt 0.603271 0.275536
vt 0.617134 0.124902
vt 0.617134 0.275536
vt 0.610203 0.325748
vt 0.603271 0.325748
vt 0.610203 0.001993
vt 0.617134 0.001993
vt 0.624065 0.124902
vt 0.624065 0.275537
vt 0.617134 0.325748
vt 0.596340 0.275536
vt 0.596340 0.325748
vt 0.624065 0.001993
vt 0.630997 0.124902
vt 0.630997 0.275537
vt 0.624065 0.325748
vt 0.589409 0.275536
vt 0.589409 0.325748
vt 0.630997 0.001993
vt 0.637928 0.124902
vt 0.637928 0.275536
vt 0.630997 0.325748
vt 0.637928 0.001993
vt 0.644859 0.124902
vt 0.644859 0.275536
vt 0.637928 0.325748
vt 0.644859 0.001993
vt 0.651790 0.124902
vt 0.651790 0.275537
vt 0.644859 0.325748
vt 0.651790 0.001993
vt 0.658722 0.124902
vt 0.658722 0.275537
vt 0.651790 0.325748
vt 0.658722 0.001993
vt 0.665653 0.124902
vt 0.665653 0.275537
vt 0.658722 0.325748
vt 0.665653 0.001993
vt 0.672584 0.124902
vt 0.672584 0.275537
vt 0.665653 0.325748
vt 0.672584 0.001993
vt 0.679515 0.124902
vt 0.679515 0.275536
vt 0.672584 0.325748
vt 0.679515 0.001993
vt 0.686447 0.124902
vt 0.686447 0.275537
vt 0.679515 0.325748
vt 0.686447 0.001993
vt 0.693378 0.124902
vt 0.693378 0.275537
vt 0.686447 0.325748
vt 0.693378 0.001993
vt 0.700309 0.124902
vt 0.700309 0.275536
vt 0.693378 0.325748
vt 0.700309 0.001993
vt 0.707241 0.124902
vt 0.707241 0.275536
vt 0.700309 0.325748
vt 0.707241 0.001993
vt 0.714172 0.124902
vt 0.714172 0.275536
vt 0.707241 0.325748
vt 0.714172 0.001992
vt 0.721103 0.124902
vt 0.721103 0.275536
vt 0.714172 0.325748
vt 0.721103 0.001992
vt 0.728034 0.124902
vt 0.728034 0.275536
vt 0.721103 0.325748
vt 0.728034 0.001992
vt 0.734966 0.124902
vt 0.734966 0.275536
vt 0.728034 0.325748
vt 0.734966 0.001993
vt 0.741897 0.124902
vt 0.741897 0.275536
vt 0.734966 0.325748
vt 0.741897 0.001993
vt 0.748828 0.124902
vt 0.748828 0.275537
vt 0.741897 0.325748
vt 0.748828 0.001993
vt 0.755759 0.124902
vt 0.755759 0.275537
vt 0.748828 0.325748
vt 0.755759 0.001993
vt 0.762691 0.159533
vt 0.762691 0.297310
vt 0.755760 0.325748
vt 0.762691 0.047031
vt 0.769622 0.263424
vt 0.769622 0.362630
vt 0.762691 0.343235
vt 0.769622 0.182148
vt 0.774821 0.376501
vt 0.774821 0.437924
vt 0.769622 0.395698
vt 0.773473 0.301413
vt 0.776553 0.438685
vt 0.776553 0.489620
vt 0.774821 0.458398
vt 0.774820 0.345774
vt 0.776553 0.506599
vt 0.243133 0.001993
vt 0.250064 0.001993
vt 0.250064 0.034957
vt 0.243133 0.034957
vt 0.256995 0.001993
vt 0.256995 0.034957
vt 0.250064 0.168343
vt 0.243133 0.168343
vt 0.263927 0.001993
vt 0.263927 0.034957
vt 0.256995 0.168343
vt 0.250064 0.346703
vt 0.243133 0.346703
vt 0.270858 0.001994
vt 0.270858 0.034957
vt 0.263927 0.168344
vt 0.256995 0.346703
vt 0.250064 0.497337
vt 0.243133 0.497338
vt 0.236202 0.168343
vt 0.236202 0.346703
vt 0.277789 0.001994
vt 0.277789 0.034957
vt 0.270858 0.168344
vt 0.263927 0.346703
vt 0.256995 0.497337
vt 0.250064 0.547549
vt 0.243133 0.547549
vt 0.236202 0.497338
vt 0.229270 0.168343
vt 0.229270 0.346703
vt 0.284721 0.001993
vt 0.284721 0.034957
vt 0.277789 0.168344
vt 0.270858 0.346703
vt 0.263927 0.497337
vt 0.256995 0.547548
vt 0.236202 0.547549
vt 0.229270 0.497338
vt 0.291652 0.001993
vt 0.291652 0.034957
vt 0.284721 0.168344
vt 0.277789 0.346703
vt 0.270858 0.497337
vt 0.711731 0.075665
vt 0.229270 0.547549
vt 0.222339 0.346703
vt 0.222339 0.497337
vt 0.298583 0.001993
vt 0.298583 0.034957
vt 0.291652 0.168343
vt 0.284721 0.346703
vt 0.277789 0.497337
vt 0.567762 0.075353
vt 0.222339 0.547549
vt 0.215408 0.346703
vt 0.215408 0.497337
vt 0.305514 0.001993
vt 0.305514 0.034957
vt 0.298583 0.168344
vt 0.291652 0.346703
vt 0.284720 0.497337
vt 0.423863 0.074711
vt 0.215408 0.547549
vt 0.312446 0.001992
vt 0.312446 0.034957
vt 0.305514 0.168344
vt 0.298583 0.346703
vt 0.291652 0.497337
vt 0.284720 0.547548
vt 0.208477 0.497337
vt 0.208477 0.547549
vt 0.319377 0.001992
vt 0.319377 0.034956
vt 0.312446 0.168343
vt 0.305514 0.346703
vt 0.298583 0.497337
vt 0.291652 0.547548
vt 0.201545 0.497337
vt 0.201545 0.547549
vt 0.326308 0.001993
vt 0.326308 0.034957
vt 0.319377 0.168343
vt 0.312446 0.346703
vt 0.305514 0.497337
vt 0.298583 0.547549
vt 0.333239 0.001993
vt 0.333239 0.034957
vt 0.326308 0.168343
vt 0.319377 0.346702
vt 0.312446 0.497337
vt 0.305514 0.547549
vt 0.340171 0.001993
vt 0.340171 0.034957
vt 0.333239 0.168343
vt 0.326308 0.346702
vt 0.319377 0.497337
vt 0.312445 0.547548
vt 0.347102 0.001993
vt 0.347102 0.034957
vt 0.340171 0.168343
vt 0.333239 0.346702
vt 0.326308 0.497337
vt 0.319377 0.547548
vt 0.354033 0.001992
vt 0.354033 0.034957
vt 0.347102 0.168343
vt 0.340171 0.346702
vt 0.333239 0.497337
vt 0.326308 0.547548
vt 0.360964 0.001993
vt 0.360964 0.034957
vt 0.354033 0.168343
vt 0.347102 0.346703
vt 0.340171 0.497337
vt 0.333239 0.547549
vt 0.367896 0.001993
vt 0.367896 0.034957
vt 0.360964 0.168343
vt 0.354033 0.346703
vt 0.347102 0.497337
vt 0.340171 0.547548
vt 0.374827 0.047031
vt 0.374827 0.076933
vt 0.367896 0.168343
vt 0.360964 0.346703
vt 0.354033 0.497337
vt 0.347102 0.547548
vt 0.381758 0.182147
vt 0.381758 0.202864
vt 0.374827 0.198950
vt 0.367896 0.346703
vt 0.360964 0.497338
vt 0.354033 0.547549
vt 0.385609 0.301412
vt 0.386957 0.345773
vt 0.381758 0.290771
vt 0.374827 0.362793
vt 0.367896 0.497337
vt 0.360964 0.547549
vt 0.385609 0.366018
vt 0.381758 0.411063
vt 0.374827 0.501360
vt 0.367896 0.547549
vt 0.388690 0.438685
vt 0.386957 0.450149
vt 0.381758 0.513427
vt 0.374827 0.547549
vt 0.388690 0.489620
vt 0.386957 0.515520
vt 0.381758 0.547548
vt 0.388690 0.506598
vt 0.386957 0.537310
vt 0.409340 0.052204
vt 0.416271 0.052204
vt 0.416271 0.202838
vt 0.409340 0.202838
vt 0.409340 0.001992
vt 0.416271 0.001992
vt 0.423202 0.052204
vt 0.423202 0.202838
vt 0.423202 0.001992
vt 0.402408 0.001992
vt 0.402408 0.052204
vt 0.430134 0.052204
vt 0.430134 0.202839
vt 0.430134 0.001992
vt 0.395477 0.001992
vt 0.395477 0.052204
vt 0.437065 0.052205
vt 0.437065 0.202839
vt 0.430134 0.381198
vt 0.423202 0.381198
vt 0.437065 0.001993
vt 0.443996 0.052205
vt 0.443996 0.202839
vt 0.437065 0.381198
vt 0.443996 0.001993
vt 0.450927 0.052205
vt 0.450927 0.202839
vt 0.443996 0.381198
vt 0.450927 0.001993
vt 0.457859 0.052204
vt 0.457859 0.202838
vt 0.450927 0.381198
vt 0.443996 0.514585
vt 0.437065 0.514585
vt 0.457859 0.001993
vt 0.464790 0.052205
vt 0.464790 0.202838
vt 0.457859 0.381198
vt 0.450927 0.514585
vt 0.443996 0.547549
vt 0.437065 0.547549
vt 0.464790 0.001993
vt 0.471721 0.052205
vt 0.471721 0.202839
vt 0.464790 0.381197
vt 0.457859 0.514584
vt 0.450927 0.547549
vt 0.471721 0.001993
vt 0.478652 0.052205
vt 0.478652 0.202839
vt 0.471721 0.381198
vt 0.464790 0.514584
vt 0.457859 0.547548
vt 0.478652 0.001993
vt 0.485584 0.052205
vt 0.485584 0.202839
vt 0.478652 0.381198
vt 0.471721 0.514584
vt 0.464790 0.547548
vt 0.485584 0.001993
vt 0.492515 0.052204
vt 0.492515 0.202839
vt 0.485584 0.381198
vt 0.478652 0.514584
vt 0.471721 0.547548
vt 0.492515 0.001993
vt 0.499446 0.052204
vt 0.499446 0.202839
vt 0.492515 0.381198
vt 0.485584 0.514584
vt 0.478652 0.547548
vt 0.499446 0.001992
vt 0.506378 0.052204
vt 0.506378 0.202839
vt 0.499446 0.381198
vt 0.492515 0.514585
vt 0.485584 0.547548
vt 0.506378 0.001992
vt 0.513309 0.052204
vt 0.513309 0.202839
vt 0.506377 0.381198
vt 0.499446 0.514585
vt 0.492515 0.547548
vt 0.513309 0.001993
vt 0.520240 0.052204
vt 0.520240 0.202839
vt 0.513309 0.381198
vt 0.506378 0.514585
vt 0.499446 0.547548
vt 0.520240 0.001993
vt 0.527171 0.052204
vt 0.527171 0.202839
vt 0.520240 0.381198
vt 0.513309 0.514585
vt 0.506378 0.547549
vt 0.527171 0.001993
vt 0.534103 0.052204
vt 0.534103 0.202839
vt 0.527171 0.381199
vt 0.520240 0.514585
vt 0.513309 0.547549
vt 0.534103 0.001993
vt 0.541034 0.052205
vt 0.541034 0.202839
vt 0.534103 0.381198
vt 0.527171 0.514585
vt 0.520240 0.547549
vt 0.541034 0.001993
vt 0.547965 0.052204
vt 0.547965 0.202839
vt 0.541034 0.381198
vt 0.534103 0.514585
vt 0.527171 0.547549
vt 0.547965 0.001993
vt 0.554896 0.052204
vt 0.554896 0.202839
vt 0.547965 0.381198
vt 0.541034 0.514585
vt 0.534102 0.547549
vt 0.554896 0.001993
vt 0.561828 0.052204
vt 0.561828 0.202839
vt 0.554896 0.381198
vt 0.547965 0.514585
vt 0.541034 0.547549
vt 0.561828 0.001992
vt 0.568759 0.048182
vt 0.568759 0.186749
vt 0.561828 0.381199
vt 0.554896 0.514585
vt 0.547965 0.547549
vt 0.568759 0.001993
vt 0.575690 0.036114
vt 0.575690 0.138478
vt 0.568759 0.350592
vt 0.561828 0.514585
vt 0.554896 0.547549
vt 0.575690 0.001993
vt 0.580889 0.034021
vt 0.580889 0.099392
vt 0.575690 0.258770
vt 0.568759 0.472608
vt 0.561828 0.547549
vt 0.580889 0.012231
vt 0.582621 0.110856
vt 0.582621 0.059921
vt 0.579541 0.183523
vt 0.575690 0.346677
vt 0.568759 0.502510
vt 0.580889 0.203767
vt 0.575690 0.367394
vt 0.579541 0.248129
vt 0.416550 0.573890
vt 0.417181 0.551332
vt 0.416550 0.641349
vt 0.415739 0.724524
vt 0.924992 0.674253
vt 0.931923 0.656765
vt 0.931923 0.702691
vt 0.924992 0.724464
vt 0.938855 0.604302
vt 0.938855 0.637371
vt 0.931923 0.840468
vt 0.924992 0.875099
vt 0.918061 0.674253
vt 0.918061 0.724465
vt 0.944053 0.541602
vt 0.944053 0.562077
vt 0.938855 0.736576
vt 0.931923 0.952969
vt 0.924992 0.998008
vt 0.918061 0.875099
vt 0.911129 0.674253
vt 0.911129 0.724465
vt 0.944053 0.623500
vt 0.938855 0.817853
vt 0.918061 0.998008
vt 0.911129 0.875099
vt 0.904198 0.674253
vt 0.904198 0.724464
vt 0.945786 0.510381
vt 0.945786 0.561315
vt 0.942705 0.698588
vt 0.911129 0.998008
vt 0.904198 0.875098
vt 0.897267 0.674253
vt 0.897267 0.724464
vt 0.944053 0.654227
vt 0.904198 0.998008
vt 0.897267 0.875098
vt 0.890336 0.674252
vt 0.890336 0.724464
vt 0.897267 0.998007
vt 0.890336 0.875098
vt 0.883404 0.674252
vt 0.883404 0.724464
vt 0.890336 0.998007
vt 0.883404 0.875098
vt 0.876473 0.674252
vt 0.876473 0.724463
vt 0.883404 0.998008
vt 0.876473 0.875098
vt 0.869542 0.674252
vt 0.869542 0.724463
vt 0.876473 0.998008
vt 0.869542 0.875098
vt 0.862610 0.674252
vt 0.862610 0.724464
vt 0.869542 0.998008
vt 0.862610 0.875098
vt 0.855679 0.674252
vt 0.855679 0.724464
vt 0.862610 0.998007
vt 0.855679 0.875098
vt 0.848748 0.674253
vt 0.848748 0.724464
vt 0.855679 0.998008
vt 0.848748 0.875099
vt 0.841817 0.674252
vt 0.841817 0.724464
vt 0.848748 0.998008
vt 0.841817 0.875098
vt 0.423863 0.191408
vt 0.834885 0.724464
vt 0.841817 0.998007
vt 0.834885 0.875098
vt 0.567762 0.192049
vt 0.827954 0.724464
vt 0.834885 0.998006
vt 0.827954 0.875098
vt 0.711731 0.192361
vt 0.821023 0.724464
vt 0.827954 0.998006
vt 0.821023 0.875098
vt 0.855818 0.192123
vt 0.814092 0.724463
vt 0.821023 0.998007
vt 0.814092 0.875098
vt 0.807160 0.674252
vt 0.807160 0.724463
vt 0.814092 0.998007
vt 0.807160 0.875098
vt 0.800229 0.674252
vt 0.800229 0.724463
vt 0.807160 0.998007
vt 0.800229 0.875098
vt 0.793298 0.674252
vt 0.793298 0.724464
vt 0.800229 0.998007
vt 0.793298 0.875098
vt 0.786366 0.674252
vt 0.786366 0.724464
vt 0.793298 0.998008
vt 0.786366 0.875098
vt 0.779435 0.674252
vt 0.779435 0.724464
vt 0.786366 0.998007
vt 0.779435 0.875098
vt 0.772504 0.674252
vt 0.772504 0.724464
vt 0.779435 0.998007
vt 0.772504 0.875098
vt 0.765573 0.674252
vt 0.765573 0.724463
vt 0.758641 0.674252
vt 0.758641 0.724463
vt 0.398013 0.551332
vt 0.402669 0.558032
vt 0.402669 0.608243
vt 0.398521 0.569207
vt 0.575572 0.673408
vt 0.577795 0.623733
vt 0.579524 0.632642
vt 0.577795 0.673408
vt 0.584464 0.589308
vt 0.584464 0.610333
vt 0.584464 0.673408
vt 0.577795 0.723082
vt 0.579524 0.714174
vt 0.592452 0.551332
vt 0.591133 0.623196
vt 0.584464 0.736482
vt 0.584464 0.757507
vt 0.592452 0.731212
vt 0.591944 0.777607
vt 0.408483 0.551332
vt 0.409294 0.634507
vt 0.409925 0.724524
vt 0.409294 0.701966
vt 0.388051 0.590368
vt 0.392199 0.551332
vt 0.392199 0.601543
vt 0.387543 0.608243
vt 0.556829 0.614766
vt 0.555100 0.655532
vt 0.552877 0.655532
vt 0.555100 0.605858
vt 0.561769 0.592457
vt 0.561769 0.655532
vt 0.556829 0.696298
vt 0.555100 0.705206
vt 0.561769 0.571433
vt 0.569758 0.597727
vt 0.568438 0.705743
vt 0.561769 0.718606
vt 0.561769 0.739631
vt 0.569249 0.551332
vt 0.569758 0.777607
vt 0.449334 0.558263
vt 0.449334 0.551332
vt 0.452876 0.551332
vt 0.454802 0.558263
vt 0.443866 0.558263
vt 0.445791 0.551332
vt 0.449334 0.565194
vt 0.457189 0.565194
vt 0.441478 0.565194
vt 0.449334 0.572126
vt 0.459846 0.572126
vt 0.438821 0.572126
vt 0.449334 0.579057
vt 0.462580 0.579057
vt 0.436087 0.579057
vt 0.449334 0.585988
vt 0.465191 0.585988
vt 0.433477 0.585988
vt 0.449334 0.592920
vt 0.467478 0.592919
vt 0.431189 0.592920
vt 0.449334 0.599851
vt 0.469426 0.599851
vt 0.429241 0.599851
vt 0.449334 0.606782
vt 0.471021 0.606782
vt 0.427646 0.606782
vt 0.449334 0.613713
vt 0.472392 0.613713
vt 0.426276 0.613713
vt 0.449334 0.620644
vt 0.473670 0.620644
vt 0.424997 0.620645
vt 0.449334 0.627576
vt 0.474671 0.627576
vt 0.423996 0.627576
vt 0.287915 0.153685
vt 0.279988 0.190656
vt 0.295843 0.116714
vt 0.431873 0.154052
vt 0.423863 0.191408
vt 0.439883 0.116696
vt 0.575831 0.154419
vt 0.567762 0.192049
vt 0.583900 0.116788
vt 0.449334 0.655301
vt 0.711731 0.192361
vt 0.423033 0.655301
vt 0.449334 0.662232
vt 0.475211 0.662232
vt 0.423457 0.662232
vt 0.449334 0.669163
vt 0.474479 0.669163
vt 0.424189 0.669163
vt 0.449334 0.676095
vt 0.473516 0.676095
vt 0.425151 0.676095
vt 0.449334 0.683026
vt 0.472438 0.683026
vt 0.426229 0.683026
vt 0.449334 0.689957
vt 0.471360 0.689957
vt 0.427308 0.689957
vt 0.449334 0.696889
vt 0.470166 0.696889
vt 0.428501 0.696889
vt 0.449334 0.703820
vt 0.468741 0.703820
vt 0.429926 0.703820
vt 0.449334 0.710751
vt 0.466931 0.710751
vt 0.431736 0.710751
vt 0.449334 0.717682
vt 0.464582 0.717682
vt 0.434085 0.717682
vt 0.449334 0.724614
vt 0.461746 0.724614
vt 0.436922 0.724614
vt 0.449334 0.731545
vt 0.458473 0.731545
vt 0.440195 0.731545
vt 0.449334 0.737554
vt 0.455379 0.737554
vt 0.443288 0.737554
vt 0.449334 0.741720
vt 0.453082 0.741720
vt 0.445586 0.741720
vt 0.504077 0.755582
vt 0.501779 0.751417
vt 0.507825 0.751417
vt 0.507825 0.755582
vt 0.498686 0.745407
vt 0.507825 0.745407
vt 0.513871 0.751417
vt 0.511573 0.755582
vt 0.495413 0.738476
vt 0.507825 0.738476
vt 0.516964 0.745407
vt 0.492576 0.731545
vt 0.507825 0.731545
vt 0.520237 0.738476
vt 0.490227 0.724613
vt 0.507825 0.724613
vt 0.523073 0.731545
vt 0.488417 0.717683
vt 0.507825 0.717683
vt 0.525423 0.724613
vt 0.486993 0.710751
vt 0.507825 0.710751
vt 0.527232 0.717683
vt 0.485798 0.703820
vt 0.507825 0.703820
vt 0.528657 0.710751
vt 0.484721 0.696889
vt 0.507825 0.696889
vt 0.529851 0.703820
vt 0.483642 0.689957
vt 0.507825 0.689957
vt 0.530929 0.696889
vt 0.482680 0.683027
vt 0.507825 0.683027
vt 0.532008 0.689957
vt 0.481948 0.676095
vt 0.507825 0.676095
vt 0.532970 0.683027
vt 0.711731 0.075665
vt 0.507825 0.669163
vt 0.533702 0.676095
vt 0.567762 0.075353
vt 0.575831 0.037722
vt 0.534125 0.669163
vt 0.423863 0.074711
vt 0.431873 0.037356
vt 0.583900 0.000092
vt 0.279988 0.073959
vt 0.287915 0.036989
vt 0.439883 0.000000
vt 0.482487 0.641439
vt 0.507825 0.641439
vt 0.295843 0.000018
vt 0.483488 0.634507
vt 0.507825 0.634507
vt 0.151720 0.000422
vt 0.484767 0.627575
vt 0.507825 0.627575
vt 0.532161 0.634507
vt 0.486138 0.620645
vt 0.507825 0.620645
vt 0.530883 0.627575
vt 0.487732 0.613713
vt 0.507825 0.613713
vt 0.529512 0.620645
vt 0.489680 0.606782
vt 0.507825 0.606782
vt 0.527918 0.613713
vt 0.491968 0.599851
vt 0.507825 0.599851
vt 0.525970 0.606781
vt 0.494579 0.592919
vt 0.507825 0.592919
vt 0.523683 0.599851
vt 0.497312 0.585989
vt 0.507825 0.585989
vt 0.521072 0.592919
vt 0.499969 0.579057
vt 0.507825 0.579057
vt 0.518337 0.585989
vt 0.502357 0.572126
vt 0.507825 0.572126
vt 0.515680 0.579057
vt 0.504282 0.565195
vt 0.507825 0.565195
vt 0.513293 0.572126
vt 0.505440 0.558263
vt 0.507534 0.558263
vt 0.511368 0.565195
vt 0.505526 0.551332
vt 0.506661 0.551332
vt 0.509628 0.558263
vt 0.507796 0.551332
vt 0.143958 0.036622
vt 0.000000 0.036255
vt 0.007455 0.001485
vt 0.151720 0.000422
vt 0.287915 0.036989
vt 0.143958 0.036622
vt 0.295843 0.000018
vt 0.431873 0.037356
vt 0.287915 0.036989
vt 0.439883 0.000000
vt 0.575831 0.037722
vt 0.431873 0.037356
vt 0.583900 0.000092
vt 0.719788 0.038089
vt 0.575831 0.037722
vt 0.727846 0.000513
vt 0.727846 0.117209
vt 0.583900 0.116788
vt 0.575831 0.154419
vt 0.719788 0.154785
vt 0.439883 0.116696
vt 0.431873 0.154052
vt 0.575831 0.154419
vt 0.295843 0.116714
vt 0.287915 0.153685
vt 0.431873 0.154052
vt 0.151720 0.117118
vt 0.143958 0.153318
vt 0.287915 0.153685
vt 0.423863 0.074711
vt 0.279988 0.073959
vt 0.287915 0.036989
vt 0.431873 0.037356
vt 0.136195 0.072822
vt 0.143958 0.036622
vt 0.415853 0.138485
vt 0.272060 0.137348
vt 0.279988 0.073959
vt 0.423863 0.074711
vt 0.711731 0.075665
vt 0.567762 0.075353
vt 0.575831 0.037722
vt 0.719788 0.038089
vt 0.559693 0.139402
vt 0.415853 0.138485
vt 0.567762 0.075353
vt 0.703674 0.139659
vt 0.559693 0.139402
vt 0.711731 0.075665
vt 0.855819 0.075426
vt 0.719788 0.038089
vt 0.863746 0.038456
vt 0.847891 0.138815
vt 0.703674 0.139659
vt 0.855819 0.075426
vt 1.000000 0.191444
vt 0.855818 0.192123
vt 0.847891 0.255511
vt 0.992297 0.253787
vt 0.711731 0.192361
vt 0.703674 0.256355
vt 0.847891 0.255511
vt 0.863746 0.155152
vt 0.719788 0.154785
vt 0.711731 0.192361
vt 0.855818 0.192123
vt 0.567762 0.192049
vt 0.559692 0.256098
vt 0.703674 0.256355
vt 0.423863 0.191408
vt 0.415853 0.255181
vt 0.559692 0.256098
vt 0.575831 0.154419
vt 0.431873 0.154052
vt 0.423863 0.191408
vt 0.567762 0.192049
vt 0.719788 0.154785
vt 0.279988 0.190656
vt 0.272060 0.254044
vt 0.415853 0.255181
vt 0.287915 0.153685
vt 0.143958 0.153318
vt 0.136195 0.189519
vt 0.279988 0.190656
vn 0.790694 0.507684 0.342140
vn 0.870363 0.327954 0.367307
vn 0.919576 0.350094 0.178367
vn 0.859276 0.510465 0.032713
vn 0.757862 0.345780 0.553245
vn 0.864069 0.357496 0.354375
vn 0.690754 0.441848 0.572389
vn 0.785314 0.492427 0.375230
vn 0.419406 0.493066 0.762223
vn 0.609297 0.372330 0.700091
vn 0.761434 0.393897 0.514843
vn 0.489260 0.384814 0.782651
vn 0.656030 0.418058 0.628373
vn 0.490150 0.429797 0.758306
vn 0.578247 0.436610 0.689204
vn 0.415246 0.391840 0.820995
vn 0.563289 0.437751 0.700770
vn 0.362939 0.397984 0.842546
vn 0.490418 0.454210 0.743763
vn 0.374880 0.427093 0.822834
vn 0.422454 0.426684 0.799671
vn 0.332991 0.401735 0.853068
vn 0.436580 0.466006 0.769569
vn 0.315307 0.403389 0.858987
vn 0.402197 0.470565 0.785370
vn 0.319597 0.426711 0.846035
vn 0.340872 0.427936 0.837064
vn 0.304614 0.403011 0.863014
vn 0.381205 0.470068 0.796064
vn 0.299486 0.400604 0.865924
vn 0.369437 0.465641 0.804173
vn 0.298896 0.419552 0.857110
vn 0.306600 0.423883 0.852244
vn 0.290444 0.397541 0.870404
vn 0.359283 0.461776 0.810974
vn 0.278813 0.397284 0.874316
vn 0.344339 0.462830 0.816835
vn 0.284869 0.415704 0.863736
vn 0.293064 0.416244 0.860729
vn 0.266594 0.399490 0.877118
vn 0.326257 0.468182 0.821196
vn 0.253947 0.403598 0.878988
vn 0.306144 0.477406 0.823626
vn 0.264540 0.422098 0.867094
vn 0.275116 0.417669 0.865947
vn 0.245822 0.411012 0.877862
vn 0.289490 0.486805 0.824146
vn 0.242146 0.416868 0.876120
vn 0.281813 0.492563 0.823385
vn 0.251536 0.429087 0.867533
vn 0.255590 0.426414 0.867666
vn 0.236305 0.418512 0.876931
vn 0.273503 0.500290 0.821527
vn 0.225846 0.424511 0.876803
vn 0.254878 0.516209 0.817658
vn 0.238761 0.443859 0.863703
vn 0.247766 0.434079 0.866133
vn 0.214594 0.439990 0.871985
vn 0.235885 0.535190 0.811129
vn 0.207792 0.454626 0.866105
vn 0.226961 0.551713 0.802560
vn 0.226142 0.464347 0.856296
vn 0.229639 0.454535 0.860618
vn 0.204026 0.464217 0.861903
vn 0.218578 0.570935 0.791364
vn 0.194956 0.479756 0.855468
vn 0.200022 0.599251 0.775170
vn 0.215100 0.496902 0.840726
vn 0.223109 0.477549 0.849806
vn 0.179348 0.506030 0.843664
vn 0.173938 0.636992 0.750991
vn 0.159878 0.541274 0.825507
vn 0.142565 0.685044 0.714416
vn 0.190507 0.557988 0.807686
vn 0.203835 0.522798 0.827728
vn 0.133577 0.592543 0.794386
vn 0.111703 0.742755 0.660180
vn 0.110389 0.656621 0.746098
vn 0.090897 0.808036 0.582079
vn 0.174634 0.661281 0.729528
vn 0.179089 0.603155 0.777259
vn 0.096227 0.735940 0.670173
vn 0.087108 0.877186 0.472183
vn 0.105160 0.827099 0.552131
vn 0.113601 0.938475 0.326128
vn 0.209023 0.819036 0.534311
vn 0.181604 0.734692 0.653641
vn 0.178208 0.899188 0.399628
vn 0.181700 0.970302 0.159687
vn 0.311353 0.919381 0.240413
vn 0.279088 0.960111 0.017222
vn 0.355112 0.915773 0.187765
vn 0.269106 0.892302 0.362462
vn 0.434771 0.893334 0.113706
vn 0.355037 0.932549 -0.065590
vn 0.518575 0.852368 0.067440
vn 0.414950 0.905008 -0.093689
vn 0.469934 0.882267 0.027690
vn 0.421799 0.902940 0.082370
vn 0.146558 -0.555041 0.818811
vn 0.336537 -0.552792 0.762341
vn -0.413148 0.890587 -0.190166
vn -0.561615 0.814988 -0.142774
vn 0.327405 -0.364421 0.871782
vn -0.375838 0.903438 -0.206264
vn -0.386594 0.759755 -0.522797
vn -0.409374 0.812030 -0.415957
vn -0.450587 0.827749 -0.334368
vn 0.278813 -0.172929 0.944647
vn -0.341002 0.914412 -0.218099
vn 0.233972 -0.036380 0.971563
vn -0.286804 0.927224 -0.240829
vn -0.318365 0.581970 -0.748301
vn -0.361301 0.677256 -0.640926
vn 0.202491 0.040816 0.978433
vn -0.206197 0.941522 -0.266496
vn 0.177407 0.091875 0.979840
vn -0.099026 0.950038 -0.296008
vn -0.190595 0.392389 -0.899836
vn -0.258367 0.482608 -0.836861
vn 0.162233 0.120007 0.979428
vn 0.008174 0.948258 -0.317395
vn 0.153606 0.136603 0.978644
vn 0.087190 0.940322 -0.328925
vn -0.094602 0.260732 -0.960765
vn -0.131350 0.316231 -0.939545
vn 0.149611 0.147273 0.977715
vn 0.134126 0.933003 -0.333939
vn 0.149755 0.153561 0.976725
vn 0.148477 0.930921 -0.333677
vn -0.074864 0.196472 -0.977647
vn -0.076918 0.222374 -0.971923
vn 0.148869 0.163955 0.975170
vn 0.168511 0.925655 -0.338773
vn 0.144239 0.175253 0.973900
vn 0.223500 0.910493 -0.347924
vn -0.053733 0.149442 -0.987309
vn -0.071640 0.175462 -0.981876
vn 0.137009 0.185691 0.973009
vn 0.307489 0.881750 -0.357724
vn 0.127761 0.195405 0.972365
vn 0.413842 0.833700 -0.365621
vn 0.016624 0.090866 -0.995724
vn -0.023781 0.120540 -0.992424
vn 0.117323 0.199002 0.972951
vn 0.505464 0.782715 -0.363130
vn 0.110238 0.199238 0.973731
vn 0.551027 0.753514 -0.358591
vn 0.071294 0.054371 -0.995972
vn 0.052486 0.065542 -0.996469
vn 0.106143 0.203763 0.973249
vn 0.595905 0.717583 -0.360515
vn 0.095905 0.210121 0.972960
vn 0.681630 0.639234 -0.356034
vn 0.148345 0.028147 -0.988535
vn 0.096551 0.047305 -0.994203
vn 0.076292 0.211803 0.974330
vn 0.761957 0.552553 -0.337797
vn 0.059326 0.209673 0.975970
vn 0.798771 0.506227 -0.325115
vn 0.240768 0.006056 -0.970564
vn 0.202837 0.008353 -0.979177
vn 0.048453 0.207541 0.977026
vn 0.820792 0.472751 -0.320634
vn 0.029391 0.206594 0.977985
vn 0.857282 0.411856 -0.308938
vn 0.346923 0.006582 -0.937871
vn 0.282550 0.010635 -0.959194
vn -0.003300 0.204678 0.978824
vn 0.894967 0.339143 -0.289857
vn -0.047182 0.199646 0.978732
vn 0.922429 0.274847 -0.271264
vn 0.516150 -0.001628 -0.856496
vn 0.426921 -0.000275 -0.904289
vn -0.111575 0.188073 0.975797
vn 0.939007 0.230331 -0.255368
vn -0.190159 0.160753 0.968503
vn 0.942149 0.222535 -0.250667
vn 0.680040 0.049365 -0.731511
vn 0.604212 0.010810 -0.796751
vn -0.285300 0.106459 0.952507
vn 0.933400 0.250198 -0.257226
vn -0.391926 0.006964 0.919971
vn 0.907138 0.318021 -0.275615
vn 0.768974 0.223138 -0.599073
vn 0.738502 0.118081 -0.663831
vn -0.455981 -0.165548 0.874457
vn 0.856026 0.424341 -0.295220
vn -0.412054 -0.399069 0.819119
vn 0.774596 0.544671 -0.321456
vn 0.674563 0.532916 -0.510848
vn 0.754389 0.366578 -0.544535
vn -0.290953 -0.593631 0.750299
vn 0.670665 0.649712 -0.357887
vn -0.190455 -0.683369 0.704793
vn 0.660110 0.662577 -0.353901
vn 0.525690 0.705894 -0.474726
vn 0.572931 0.654453 -0.493397
vn -0.761842 -0.639399 -0.103754
vn -0.815858 -0.462899 -0.346555
vn -0.949738 -0.295805 -0.102460
vn -0.943507 -0.314389 0.104660
vn -0.690758 -0.441846 -0.572386
vn -0.900080 -0.334858 -0.278794
vn -0.973885 -0.209206 -0.088205
vn -0.989361 -0.144879 0.013235
vn -0.995137 -0.070685 0.068603
vn -0.578248 -0.436610 -0.689204
vn -0.815177 -0.380279 -0.436892
vn -0.490147 -0.429797 -0.758307
vn -0.718478 -0.415188 -0.558040
vn -0.878384 -0.341995 -0.333886
vn -0.937629 -0.273616 -0.214442
vn -0.422453 -0.426684 -0.799672
vn -0.623873 -0.445131 -0.642371
vn -0.374880 -0.427093 -0.822834
vn -0.544584 -0.469857 -0.694739
vn -0.716473 -0.475252 -0.510688
vn -0.800395 -0.411680 -0.435761
vn -0.340872 -0.427936 -0.837064
vn -0.482765 -0.487466 -0.727540
vn -0.319596 -0.426712 -0.846035
vn -0.442354 -0.494901 -0.747928
vn -0.584817 -0.548066 -0.598008
vn -0.639888 -0.522796 -0.563230
vn -0.306599 -0.423884 -0.852244
vn -0.417507 -0.495438 -0.761728
vn -0.298896 -0.419552 -0.857110
vn -0.403517 -0.490783 -0.772209
vn -0.530512 -0.555298 -0.640470
vn -0.549637 -0.557562 -0.622112
vn -0.293064 -0.416245 -0.860729
vn -0.392136 -0.486988 -0.780431
vn -0.284869 -0.415704 -0.863736
vn -0.374769 -0.489165 -0.787569
vn -0.486283 -0.564216 -0.667225
vn -0.514028 -0.554429 -0.654510
vn -0.275117 -0.417669 -0.865947
vn -0.353200 -0.496457 -0.792957
vn -0.264540 -0.422098 -0.867094
vn -0.328834 -0.508351 -0.795894
vn -0.406530 -0.607289 -0.682593
vn -0.449798 -0.582338 -0.677173
vn -0.255589 -0.426415 -0.867666
vn -0.308080 -0.519582 -0.796945
vn -0.251535 -0.429088 -0.867533
vn -0.298386 -0.526094 -0.796361
vn -0.349350 -0.639642 -0.684699
vn -0.368154 -0.628464 -0.685198
vn -0.247766 -0.434079 -0.866133
vn -0.288276 -0.535937 -0.793517
vn -0.238762 -0.443858 -0.863703
vn -0.265153 -0.555590 -0.788045
vn -0.285547 -0.687723 -0.667457
vn -0.329850 -0.656206 -0.678670
vn -0.229640 -0.454535 -0.860618
vn -0.241351 -0.577197 -0.780124
vn -0.226142 -0.464346 -0.856296
vn -0.230070 -0.595437 -0.769755
vn -0.213115 -0.742798 -0.634691
vn -0.238037 -0.719042 -0.652930
vn -0.223109 -0.477550 -0.849805
vn -0.219141 -0.617694 -0.755269
vn -0.215100 -0.496903 -0.840726
vn -0.195578 -0.649889 -0.734434
vn -0.145759 -0.806284 -0.573290
vn -0.190502 -0.769845 -0.609137
vn -0.203836 -0.522798 -0.827728
vn -0.163081 -0.690988 -0.704230
vn -0.190507 -0.557988 -0.807686
vn -0.124582 -0.741362 -0.659440
vn -0.021245 -0.888275 -0.458820
vn -0.086292 -0.847019 -0.524512
vn -0.179088 -0.603156 -0.777258
vn -0.088105 -0.798224 -0.595882
vn -0.174635 -0.661280 -0.729528
vn -0.064472 -0.858745 -0.508331
vn 0.069788 -0.957482 -0.279925
vn 0.036664 -0.925584 -0.376762
vn -0.181606 -0.734692 -0.653642
vn -0.060969 -0.918062 -0.391720
vn -0.209023 -0.819037 -0.534311
vn -0.090796 -0.965003 -0.246021
vn 0.028671 -0.998274 -0.051251
vn 0.071217 -0.982860 -0.170043
vn -0.254543 -0.896000 -0.363858
vn -0.151665 -0.984581 -0.087165
vn -0.300631 -0.935082 -0.187731
vn -0.223136 -0.973860 0.042505
vn -0.146284 -0.977215 0.153790
vn -0.052281 -0.996468 0.065710
vn -0.324347 -0.943298 -0.070626
vn -0.273290 -0.955160 0.113935
vn -0.302716 -0.953069 -0.004746
vn -0.271680 -0.949529 0.156794
vn -0.242218 -0.943927 0.224349
vn -0.218244 -0.955572 0.198122
vn -0.973816 -0.034450 0.224715
vn -0.977878 0.128205 0.165280
vn -0.969493 -0.076022 0.233032
vn -0.963556 -0.112729 0.242593
vn -0.952526 -0.171142 0.251804
vn -0.929623 -0.252052 0.268834
vn -0.889464 -0.354094 0.288914
vn -0.838517 -0.448683 0.309149
vn -0.794376 -0.514161 0.323428
vn -0.765506 -0.551288 0.331786
vn -0.756178 -0.561656 0.335764
vn -0.743223 -0.578606 0.335908
vn -0.705448 -0.622168 0.339484
vn -0.641986 -0.684772 0.344878
vn -0.551053 -0.758262 0.348396
vn -0.462084 -0.813623 0.352839
vn -0.413723 -0.838208 0.355304
vn -0.362762 -0.864108 0.348886
vn -0.255085 -0.906240 0.337137
vn -0.139071 -0.934042 0.328977
vn -0.079304 -0.942497 0.324671
vn -0.040177 -0.947749 0.316477
vn 0.030334 -0.952510 0.302993
vn 0.113177 -0.950717 0.288665
vn 0.183913 -0.943622 0.275234
vn 0.232639 -0.935098 0.267342
vn 0.241960 -0.932693 0.267469
vn 0.213657 -0.937292 0.275382
vn 0.140908 -0.946168 0.291396
vn 0.041236 -0.947819 0.316132
vn -0.046055 -0.943375 0.328516
vn -0.121985 -0.938729 0.322346
vn -0.098655 -0.940853 0.324133
vn 0.293187 -0.918069 0.266815
vn 0.378275 -0.904835 0.195403
vn -0.977332 -0.090441 0.191423
vn -0.659558 -0.667217 0.346128
vn 0.185623 0.306256 0.933676
vn 0.206712 0.293345 0.933391
vn 0.029521 0.105869 0.993942
vn 0.053466 0.187007 0.980903
vn 0.278918 0.247148 0.927967
vn 0.055587 -0.042896 0.997532
vn -0.382329 -0.468327 0.796552
vn -0.404523 -0.256043 0.877954
vn -0.336657 -0.081274 0.938113
vn 0.185624 0.306258 0.933676
vn 0.185623 0.306257 0.933676
vn 0.086299 0.225374 0.970443
vn 0.108426 0.246587 0.963036
vn -0.244686 0.031362 0.969095
vn -0.165353 0.100342 0.981117
vn 0.185624 0.306259 0.933675
vn 0.185624 0.306259 0.933675
vn 0.123875 0.258563 0.958019
vn 0.135235 0.265228 0.954655
vn -0.101520 0.140185 0.984907
vn -0.049996 0.161187 0.985657
vn 0.185624 0.306259 0.933675
vn 0.185624 0.306260 0.933675
vn 0.143812 0.269133 0.952305
vn 0.149960 0.271506 0.950682
vn -0.008768 0.172028 0.985053
vn 0.021739 0.177879 0.983812
vn 0.185624 0.306259 0.933675
vn 0.185624 0.306259 0.933675
vn 0.154410 0.273273 0.949463
vn 0.157274 0.274906 0.948521
vn 0.044100 0.182205 0.982271
vn 0.058166 0.187205 0.980597
vn 0.185624 0.306259 0.933675
vn 0.185625 0.306259 0.933675
vn 0.159460 0.275819 0.947890
vn 0.162072 0.275764 0.947463
vn 0.069106 0.189673 0.979412
vn 0.083275 0.187325 0.978762
vn 0.185624 0.306259 0.933675
vn 0.185624 0.306259 0.933675
vn 0.164458 0.275584 0.947105
vn 0.165632 0.275645 0.946882
vn 0.096462 0.184446 0.978098
vn 0.102809 0.183706 0.977590
vn 0.185624 0.306258 0.933675
vn 0.185624 0.306258 0.933675
vn 0.166359 0.275265 0.946865
vn 0.167636 0.274175 0.946956
vn 0.107076 0.181385 0.977566
vn 0.114971 0.175328 0.977774
vn 0.185624 0.306259 0.933675
vn 0.185624 0.306259 0.933675
vn 0.169007 0.272763 0.947120
vn 0.169851 0.271105 0.947446
vn 0.123618 0.167717 0.978054
vn 0.129556 0.159455 0.978667
vn 0.185625 0.306258 0.933675
vn 0.185624 0.306259 0.933675
vn 0.170130 0.269348 0.947896
vn 0.169752 0.267621 0.948453
vn 0.132454 0.151253 0.979581
vn 0.131743 0.143766 0.980803
vn 0.185625 0.306259 0.933675
vn 0.185626 0.306258 0.933675
vn 0.169222 0.265328 0.949192
vn 0.169207 0.262141 0.950080
vn 0.130804 0.133838 0.982333
vn 0.133373 0.119466 0.983839
vn 0.185624 0.306259 0.933675
vn 0.185623 0.306259 0.933675
vn 0.169827 0.257377 0.951271
vn 0.171315 0.249950 0.952983
vn 0.140627 0.097556 0.985245
vn 0.154425 0.063367 0.985970
vn 0.185625 0.306260 0.933675
vn 0.185624 0.306259 0.933675
vn 0.173157 0.238800 0.955506
vn 0.174673 0.220586 0.959600
vn 0.172002 0.013466 0.985005
vn 0.191243 -0.063364 0.979495
vn 0.185626 0.306260 0.933674
vn 0.185626 0.306260 0.933674
vn 0.175441 0.192025 0.965581
vn 0.175234 0.143749 0.973976
vn 0.208856 -0.172842 0.962551
vn 0.224126 -0.328045 0.917690
vn 0.140212 0.333199 0.932373
vn 0.172842 0.313961 0.933571
vn 0.131711 0.116685 0.984397
vn 0.106780 0.299741 0.948026
vn 0.166964 -0.527792 0.832802
vn 0.106093 -0.023844 0.994070
vn -0.376264 -0.179613 -0.908936
vn -0.855176 0.518338 0.000029
vn -0.447891 0.872115 -0.197001
vn -0.212545 0.140651 -0.966976
vn -0.014855 0.416673 0.908935
vn 0.121289 0.691446 0.712174
vn 0.421039 0.900848 0.105822
vn 0.299847 0.887212 -0.350637
vn 0.252924 0.623474 -0.739804
vn 0.053200 0.705323 -0.706887
vn -0.196078 0.559660 -0.805192
vn -0.158959 -0.049645 -0.986036
vn -0.093166 0.029122 -0.995225
vn -0.224125 0.328040 -0.917692
vn -0.175232 -0.143745 -0.973977
vn -0.185625 -0.306258 -0.933675
vn -0.198364 -0.298487 -0.933572
vn -0.230515 -0.278460 -0.932375
vn -0.208856 0.172842 -0.962551
vn -0.175440 -0.192022 -0.965582
vn -0.191244 0.063365 -0.979495
vn -0.174673 -0.220584 -0.959600
vn -0.185624 -0.306258 -0.933675
vn -0.185626 -0.306258 -0.933675
vn -0.172002 -0.013466 -0.985005
vn -0.173156 -0.238798 -0.955506
vn -0.154426 -0.063367 -0.985970
vn -0.171316 -0.249949 -0.952983
vn -0.185624 -0.306259 -0.933675
vn -0.185623 -0.306259 -0.933675
vn -0.140628 -0.097556 -0.985244
vn -0.169829 -0.257375 -0.951271
vn -0.133374 -0.119465 -0.983839
vn -0.169207 -0.262140 -0.950080
vn -0.185624 -0.306259 -0.933675
vn -0.185624 -0.306258 -0.933675
vn -0.130803 -0.133838 -0.982333
vn -0.169221 -0.265328 -0.949192
vn -0.131742 -0.143766 -0.980803
vn -0.169752 -0.267621 -0.948453
vn -0.185625 -0.306260 -0.933675
vn -0.185624 -0.306259 -0.933675
vn -0.132452 -0.151254 -0.979581
vn -0.170130 -0.269349 -0.947896
vn -0.129555 -0.159455 -0.978667
vn -0.169850 -0.271105 -0.947446
vn -0.185624 -0.306259 -0.933675
vn -0.185624 -0.306259 -0.933675
vn -0.123618 -0.167716 -0.978054
vn -0.169006 -0.272763 -0.947121
vn -0.114972 -0.175328 -0.977774
vn -0.167636 -0.274175 -0.946956
vn -0.185624 -0.306259 -0.933675
vn -0.185624 -0.306260 -0.933675
vn -0.107077 -0.181385 -0.977565
vn -0.166359 -0.275266 -0.946865
vn -0.102810 -0.183706 -0.977590
vn -0.165633 -0.275644 -0.946882
vn -0.185625 -0.306259 -0.933675
vn -0.185624 -0.306259 -0.933675
vn -0.096463 -0.184446 -0.978097
vn -0.164460 -0.275584 -0.947104
vn -0.083275 -0.187326 -0.978762
vn -0.162072 -0.275764 -0.947463
vn -0.185625 -0.306258 -0.933675
vn -0.185624 -0.306259 -0.933675
vn -0.069106 -0.189674 -0.979412
vn -0.159459 -0.275819 -0.947891
vn -0.058165 -0.187206 -0.980597
vn -0.157273 -0.274906 -0.948521
vn -0.185624 -0.306258 -0.933675
vn -0.185625 -0.306258 -0.933675
vn -0.044100 -0.182206 -0.982271
vn -0.154409 -0.273274 -0.949463
vn -0.021739 -0.177879 -0.983812
vn -0.149960 -0.271505 -0.950683
vn -0.185624 -0.306259 -0.933675
vn -0.185623 -0.306259 -0.933675
vn 0.008767 -0.172027 -0.985053
vn -0.143813 -0.269132 -0.952306
vn 0.049995 -0.161186 -0.985657
vn -0.135236 -0.265227 -0.954655
vn -0.185624 -0.306259 -0.933675
vn -0.185625 -0.306258 -0.933675
vn 0.101519 -0.140183 -0.984907
vn -0.123875 -0.258563 -0.958019
vn 0.165352 -0.100340 -0.981117
vn -0.108427 -0.246587 -0.963036
vn -0.185625 -0.306259 -0.933675
vn -0.185624 -0.306259 -0.933675
vn 0.244685 -0.031361 -0.969095
vn -0.086300 -0.225374 -0.970443
vn 0.336658 0.081273 -0.938113
vn -0.053468 -0.187010 -0.980902
vn -0.185626 -0.306260 -0.933675
vn -0.185626 -0.306259 -0.933675
vn 0.415065 0.244780 -0.876244
vn -0.009724 -0.119100 -0.992835
vn 0.431417 0.431290 -0.792381
vn 0.033754 -0.013828 -0.999335
vn -0.185623 -0.306259 -0.933675
vn -0.185624 -0.306260 -0.933675
vn 0.407867 0.564180 -0.717875
vn 0.079702 0.099021 -0.991888
vn 0.423834 0.612188 -0.667526
vn 0.177429 0.151311 -0.972432
vn -0.085818 -0.363947 -0.927458
vn -0.173278 -0.313694 -0.933580
vn 0.472875 0.105734 0.874763
vn 0.855185 -0.518324 -0.000017
vn 0.905592 -0.240166 -0.349605
vn 0.181539 -0.327610 0.927208
vn 0.947173 0.167933 -0.273244
vn -0.256772 -0.688462 0.678298
vn 0.369357 0.184620 0.910764
vn 0.108463 -0.200340 0.973704
vn -0.310535 -0.614488 0.725240
vn -0.050738 0.126595 0.990656
vn -0.027544 0.131808 0.990892
vn -0.088099 0.123886 0.988378
vn -0.007060 0.134357 0.990908
vn 0.019969 0.128635 0.991491
vn 0.043512 0.120833 0.991719
vn 0.054545 0.117599 0.991562
vn 0.063340 0.113685 0.991496
vn 0.079277 0.103102 0.991507
vn 0.096253 0.088706 0.991396
vn 0.108491 0.073709 0.991361
vn 0.115220 0.059097 0.991581
vn 0.115273 0.046297 0.992254
vn 0.115296 0.031348 0.992836
vn 0.122363 0.008873 0.992446
vn 0.138686 -0.025482 0.990009
vn 0.167479 -0.078604 0.982737
vn 0.204033 -0.154981 0.966618
vn 0.243458 -0.262640 0.933675
vn 0.278807 -0.402381 0.871984
vn 0.305877 -0.563459 0.767433
vn 0.280094 -0.704978 0.651578
vn 0.073612 -0.785795 0.614090
vn 0.285005 0.891214 -0.352859
vn -0.383291 0.889664 -0.248166
vn -0.222307 0.875506 -0.429033
vn -0.311772 0.756761 -0.574553
vn -0.316315 0.628281 -0.710780
vn -0.290882 0.484748 -0.824868
vn -0.254494 0.350336 -0.901386
vn -0.210293 0.237230 -0.948419
vn -0.167189 0.152807 -0.974011
vn -0.132085 0.091115 -0.987042
vn -0.111924 0.050271 -0.992445
vn -0.103085 0.023325 -0.994399
vn -0.102879 0.005239 -0.994680
vn -0.102612 -0.009304 -0.994678
vn -0.094170 -0.026210 -0.995211
vn -0.078936 -0.043955 -0.995910
vn -0.057810 -0.061194 -0.996450
vn -0.038463 -0.074744 -0.996461
vn -0.028075 -0.080110 -0.996391
vn -0.014107 -0.083589 -0.996400
vn 0.015271 -0.092925 -0.995556
vn 0.047367 -0.100846 -0.993774
vn 0.071054 -0.098618 -0.992585
vn 0.099085 -0.092657 -0.990756
vn 0.143715 -0.090096 -0.985509
vn 0.203222 -0.086631 -0.975293
vn 0.278141 -0.076912 -0.957456
vn 0.363508 -0.053111 -0.930076
vn 0.453191 -0.004658 -0.891401
vn 0.541318 0.075640 -0.837409
vn 0.612242 0.194926 -0.766266
vn 0.636583 0.352047 -0.686167
vn 0.585125 0.524955 -0.618103
vn 0.506944 0.643879 -0.573086
vn 0.488515 0.687123 -0.537787
vn 0.919680 0.299156 -0.254351
vn -0.338747 -0.730378 0.593126
vn -0.421219 -0.664357 0.617418
vn -0.521316 -0.526543 0.671552
vn -0.584292 -0.329071 0.741832
vn -0.551849 -0.159441 0.818561
vn -0.467940 -0.038581 0.882917
vn -0.374391 0.040364 0.926392
vn -0.285809 0.086907 0.954338
vn -0.206003 0.109947 0.972355
vn -0.139510 0.119835 0.982943
vn 0.199995 0.348485 0.915729
vn 0.199930 0.345285 0.916955
vn 0.199419 0.353108 0.914083
vn 0.200168 0.342984 0.917766
vn 0.201451 0.340734 0.918323
vn 0.202734 0.338735 0.918781
vn 0.203234 0.337684 0.919057
vn 0.203908 0.337216 0.919080
vn 0.205461 0.336581 0.918966
vn 0.207338 0.336004 0.918756
vn 0.209180 0.335994 0.918342
vn 0.210843 0.336520 0.917769
vn 0.212170 0.337606 0.917064
vn 0.213917 0.339069 0.916118
vn 0.216680 0.340465 0.914950
vn 0.221104 0.341976 0.913326
vn 0.228228 0.343849 0.910868
vn 0.238698 0.346936 0.907005
vn 0.255000 0.353116 0.900158
vn 0.279556 0.363800 0.888537
vn 0.319662 0.382042 0.867099
vn 0.321053 0.429084 0.844282
vn 0.153723 0.377195 0.913287
vn -0.603821 -0.790063 -0.105836
vn -0.647813 -0.676324 0.350605
vn -0.980378 -0.006419 0.197024
vn -0.556863 -0.427434 -0.712182
vn -0.435700 -0.512689 0.739807
vn -0.223027 0.123358 0.966976
vn -0.387913 -0.427397 -0.816612
vn -0.416998 -0.505165 -0.755593
vn -0.319665 -0.382042 -0.867098
vn -0.279555 -0.363800 -0.888537
vn -0.254999 -0.353115 -0.900158
vn -0.238697 -0.346936 -0.907005
vn -0.228228 -0.343849 -0.910868
vn -0.221105 -0.341976 -0.913326
vn -0.216679 -0.340465 -0.914950
vn -0.213915 -0.339070 -0.916118
vn -0.212170 -0.337606 -0.917064
vn -0.210843 -0.336521 -0.917769
vn -0.209181 -0.335995 -0.918341
vn -0.207339 -0.336005 -0.918755
vn -0.205461 -0.336582 -0.918966
vn -0.203907 -0.337216 -0.919080
vn -0.203234 -0.337684 -0.919057
vn -0.202735 -0.338735 -0.918780
vn -0.201452 -0.340735 -0.918323
vn -0.200169 -0.342983 -0.917766
vn -0.199930 -0.345284 -0.916955
vn -0.199995 -0.348484 -0.915730
vn -0.199419 -0.353108 -0.914082
vn -0.198548 -0.359440 -0.911801
vn -0.197821 -0.368486 -0.908342
vn -0.198098 -0.381024 -0.903094
vn -0.200881 -0.399125 -0.894620
vn -0.208081 -0.426297 -0.880326
vn -0.223902 -0.468207 -0.854781
vn -0.251936 -0.533997 -0.807078
vn -0.287207 -0.617333 -0.732401
vn -0.303920 -0.690837 -0.656031
vn -0.250305 -0.766155 -0.591906
vn 0.581929 -0.809254 -0.080416
vn 0.593397 0.530273 0.605550
vn 0.484556 0.572397 0.661488
vn 0.377651 0.565874 0.732917
vn 0.272972 0.523112 0.807366
vn 0.223900 0.468204 0.854783
vn 0.208079 0.426295 0.880327
vn 0.200881 0.399125 0.894621
vn 0.198099 0.381022 0.903094
vn 0.197821 0.368486 0.908342
vn 0.198547 0.359440 0.911801
vn 0.145424 0.455864 0.878089
vn 0.104294 0.353693 0.929529
vn 0.396257 0.903579 0.162867
vn 0.405543 0.839547 -0.361519
vn 0.292119 0.658462 -0.693609
vn -0.099094 0.022458 -0.994825
vn -0.265301 -0.256101 -0.929531
vn -0.558556 -0.751113 0.351916
vn -0.594017 -0.803560 -0.037875
vn -0.431216 -0.461668 0.775187
vn 0.029376 0.264389 0.963969
vn -0.414864 -0.498522 -0.761159
s 1

g pCube1
usemtl phong2SG
f 2/2/5 351/2/1 352/3/6
f 2/2/5 351/2/1 525/4/3
f 351/2/1 352/3/6 525/4/3
f 2/2/5 352/3/6 525/4/3
f 147/7/7 352/3/6 525/4/3
f 352/3/6 353/8/8 525/4/3
f 147/7/7 353/8/8 525/4/3
f 147/7/7 352/3/6 353/8/8
f 353/8/8 354/10/4 525/4/3
f 148/16/9 354/10/4 525/4/3
f 148/16/9 353/8/8 354/10/4
f 148/16/9 353/8/8 525/4/3
f 2/2/5 355/5/10 526/6/11
f 2/2/5 352/3/6 355/5/10
f 2/2/5 352/3/6 526/6/11
f 352/3/6 355/5/10 526/6/11
f 3/11/12 355/5/10 356/12/13
f 3/11/12 355/5/10 526/6/11
f 355/5/10 356/12/13 526/6/11
f 3/11/12 356/12/13 526/6/11
f 146/19/14 356/12/13 526/6/11
f 356/12/13 357/13/15 526/6/11
f 146/19/14 357/13/15 526/6/11
f 146/19/14 356/12/13 357/13/15
f 352/3/6 357/13/15 526/6/11
f 147/7/7 352/3/6 526/6/11
f 147/7/7 352/3/6 357/13/15
f 147/7/7 357/13/15 526/6/11
f 3/11/12 358/17/16 527/18/17
f 3/11/12 356/12/13 358/17/16
f 3/11/12 356/12/13 527/18/17
f 356/12/13 358/17/16 527/18/17
f 358/17/16 359/22/19 4/21/18
f 358/17/16 4/21/18 527/18/17
f 358/17/16 359/22/19 527/18/17
f 359/22/19 4/21/18 527/18/17
f 145/27/20 359/22/19 527/18/17
f 359/22/19 360/23/21 527/18/17
f 145/27/20 360/23/21 527/18/17
f 145/27/20 359/22/19 360/23/21
f 356/12/13 360/23/21 527/18/17
f 146/19/14 356/12/13 527/18/17
f 146/19/14 356/12/13 360/23/21
f 146/19/14 360/23/21 527/18/17
f 361/25/22 4/21/18 528/26/23
f 359/22/19 361/25/22 4/21/18
f 359/22/19 4/21/18 528/26/23
f 359/22/19 361/25/22 528/26/23
f 361/25/22 362/30/25 5/29/24
f 361/25/22 5/29/24 528/26/23
f 361/25/22 362/30/25 528/26/23
f 362/30/25 5/29/24 528/26/23
f 144/243/26 362/242/25 528/241/23
f 362/242/25 363/244/27 528/241/23
f 144/243/26 363/244/27 528/241/23
f 144/243/26 362/242/25 363/244/27
f 359/22/19 363/31/27 528/26/23
f 145/27/20 359/22/19 528/26/23
f 145/27/20 359/22/19 363/31/27
f 145/27/20 363/31/27 528/26/23
f 364/250/28 5/249/24 529/245/29
f 362/242/25 364/250/28 5/249/24
f 362/242/25 5/249/24 529/245/29
f 362/242/25 364/250/28 529/245/29
f 364/250/28 365/251/31 6/256/30
f 364/250/28 529/245/29 6/256/30
f 364/250/28 365/251/31 529/245/29
f 365/251/31 529/245/29 6/256/30
f 143/252/32 365/251/31 529/245/29
f 365/251/31 366/246/33 529/245/29
f 143/252/32 366/246/33 529/245/29
f 143/252/32 365/251/31 366/246/33
f 362/242/25 366/246/33 529/245/29
f 144/243/26 362/242/25 529/245/29
f 144/243/26 362/242/25 366/246/33
f 144/243/26 366/246/33 529/245/29
f 367/262/34 530/257/35 6/256/30
f 365/251/31 367/262/34 6/256/30
f 365/251/31 530/257/35 6/256/30
f 365/251/31 367/262/34 530/257/35
f 367/262/34 368/263/37 7/266/36
f 367/262/34 530/257/35 7/266/36
f 367/262/34 368/263/37 530/257/35
f 368/263/37 530/257/35 7/266/36
f 142/264/38 368/263/37 530/257/35
f 368/263/37 369/258/39 530/257/35
f 142/264/38 369/258/39 530/257/35
f 142/264/38 368/263/37 369/258/39
f 365/251/31 369/258/39 530/257/35
f 143/252/32 365/251/31 530/257/35
f 143/252/32 365/251/31 369/258/39
f 143/252/32 369/258/39 530/257/35
f 370/270/40 531/267/41 7/266/36
f 368/263/37 370/270/40 7/266/36
f 368/263/37 531/267/41 7/266/36
f 368/263/37 370/270/40 531/267/41
f 370/270/40 371/271/43 8/274/42
f 370/270/40 531/267/41 8/274/42
f 370/270/40 371/271/43 531/267/41
f 371/271/43 531/267/41 8/274/42
f 141/272/44 371/271/43 531/267/41
f 371/271/43 372/268/45 531/267/41
f 141/272/44 372/268/45 531/267/41
f 141/272/44 371/271/43 372/268/45
f 368/263/37 372/268/45 531/267/41
f 142/264/38 368/263/37 531/267/41
f 142/264/38 368/263/37 372/268/45
f 142/264/38 372/268/45 531/267/41
f 373/278/46 532/275/47 8/274/42
f 371/271/43 373/278/46 8/274/42
f 371/271/43 532/275/47 8/274/42
f 371/271/43 373/278/46 532/275/47
f 373/278/46 374/279/49 9/282/48
f 373/278/46 532/275/47 9/282/48
f 373/278/46 374/279/49 532/275/47
f 374/279/49 532/275/47 9/282/48
f 140/280/50 374/279/49 532/275/47
f 374/279/49 375/276/51 532/275/47
f 140/280/50 375/276/51 532/275/47
f 140/280/50 374/279/49 375/276/51
f 371/271/43 375/276/51 532/275/47
f 141/272/44 371/271/43 532/275/47
f 141/272/44 371/271/43 375/276/51
f 141/272/44 375/276/51 532/275/47
f 376/286/52 533/283/53 9/282/48
f 374/279/49 376/286/52 9/282/48
f 374/279/49 533/283/53 9/282/48
f 374/279/49 376/286/52 533/283/53
f 10/290/54 376/286/52 377/287/55
f 10/290/54 376/286/52 533/283/53
f 376/286/52 377/287/55 533/283/53
f 10/290/54 377/287/55 533/283/53
f 139/288/56 377/287/55 533/283/53
f 377/287/55 378/284/57 533/283/53
f 139/288/56 378/284/57 533/283/53
f 139/288/56 377/287/55 378/284/57
f 374/279/49 378/284/57 533/283/53
f 140/280/50 374/279/49 533/283/53
f 140/280/50 374/279/49 378/284/57
f 140/280/50 378/284/57 533/283/53
f 10/290/54 379/294/58 534/291/59
f 10/290/54 377/287/55 379/294/58
f 10/290/54 377/287/55 534/291/59
f 377/287/55 379/294/58 534/291/59
f 11/298/60 379/294/58 380/295/61
f 11/298/60 379/294/58 534/291/59
f 379/294/58 380/295/61 534/291/59
f 11/298/60 380/295/61 534/291/59
f 138/296/62 380/295/61 534/291/59
f 380/295/61 381/292/63 534/291/59
f 138/296/62 381/292/63 534/291/59
f 138/296/62 380/295/61 381/292/63
f 377/287/55 381/292/63 534/291/59
f 139/288/56 377/287/55 534/291/59
f 139/288/56 377/287/55 381/292/63
f 139/288/56 381/292/63 534/291/59
f 11/298/60 382/302/64 535/299/65
f 11/298/60 380/295/61 382/302/64
f 11/298/60 380/295/61 535/299/65
f 380/295/61 382/302/64 535/299/65
f 12/306/66 382/302/64 383/303/67
f 12/306/66 382/302/64 535/299/65
f 382/302/64 383/303/67 535/299/65
f 12/306/66 383/303/67 535/299/65
f 137/304/68 383/303/67 535/299/65
f 383/303/67 384/300/69 535/299/65
f 137/304/68 384/300/69 535/299/65
f 137/304/68 383/303/67 384/300/69
f 380/295/61 384/300/69 535/299/65
f 138/296/62 380/295/61 535/299/65
f 138/296/62 380/295/61 384/300/69
f 138/296/62 384/300/69 535/299/65
f 12/306/66 385/310/70 536/307/71
f 12/306/66 383/303/67 385/310/70
f 12/306/66 383/303/67 536/307/71
f 383/303/67 385/310/70 536/307/71
f 13/314/72 385/310/70 386/311/73
f 13/314/72 385/310/70 536/307/71
f 385/310/70 386/311/73 536/307/71
f 13/314/72 386/311/73 536/307/71
f 170/312/74 386/311/73 536/307/71
f 386/311/73 387/308/75 536/307/71
f 170/312/74 387/308/75 536/307/71
f 170/312/74 386/311/73 387/308/75
f 383/303/67 387/308/75 536/307/71
f 137/304/68 383/303/67 536/307/71
f 137/304/68 383/303/67 387/308/75
f 137/304/68 387/308/75 536/307/71
f 13/314/72 388/318/76 537/315/77
f 13/314/72 386/311/73 388/318/76
f 13/314/72 386/311/73 537/315/77
f 386/311/73 388/318/76 537/315/77
f 14/322/78 388/318/76 389/319/79
f 14/322/78 388/318/76 537/315/77
f 388/318/76 389/319/79 537/315/77
f 14/322/78 389/319/79 537/315/77
f 169/320/80 389/319/79 537/315/77
f 389/319/79 390/316/81 537/315/77
f 169/320/80 390/316/81 537/315/77
f 169/320/80 389/319/79 390/316/81
f 386/311/73 390/316/81 537/315/77
f 170/312/74 386/311/73 537/315/77
f 170/312/74 386/311/73 390/316/81
f 170/312/74 390/316/81 537/315/77
f 14/322/78 391/326/82 538/323/83
f 14/322/78 389/319/79 391/326/82
f 14/322/78 389/319/79 538/323/83
f 389/319/79 391/326/82 538/323/83
f 15/330/84 391/326/82 392/327/85
f 15/330/84 391/326/82 538/323/83
f 391/326/82 392/327/85 538/323/83
f 15/330/84 392/327/85 538/323/83
f 168/328/86 392/327/85 538/323/83
f 392/327/85 393/324/87 538/323/83
f 168/328/86 393/324/87 538/323/83
f 168/328/86 392/327/85 393/324/87
f 389/319/79 393/324/87 538/323/83
f 169/320/80 389/319/79 538/323/83
f 169/320/80 389/319/79 393/324/87
f 169/320/80 393/324/87 538/323/83
f 15/330/84 394/334/88 539/331/89
f 15/330/84 392/327/85 394/334/88
f 15/330/84 392/327/85 539/331/89
f 392/327/85 394/334/88 539/331/89
f 16/338/90 394/334/88 395/335/91
f 16/338/90 394/334/88 539/331/89
f 394/334/88 395/335/91 539/331/89
f 16/338/90 395/335/91 539/331/89
f 167/336/92 395/335/91 539/331/89
f 395/335/91 396/332/93 539/331/89
f 167/336/92 396/332/93 539/331/89
f 167/336/92 395/335/91 396/332/93
f 392/327/85 396/332/93 539/331/89
f 168/328/86 392/327/85 539/331/89
f 168/328/86 392/327/85 396/332/93
f 168/328/86 396/332/93 539/331/89
f 16/338/90 397/342/94 540/339/95
f 16/338/90 395/335/91 397/342/94
f 16/338/90 395/335/91 540/339/95
f 395/335/91 397/342/94 540/339/95
f 17/346/96 397/342/94 398/343/97
f 17/346/96 397/342/94 540/339/95
f 397/342/94 398/343/97 540/339/95
f 17/346/96 398/343/97 540/339/95
f 166/344/98 398/343/97 540/339/95
f 398/343/97 399/340/99 540/339/95
f 166/344/98 399/340/99 540/339/95
f 166/344/98 398/343/97 399/340/99
f 395/335/91 399/340/99 540/339/95
f 167/336/92 395/335/91 540/339/95
f 167/336/92 395/335/91 399/340/99
f 167/336/92 399/340/99 540/339/95
f 18/32/100 400/33/101 541/34/102
f 18/32/100 400/33/101 403/35/103
f 18/32/100 403/35/103 541/34/102
f 400/33/101 403/35/103 541/34/102
f 19/36/104 400/33/101 401/37/105
f 19/36/104 400/33/101 541/34/102
f 400/33/101 401/37/105 541/34/102
f 19/36/104 401/37/105 541/34/102
f 36/42/106 401/37/105 541/34/102
f 401/37/105 402/38/107 541/34/102
f 36/42/106 402/38/107 541/34/102
f 36/42/106 401/37/105 402/38/107
f 402/38/107 403/35/103 541/34/102
f 35/39/108 403/35/103 541/34/102
f 35/39/108 402/38/107 403/35/103
f 35/39/108 402/38/107 541/34/102
f 19/36/104 404/40/109 542/41/110
f 19/36/104 401/37/105 404/40/109
f 19/36/104 401/37/105 542/41/110
f 401/37/105 404/40/109 542/41/110
f 20/46/111 404/40/109 405/47/112
f 20/46/111 404/40/109 542/41/110
f 404/40/109 405/47/112 542/41/110
f 20/46/111 405/47/112 542/41/110
f 37/55/113 405/47/112 542/41/110
f 405/47/112 406/48/114 542/41/110
f 37/55/113 406/48/114 542/41/110
f 37/55/113 405/47/112 406/48/114
f 401/37/105 406/48/114 542/41/110
f 36/42/106 401/37/105 542/41/110
f 36/42/106 401/37/105 406/48/114
f 36/42/106 406/48/114 542/41/110
f 20/46/111 407/53/115 543/54/116
f 20/46/111 405/47/112 407/53/115
f 20/46/111 405/47/112 543/54/116
f 405/47/112 407/53/115 543/54/116
f 21/62/117 407/53/115 408/63/118
f 21/62/117 407/53/115 543/54/116
f 407/53/115 408/63/118 543/54/116
f 21/62/117 408/63/118 543/54/116
f 38/72/119 408/63/118 543/54/116
f 408/63/118 409/64/120 543/54/116
f 38/72/119 409/64/120 543/54/116
f 38/72/119 408/63/118 409/64/120
f 405/47/112 409/64/120 543/54/116
f 37/55/113 405/47/112 543/54/116
f 37/55/113 405/47/112 409/64/120
f 37/55/113 409/64/120 543/54/116
f 21/62/117 410/70/121 544/71/122
f 21/62/117 408/63/118 410/70/121
f 21/62/117 408/63/118 544/71/122
f 408/63/118 410/70/121 544/71/122
f 22/80/123 410/70/121 411/81/124
f 22/80/123 410/70/121 544/71/122
f 410/70/121 411/81/124 544/71/122
f 22/80/123 411/81/124 544/71/122
f 39/93/125 411/81/124 544/71/122
f 411/81/124 412/82/126 544/71/122
f 39/93/125 412/82/126 544/71/122
f 39/93/125 411/81/124 412/82/126
f 408/63/118 412/82/126 544/71/122
f 38/72/119 408/63/118 544/71/122
f 38/72/119 408/63/118 412/82/126
f 38/72/119 412/82/126 544/71/122
f 22/80/123 413/91/127 545/92/128
f 22/80/123 411/81/124 413/91/127
f 22/80/123 411/81/124 545/92/128
f 411/81/124 413/91/127 545/92/128
f 23/104/129 413/91/127 414/105/130
f 23/104/129 413/91/127 545/92/128
f 413/91/127 414/105/130 545/92/128
f 23/104/129 414/105/130 545/92/128
f 40/121/131 414/105/130 545/92/128
f 414/105/130 415/106/132 545/92/128
f 40/121/131 415/106/132 545/92/128
f 40/121/131 414/105/130 415/106/132
f 411/81/124 415/106/132 545/92/128
f 39/93/125 411/81/124 545/92/128
f 39/93/125 411/81/124 415/106/132
f 39/93/125 415/106/132 545/92/128
f 23/104/129 416/119/133 546/120/134
f 23/104/129 414/105/130 416/119/133
f 23/104/129 414/105/130 546/120/134
f 414/105/130 416/119/133 546/120/134
f 24/353/135 416/352/133 417/354/136
f 24/353/135 416/352/133 546/355/134
f 416/352/133 417/354/136 546/355/134
f 24/353/135 417/354/136 546/355/134
f 41/358/137 417/354/136 546/355/134
f 417/354/136 418/359/138 546/355/134
f 41/358/137 418/359/138 546/355/134
f 41/358/137 417/354/136 418/359/138
f 414/105/130 418/134/138 546/120/134
f 40/121/131 414/105/130 546/120/134
f 40/121/131 414/105/130 418/134/138
f 40/121/131 418/134/138 546/120/134
f 24/353/135 419/356/139 547/357/140
f 24/353/135 417/354/136 419/356/139
f 24/353/135 417/354/136 547/357/140
f 417/354/136 419/356/139 547/357/140
f 25/360/141 419/356/139 420/361/142
f 25/360/141 419/356/139 547/357/140
f 419/356/139 420/361/142 547/357/140
f 25/360/141 420/361/142 547/357/140
f 42/367/143 420/361/142 547/357/140
f 420/361/142 421/362/144 547/357/140
f 42/367/143 421/362/144 547/357/140
f 42/367/143 420/361/142 421/362/144
f 417/354/136 421/362/144 547/357/140
f 41/358/137 417/354/136 547/357/140
f 41/358/137 417/354/136 421/362/144
f 41/358/137 421/362/144 547/357/140
f 25/360/141 422/365/145 548/366/146
f 25/360/141 420/361/142 422/365/145
f 25/360/141 420/361/142 548/366/146
f 420/361/142 422/365/145 548/366/146
f 26/373/147 422/365/145 423/374/148
f 26/373/147 422/365/145 548/366/146
f 422/365/145 423/374/148 548/366/146
f 26/373/147 423/374/148 548/366/146
f 423/374/148 43/385/149 548/366/146
f 423/374/148 424/375/150 548/366/146
f 424/375/150 43/385/149 548/366/146
f 423/374/148 424/375/150 43/385/149
f 420/361/142 424/375/150 548/366/146
f 42/367/143 420/361/142 548/366/146
f 42/367/143 420/361/142 424/375/150
f 42/367/143 424/375/150 548/366/146
f 26/373/147 425/383/151 549/384/152
f 26/373/147 423/374/148 425/383/151
f 26/373/147 423/374/148 549/384/152
f 423/374/148 425/383/151 549/384/152
f 27/391/153 425/383/151 426/392/154
f 27/391/153 425/383/151 549/384/152
f 425/383/151 426/392/154 549/384/152
f 27/391/153 426/392/154 549/384/152
f 426/392/154 44/402/155 549/384/152
f 426/392/154 427/393/156 549/384/152
f 427/393/156 44/402/155 549/384/152
f 426/392/154 427/393/156 44/402/155
f 423/374/148 427/393/156 549/384/152
f 423/374/148 43/385/149 549/384/152
f 423/374/148 427/393/156 43/385/149
f 427/393/156 43/385/149 549/384/152
f 27/391/153 428/400/157 550/401/158
f 27/391/153 426/392/154 428/400/157
f 27/391/153 426/392/154 550/401/158
f 426/392/154 428/400/157 550/401/158
f 28/409/159 428/400/157 429/410/160
f 28/409/159 428/400/157 550/401/158
f 428/400/157 429/410/160 550/401/158
f 28/409/159 429/410/160 550/401/158
f 429/410/160 45/418/161 550/401/158
f 429/410/160 430/411/162 550/401/158
f 430/411/162 45/418/161 550/401/158
f 429/410/160 430/411/162 45/418/161
f 426/392/154 430/411/162 550/401/158
f 426/392/154 44/402/155 550/401/158
f 426/392/154 430/411/162 44/402/155
f 430/411/162 44/402/155 550/401/158
f 28/409/159 431/416/163 551/417/164
f 28/409/159 429/410/160 431/416/163
f 28/409/159 429/410/160 551/417/164
f 429/410/160 431/416/163 551/417/164
f 29/424/165 431/416/163 432/425/166
f 29/424/165 431/416/163 551/417/164
f 431/416/163 432/425/166 551/417/164
f 29/424/165 432/425/166 551/417/164
f 432/425/166 46/434/167 551/417/164
f 432/425/166 433/426/168 551/417/164
f 433/426/168 46/434/167 551/417/164
f 432/425/166 433/426/168 46/434/167
f 429/410/160 433/426/168 551/417/164
f 429/410/160 45/418/161 551/417/164
f 429/410/160 433/426/168 45/418/161
f 433/426/168 45/418/161 551/417/164
f 29/424/165 434/432/169 552/433/170
f 29/424/165 432/425/166 434/432/169
f 29/424/165 432/425/166 552/433/170
f 432/425/166 434/432/169 552/433/170
f 30/438/171 434/432/169 435/439/172
f 30/438/171 434/432/169 552/433/170
f 434/432/169 435/439/172 552/433/170
f 30/438/171 435/439/172 552/433/170
f 435/439/172 47/446/173 552/433/170
f 435/439/172 436/440/174 552/433/170
f 436/440/174 47/446/173 552/433/170
f 435/439/172 436/440/174 47/446/173
f 432/425/166 436/440/174 552/433/170
f 432/425/166 46/434/167 552/433/170
f 432/425/166 436/440/174 46/434/167
f 436/440/174 46/434/167 552/433/170
f 30/438/171 437/444/175 553/445/176
f 30/438/171 435/439/172 437/444/175
f 30/438/171 435/439/172 553/445/176
f 435/439/172 437/444/175 553/445/176
f 31/450/177 437/444/175 438/451/178
f 31/450/177 437/444/175 553/445/176
f 437/444/175 438/451/178 553/445/176
f 31/450/177 438/451/178 553/445/176
f 438/451/178 48/458/179 553/445/176
f 438/451/178 439/452/180 553/445/176
f 439/452/180 48/458/179 553/445/176
f 438/451/178 439/452/180 48/458/179
f 435/439/172 439/452/180 553/445/176
f 435/439/172 47/446/173 553/445/176
f 435/439/172 439/452/180 47/446/173
f 439/452/180 47/446/173 553/445/176
f 31/450/177 440/456/181 554/457/182
f 31/450/177 438/451/178 440/456/181
f 31/450/177 438/451/178 554/457/182
f 438/451/178 440/456/181 554/457/182
f 32/462/183 440/456/181 441/463/184
f 32/462/183 440/456/181 554/457/182
f 440/456/181 441/463/184 554/457/182
f 32/462/183 441/463/184 554/457/182
f 441/463/184 49/470/185 554/457/182
f 441/463/184 442/464/186 554/457/182
f 442/464/186 49/470/185 554/457/182
f 441/463/184 442/464/186 49/470/185
f 438/451/178 442/464/186 554/457/182
f 438/451/178 48/458/179 554/457/182
f 438/451/178 442/464/186 48/458/179
f 442/464/186 48/458/179 554/457/182
f 32/462/183 443/468/187 555/469/188
f 32/462/183 441/463/184 443/468/187
f 32/462/183 441/463/184 555/469/188
f 441/463/184 443/468/187 555/469/188
f 33/474/189 443/468/187 444/475/190
f 33/474/189 443/468/187 555/469/188
f 443/468/187 444/475/190 555/469/188
f 33/474/189 444/475/190 555/469/188
f 444/475/190 50/482/191 555/469/188
f 444/475/190 445/476/192 555/469/188
f 445/476/192 50/482/191 555/469/188
f 444/475/190 445/476/192 50/482/191
f 441/463/184 445/476/192 555/469/188
f 441/463/184 49/470/185 555/469/188
f 441/463/184 445/476/192 49/470/185
f 445/476/192 49/470/185 555/469/188
f 33/474/189 446/480/193 556/481/194
f 33/474/189 444/475/190 446/480/193
f 33/474/189 444/475/190 556/481/194
f 444/475/190 446/480/193 556/481/194
f 34/486/195 446/480/193 447/487/196
f 34/486/195 446/480/193 556/481/194
f 446/480/193 447/487/196 556/481/194
f 34/486/195 447/487/196 556/481/194
f 447/487/196 51/492/197 556/481/194
f 447/487/196 448/488/198 556/481/194
f 448/488/198 51/492/197 556/481/194
f 447/487/196 448/488/198 51/492/197
f 444/475/190 448/488/198 556/481/194
f 444/475/190 50/482/191 556/481/194
f 444/475/190 448/488/198 50/482/191
f 448/488/198 50/482/191 556/481/194
f 149/87/199 449/86/200 557/99/201
f 149/87/199 449/86/200 452/100/202
f 149/87/199 452/100/202 557/99/201
f 449/86/200 452/100/202 557/99/201
f 150/98/203 449/86/200 450/111/204
f 150/98/203 449/86/200 557/99/201
f 449/86/200 450/111/204 557/99/201
f 150/98/203 450/111/204 557/99/201
f 450/111/204 53/126/205 557/99/201
f 450/111/204 451/112/206 557/99/201
f 451/112/206 53/126/205 557/99/201
f 450/111/204 451/112/206 53/126/205
f 451/112/206 452/100/202 557/99/201
f 452/100/202 52/113/207 557/99/201
f 451/112/206 452/100/202 52/113/207
f 451/112/206 52/113/207 557/99/201
f 150/98/203 453/110/208 558/125/209
f 150/98/203 450/111/204 453/110/208
f 150/98/203 450/111/204 558/125/209
f 450/111/204 453/110/208 558/125/209
f 151/124/210 453/110/208 454/137/211
f 151/124/210 453/110/208 558/125/209
f 453/110/208 454/137/211 558/125/209
f 151/124/210 454/137/211 558/125/209
f 454/137/211 54/146/212 558/125/209
f 454/137/211 455/138/213 558/125/209
f 455/138/213 54/146/212 558/125/209
f 454/137/211 455/138/213 54/146/212
f 450/111/204 455/138/213 558/125/209
f 450/111/204 53/126/205 558/125/209
f 450/111/204 455/138/213 53/126/205
f 455/138/213 53/126/205 558/125/209
f 151/124/210 456/136/214 559/145/215
f 151/124/210 454/137/211 456/136/214
f 151/124/210 454/137/211 559/145/215
f 454/137/211 456/136/214 559/145/215
f 152/153/216 456/136/214 457/154/217
f 152/153/216 456/136/214 559/145/215
f 456/136/214 457/154/217 559/145/215
f 152/153/216 457/154/217 559/145/215
f 457/154/217 55/162/218 559/145/215
f 457/154/217 458/155/219 559/145/215
f 458/155/219 55/162/218 559/145/215
f 457/154/217 458/155/219 55/162/218
f 454/137/211 458/155/219 559/145/215
f 454/137/211 54/146/212 559/145/215
f 454/137/211 458/155/219 54/146/212
f 458/155/219 54/146/212 559/145/215
f 152/153/216 459/160/220 560/161/221
f 152/153/216 457/154/217 459/160/220
f 152/153/216 457/154/217 560/161/221
f 457/154/217 459/160/220 560/161/221
f 153/506/222 459/505/220 460/507/223
f 153/506/222 459/505/220 560/508/221
f 459/505/220 460/507/223 560/508/221
f 153/506/222 460/507/223 560/508/221
f 460/168/223 56/169/224 560/161/221
f 460/168/223 461/165/225 560/161/221
f 461/165/225 56/169/224 560/161/221
f 460/168/223 461/165/225 56/169/224
f 457/154/217 461/165/225 560/161/221
f 457/154/217 55/162/218 560/161/221
f 457/154/217 461/165/225 55/162/218
f 461/165/225 55/162/218 560/161/221
f 153/506/222 462/511/226 561/512/227
f 153/506/222 460/507/223 462/511/226
f 153/506/222 460/507/223 561/512/227
f 460/507/223 462/511/226 561/512/227
f 154/516/228 462/511/226 463/517/229
f 154/516/228 462/511/226 561/512/227
f 462/511/226 463/517/229 561/512/227
f 154/516/228 463/517/229 561/512/227
f 463/517/229 561/512/227 57/523/230
f 463/517/229 464/524/231 561/512/227
f 464/524/231 561/512/227 57/523/230
f 463/517/229 464/524/231 57/523/230
f 460/168/223 464/173/231 561/172/227
f 460/168/223 56/169/224 561/172/227
f 460/168/223 464/173/231 56/169/224
f 464/173/231 56/169/224 561/172/227
f 154/516/228 465/521/232 562/522/233
f 154/516/228 463/517/229 465/521/232
f 154/516/228 463/517/229 562/522/233
f 463/517/229 465/521/232 562/522/233
f 155/526/234 465/521/232 466/527/235
f 155/526/234 465/521/232 562/522/233
f 465/521/232 466/527/235 562/522/233
f 155/526/234 466/527/235 562/522/233
f 466/527/235 562/522/233 58/532/236
f 466/527/235 467/528/237 562/522/233
f 467/528/237 562/522/233 58/532/236
f 466/527/235 467/528/237 58/532/236
f 463/517/229 467/528/237 562/522/233
f 463/517/229 562/522/233 57/523/230
f 463/517/229 467/528/237 57/523/230
f 467/528/237 562/522/233 57/523/230
f 155/526/234 468/530/238 563/531/239
f 155/526/234 466/527/235 468/530/238
f 155/526/234 466/527/235 563/531/239
f 466/527/235 468/530/238 563/531/239
f 156/534/240 468/530/238 469/535/241
f 156/534/240 468/530/238 563/531/239
f 468/530/238 469/535/241 563/531/239
f 156/534/240 469/535/241 563/531/239
f 469/535/241 563/531/239 59/542/242
f 469/535/241 470/536/243 563/531/239
f 470/536/243 563/531/239 59/542/242
f 469/535/241 470/536/243 59/542/242
f 466/527/235 470/536/243 563/531/239
f 466/527/235 563/531/239 58/532/236
f 466/527/235 470/536/243 58/532/236
f 470/536/243 563/531/239 58/532/236
f 156/534/240 471/540/244 564/541/245
f 156/534/240 469/535/241 471/540/244
f 156/534/240 469/535/241 564/541/245
f 469/535/241 471/540/244 564/541/245
f 157/547/246 471/540/244 472/548/247
f 157/547/246 471/540/244 564/541/245
f 471/540/244 472/548/247 564/541/245
f 157/547/246 472/548/247 564/541/245
f 472/548/247 564/541/245 60/555/248
f 472/548/247 473/549/249 564/541/245
f 473/549/249 564/541/245 60/555/248
f 472/548/247 473/549/249 60/555/248
f 469/535/241 473/549/249 564/541/245
f 469/535/241 564/541/245 59/542/242
f 469/535/241 473/549/249 59/542/242
f 473/549/249 564/541/245 59/542/242
f 157/547/246 474/553/250 565/554/251
f 157/547/246 472/548/247 474/553/250
f 157/547/246 472/548/247 565/554/251
f 472/548/247 474/553/250 565/554/251
f 158/559/252 474/553/250 475/560/253
f 158/559/252 474/553/250 565/554/251
f 474/553/250 475/560/253 565/554/251
f 158/559/252 475/560/253 565/554/251
f 475/560/253 565/554/251 61/567/254
f 475/560/253 476/561/255 565/554/251
f 476/561/255 565/554/251 61/567/254
f 475/560/253 476/561/255 61/567/254
f 472/548/247 476/561/255 565/554/251
f 472/548/247 565/554/251 60/555/248
f 472/548/247 476/561/255 60/555/248
f 476/561/255 565/554/251 60/555/248
f 158/559/252 477/565/256 566/566/257
f 158/559/252 475/560/253 477/565/256
f 158/559/252 475/560/253 566/566/257
f 475/560/253 477/565/256 566/566/257
f 159/571/258 477/565/256 478/572/259
f 159/571/258 477/565/256 566/566/257
f 477/565/256 478/572/259 566/566/257
f 159/571/258 478/572/259 566/566/257
f 478/572/259 566/566/257 62/579/260
f 478/572/259 479/573/261 566/566/257
f 479/573/261 566/566/257 62/579/260
f 478/572/259 479/573/261 62/579/260
f 475/560/253 479/573/261 566/566/257
f 475/560/253 566/566/257 61/567/254
f 475/560/253 479/573/261 61/567/254
f 479/573/261 566/566/257 61/567/254
f 159/571/258 480/577/262 567/578/263
f 159/571/258 478/572/259 480/577/262
f 159/571/258 478/572/259 567/578/263
f 478/572/259 480/577/262 567/578/263
f 160/583/264 480/577/262 481/584/265
f 160/583/264 480/577/262 567/578/263
f 480/577/262 481/584/265 567/578/263
f 160/583/264 481/584/265 567/578/263
f 481/584/265 567/578/263 63/591/266
f 481/584/265 482/585/267 567/578/263
f 482/585/267 567/578/263 63/591/266
f 481/584/265 482/585/267 63/591/266
f 478/572/259 482/585/267 567/578/263
f 478/572/259 567/578/263 62/579/260
f 478/572/259 482/585/267 62/579/260
f 482/585/267 567/578/263 62/579/260
f 160/583/264 483/589/268 568/590/269
f 160/583/264 481/584/265 483/589/268
f 160/583/264 481/584/265 568/590/269
f 481/584/265 483/589/268 568/590/269
f 161/595/270 483/589/268 484/596/271
f 161/595/270 483/589/268 568/590/269
f 483/589/268 484/596/271 568/590/269
f 161/595/270 484/596/271 568/590/269
f 484/596/271 568/590/269 64/603/272
f 484/596/271 485/597/273 568/590/269
f 485/597/273 568/590/269 64/603/272
f 484/596/271 485/597/273 64/603/272
f 481/584/265 485/597/273 568/590/269
f 481/584/265 568/590/269 63/591/266
f 481/584/265 485/597/273 63/591/266
f 485/597/273 568/590/269 63/591/266
f 161/595/270 486/601/274 569/602/275
f 161/595/270 484/596/271 486/601/274
f 161/595/270 484/596/271 569/602/275
f 484/596/271 486/601/274 569/602/275
f 162/607/276 486/601/274 487/608/277
f 162/607/276 486/601/274 569/602/275
f 486/601/274 487/608/277 569/602/275
f 162/607/276 487/608/277 569/602/275
f 487/608/277 569/602/275 65/615/278
f 487/608/277 488/609/279 569/602/275
f 488/609/279 569/602/275 65/615/278
f 487/608/277 488/609/279 65/615/278
f 484/596/271 488/609/279 569/602/275
f 484/596/271 569/602/275 64/603/272
f 484/596/271 488/609/279 64/603/272
f 488/609/279 569/602/275 64/603/272
f 162/607/276 489/613/280 570/614/281
f 162/607/276 487/608/277 489/613/280
f 162/607/276 487/608/277 570/614/281
f 487/608/277 489/613/280 570/614/281
f 163/619/282 489/613/280 490/620/283
f 163/619/282 489/613/280 570/614/281
f 489/613/280 490/620/283 570/614/281
f 163/619/282 490/620/283 570/614/281
f 490/620/283 570/614/281 66/627/284
f 490/620/283 491/621/285 570/614/281
f 491/621/285 570/614/281 66/627/284
f 490/620/283 491/621/285 66/627/284
f 487/608/277 491/621/285 570/614/281
f 487/608/277 570/614/281 65/615/278
f 487/608/277 491/621/285 65/615/278
f 491/621/285 570/614/281 65/615/278
f 163/619/282 492/625/286 571/626/287
f 163/619/282 490/620/283 492/625/286
f 163/619/282 490/620/283 571/626/287
f 490/620/283 492/625/286 571/626/287
f 164/631/288 492/625/286 493/632/289
f 164/631/288 492/625/286 571/626/287
f 492/625/286 493/632/289 571/626/287
f 164/631/288 493/632/289 571/626/287
f 493/632/289 571/626/287 67/639/290
f 493/632/289 494/633/291 571/626/287
f 494/633/291 571/626/287 67/639/290
f 493/632/289 494/633/291 67/639/290
f 490/620/283 494/633/291 571/626/287
f 490/620/283 571/626/287 66/627/284
f 490/620/283 494/633/291 66/627/284
f 494/633/291 571/626/287 66/627/284
f 164/631/288 495/637/292 572/638/293
f 164/631/288 493/632/289 495/637/292
f 164/631/288 493/632/289 572/638/293
f 493/632/289 495/637/292 572/638/293
f 165/643/294 495/637/292 496/644/295
f 165/643/294 495/637/292 572/638/293
f 495/637/292 496/644/295 572/638/293
f 165/643/294 496/644/295 572/638/293
f 496/644/295 572/638/293 68/651/296
f 496/644/295 497/645/297 572/638/293
f 497/645/297 572/638/293 68/651/296
f 496/644/295 497/645/297 68/651/296
f 493/632/289 497/645/297 572/638/293
f 493/632/289 572/638/293 67/639/290
f 493/632/289 497/645/297 67/639/290
f 497/645/297 572/638/293 67/639/290
f 451/112/206 52/113/207 573/127/298
f 451/112/206 499/128/299 52/113/207
f 499/128/299 52/113/207 573/127/298
f 451/112/206 499/128/299 573/127/298
f 451/112/206 498/139/300 53/126/205
f 451/112/206 53/126/205 573/127/298
f 451/112/206 498/139/300 573/127/298
f 498/139/300 53/126/205 573/127/298
f 2/148/5 498/139/300 573/127/298
f 351/140/2 498/139/300 573/127/298
f 2/148/5 351/140/2 573/127/298
f 2/148/5 351/140/2 498/139/300
f 351/140/2 499/128/299 573/127/298
f 1/141/1 499/128/299 573/127/298
f 1/141/1 351/140/2 499/128/299
f 1/141/1 351/140/2 573/127/298
f 455/138/213 53/126/205 574/147/301
f 455/138/213 498/139/300 53/126/205
f 498/139/300 53/126/205 574/147/301
f 455/138/213 498/139/300 574/147/301
f 455/138/213 500/156/302 54/146/212
f 455/138/213 54/146/212 574/147/301
f 455/138/213 500/156/302 574/147/301
f 500/156/302 54/146/212 574/147/301
f 3/164/12 500/156/302 574/147/301
f 355/157/10 500/156/302 574/147/301
f 3/164/12 355/157/10 574/147/301
f 3/164/12 355/157/10 500/156/302
f 355/157/10 498/139/300 574/147/301
f 2/148/5 498/139/300 574/147/301
f 2/148/5 355/157/10 498/139/300
f 2/148/5 355/157/10 574/147/301
f 458/155/219 54/146/212 575/163/303
f 458/155/219 500/156/302 54/146/212
f 500/156/302 54/146/212 575/163/303
f 458/155/219 500/156/302 575/163/303
f 458/155/219 501/166/304 55/162/218
f 458/155/219 55/162/218 575/163/303
f 458/155/219 501/166/304 575/163/303
f 501/166/304 55/162/218 575/163/303
f 4/171/18 501/166/304 575/163/303
f 358/167/16 501/166/304 575/163/303
f 358/167/16 4/171/18 575/163/303
f 358/167/16 4/171/18 501/166/304
f 358/167/16 500/156/302 575/163/303
f 3/164/12 500/156/302 575/163/303
f 3/164/12 358/167/16 500/156/302
f 3/164/12 358/167/16 575/163/303
f 461/165/225 55/162/218 576/170/305
f 461/165/225 501/166/304 55/162/218
f 501/166/304 55/162/218 576/170/305
f 461/165/225 501/166/304 576/170/305
f 461/165/225 502/174/306 56/169/224
f 461/165/225 56/169/224 576/170/305
f 461/165/225 502/174/306 576/170/305
f 502/174/306 56/169/224 576/170/305
f 5/177/24 502/174/306 576/170/305
f 361/175/22 502/174/306 576/170/305
f 361/175/22 5/177/24 576/170/305
f 361/175/22 5/177/24 502/174/306
f 361/175/22 501/166/304 576/170/305
f 4/171/18 501/166/304 576/170/305
f 361/175/22 4/171/18 501/166/304
f 361/175/22 4/171/18 576/170/305
f 464/173/231 56/169/224 577/176/307
f 464/173/231 502/174/306 56/169/224
f 502/174/306 56/169/224 577/176/307
f 464/173/231 502/174/306 577/176/307
f 464/173/231 503/179/308 57/178/230
f 464/173/231 57/178/230 577/176/307
f 464/173/231 503/179/308 577/176/307
f 503/179/308 57/178/230 577/176/307
f 503/179/308 577/176/307 6/183/30
f 364/180/28 503/179/308 577/176/307
f 364/180/28 577/176/307 6/183/30
f 364/180/28 503/179/308 6/183/30
f 364/180/28 502/174/306 577/176/307
f 5/177/24 502/174/306 577/176/307
f 364/180/28 5/177/24 502/174/306
f 364/180/28 5/177/24 577/176/307
f 467/181/237 57/178/230 578/182/309
f 467/181/237 503/179/308 57/178/230
f 503/179/308 57/178/230 578/182/309
f 467/181/237 503/179/308 578/182/309
f 467/528/237 504/537/310 58/532/236
f 467/528/237 578/538/309 58/532/236
f 467/528/237 504/537/310 578/538/309
f 504/537/310 578/538/309 58/532/236
f 504/537/310 578/538/309 7/544/36
f 367/545/34 504/537/310 578/538/309
f 367/545/34 578/538/309 7/544/36
f 367/545/34 504/537/310 7/544/36
f 367/184/34 503/179/308 578/182/309
f 503/179/308 578/182/309 6/183/30
f 367/184/34 503/179/308 6/183/30
f 367/184/34 578/182/309 6/183/30
f 470/536/243 579/543/311 58/532/236
f 470/536/243 504/537/310 58/532/236
f 504/537/310 579/543/311 58/532/236
f 470/536/243 504/537/310 579/543/311
f 470/536/243 505/550/312 59/542/242
f 470/536/243 579/543/311 59/542/242
f 470/536/243 505/550/312 579/543/311
f 505/550/312 579/543/311 59/542/242
f 505/550/312 579/543/311 8/557/42
f 370/551/40 505/550/312 579/543/311
f 370/551/40 579/543/311 8/557/42
f 370/551/40 505/550/312 8/557/42
f 370/551/40 504/537/310 579/543/311
f 504/537/310 579/543/311 7/544/36
f 370/551/40 504/537/310 7/544/36
f 370/551/40 579/543/311 7/544/36
f 473/549/249 580/556/313 59/542/242
f 473/549/249 505/550/312 59/542/242
f 505/550/312 580/556/313 59/542/242
f 473/549/249 505/550/312 580/556/313
f 473/549/249 506/562/314 60/555/248
f 473/549/249 580/556/313 60/555/248
f 473/549/249 506/562/314 580/556/313
f 506/562/314 580/556/313 60/555/248
f 506/562/314 580/556/313 9/569/48
f 373/563/46 506/562/314 580/556/313
f 373/563/46 580/556/313 9/569/48
f 373/563/46 506/562/314 9/569/48
f 373/563/46 505/550/312 580/556/313
f 505/550/312 580/556/313 8/557/42
f 373/563/46 505/550/312 8/557/42
f 373/563/46 580/556/313 8/557/42
f 476/561/255 581/568/315 60/555/248
f 476/561/255 506/562/314 60/555/248
f 506/562/314 581/568/315 60/555/248
f 476/561/255 506/562/314 581/568/315
f 476/561/255 507/574/316 61/567/254
f 476/561/255 581/568/315 61/567/254
f 476/561/255 507/574/316 581/568/315
f 507/574/316 581/568/315 61/567/254
f 10/581/54 507/574/316 581/568/315
f 376/575/52 507/574/316 581/568/315
f 10/581/54 376/575/52 581/568/315
f 10/581/54 376/575/52 507/574/316
f 376/575/52 506/562/314 581/568/315
f 506/562/314 581/568/315 9/569/48
f 376/575/52 506/562/314 9/569/48
f 376/575/52 581/568/315 9/569/48
f 479/573/261 582/580/317 61/567/254
f 479/573/261 507/574/316 61/567/254
f 507/574/316 582/580/317 61/567/254
f 479/573/261 507/574/316 582/580/317
f 479/573/261 508/586/318 62/579/260
f 479/573/261 582/580/317 62/579/260
f 479/573/261 508/586/318 582/580/317
f 508/586/318 582/580/317 62/579/260
f 11/593/60 508/586/318 582/580/317
f 379/587/58 508/586/318 582/580/317
f 11/593/60 379/587/58 582/580/317
f 11/593/60 379/587/58 508/586/318
f 379/587/58 507/574/316 582/580/317
f 10/581/54 507/574/316 582/580/317
f 10/581/54 379/587/58 507/574/316
f 10/581/54 379/587/58 582/580/317
f 482/585/267 583/592/319 62/579/260
f 482/585/267 508/586/318 62/579/260
f 508/586/318 583/592/319 62/579/260
f 482/585/267 508/586/318 583/592/319
f 482/585/267 509/598/320 63/591/266
f 482/585/267 583/592/319 63/591/266
f 482/585/267 509/598/320 583/592/319
f 509/598/320 583/592/319 63/591/266
f 12/605/66 509/598/320 583/592/319
f 382/599/64 509/598/320 583/592/319
f 12/605/66 382/599/64 583/592/319
f 12/605/66 382/599/64 509/598/320
f 382/599/64 508/586/318 583/592/319
f 11/593/60 508/586/318 583/592/319
f 11/593/60 382/599/64 508/586/318
f 11/593/60 382/599/64 583/592/319
f 485/597/273 584/604/321 63/591/266
f 485/597/273 509/598/320 63/591/266
f 509/598/320 584/604/321 63/591/266
f 485/597/273 509/598/320 584/604/321
f 485/597/273 510/610/322 64/603/272
f 485/597/273 584/604/321 64/603/272
f 485/597/273 510/610/322 584/604/321
f 510/610/322 584/604/321 64/603/272
f 13/617/72 510/610/322 584/604/321
f 385/611/70 510/610/322 584/604/321
f 13/617/72 385/611/70 584/604/321
f 13/617/72 385/611/70 510/610/322
f 385/611/70 509/598/320 584/604/321
f 12/605/66 509/598/320 584/604/321
f 12/605/66 385/611/70 509/598/320
f 12/605/66 385/611/70 584/604/321
f 488/609/279 585/616/323 64/603/272
f 488/609/279 510/610/322 64/603/272
f 510/610/322 585/616/323 64/603/272
f 488/609/279 510/610/322 585/616/323
f 488/609/279 511/622/324 65/615/278
f 488/609/279 585/616/323 65/615/278
f 488/609/279 511/622/324 585/616/323
f 511/622/324 585/616/323 65/615/278
f 14/629/78 511/622/324 585/616/323
f 388/623/76 511/622/324 585/616/323
f 14/629/78 388/623/76 585/616/323
f 14/629/78 388/623/76 511/622/324
f 388/623/76 510/610/322 585/616/323
f 13/617/72 510/610/322 585/616/323
f 13/617/72 388/623/76 510/610/322
f 13/617/72 388/623/76 585/616/323
f 491/621/285 586/628/325 65/615/278
f 491/621/285 511/622/324 65/615/278
f 511/622/324 586/628/325 65/615/278
f 491/621/285 511/622/324 586/628/325
f 491/621/285 512/634/326 66/627/284
f 491/621/285 586/628/325 66/627/284
f 491/621/285 512/634/326 586/628/325
f 512/634/326 586/628/325 66/627/284
f 15/641/84 512/634/326 586/628/325
f 391/635/82 512/634/326 586/628/325
f 15/641/84 391/635/82 586/628/325
f 15/641/84 391/635/82 512/634/326
f 391/635/82 511/622/324 586/628/325
f 14/629/78 511/622/324 586/628/325
f 14/629/78 391/635/82 511/622/324
f 14/629/78 391/635/82 586/628/325
f 494/633/291 587/640/327 66/627/284
f 494/633/291 512/634/326 66/627/284
f 512/634/326 587/640/327 66/627/284
f 494/633/291 512/634/326 587/640/327
f 494/633/291 513/646/328 67/639/290
f 494/633/291 587/640/327 67/639/290
f 494/633/291 513/646/328 587/640/327
f 513/646/328 587/640/327 67/639/290
f 16/653/90 513/646/328 587/640/327
f 394/647/88 513/646/328 587/640/327
f 16/653/90 394/647/88 587/640/327
f 16/653/90 394/647/88 513/646/328
f 394/647/88 512/634/326 587/640/327
f 15/641/84 512/634/326 587/640/327
f 15/641/84 394/647/88 512/634/326
f 15/641/84 394/647/88 587/640/327
f 497/645/297 588/652/329 67/639/290
f 497/645/297 513/646/328 67/639/290
f 513/646/328 588/652/329 67/639/290
f 497/645/297 513/646/328 588/652/329
f 497/645/297 514/654/330 68/651/296
f 497/645/297 588/652/329 68/651/296
f 497/645/297 514/654/330 588/652/329
f 514/654/330 588/652/329 68/651/296
f 17/656/96 514/654/330 588/652/329
f 397/655/94 514/654/330 588/652/329
f 17/656/96 397/655/94 588/652/329
f 17/656/96 397/655/94 514/654/330
f 397/655/94 513/646/328 588/652/329
f 16/653/90 513/646/328 588/652/329
f 16/653/90 397/655/94 513/646/328
f 16/653/90 397/655/94 588/652/329
f 17/346/96 514/350/330 589/347/331
f 17/346/96 398/343/97 514/350/330
f 17/346/96 398/343/97 589/347/331
f 398/343/97 514/350/330 589/347/331
f 496/644/295 514/654/330 68/651/296
f 514/654/330 589/649/331 68/651/296
f 496/644/295 514/654/330 589/649/331
f 496/644/295 589/649/331 68/651/296
f 165/643/294 496/644/295 589/649/331
f 496/644/295 515/650/332 589/649/331
f 165/643/294 515/650/332 589/649/331
f 165/643/294 496/644/295 515/650/332
f 398/343/97 515/348/332 589/347/331
f 166/344/98 398/343/97 589/347/331
f 166/344/98 398/343/97 515/348/332
f 166/344/98 515/348/332 589/347/331
f 499/128/299 52/113/207 590/114/333
f 452/100/202 499/128/299 52/113/207
f 452/100/202 52/113/207 590/114/333
f 452/100/202 499/128/299 590/114/333
f 1/658/1 354/659/4 499/657/299
f 1/658/1 499/657/299 590/660/333
f 354/659/4 499/657/299 590/660/333
f 1/658/1 354/659/4 590/660/333
f 148/130/9 354/129/4 590/114/333
f 354/129/4 516/115/334 590/114/333
f 148/130/9 516/115/334 590/114/333
f 148/130/9 354/129/4 516/115/334
f 452/100/202 516/115/334 590/114/333
f 149/87/199 452/100/202 590/114/333
f 149/87/199 452/100/202 516/115/334
f 149/87/199 516/115/334 590/114/333
f 517/814/336 591/815/337 70/813/335
f 517/814/336 520/816/338 70/813/335
f 520/816/338 591/815/337 70/813/335
f 517/814/336 520/816/338 591/815/337
f 517/185/336 518/187/340 69/186/339
f 517/185/336 591/188/337 69/186/339
f 517/185/336 518/187/340 591/188/337
f 518/187/340 591/188/337 69/186/339
f 133/663/341 518/662/340 591/661/337
f 518/662/340 519/664/342 591/661/337
f 133/663/341 519/664/342 591/661/337
f 133/663/341 518/662/340 519/664/342
f 519/664/342 520/669/338 591/661/337
f 134/670/343 520/669/338 591/661/337
f 134/670/343 519/664/342 520/669/338
f 134/670/343 519/664/342 591/661/337
f 521/819/345 592/820/346 71/822/344
f 521/819/345 523/823/347 71/822/344
f 523/823/347 592/820/346 71/822/344
f 521/819/345 523/823/347 592/820/346
f 520/816/338 521/819/345 70/813/335
f 521/819/345 592/820/346 70/813/335
f 520/816/338 521/819/345 592/820/346
f 520/816/338 592/820/346 70/813/335
f 134/670/343 520/669/338 592/677/346
f 520/669/338 522/678/348 592/677/346
f 134/670/343 522/678/348 592/677/346
f 134/670/343 520/669/338 522/678/348
f 522/678/348 523/683/347 592/677/346
f 135/684/349 523/683/347 592/677/346
f 135/684/349 522/678/348 523/683/347
f 135/684/349 522/678/348 592/677/346
f 524/825/351 593/826/352 72/828/350
f 178/829/353 524/825/351 72/828/350
f 178/829/353 593/826/352 72/828/350
f 178/829/353 524/825/351 593/826/352
f 523/823/347 524/825/351 71/822/344
f 524/825/351 593/826/352 71/822/344
f 523/823/347 524/825/351 593/826/352
f 523/823/347 593/826/352 71/822/344
f 135/684/349 523/683/347 593/690/352
f 177/691/354 523/683/347 593/690/352
f 135/684/349 177/691/354 593/690/352
f 135/684/349 177/691/354 523/683/347
f 177/691/354 178/695/353 593/690/352
f 136/696/355 178/695/353 593/690/352
f 136/696/355 177/691/354 178/695/353
f 136/696/355 177/691/354 593/690/352
f 179/831/357 594/832/358 73/834/356
f 179/831/357 181/835/359 73/834/356
f 181/835/359 594/832/358 73/834/356
f 179/831/357 181/835/359 594/832/358
f 178/829/353 179/831/357 72/828/350
f 179/831/357 594/832/358 72/828/350
f 178/829/353 179/831/357 594/832/358
f 178/829/353 594/832/358 72/828/350
f 136/696/355 178/695/353 594/699/358
f 178/695/353 180/700/360 594/699/358
f 136/696/355 180/700/360 594/699/358
f 136/696/355 178/695/353 180/700/360
f 180/700/360 181/703/359 594/699/358
f 103/704/361 181/703/359 594/699/358
f 103/704/361 180/700/360 181/703/359
f 103/704/361 180/700/360 594/699/358
f 182/837/363 595/838/364 74/840/362
f 182/837/363 184/841/365 74/840/362
f 184/841/365 595/838/364 74/840/362
f 182/837/363 184/841/365 595/838/364
f 181/835/359 182/837/363 73/834/356
f 182/837/363 595/838/364 73/834/356
f 181/835/359 182/837/363 595/838/364
f 181/835/359 595/838/364 73/834/356
f 103/704/361 181/703/359 595/707/364
f 181/703/359 183/708/366 595/707/364
f 103/704/361 183/708/366 595/707/364
f 103/704/361 181/703/359 183/708/366
f 183/708/366 184/711/365 595/707/364
f 104/712/367 184/711/365 595/707/364
f 104/712/367 183/708/366 184/711/365
f 104/712/367 183/708/366 595/707/364
f 185/843/369 596/844/370 75/846/368
f 185/843/369 187/847/371 75/846/368
f 187/847/371 596/844/370 75/846/368
f 185/843/369 187/847/371 596/844/370
f 184/841/365 185/843/369 74/840/362
f 185/843/369 596/844/370 74/840/362
f 184/841/365 185/843/369 596/844/370
f 184/841/365 596/844/370 74/840/362
f 104/712/367 184/711/365 596/715/370
f 184/711/365 186/716/372 596/715/370
f 104/712/367 186/716/372 596/715/370
f 104/712/367 184/711/365 186/716/372
f 186/716/372 187/719/371 596/715/370
f 105/720/373 187/719/371 596/715/370
f 105/720/373 186/716/372 187/719/371
f 105/720/373 186/716/372 596/715/370
f 188/849/375 597/850/376 76/852/374
f 188/849/375 190/853/377 76/852/374
f 190/853/377 597/850/376 76/852/374
f 188/849/375 190/853/377 597/850/376
f 187/1075/371 188/1073/375 75/1074/368
f 188/1073/375 597/1076/376 75/1074/368
f 187/1075/371 188/1073/375 597/1076/376
f 187/1075/371 597/1076/376 75/1074/368
f 105/720/373 187/719/371 597/723/376
f 187/719/371 189/724/378 597/723/376
f 105/720/373 189/724/378 597/723/376
f 105/720/373 187/719/371 189/724/378
f 189/1071/378 190/727/377 597/1070/376
f 106/1072/379 190/727/377 597/1070/376
f 106/1072/379 189/1071/378 190/727/377
f 106/1072/379 189/1071/378 597/1070/376
f 191/855/381 598/856/382 77/1069/380
f 191/855/381 193/859/383 77/1069/380
f 193/859/383 598/856/382 77/1069/380
f 191/855/381 193/859/383 598/856/382
f 190/1067/377 191/1065/381 76/1066/374
f 191/1065/381 598/1068/382 76/1066/374
f 190/1067/377 191/1065/381 598/1068/382
f 190/1067/377 598/1068/382 76/1066/374
f 106/1063/379 190/1062/377 598/731/382
f 190/1062/377 192/1064/384 598/731/382
f 106/1063/379 192/1064/384 598/731/382
f 106/1063/379 190/1062/377 192/1064/384
f 192/1060/384 193/735/383 598/1059/382
f 107/1061/385 193/735/383 598/1059/382
f 107/1061/385 192/1060/384 193/735/383
f 107/1061/385 192/1060/384 598/1059/382
f 194/861/387 599/862/388 78/864/386
f 194/861/387 196/865/389 78/864/386
f 196/865/389 599/862/388 78/864/386
f 194/861/387 196/865/389 599/862/388
f 193/1057/383 194/1055/387 77/1056/380
f 194/1055/387 599/1058/388 77/1056/380
f 193/1057/383 194/1055/387 599/1058/388
f 193/1057/383 599/1058/388 77/1056/380
f 107/1053/385 193/1052/383 599/739/388
f 193/1052/383 195/1054/390 599/739/388
f 107/1053/385 195/1054/390 599/739/388
f 107/1053/385 193/1052/383 195/1054/390
f 195/1050/390 196/1048/389 599/1049/388
f 108/1051/391 196/1048/389 599/1049/388
f 108/1051/391 195/1050/390 196/1048/389
f 108/1051/391 195/1050/390 599/1049/388
f 197/867/393 600/868/394 79/870/392
f 197/867/393 199/871/395 79/870/392
f 199/871/395 600/868/394 79/870/392
f 197/867/393 199/871/395 600/868/394
f 196/865/389 197/867/393 78/864/386
f 197/867/393 600/868/394 78/864/386
f 196/865/389 197/867/393 600/868/394
f 196/865/389 600/868/394 78/864/386
f 108/744/391 196/743/389 600/747/394
f 196/743/389 198/748/396 600/747/394
f 108/744/391 198/748/396 600/747/394
f 108/744/391 196/743/389 198/748/396
f 198/748/396 199/751/395 600/747/394
f 109/752/397 199/751/395 600/747/394
f 109/752/397 198/748/396 199/751/395
f 109/752/397 198/748/396 600/747/394
f 200/873/399 601/874/400 80/876/398
f 200/873/399 202/877/401 80/876/398
f 202/877/401 601/874/400 80/876/398
f 200/873/399 202/877/401 601/874/400
f 199/871/395 200/873/399 79/870/392
f 200/873/399 601/874/400 79/870/392
f 199/871/395 200/873/399 601/874/400
f 199/871/395 601/874/400 79/870/392
f 109/752/397 199/751/395 601/755/400
f 199/751/395 201/756/402 601/755/400
f 109/752/397 201/756/402 601/755/400
f 109/752/397 199/751/395 201/756/402
f 201/756/402 202/759/401 601/755/400
f 110/760/403 202/759/401 601/755/400
f 110/760/403 201/756/402 202/759/401
f 110/760/403 201/756/402 601/755/400
f 203/879/405 602/880/406 81/882/404
f 203/879/405 205/883/407 81/882/404
f 205/883/407 602/880/406 81/882/404
f 203/879/405 205/883/407 602/880/406
f 202/877/401 203/879/405 80/876/398
f 203/879/405 602/880/406 80/876/398
f 202/877/401 203/879/405 602/880/406
f 202/877/401 602/880/406 80/876/398
f 110/760/403 202/759/401 602/763/406
f 202/759/401 204/764/408 602/763/406
f 110/760/403 204/764/408 602/763/406
f 110/760/403 202/759/401 204/764/408
f 204/764/408 205/767/407 602/763/406
f 111/768/409 205/767/407 602/763/406
f 111/768/409 204/764/408 205/767/407
f 111/768/409 204/764/408 602/763/406
f 206/885/411 603/886/412 82/888/410
f 206/885/411 208/889/413 82/888/410
f 208/889/413 603/886/412 82/888/410
f 206/885/411 208/889/413 603/886/412
f 205/883/407 206/885/411 81/882/404
f 206/885/411 603/886/412 81/882/404
f 205/883/407 206/885/411 603/886/412
f 205/883/407 603/886/412 81/882/404
f 111/768/409 205/767/407 603/769/412
f 205/767/407 207/770/414 603/769/412
f 111/768/409 207/770/414 603/769/412
f 111/768/409 205/767/407 207/770/414
f 207/230/414 208/228/413 603/234/412
f 112/222/415 208/228/413 603/234/412
f 112/222/415 207/230/414 208/228/413
f 112/222/415 207/230/414 603/234/412
f 209/891/417 604/892/418 83/894/416
f 209/891/417 211/895/419 83/894/416
f 211/895/419 604/892/418 83/894/416
f 209/891/417 211/895/419 604/892/418
f 208/889/413 209/891/417 82/888/410
f 209/891/417 604/892/418 82/888/410
f 208/889/413 209/891/417 604/892/418
f 208/889/413 604/892/418 82/888/410
f 112/222/415 208/228/413 604/221/418
f 208/228/413 210/215/420 604/221/418
f 112/222/415 210/215/420 604/221/418
f 112/222/415 208/228/413 210/215/420
f 210/215/420 211/220/419 604/221/418
f 113/214/421 211/220/419 604/221/418
f 113/214/421 210/215/420 211/220/419
f 113/214/421 210/215/420 604/221/418
f 212/150/423 605/151/424 84/143/422
f 212/150/423 214/144/425 84/143/422
f 214/144/425 605/151/424 84/143/422
f 212/150/423 214/144/425 605/151/424
f 211/895/419 212/897/423 83/894/416
f 212/897/423 605/898/424 83/894/416
f 211/895/419 212/897/423 605/898/424
f 211/895/419 605/898/424 83/894/416
f 113/214/421 211/220/419 605/229/424
f 211/220/419 213/223/426 605/229/424
f 113/214/421 213/223/426 605/229/424
f 113/214/421 211/220/419 213/223/426
f 213/773/426 214/771/425 605/772/424
f 114/774/427 214/771/425 605/772/424
f 114/774/427 213/773/426 214/771/425
f 114/774/427 213/773/426 605/772/424
f 172/89/428 215/102/429 606/103/430
f 172/89/428 215/102/429 218/90/431
f 172/89/428 218/90/431 606/103/430
f 215/102/429 218/90/431 606/103/430
f 171/117/432 215/102/429 216/118/433
f 171/117/432 215/102/429 606/103/430
f 215/102/429 216/118/433 606/103/430
f 171/117/432 216/118/433 606/103/430
f 173/777/434 216/776/433 606/775/430
f 216/776/433 217/778/435 606/775/430
f 173/777/434 217/778/435 606/775/430
f 173/777/434 216/776/433 217/778/435
f 217/778/435 218/782/431 606/775/430
f 174/783/436 218/782/431 606/775/430
f 174/783/436 217/778/435 218/782/431
f 174/783/436 217/778/435 606/775/430
f 115/51/437 219/50/438 607/58/439
f 115/51/437 219/50/438 222/59/440
f 115/51/437 222/59/440 607/58/439
f 219/50/438 222/59/440 607/58/439
f 116/57/441 219/50/438 220/67/442
f 116/57/441 219/50/438 607/58/439
f 219/50/438 220/67/442 607/58/439
f 116/57/441 220/67/442 607/58/439
f 220/901/442 607/900/439 86/902/443
f 220/901/442 221/903/444 607/900/439
f 221/903/444 607/900/439 86/902/443
f 220/901/442 221/903/444 86/902/443
f 221/68/444 222/59/440 607/58/439
f 222/59/440 607/58/439 85/69/445
f 221/68/444 222/59/440 85/69/445
f 221/68/444 607/58/439 85/69/445
f 116/57/441 223/66/446 608/75/447
f 116/57/441 220/67/442 223/66/446
f 116/57/441 220/67/442 608/75/447
f 220/67/442 223/66/446 608/75/447
f 117/74/448 223/66/446 224/85/449
f 117/74/448 223/66/446 608/75/447
f 223/66/446 224/85/449 608/75/447
f 117/74/448 224/85/449 608/75/447
f 224/908/449 608/904/447 87/909/450
f 224/908/449 225/905/451 608/904/447
f 225/905/451 608/904/447 87/909/450
f 224/908/449 225/905/451 87/909/450
f 220/901/442 225/905/451 608/904/447
f 220/901/442 608/904/447 86/902/443
f 220/901/442 225/905/451 86/902/443
f 225/905/451 608/904/447 86/902/443
f 117/74/448 226/84/452 609/96/453
f 117/74/448 224/85/449 226/84/452
f 117/74/448 224/85/449 609/96/453
f 224/85/449 226/84/452 609/96/453
f 118/422/454 226/430/452 227/423/455
f 118/422/454 226/430/452 609/431/453
f 226/430/452 227/423/455 609/431/453
f 118/422/454 227/423/455 609/431/453
f 227/914/455 609/911/453 88/915/456
f 227/914/455 228/912/457 609/911/453
f 228/912/457 609/911/453 88/915/456
f 227/914/455 228/912/457 88/915/456
f 224/908/449 228/912/457 609/911/453
f 224/908/449 609/911/453 87/909/450
f 224/908/449 228/912/457 87/909/450
f 228/912/457 609/911/453 87/909/450
f 118/422/454 229/408/458 610/415/459
f 118/422/454 227/423/455 229/408/458
f 118/422/454 227/423/455 610/415/459
f 227/423/455 229/408/458 610/415/459
f 119/399/460 229/408/458 230/406/461
f 119/399/460 229/408/458 610/415/459
f 229/408/458 230/406/461 610/415/459
f 119/399/460 230/406/461 610/415/459
f 230/920/461 610/917/459 89/921/462
f 230/920/461 231/918/463 610/917/459
f 231/918/463 610/917/459 89/921/462
f 230/920/461 231/918/463 89/921/462
f 227/914/455 231/918/463 610/917/459
f 227/914/455 610/917/459 88/915/456
f 227/914/455 231/918/463 88/915/456
f 231/918/463 610/917/459 88/915/456
f 119/399/460 232/390/464 611/397/465
f 119/399/460 230/406/461 232/390/464
f 119/399/460 230/406/461 611/397/465
f 230/406/461 232/390/464 611/397/465
f 120/380/466 232/390/464 233/389/467
f 120/380/466 232/390/464 611/397/465
f 232/390/464 233/389/467 611/397/465
f 120/380/466 233/389/467 611/397/465
f 233/926/467 611/923/465 90/927/468
f 233/926/467 234/924/469 611/923/465
f 234/924/469 611/923/465 90/927/468
f 233/926/467 234/924/469 90/927/468
f 230/920/461 234/924/469 611/923/465
f 230/920/461 611/923/465 89/921/462
f 230/920/461 234/924/469 89/921/462
f 234/924/469 611/923/465 89/921/462
f 120/380/466 235/370/470 612/379/471
f 120/380/466 233/389/467 235/370/470
f 120/380/466 233/389/467 612/379/471
f 233/389/467 235/370/470 612/379/471
f 121/369/472 235/370/470 236/378/473
f 121/369/472 235/370/470 612/379/471
f 235/370/470 236/378/473 612/379/471
f 121/369/472 236/378/473 612/379/471
f 236/932/473 612/929/471 91/933/474
f 236/932/473 237/930/475 612/929/471
f 237/930/475 612/929/471 91/933/474
f 236/932/473 237/930/475 91/933/474
f 233/926/467 237/930/475 612/929/471
f 233/926/467 612/929/471 90/927/468
f 233/926/467 237/930/475 90/927/468
f 237/930/475 612/929/471 90/927/468
f 121/369/472 238/377/476 613/388/477
f 121/369/472 236/378/473 238/377/476
f 121/369/472 236/378/473 613/388/477
f 236/378/473 238/377/476 613/388/477
f 122/1046/478 238/1045/476 239/396/479
f 122/1046/478 238/1045/476 613/1047/477
f 238/1045/476 239/396/479 613/1047/477
f 122/1046/478 239/396/479 613/1047/477
f 239/938/479 613/1042/477 92/1043/480
f 239/938/479 240/1044/481 613/1042/477
f 240/1044/481 613/1042/477 92/1043/480
f 239/938/479 240/1044/481 92/1043/480
f 236/932/473 240/936/481 613/935/477
f 236/932/473 613/935/477 91/933/474
f 236/932/473 240/936/481 91/933/474
f 240/936/481 613/935/477 91/933/474
f 122/1039/478 241/1040/482 614/405/483
f 122/1039/478 239/1041/479 241/1040/482
f 122/1039/478 239/1041/479 614/405/483
f 239/1041/479 241/1040/482 614/405/483
f 123/1037/484 241/1036/482 242/414/485
f 123/1037/484 241/1036/482 614/1038/483
f 241/1036/482 242/414/485 614/1038/483
f 123/1037/484 242/414/485 614/1038/483
f 242/944/485 614/941/483 93/945/486
f 242/944/485 243/942/487 614/941/483
f 243/942/487 614/941/483 93/945/486
f 242/944/485 243/942/487 93/945/486
f 239/1032/479 243/1034/487 614/1033/483
f 239/1032/479 614/1033/483 92/1035/480
f 239/1032/479 243/1034/487 92/1035/480
f 243/1034/487 614/1033/483 92/1035/480
f 123/1028/484 244/1029/488 615/1030/489
f 123/1028/484 242/1031/485 244/1029/488
f 123/1028/484 242/1031/485 615/1030/489
f 242/1031/485 244/1029/488 615/1030/489
f 124/420/490 244/413/488 245/429/491
f 124/420/490 244/413/488 615/421/489
f 244/413/488 245/429/491 615/421/489
f 124/420/490 245/429/491 615/421/489
f 245/1026/491 615/947/489 94/1027/492
f 245/1026/491 246/948/493 615/947/489
f 246/948/493 615/947/489 94/1027/492
f 245/1026/491 246/948/493 94/1027/492
f 242/1022/485 246/1024/493 615/1023/489
f 242/1022/485 615/1023/489 93/1025/486
f 242/1022/485 246/1024/493 93/1025/486
f 246/1024/493 615/1023/489 93/1025/486
f 124/420/490 247/428/494 616/437/495
f 124/420/490 245/429/491 247/428/494
f 124/420/490 245/429/491 616/437/495
f 245/429/491 247/428/494 616/437/495
f 125/436/496 247/428/494 248/443/497
f 125/436/496 247/428/494 616/437/495
f 247/428/494 248/443/497 616/437/495
f 125/436/496 248/443/497 616/437/495
f 248/956/497 616/953/495 95/957/498
f 248/956/497 249/954/499 616/953/495
f 249/954/499 616/953/495 95/957/498
f 248/956/497 249/954/499 95/957/498
f 245/950/491 249/954/499 616/953/495
f 245/950/491 616/953/495 94/951/492
f 245/950/491 249/954/499 94/951/492
f 249/954/499 616/953/495 94/951/492
f 125/436/496 250/442/500 617/449/501
f 125/436/496 248/443/497 250/442/500
f 125/436/496 248/443/497 617/449/501
f 248/443/497 250/442/500 617/449/501
f 126/448/502 250/442/500 251/455/503
f 126/448/502 250/442/500 617/449/501
f 250/442/500 251/455/503 617/449/501
f 126/448/502 251/455/503 617/449/501
f 251/962/503 617/959/501 96/963/504
f 251/962/503 252/960/505 617/959/501
f 252/960/505 617/959/501 96/963/504
f 251/962/503 252/960/505 96/963/504
f 248/956/497 252/960/505 617/959/501
f 248/956/497 617/959/501 95/957/498
f 248/956/497 252/960/505 95/957/498
f 252/960/505 617/959/501 95/957/498
f 126/448/502 253/454/506 618/461/507
f 126/448/502 251/455/503 253/454/506
f 126/448/502 251/455/503 618/461/507
f 251/455/503 253/454/506 618/461/507
f 127/460/508 253/454/506 254/467/509
f 127/460/508 253/454/506 618/461/507
f 253/454/506 254/467/509 618/461/507
f 127/460/508 254/467/509 618/461/507
f 254/968/509 618/965/507 97/969/510
f 254/968/509 255/966/511 618/965/507
f 255/966/511 618/965/507 97/969/510
f 254/968/509 255/966/511 97/969/510
f 251/962/503 255/966/511 618/965/507
f 251/962/503 618/965/507 96/963/504
f 251/962/503 255/966/511 96/963/504
f 255/966/511 618/965/507 96/963/504
f 127/460/508 256/466/512 619/473/513
f 127/460/508 254/467/509 256/466/512
f 127/460/508 254/467/509 619/473/513
f 254/467/509 256/466/512 619/473/513
f 128/472/514 256/466/512 257/479/515
f 128/472/514 256/466/512 619/473/513
f 256/466/512 257/479/515 619/473/513
f 128/472/514 257/479/515 619/473/513
f 257/974/515 619/971/513 98/975/516
f 257/974/515 258/972/517 619/971/513
f 258/972/517 619/971/513 98/975/516
f 257/974/515 258/972/517 98/975/516
f 254/968/509 258/972/517 619/971/513
f 254/968/509 619/971/513 97/969/510
f 254/968/509 258/972/517 97/969/510
f 258/972/517 619/971/513 97/969/510
f 128/472/514 259/478/518 620/485/519
f 128/472/514 257/479/515 259/478/518
f 128/472/514 257/479/515 620/485/519
f 257/479/515 259/478/518 620/485/519
f 129/484/520 259/478/518 260/491/521
f 129/484/520 259/478/518 620/485/519
f 259/478/518 260/491/521 620/485/519
f 129/484/520 260/491/521 620/485/519
f 260/980/521 620/977/519 99/981/522
f 260/980/521 261/978/523 620/977/519
f 261/978/523 620/977/519 99/981/522
f 260/980/521 261/978/523 99/981/522
f 257/974/515 261/978/523 620/977/519
f 257/974/515 620/977/519 98/975/516
f 257/974/515 261/978/523 98/975/516
f 261/978/523 620/977/519 98/975/516
f 129/484/520 262/490/524 621/495/525
f 129/484/520 260/491/521 262/490/524
f 129/484/520 260/491/521 621/495/525
f 260/491/521 262/490/524 621/495/525
f 130/494/526 262/490/524 263/499/527
f 130/494/526 262/490/524 621/495/525
f 262/490/524 263/499/527 621/495/525
f 130/494/526 263/499/527 621/495/525
f 100/987/528 263/986/527 621/983/525
f 263/986/527 264/984/529 621/983/525
f 100/987/528 264/984/529 621/983/525
f 100/987/528 263/986/527 264/984/529
f 260/980/521 264/984/529 621/983/525
f 260/980/521 621/983/525 99/981/522
f 260/980/521 264/984/529 99/981/522
f 264/984/529 621/983/525 99/981/522
f 130/494/526 265/498/530 622/502/531
f 130/494/526 263/499/527 265/498/530
f 130/494/526 263/499/527 622/502/531
f 263/499/527 265/498/530 622/502/531
f 131/501/532 265/498/530 266/504/533
f 131/501/532 265/498/530 622/502/531
f 265/498/530 266/504/533 622/502/531
f 131/501/532 266/504/533 622/502/531
f 101/200/534 266/201/533 622/205/531
f 266/201/533 267/206/535 622/205/531
f 101/200/534 267/206/535 622/205/531
f 101/200/534 266/201/533 267/206/535
f 263/986/527 267/990/535 622/989/531
f 100/987/528 263/986/527 622/989/531
f 100/987/528 263/986/527 267/990/535
f 100/987/528 267/990/535 622/989/531
f 102/194/536 268/197/537 623/198/538
f 102/194/536 268/197/537 270/195/539
f 102/194/536 270/195/539 623/198/538
f 268/197/537 270/195/539 623/198/538
f 101/200/534 266/201/533 268/197/537
f 101/200/534 268/197/537 623/198/538
f 266/201/533 268/197/537 623/198/538
f 101/200/534 266/201/533 623/198/538
f 131/501/532 266/504/533 623/503/538
f 266/504/533 269/500/540 623/503/538
f 131/501/532 269/500/540 623/503/538
f 131/501/532 266/504/533 269/500/540
f 269/202/540 270/195/539 623/198/538
f 132/203/541 270/195/539 623/198/538
f 132/203/541 269/202/540 270/195/539
f 132/203/541 269/202/540 623/198/538
f 271/191/542 624/192/543 69/186/339
f 271/191/542 518/187/340 69/186/339
f 518/187/340 624/192/543 69/186/339
f 271/191/542 518/187/340 624/192/543
f 102/194/536 270/195/539 271/191/542
f 102/194/536 271/191/542 624/192/543
f 270/195/539 271/191/542 624/192/543
f 102/194/536 270/195/539 624/192/543
f 132/672/541 270/671/539 624/665/543
f 270/671/539 272/666/544 624/665/543
f 132/672/541 272/666/544 624/665/543
f 132/672/541 270/671/539 272/666/544
f 272/666/544 518/662/340 624/665/543
f 133/663/341 518/662/340 624/665/543
f 133/663/341 272/666/544 518/662/340
f 133/663/341 272/666/544 624/665/543
f 104/712/367 183/708/366 625/710/545
f 104/712/367 183/708/366 274/714/546
f 104/712/367 274/714/546 625/710/545
f 183/708/366 274/714/546 625/710/545
f 103/704/361 183/708/366 273/706/547
f 103/704/361 183/708/366 625/710/545
f 183/708/366 273/706/547 625/710/545
f 103/704/361 273/706/547 625/710/545
f 273/706/547 29/709/165 625/710/545
f 273/706/547 431/713/163 625/710/545
f 29/709/165 431/713/163 625/710/545
f 273/706/547 29/709/165 431/713/163
f 274/714/546 431/713/163 625/710/545
f 274/714/546 28/717/159 625/710/545
f 274/714/546 28/717/159 431/713/163
f 28/717/159 431/713/163 625/710/545
f 105/720/373 186/716/372 626/718/548
f 105/720/373 186/716/372 275/722/549
f 105/720/373 275/722/549 626/718/548
f 186/716/372 275/722/549 626/718/548
f 104/712/367 186/716/372 274/714/546
f 104/712/367 186/716/372 626/718/548
f 186/716/372 274/714/546 626/718/548
f 104/712/367 274/714/546 626/718/548
f 274/714/546 28/717/159 626/718/548
f 274/714/546 428/721/157 626/718/548
f 28/717/159 428/721/157 626/718/548
f 274/714/546 28/717/159 428/721/157
f 275/722/549 428/721/157 626/718/548
f 27/725/153 275/722/549 626/718/548
f 27/725/153 275/722/549 428/721/157
f 27/725/153 428/721/157 626/718/548
f 106/728/379 189/724/378 627/726/550
f 106/728/379 189/724/378 276/730/551
f 106/728/379 276/730/551 627/726/550
f 189/724/378 276/730/551 627/726/550
f 105/720/373 189/724/378 275/722/549
f 105/720/373 189/724/378 627/726/550
f 189/724/378 275/722/549 627/726/550
f 105/720/373 275/722/549 627/726/550
f 27/725/153 275/722/549 627/726/550
f 275/722/549 425/729/151 627/726/550
f 27/725/153 425/729/151 627/726/550
f 27/725/153 275/722/549 425/729/151
f 276/730/551 425/729/151 627/726/550
f 26/733/147 276/730/551 627/726/550
f 26/733/147 276/730/551 425/729/151
f 26/733/147 425/729/151 627/726/550
f 107/736/385 192/732/384 628/734/552
f 107/736/385 192/732/384 277/738/553
f 107/736/385 277/738/553 628/734/552
f 192/732/384 277/738/553 628/734/552
f 106/728/379 192/732/384 276/730/551
f 106/728/379 192/732/384 628/734/552
f 192/732/384 276/730/551 628/734/552
f 106/728/379 276/730/551 628/734/552
f 26/733/147 276/730/551 628/734/552
f 276/730/551 422/737/145 628/734/552
f 26/733/147 422/737/145 628/734/552
f 26/733/147 276/730/551 422/737/145
f 277/738/553 422/737/145 628/734/552
f 25/741/141 277/738/553 628/734/552
f 25/741/141 277/738/553 422/737/145
f 25/741/141 422/737/145 628/734/552
f 108/744/391 195/740/390 629/742/554
f 108/744/391 195/740/390 278/746/555
f 108/744/391 278/746/555 629/742/554
f 195/740/390 278/746/555 629/742/554
f 107/736/385 195/740/390 277/738/553
f 107/736/385 195/740/390 629/742/554
f 195/740/390 277/738/553 629/742/554
f 107/736/385 277/738/553 629/742/554
f 25/741/141 277/738/553 629/742/554
f 277/738/553 419/745/139 629/742/554
f 25/741/141 419/745/139 629/742/554
f 25/741/141 277/738/553 419/745/139
f 278/746/555 419/745/139 629/742/554
f 24/749/135 278/746/555 629/742/554
f 24/749/135 278/746/555 419/745/139
f 24/749/135 419/745/139 629/742/554
f 109/752/397 198/748/396 630/750/556
f 109/752/397 198/748/396 279/754/557
f 109/752/397 279/754/557 630/750/556
f 198/748/396 279/754/557 630/750/556
f 108/744/391 198/748/396 278/746/555
f 108/744/391 198/748/396 630/750/556
f 198/748/396 278/746/555 630/750/556
f 108/744/391 278/746/555 630/750/556
f 24/749/135 278/746/555 630/750/556
f 278/746/555 416/753/133 630/750/556
f 24/749/135 416/753/133 630/750/556
f 24/749/135 278/746/555 416/753/133
f 279/754/557 416/753/133 630/750/556
f 23/757/129 279/754/557 630/750/556
f 23/757/129 279/754/557 416/753/133
f 23/757/129 416/753/133 630/750/556
f 110/760/403 201/756/402 631/758/558
f 110/760/403 201/756/402 280/762/559
f 110/760/403 280/762/559 631/758/558
f 201/756/402 280/762/559 631/758/558
f 109/752/397 201/756/402 279/754/557
f 109/752/397 201/756/402 631/758/558
f 201/756/402 279/754/557 631/758/558
f 109/752/397 279/754/557 631/758/558
f 23/757/129 279/754/557 631/758/558
f 279/754/557 413/761/127 631/758/558
f 23/757/129 413/761/127 631/758/558
f 23/757/129 279/754/557 413/761/127
f 280/762/559 413/761/127 631/758/558
f 22/765/123 280/762/559 631/758/558
f 22/765/123 280/762/559 413/761/127
f 22/765/123 413/761/127 631/758/558
f 111/235/409 204/238/408 632/236/560
f 111/235/409 204/238/408 281/232/561
f 111/235/409 281/232/561 632/236/560
f 204/238/408 281/232/561 632/236/560
f 110/760/403 204/764/408 280/762/559
f 110/760/403 204/764/408 632/766/560
f 204/764/408 280/762/559 632/766/560
f 110/760/403 280/762/559 632/766/560
f 22/240/123 280/239/559 632/236/560
f 280/239/559 410/237/121 632/236/560
f 22/240/123 410/237/121 632/236/560
f 22/240/123 280/239/559 410/237/121
f 281/232/561 410/237/121 632/236/560
f 21/233/117 281/232/561 632/236/560
f 21/233/117 281/232/561 410/237/121
f 21/233/117 410/237/121 632/236/560
f 112/222/415 207/230/414 633/224/562
f 112/222/415 207/230/414 282/216/563
f 112/222/415 282/216/563 633/224/562
f 207/230/414 282/216/563 633/224/562
f 111/235/409 207/230/414 281/232/561
f 111/235/409 207/230/414 633/224/562
f 207/230/414 281/232/561 633/224/562
f 111/235/409 281/232/561 633/224/562
f 21/233/117 281/232/561 633/224/562
f 281/232/561 407/225/115 633/224/562
f 21/233/117 407/225/115 633/224/562
f 21/233/117 281/232/561 407/225/115
f 282/216/563 407/225/115 633/224/562
f 20/217/111 282/216/563 633/224/562
f 20/217/111 282/216/563 407/225/115
f 20/217/111 407/225/115 633/224/562
f 113/214/421 210/215/420 634/211/564
f 113/214/421 210/215/420 283/210/565
f 113/214/421 283/210/565 634/211/564
f 210/215/420 283/210/565 634/211/564
f 112/222/415 210/215/420 282/216/563
f 112/222/415 210/215/420 634/211/564
f 210/215/420 282/216/563 634/211/564
f 112/222/415 282/216/563 634/211/564
f 20/217/111 282/216/563 634/211/564
f 282/216/563 404/212/109 634/211/564
f 20/217/111 404/212/109 634/211/564
f 20/217/111 282/216/563 404/212/109
f 283/210/565 404/212/109 634/211/564
f 19/213/104 283/210/565 634/211/564
f 19/213/104 283/210/565 404/212/109
f 19/213/104 404/212/109 634/211/564
f 114/231/427 213/223/426 635/218/566
f 114/231/427 213/223/426 284/226/567
f 114/231/427 284/226/567 635/218/566
f 213/223/426 284/226/567 635/218/566
f 113/214/421 213/223/426 283/210/565
f 113/214/421 213/223/426 635/218/566
f 213/223/426 283/210/565 635/218/566
f 113/214/421 283/210/565 635/218/566
f 19/213/104 283/210/565 635/218/566
f 283/210/565 400/219/101 635/218/566
f 19/213/104 400/219/101 635/218/566
f 19/213/104 283/210/565 400/219/101
f 284/226/567 400/219/101 635/218/566
f 18/227/100 284/226/567 635/218/566
f 18/227/100 284/226/567 400/219/101
f 18/227/100 400/219/101 635/218/566
f 115/51/437 285/52/568 636/45/569
f 115/51/437 285/52/568 286/44/570
f 115/51/437 286/44/570 636/45/569
f 285/52/568 286/44/570 636/45/569
f 114/60/427 284/61/567 285/52/568
f 114/60/427 285/52/568 636/45/569
f 284/61/567 285/52/568 636/45/569
f 114/60/427 284/61/567 636/45/569
f 18/792/100 284/791/567 636/790/569
f 284/791/567 403/793/103 636/790/569
f 18/792/100 403/793/103 636/790/569
f 18/792/100 284/791/567 403/793/103
f 286/44/570 403/35/103 636/45/569
f 286/44/570 35/39/108 636/45/569
f 286/44/570 35/39/108 403/35/103
f 35/39/108 403/35/103 636/45/569
f 35/39/108 402/38/107 637/43/571
f 286/44/570 35/39/108 402/38/107
f 286/44/570 35/39/108 637/43/571
f 286/44/570 402/38/107 637/43/571
f 287/49/572 36/42/106 402/38/107
f 36/42/106 402/38/107 637/43/571
f 287/49/572 402/38/107 637/43/571
f 287/49/572 36/42/106 637/43/571
f 116/57/441 287/49/572 637/43/571
f 219/50/438 287/49/572 637/43/571
f 116/57/441 219/50/438 637/43/571
f 116/57/441 219/50/438 287/49/572
f 219/50/438 286/44/570 637/43/571
f 115/51/437 286/44/570 637/43/571
f 115/51/437 219/50/438 286/44/570
f 115/51/437 219/50/438 637/43/571
f 36/42/106 406/48/114 638/56/573
f 287/49/572 36/42/106 406/48/114
f 287/49/572 36/42/106 638/56/573
f 287/49/572 406/48/114 638/56/573
f 288/65/574 37/55/113 406/48/114
f 37/55/113 406/48/114 638/56/573
f 288/65/574 406/48/114 638/56/573
f 288/65/574 37/55/113 638/56/573
f 117/74/448 288/65/574 638/56/573
f 223/66/446 288/65/574 638/56/573
f 117/74/448 223/66/446 638/56/573
f 117/74/448 223/66/446 288/65/574
f 223/66/446 287/49/572 638/56/573
f 116/57/441 287/49/572 638/56/573
f 116/57/441 223/66/446 287/49/572
f 116/57/441 223/66/446 638/56/573
f 37/55/113 409/64/120 639/73/575
f 288/65/574 37/55/113 409/64/120
f 288/65/574 37/55/113 639/73/575
f 288/65/574 409/64/120 639/73/575
f 289/83/576 38/72/119 409/64/120
f 38/72/119 409/64/120 639/73/575
f 289/83/576 409/64/120 639/73/575
f 289/83/576 38/72/119 639/73/575
f 118/95/454 289/83/576 639/73/575
f 226/84/452 289/83/576 639/73/575
f 118/95/454 226/84/452 639/73/575
f 118/95/454 226/84/452 289/83/576
f 226/84/452 288/65/574 639/73/575
f 117/74/448 288/65/574 639/73/575
f 117/74/448 226/84/452 288/65/574
f 117/74/448 226/84/452 639/73/575
f 38/72/119 412/82/126 640/94/577
f 289/83/576 38/72/119 412/82/126
f 289/83/576 38/72/119 640/94/577
f 289/83/576 412/82/126 640/94/577
f 290/107/578 39/93/125 412/82/126
f 39/93/125 412/82/126 640/94/577
f 290/107/578 412/82/126 640/94/577
f 290/107/578 39/93/125 640/94/577
f 119/399/460 290/398/578 640/407/577
f 229/408/458 290/398/578 640/407/577
f 119/399/460 229/408/458 640/407/577
f 119/399/460 229/408/458 290/398/578
f 229/108/458 289/83/576 640/94/577
f 118/95/454 289/83/576 640/94/577
f 118/95/454 229/108/458 289/83/576
f 118/95/454 229/108/458 640/94/577
f 39/93/125 415/106/132 641/122/579
f 290/107/578 39/93/125 415/106/132
f 290/107/578 39/93/125 641/122/579
f 290/107/578 415/106/132 641/122/579
f 291/372/580 40/371/131 415/381/132
f 40/371/131 415/381/132 641/382/579
f 291/372/580 415/381/132 641/382/579
f 291/372/580 40/371/131 641/382/579
f 120/380/466 291/372/580 641/382/579
f 232/390/464 291/372/580 641/382/579
f 120/380/466 232/390/464 641/382/579
f 120/380/466 232/390/464 291/372/580
f 232/390/464 290/398/578 641/382/579
f 119/399/460 290/398/578 641/382/579
f 119/399/460 232/390/464 290/398/578
f 119/399/460 232/390/464 641/382/579
f 40/371/131 418/359/138 642/364/581
f 291/372/580 40/371/131 418/359/138
f 291/372/580 40/371/131 642/364/581
f 291/372/580 418/359/138 642/364/581
f 292/363/582 41/358/137 418/359/138
f 41/358/137 418/359/138 642/364/581
f 292/363/582 418/359/138 642/364/581
f 292/363/582 41/358/137 642/364/581
f 121/369/472 292/363/582 642/364/581
f 235/370/470 292/363/582 642/364/581
f 121/369/472 235/370/470 642/364/581
f 121/369/472 235/370/470 292/363/582
f 235/370/470 291/372/580 642/364/581
f 120/380/466 291/372/580 642/364/581
f 120/380/466 235/370/470 291/372/580
f 120/380/466 235/370/470 642/364/581
f 41/358/137 421/362/144 643/368/583
f 292/363/582 41/358/137 421/362/144
f 292/363/582 41/358/137 643/368/583
f 292/363/582 421/362/144 643/368/583
f 293/376/584 42/367/143 421/362/144
f 42/367/143 421/362/144 643/368/583
f 293/376/584 421/362/144 643/368/583
f 293/376/584 42/367/143 643/368/583
f 122/387/478 293/376/584 643/368/583
f 238/377/476 293/376/584 643/368/583
f 122/387/478 238/377/476 643/368/583
f 122/387/478 238/377/476 293/376/584
f 238/377/476 292/363/582 643/368/583
f 121/369/472 292/363/582 643/368/583
f 121/369/472 238/377/476 292/363/582
f 121/369/472 238/377/476 643/368/583
f 42/367/143 424/375/150 644/386/585
f 293/376/584 42/367/143 424/375/150
f 293/376/584 42/367/143 644/386/585
f 293/376/584 424/375/150 644/386/585
f 294/394/586 424/375/150 43/385/149
f 424/375/150 43/385/149 644/386/585
f 294/394/586 424/375/150 644/386/585
f 294/394/586 43/385/149 644/386/585
f 123/404/484 294/394/586 644/386/585
f 241/395/482 294/394/586 644/386/585
f 123/404/484 241/395/482 644/386/585
f 123/404/484 241/395/482 294/394/586
f 241/395/482 293/376/584 644/386/585
f 122/387/478 293/376/584 644/386/585
f 122/387/478 241/395/482 293/376/584
f 122/387/478 241/395/482 644/386/585
f 427/393/156 43/385/149 645/403/587
f 294/394/586 427/393/156 43/385/149
f 294/394/586 43/385/149 645/403/587
f 294/394/586 427/393/156 645/403/587
f 295/412/588 427/393/156 44/402/155
f 427/393/156 44/402/155 645/403/587
f 295/412/588 427/393/156 645/403/587
f 295/412/588 44/402/155 645/403/587
f 124/420/490 295/412/588 645/403/587
f 244/413/488 295/412/588 645/403/587
f 124/420/490 244/413/488 645/403/587
f 124/420/490 244/413/488 295/412/588
f 244/413/488 294/394/586 645/403/587
f 123/404/484 294/394/586 645/403/587
f 123/404/484 244/413/488 294/394/586
f 123/404/484 244/413/488 645/403/587
f 430/411/162 44/402/155 646/419/589
f 295/412/588 430/411/162 44/402/155
f 295/412/588 44/402/155 646/419/589
f 295/412/588 430/411/162 646/419/589
f 296/427/590 430/411/162 45/418/161
f 430/411/162 45/418/161 646/419/589
f 296/427/590 430/411/162 646/419/589
f 296/427/590 45/418/161 646/419/589
f 125/436/496 296/427/590 646/419/589
f 247/428/494 296/427/590 646/419/589
f 125/436/496 247/428/494 646/419/589
f 125/436/496 247/428/494 296/427/590
f 247/428/494 295/412/588 646/419/589
f 124/420/490 295/412/588 646/419/589
f 124/420/490 247/428/494 295/412/588
f 124/420/490 247/428/494 646/419/589
f 433/426/168 45/418/161 647/435/591
f 296/427/590 433/426/168 45/418/161
f 296/427/590 45/418/161 647/435/591
f 296/427/590 433/426/168 647/435/591
f 297/441/592 433/426/168 46/434/167
f 433/426/168 46/434/167 647/435/591
f 297/441/592 433/426/168 647/435/591
f 297/441/592 46/434/167 647/435/591
f 126/448/502 297/441/592 647/435/591
f 250/442/500 297/441/592 647/435/591
f 126/448/502 250/442/500 647/435/591
f 126/448/502 250/442/500 297/441/592
f 250/442/500 296/427/590 647/435/591
f 125/436/496 296/427/590 647/435/591
f 125/436/496 250/442/500 296/427/590
f 125/436/496 250/442/500 647/435/591
f 436/440/174 46/434/167 648/447/593
f 297/441/592 436/440/174 46/434/167
f 297/441/592 46/434/167 648/447/593
f 297/441/592 436/440/174 648/447/593
f 298/453/594 436/440/174 47/446/173
f 436/440/174 47/446/173 648/447/593
f 298/453/594 436/440/174 648/447/593
f 298/453/594 47/446/173 648/447/593
f 127/460/508 298/453/594 648/447/593
f 253/454/506 298/453/594 648/447/593
f 127/460/508 253/454/506 648/447/593
f 127/460/508 253/454/506 298/453/594
f 253/454/506 297/441/592 648/447/593
f 126/448/502 297/441/592 648/447/593
f 126/448/502 253/454/506 297/441/592
f 126/448/502 253/454/506 648/447/593
f 439/452/180 47/446/173 649/459/595
f 298/453/594 439/452/180 47/446/173
f 298/453/594 47/446/173 649/459/595
f 298/453/594 439/452/180 649/459/595
f 299/465/596 439/452/180 48/458/179
f 439/452/180 48/458/179 649/459/595
f 299/465/596 439/452/180 649/459/595
f 299/465/596 48/458/179 649/459/595
f 128/472/514 299/465/596 649/459/595
f 256/466/512 299/465/596 649/459/595
f 128/472/514 256/466/512 649/459/595
f 128/472/514 256/466/512 299/465/596
f 256/466/512 298/453/594 649/459/595
f 127/460/508 298/453/594 649/459/595
f 127/460/508 256/466/512 298/453/594
f 127/460/508 256/466/512 649/459/595
f 442/464/186 48/458/179 650/471/597
f 299/465/596 442/464/186 48/458/179
f 299/465/596 48/458/179 650/471/597
f 299/465/596 442/464/186 650/471/597
f 300/477/598 442/464/186 49/470/185
f 442/464/186 49/470/185 650/471/597
f 300/477/598 442/464/186 650/471/597
f 300/477/598 49/470/185 650/471/597
f 129/484/520 300/477/598 650/471/597
f 259/478/518 300/477/598 650/471/597
f 129/484/520 259/478/518 650/471/597
f 129/484/520 259/478/518 300/477/598
f 259/478/518 299/465/596 650/471/597
f 128/472/514 299/465/596 650/471/597
f 128/472/514 259/478/518 299/465/596
f 128/472/514 259/478/518 650/471/597
f 445/476/192 49/470/185 651/483/599
f 300/477/598 445/476/192 49/470/185
f 300/477/598 49/470/185 651/483/599
f 300/477/598 445/476/192 651/483/599
f 301/489/600 445/476/192 50/482/191
f 445/476/192 50/482/191 651/483/599
f 301/489/600 445/476/192 651/483/599
f 301/489/600 50/482/191 651/483/599
f 130/494/526 301/489/600 651/483/599
f 262/490/524 301/489/600 651/483/599
f 130/494/526 262/490/524 651/483/599
f 130/494/526 262/490/524 301/489/600
f 262/490/524 300/477/598 651/483/599
f 129/484/520 300/477/598 651/483/599
f 129/484/520 262/490/524 300/477/598
f 129/484/520 262/490/524 651/483/599
f 448/488/198 50/482/191 652/493/601
f 301/489/600 448/488/198 50/482/191
f 301/489/600 50/482/191 652/493/601
f 301/489/600 448/488/198 652/493/601
f 302/497/602 448/488/198 51/492/197
f 448/488/198 51/492/197 652/493/601
f 302/497/602 448/488/198 652/493/601
f 302/497/602 51/492/197 652/493/601
f 131/501/532 302/497/602 652/493/601
f 265/498/530 302/497/602 652/493/601
f 131/501/532 265/498/530 652/493/601
f 131/501/532 265/498/530 302/497/602
f 265/498/530 301/489/600 652/493/601
f 130/494/526 301/489/600 652/493/601
f 130/494/526 265/498/530 301/489/600
f 130/494/526 265/498/530 652/493/601
f 132/672/541 269/685/540 653/686/603
f 132/672/541 269/685/540 303/679/604
f 132/672/541 303/679/604 653/686/603
f 269/685/540 303/679/604 653/686/603
f 131/501/532 269/500/540 302/497/602
f 131/501/532 269/500/540 653/496/603
f 269/500/540 302/497/602 653/496/603
f 131/501/532 302/497/602 653/496/603
f 302/497/602 51/492/197 653/496/603
f 302/497/602 447/487/196 653/496/603
f 447/487/196 51/492/197 653/496/603
f 302/497/602 447/487/196 51/492/197
f 303/679/604 447/692/196 653/686/603
f 303/679/604 34/687/195 653/686/603
f 303/679/604 34/687/195 447/692/196
f 34/687/195 447/692/196 653/686/603
f 133/663/341 272/666/544 654/673/605
f 133/663/341 272/666/544 304/667/606
f 133/663/341 304/667/606 654/673/605
f 272/666/544 304/667/606 654/673/605
f 132/672/541 272/666/544 303/679/604
f 132/672/541 272/666/544 654/673/605
f 272/666/544 303/679/604 654/673/605
f 132/672/541 303/679/604 654/673/605
f 303/679/604 34/687/195 654/673/605
f 303/679/604 446/680/193 654/673/605
f 34/687/195 446/680/193 654/673/605
f 303/679/604 34/687/195 446/680/193
f 304/667/606 446/680/193 654/673/605
f 304/667/606 33/674/189 654/673/605
f 304/667/606 33/674/189 446/680/193
f 33/674/189 446/680/193 654/673/605
f 134/670/343 519/664/342 655/668/607
f 134/670/343 305/676/608 519/664/342
f 134/670/343 305/676/608 655/668/607
f 305/676/608 519/664/342 655/668/607
f 133/663/341 304/667/606 519/664/342
f 133/663/341 519/664/342 655/668/607
f 304/667/606 519/664/342 655/668/607
f 133/663/341 304/667/606 655/668/607
f 304/667/606 33/674/189 655/668/607
f 304/667/606 443/675/187 655/668/607
f 33/674/189 443/675/187 655/668/607
f 304/667/606 33/674/189 443/675/187
f 305/676/608 443/675/187 655/668/607
f 305/676/608 32/681/183 655/668/607
f 305/676/608 32/681/183 443/675/187
f 32/681/183 443/675/187 655/668/607
f 135/684/349 522/678/348 656/682/609
f 135/684/349 306/689/610 522/678/348
f 135/684/349 306/689/610 656/682/609
f 306/689/610 522/678/348 656/682/609
f 134/670/343 305/676/608 522/678/348
f 134/670/343 522/678/348 656/682/609
f 305/676/608 522/678/348 656/682/609
f 134/670/343 305/676/608 656/682/609
f 305/676/608 32/681/183 656/682/609
f 305/676/608 440/688/181 656/682/609
f 32/681/183 440/688/181 656/682/609
f 305/676/608 32/681/183 440/688/181
f 306/689/610 440/688/181 656/682/609
f 306/689/610 31/693/177 656/682/609
f 306/689/610 31/693/177 440/688/181
f 31/693/177 440/688/181 656/682/609
f 136/696/355 177/691/354 657/694/611
f 136/696/355 177/691/354 307/698/612
f 136/696/355 307/698/612 657/694/611
f 177/691/354 307/698/612 657/694/611
f 135/684/349 177/691/354 306/689/610
f 135/684/349 177/691/354 657/694/611
f 177/691/354 306/689/610 657/694/611
f 135/684/349 306/689/610 657/694/611
f 306/689/610 31/693/177 657/694/611
f 306/689/610 437/697/175 657/694/611
f 31/693/177 437/697/175 657/694/611
f 306/689/610 31/693/177 437/697/175
f 307/698/612 437/697/175 657/694/611
f 30/701/171 307/698/612 657/694/611
f 30/701/171 307/698/612 437/697/175
f 30/701/171 437/697/175 657/694/611
f 103/704/361 180/700/360 658/702/613
f 103/704/361 180/700/360 273/706/547
f 103/704/361 273/706/547 658/702/613
f 180/700/360 273/706/547 658/702/613
f 136/696/355 180/700/360 307/698/612
f 136/696/355 180/700/360 658/702/613
f 180/700/360 307/698/612 658/702/613
f 136/696/355 307/698/612 658/702/613
f 30/701/171 307/698/612 658/702/613
f 307/698/612 434/705/169 658/702/613
f 30/701/171 434/705/169 658/702/613
f 30/701/171 307/698/612 434/705/169
f 273/706/547 434/705/169 658/702/613
f 273/706/547 29/709/165 658/702/613
f 273/706/547 29/709/165 434/705/169
f 29/709/165 434/705/169 658/702/613
f 138/296/62 384/300/69 659/305/614
f 138/296/62 309/301/615 384/300/69
f 138/296/62 309/301/615 659/305/614
f 309/301/615 384/300/69 659/305/614
f 137/304/68 308/309/616 384/300/69
f 137/304/68 384/300/69 659/305/614
f 308/309/616 384/300/69 659/305/614
f 137/304/68 308/309/616 659/305/614
f 308/836/616 659/839/614 73/834/356
f 182/837/363 308/836/616 659/839/614
f 182/837/363 659/839/614 73/834/356
f 182/837/363 308/836/616 73/834/356
f 182/837/363 309/842/615 659/839/614
f 309/842/615 659/839/614 74/840/362
f 182/837/363 309/842/615 74/840/362
f 182/837/363 659/839/614 74/840/362
f 139/288/56 381/292/63 660/297/617
f 139/288/56 310/293/618 381/292/63
f 139/288/56 310/293/618 660/297/617
f 310/293/618 381/292/63 660/297/617
f 138/296/62 309/301/615 381/292/63
f 138/296/62 381/292/63 660/297/617
f 309/301/615 381/292/63 660/297/617
f 138/296/62 309/301/615 660/297/617
f 309/842/615 660/845/617 74/840/362
f 185/843/369 309/842/615 660/845/617
f 185/843/369 660/845/617 74/840/362
f 185/843/369 309/842/615 74/840/362
f 185/843/369 310/848/618 660/845/617
f 310/848/618 660/845/617 75/846/368
f 185/843/369 310/848/618 75/846/368
f 185/843/369 660/845/617 75/846/368
f 140/280/50 378/284/57 661/289/619
f 140/280/50 311/285/620 378/284/57
f 140/280/50 311/285/620 661/289/619
f 311/285/620 378/284/57 661/289/619
f 139/288/56 310/293/618 378/284/57
f 139/288/56 378/284/57 661/289/619
f 310/293/618 378/284/57 661/289/619
f 139/288/56 310/293/618 661/289/619
f 310/1019/618 661/851/619 75/1020/368
f 188/1021/375 310/1019/618 661/851/619
f 188/1021/375 661/851/619 75/1020/368
f 188/1021/375 310/1019/618 75/1020/368
f 188/1017/375 311/854/620 661/1016/619
f 311/854/620 661/1016/619 76/1018/374
f 188/1017/375 311/854/620 76/1018/374
f 188/1017/375 661/1016/619 76/1018/374
f 141/272/44 375/276/51 662/281/621
f 141/272/44 312/277/622 375/276/51
f 141/272/44 312/277/622 662/281/621
f 312/277/622 375/276/51 662/281/621
f 140/280/50 311/285/620 375/276/51
f 140/280/50 375/276/51 662/281/621
f 311/285/620 375/276/51 662/281/621
f 140/280/50 311/285/620 662/281/621
f 311/1013/620 662/857/621 76/1014/374
f 191/1015/381 311/1013/620 662/857/621
f 191/1015/381 662/857/621 76/1014/374
f 191/1015/381 311/1013/620 76/1014/374
f 191/1011/381 312/1009/622 662/1010/621
f 312/1009/622 662/1010/621 77/1012/380
f 191/1011/381 312/1009/622 77/1012/380
f 191/1011/381 662/1010/621 77/1012/380
f 142/264/38 372/268/45 663/273/623
f 142/264/38 313/269/624 372/268/45
f 142/264/38 313/269/624 663/273/623
f 313/269/624 372/268/45 663/273/623
f 141/272/44 312/277/622 372/268/45
f 141/272/44 372/268/45 663/273/623
f 312/277/622 372/268/45 663/273/623
f 141/272/44 312/277/622 663/273/623
f 312/860/622 663/863/623 77/858/380
f 194/861/387 312/860/622 663/863/623
f 194/861/387 663/863/623 77/858/380
f 194/861/387 312/860/622 77/858/380
f 194/861/387 313/866/624 663/863/623
f 313/866/624 663/863/623 78/864/386
f 194/861/387 313/866/624 78/864/386
f 194/861/387 663/863/623 78/864/386
f 143/252/32 369/258/39 664/265/625
f 143/252/32 314/259/626 369/258/39
f 143/252/32 314/259/626 664/265/625
f 314/259/626 369/258/39 664/265/625
f 142/264/38 313/269/624 369/258/39
f 142/264/38 369/258/39 664/265/625
f 313/269/624 369/258/39 664/265/625
f 142/264/38 313/269/624 664/265/625
f 313/866/624 664/869/625 78/864/386
f 197/867/393 313/866/624 664/869/625
f 197/867/393 664/869/625 78/864/386
f 197/867/393 313/866/624 78/864/386
f 197/867/393 314/872/626 664/869/625
f 314/872/626 664/869/625 79/870/392
f 197/867/393 314/872/626 79/870/392
f 197/867/393 664/869/625 79/870/392
f 144/243/26 366/246/33 665/253/627
f 144/243/26 315/247/628 366/246/33
f 144/243/26 315/247/628 665/253/627
f 315/247/628 366/246/33 665/253/627
f 143/252/32 314/259/626 366/246/33
f 143/252/32 366/246/33 665/253/627
f 314/259/626 366/246/33 665/253/627
f 143/252/32 314/259/626 665/253/627
f 314/872/626 665/875/627 79/870/392
f 200/873/399 314/872/626 665/875/627
f 200/873/399 665/875/627 79/870/392
f 200/873/399 314/872/626 79/870/392
f 200/873/399 315/878/628 665/875/627
f 315/878/628 665/875/627 80/876/398
f 200/873/399 315/878/628 80/876/398
f 200/873/399 665/875/627 80/876/398
f 145/254/20 363/244/27 666/248/629
f 145/254/20 316/255/630 363/244/27
f 145/254/20 316/255/630 666/248/629
f 316/255/630 363/244/27 666/248/629
f 144/243/26 315/247/628 363/244/27
f 144/243/26 363/244/27 666/248/629
f 315/247/628 363/244/27 666/248/629
f 144/243/26 315/247/628 666/248/629
f 315/878/628 666/881/629 80/876/398
f 203/879/405 315/878/628 666/881/629
f 203/879/405 666/881/629 80/876/398
f 203/879/405 315/878/628 80/876/398
f 203/879/405 316/884/630 666/881/629
f 316/884/630 666/881/629 81/882/404
f 203/879/405 316/884/630 81/882/404
f 203/879/405 666/881/629 81/882/404
f 146/19/14 360/23/21 667/28/631
f 146/19/14 317/24/632 360/23/21
f 146/19/14 317/24/632 667/28/631
f 317/24/632 360/23/21 667/28/631
f 145/254/20 316/255/630 360/260/21
f 145/254/20 360/260/21 667/261/631
f 316/255/630 360/260/21 667/261/631
f 145/254/20 316/255/630 667/261/631
f 316/884/630 667/887/631 81/882/404
f 206/885/411 316/884/630 667/887/631
f 206/885/411 667/887/631 81/882/404
f 206/885/411 316/884/630 81/882/404
f 206/885/411 317/890/632 667/887/631
f 317/890/632 667/887/631 82/888/410
f 206/885/411 317/890/632 82/888/410
f 206/885/411 667/887/631 82/888/410
f 147/7/7 357/13/15 668/20/633
f 147/7/7 318/14/634 357/13/15
f 147/7/7 318/14/634 668/20/633
f 318/14/634 357/13/15 668/20/633
f 146/19/14 317/24/632 357/13/15
f 146/19/14 357/13/15 668/20/633
f 317/24/632 357/13/15 668/20/633
f 146/19/14 317/24/632 668/20/633
f 317/890/632 668/893/633 82/888/410
f 209/891/417 317/890/632 668/893/633
f 209/891/417 668/893/633 82/888/410
f 209/891/417 317/890/632 82/888/410
f 209/891/417 318/896/634 668/893/633
f 318/896/634 668/893/633 83/894/416
f 209/891/417 318/896/634 83/894/416
f 209/891/417 668/893/633 83/894/416
f 148/794/9 353/795/8 669/796/635
f 148/794/9 319/797/636 353/795/8
f 148/794/9 319/797/636 669/796/635
f 319/797/636 353/795/8 669/796/635
f 147/7/7 318/14/634 353/8/8
f 147/7/7 353/8/8 669/15/635
f 318/14/634 353/8/8 669/15/635
f 147/7/7 318/14/634 669/15/635
f 318/896/634 669/899/635 83/894/416
f 212/897/423 318/896/634 669/899/635
f 212/897/423 669/899/635 83/894/416
f 212/897/423 318/896/634 83/894/416
f 212/150/423 319/149/636 669/158/635
f 319/149/636 669/158/635 84/143/422
f 212/150/423 319/149/636 84/143/422
f 212/150/423 669/158/635 84/143/422
f 176/798/637 320/799/638 670/800/639
f 176/798/637 320/799/638 322/801/640
f 176/798/637 322/801/640 670/800/639
f 320/799/638 322/801/640 670/800/639
f 175/804/641 320/799/638 321/805/642
f 175/804/641 320/799/638 670/800/639
f 320/799/638 321/805/642 670/800/639
f 175/804/641 321/805/642 670/800/639
f 171/117/432 321/131/642 670/116/639
f 215/102/429 321/131/642 670/116/639
f 171/117/432 215/102/429 670/116/639
f 171/117/432 215/102/429 321/131/642
f 215/102/429 322/101/640 670/116/639
f 172/89/428 322/101/640 670/116/639
f 172/89/428 215/102/429 322/101/640
f 172/89/428 215/102/429 670/116/639
f 221/68/444 671/76/643 85/69/445
f 221/68/444 324/77/644 85/69/445
f 324/77/644 671/76/643 85/69/445
f 221/68/444 324/77/644 671/76/643
f 221/903/444 323/906/645 86/902/443
f 221/903/444 671/907/643 86/902/443
f 221/903/444 323/906/645 671/907/643
f 323/906/645 671/907/643 86/902/443
f 150/98/203 323/97/645 671/76/643
f 323/97/645 449/86/200 671/76/643
f 150/98/203 449/86/200 671/76/643
f 150/98/203 323/97/645 449/86/200
f 324/77/644 449/86/200 671/76/643
f 149/87/199 324/77/644 671/76/643
f 149/87/199 324/77/644 449/86/200
f 149/87/199 449/86/200 671/76/643
f 225/905/451 672/910/646 86/902/443
f 225/905/451 323/906/645 86/902/443
f 323/906/645 672/910/646 86/902/443
f 225/905/451 323/906/645 672/910/646
f 225/905/451 325/913/647 87/909/450
f 225/905/451 672/910/646 87/909/450
f 225/905/451 325/913/647 672/910/646
f 325/913/647 672/910/646 87/909/450
f 151/124/210 325/123/647 672/109/646
f 325/123/647 453/110/208 672/109/646
f 151/124/210 453/110/208 672/109/646
f 151/124/210 325/123/647 453/110/208
f 323/97/645 453/110/208 672/109/646
f 150/98/203 323/97/645 672/109/646
f 150/98/203 323/97/645 453/110/208
f 150/98/203 453/110/208 672/109/646
f 228/912/457 673/916/648 87/909/450
f 228/912/457 325/913/647 87/909/450
f 325/913/647 673/916/648 87/909/450
f 228/912/457 325/913/647 673/916/648
f 228/912/457 326/919/649 88/915/456
f 228/912/457 673/916/648 88/915/456
f 228/912/457 326/919/649 673/916/648
f 326/919/649 673/916/648 88/915/456
f 152/515/216 326/514/649 673/519/648
f 326/514/649 456/520/214 673/519/648
f 152/515/216 456/520/214 673/519/648
f 152/515/216 326/514/649 456/520/214
f 325/123/647 456/136/214 673/135/648
f 151/124/210 325/123/647 673/135/648
f 151/124/210 325/123/647 456/136/214
f 151/124/210 456/136/214 673/135/648
f 231/918/463 674/922/650 88/915/456
f 231/918/463 326/919/649 88/915/456
f 326/919/649 674/922/650 88/915/456
f 231/918/463 326/919/649 674/922/650
f 231/918/463 327/925/651 89/921/462
f 231/918/463 674/922/650 89/921/462
f 231/918/463 327/925/651 674/922/650
f 327/925/651 674/922/650 89/921/462
f 153/506/222 327/510/651 674/509/650
f 327/510/651 459/505/220 674/509/650
f 153/506/222 459/505/220 674/509/650
f 153/506/222 327/510/651 459/505/220
f 326/514/649 459/505/220 674/509/650
f 152/515/216 326/514/649 674/509/650
f 152/515/216 326/514/649 459/505/220
f 152/515/216 459/505/220 674/509/650
f 234/924/469 675/928/652 89/921/462
f 234/924/469 327/925/651 89/921/462
f 327/925/651 675/928/652 89/921/462
f 234/924/469 327/925/651 675/928/652
f 234/924/469 328/931/653 90/927/468
f 234/924/469 675/928/652 90/927/468
f 234/924/469 328/931/653 675/928/652
f 328/931/653 675/928/652 90/927/468
f 154/516/228 328/518/653 675/513/652
f 328/518/653 462/511/226 675/513/652
f 154/516/228 462/511/226 675/513/652
f 154/516/228 328/518/653 462/511/226
f 327/510/651 462/511/226 675/513/652
f 153/506/222 327/510/651 675/513/652
f 153/506/222 327/510/651 462/511/226
f 153/506/222 462/511/226 675/513/652
f 237/930/475 676/934/654 90/927/468
f 237/930/475 328/931/653 90/927/468
f 328/931/653 676/934/654 90/927/468
f 237/930/475 328/931/653 676/934/654
f 237/930/475 329/937/655 91/933/474
f 237/930/475 676/934/654 91/933/474
f 237/930/475 329/937/655 676/934/654
f 329/937/655 676/934/654 91/933/474
f 155/526/234 329/529/655 676/525/654
f 329/529/655 465/521/232 676/525/654
f 155/526/234 465/521/232 676/525/654
f 155/526/234 329/529/655 465/521/232
f 328/518/653 465/521/232 676/525/654
f 154/516/228 328/518/653 676/525/654
f 154/516/228 328/518/653 465/521/232
f 154/516/228 465/521/232 676/525/654
f 240/936/481 677/940/656 91/933/474
f 240/936/481 329/937/655 91/933/474
f 329/937/655 677/940/656 91/933/474
f 240/936/481 329/937/655 677/940/656
f 240/936/481 330/943/657 92/939/480
f 240/936/481 677/940/656 92/939/480
f 240/936/481 330/943/657 677/940/656
f 330/943/657 677/940/656 92/939/480
f 156/534/240 330/539/657 677/533/656
f 330/539/657 468/530/238 677/533/656
f 156/534/240 468/530/238 677/533/656
f 156/534/240 330/539/657 468/530/238
f 329/529/655 468/530/238 677/533/656
f 155/526/234 329/529/655 677/533/656
f 155/526/234 329/529/655 468/530/238
f 155/526/234 468/530/238 677/533/656
f 243/1007/487 678/946/658 92/1006/480
f 243/1007/487 330/1008/657 92/1006/480
f 330/1008/657 678/946/658 92/1006/480
f 243/1007/487 330/1008/657 678/946/658
f 243/1003/487 331/949/659 93/1004/486
f 243/1003/487 678/1005/658 93/1004/486
f 243/1003/487 331/949/659 678/1005/658
f 331/949/659 678/1005/658 93/1004/486
f 157/547/246 331/552/659 678/546/658
f 331/552/659 471/540/244 678/546/658
f 157/547/246 471/540/244 678/546/658
f 157/547/246 331/552/659 471/540/244
f 330/539/657 471/540/244 678/546/658
f 156/534/240 330/539/657 678/546/658
f 156/534/240 330/539/657 471/540/244
f 156/534/240 471/540/244 678/546/658
f 246/1001/493 679/952/660 93/1000/486
f 246/1001/493 331/1002/659 93/1000/486
f 331/1002/659 679/952/660 93/1000/486
f 246/1001/493 331/1002/659 679/952/660
f 246/997/493 332/955/661 94/998/492
f 246/997/493 679/999/660 94/998/492
f 246/997/493 332/955/661 679/999/660
f 332/955/661 679/999/660 94/998/492
f 158/559/252 332/564/661 679/558/660
f 332/564/661 474/553/250 679/558/660
f 158/559/252 474/553/250 679/558/660
f 158/559/252 332/564/661 474/553/250
f 331/552/659 474/553/250 679/558/660
f 157/547/246 331/552/659 679/558/660
f 157/547/246 331/552/659 474/553/250
f 157/547/246 474/553/250 679/558/660
f 249/994/499 680/995/662 94/993/492
f 249/994/499 332/996/661 94/993/492
f 332/996/661 680/995/662 94/993/492
f 249/994/499 332/996/661 680/995/662
f 249/954/499 333/961/663 95/957/498
f 249/954/499 680/958/662 95/957/498
f 249/954/499 333/961/663 680/958/662
f 333/961/663 680/958/662 95/957/498
f 159/571/258 333/576/663 680/570/662
f 333/576/663 477/565/256 680/570/662
f 159/571/258 477/565/256 680/570/662
f 159/571/258 333/576/663 477/565/256
f 332/564/661 477/565/256 680/570/662
f 158/559/252 332/564/661 680/570/662
f 158/559/252 332/564/661 477/565/256
f 158/559/252 477/565/256 680/570/662
f 252/960/505 681/964/664 95/957/498
f 252/960/505 333/961/663 95/957/498
f 333/961/663 681/964/664 95/957/498
f 252/960/505 333/961/663 681/964/664
f 252/960/505 334/967/665 96/963/504
f 252/960/505 681/964/664 96/963/504
f 252/960/505 334/967/665 681/964/664
f 334/967/665 681/964/664 96/963/504
f 160/583/264 334/588/665 681/582/664
f 334/588/665 480/577/262 681/582/664
f 160/583/264 480/577/262 681/582/664
f 160/583/264 334/588/665 480/577/262
f 333/576/663 480/577/262 681/582/664
f 159/571/258 333/576/663 681/582/664
f 159/571/258 333/576/663 480/577/262
f 159/571/258 480/577/262 681/582/664
f 255/966/511 682/970/666 96/963/504
f 255/966/511 334/967/665 96/963/504
f 334/967/665 682/970/666 96/963/504
f 255/966/511 334/967/665 682/970/666
f 255/966/511 335/973/667 97/969/510
f 255/966/511 682/970/666 97/969/510
f 255/966/511 335/973/667 682/970/666
f 335/973/667 682/970/666 97/969/510
f 161/595/270 335/600/667 682/594/666
f 335/600/667 483/589/268 682/594/666
f 161/595/270 483/589/268 682/594/666
f 161/595/270 335/600/667 483/589/268
f 334/588/665 483/589/268 682/594/666
f 160/583/264 334/588/665 682/594/666
f 160/583/264 334/588/665 483/589/268
f 160/583/264 483/589/268 682/594/666
f 258/972/517 683/976/668 97/969/510
f 258/972/517 335/973/667 97/969/510
f 335/973/667 683/976/668 97/969/510
f 258/972/517 335/973/667 683/976/668
f 258/972/517 336/979/669 98/975/516
f 258/972/517 683/976/668 98/975/516
f 258/972/517 336/979/669 683/976/668
f 336/979/669 683/976/668 98/975/516
f 162/607/276 336/612/669 683/606/668
f 336/612/669 486/601/274 683/606/668
f 162/607/276 486/601/274 683/606/668
f 162/607/276 336/612/669 486/601/274
f 335/600/667 486/601/274 683/606/668
f 161/595/270 335/600/667 683/606/668
f 161/595/270 335/600/667 486/601/274
f 161/595/270 486/601/274 683/606/668
f 261/978/523 684/982/670 98/975/516
f 261/978/523 336/979/669 98/975/516
f 336/979/669 684/982/670 98/975/516
f 261/978/523 336/979/669 684/982/670
f 261/978/523 337/985/671 99/981/522
f 261/978/523 684/982/670 99/981/522
f 261/978/523 337/985/671 684/982/670
f 337/985/671 684/982/670 99/981/522
f 163/619/282 337/624/671 684/618/670
f 337/624/671 489/613/280 684/618/670
f 163/619/282 489/613/280 684/618/670
f 163/619/282 337/624/671 489/613/280
f 336/612/669 489/613/280 684/618/670
f 162/607/276 336/612/669 684/618/670
f 162/607/276 336/612/669 489/613/280
f 162/607/276 489/613/280 684/618/670
f 264/984/529 685/988/672 99/981/522
f 264/984/529 337/985/671 99/981/522
f 337/985/671 685/988/672 99/981/522
f 264/984/529 337/985/671 685/988/672
f 100/987/528 264/984/529 338/991/673
f 100/987/528 264/984/529 685/988/672
f 264/984/529 338/991/673 685/988/672
f 100/987/528 338/991/673 685/988/672
f 164/631/288 338/636/673 685/630/672
f 338/636/673 492/625/286 685/630/672
f 164/631/288 492/625/286 685/630/672
f 164/631/288 338/636/673 492/625/286
f 337/624/671 492/625/286 685/630/672
f 163/619/282 337/624/671 685/630/672
f 163/619/282 337/624/671 492/625/286
f 163/619/282 492/625/286 685/630/672
f 100/987/528 267/990/535 686/992/674
f 100/987/528 267/990/535 338/991/673
f 100/987/528 338/991/673 686/992/674
f 267/990/535 338/991/673 686/992/674
f 101/200/534 267/206/535 339/204/675
f 101/200/534 267/206/535 686/209/674
f 267/206/535 339/204/675 686/209/674
f 101/200/534 339/204/675 686/209/674
f 165/643/294 339/648/675 686/642/674
f 339/648/675 495/637/292 686/642/674
f 165/643/294 495/637/292 686/642/674
f 165/643/294 339/648/675 495/637/292
f 338/636/673 495/637/292 686/642/674
f 164/631/288 338/636/673 686/642/674
f 164/631/288 338/636/673 495/637/292
f 164/631/288 495/637/292 686/642/674
f 166/344/98 515/348/332 687/351/676
f 166/344/98 340/349/677 515/348/332
f 166/344/98 340/349/677 687/351/676
f 340/349/677 515/348/332 687/351/676
f 165/208/294 339/204/675 515/207/332
f 165/208/294 515/207/332 687/199/676
f 339/204/675 515/207/332 687/199/676
f 165/208/294 339/204/675 687/199/676
f 101/200/534 339/204/675 687/199/676
f 268/197/537 339/204/675 687/199/676
f 101/200/534 268/197/537 687/199/676
f 101/200/534 268/197/537 339/204/675
f 268/197/537 340/196/677 687/199/676
f 102/194/536 340/196/677 687/199/676
f 102/194/536 268/197/537 340/196/677
f 102/194/536 268/197/537 687/199/676
f 167/336/92 399/340/99 688/345/678
f 167/336/92 341/341/679 399/340/99
f 167/336/92 341/341/679 688/345/678
f 341/341/679 399/340/99 688/345/678
f 166/344/98 340/349/677 399/340/99
f 166/344/98 399/340/99 688/345/678
f 340/349/677 399/340/99 688/345/678
f 166/344/98 340/349/677 688/345/678
f 102/194/536 340/196/677 688/193/678
f 271/191/542 340/196/677 688/193/678
f 102/194/536 271/191/542 688/193/678
f 102/194/536 271/191/542 340/196/677
f 271/191/542 341/190/679 688/193/678
f 341/190/679 688/193/678 69/186/339
f 271/191/542 341/190/679 69/186/339
f 271/191/542 688/193/678 69/186/339
f 168/328/86 396/332/93 689/337/680
f 168/328/86 342/333/681 396/332/93
f 168/328/86 342/333/681 689/337/680
f 342/333/681 396/332/93 689/337/680
f 167/336/92 341/341/679 396/332/93
f 167/336/92 396/332/93 689/337/680
f 341/341/679 396/332/93 689/337/680
f 167/336/92 341/341/679 689/337/680
f 341/190/679 689/189/680 69/186/339
f 341/190/679 517/185/336 689/189/680
f 517/185/336 689/189/680 69/186/339
f 341/190/679 517/185/336 69/186/339
f 342/817/681 517/814/336 689/818/680
f 342/817/681 689/818/680 70/813/335
f 342/817/681 517/814/336 70/813/335
f 517/814/336 689/818/680 70/813/335
f 169/320/80 393/324/87 690/329/682
f 169/320/80 343/325/683 393/324/87
f 169/320/80 343/325/683 690/329/682
f 343/325/683 393/324/87 690/329/682
f 168/328/86 342/333/681 393/324/87
f 168/328/86 393/324/87 690/329/682
f 342/333/681 393/324/87 690/329/682
f 168/328/86 342/333/681 690/329/682
f 342/817/681 690/821/682 70/813/335
f 342/817/681 521/819/345 690/821/682
f 521/819/345 690/821/682 70/813/335
f 342/817/681 521/819/345 70/813/335
f 343/824/683 521/819/345 690/821/682
f 343/824/683 690/821/682 71/822/344
f 343/824/683 521/819/345 71/822/344
f 521/819/345 690/821/682 71/822/344
f 170/312/74 390/316/81 691/321/684
f 170/312/74 344/317/685 390/316/81
f 170/312/74 344/317/685 691/321/684
f 344/317/685 390/316/81 691/321/684
f 169/320/80 343/325/683 390/316/81
f 169/320/80 390/316/81 691/321/684
f 343/325/683 390/316/81 691/321/684
f 169/320/80 343/325/683 691/321/684
f 343/824/683 691/827/684 71/822/344
f 343/824/683 524/825/351 691/827/684
f 524/825/351 691/827/684 71/822/344
f 343/824/683 524/825/351 71/822/344
f 344/830/685 524/825/351 691/827/684
f 344/830/685 691/827/684 72/828/350
f 344/830/685 524/825/351 72/828/350
f 524/825/351 691/827/684 72/828/350
f 137/304/68 387/308/75 692/313/686
f 137/304/68 308/309/616 387/308/75
f 137/304/68 308/309/616 692/313/686
f 308/309/616 387/308/75 692/313/686
f 170/312/74 344/317/685 387/308/75
f 170/312/74 387/308/75 692/313/686
f 344/317/685 387/308/75 692/313/686
f 170/312/74 344/317/685 692/313/686
f 344/830/685 692/833/686 72/828/350
f 179/831/357 344/830/685 692/833/686
f 179/831/357 692/833/686 72/828/350
f 179/831/357 344/830/685 72/828/350
f 179/831/357 308/836/616 692/833/686
f 308/836/616 692/833/686 73/834/356
f 179/831/357 308/836/616 73/834/356
f 179/831/357 692/833/686 73/834/356
f 214/144/425 693/133/687 84/143/422
f 214/144/425 346/132/688 84/143/422
f 346/132/688 693/133/687 84/143/422
f 214/144/425 346/132/688 693/133/687
f 114/60/427 214/144/425 345/152/689
f 114/60/427 214/144/425 693/133/687
f 214/144/425 345/152/689 693/133/687
f 114/60/427 345/152/689 693/133/687
f 173/777/434 345/780/689 693/779/687
f 216/776/433 345/780/689 693/779/687
f 173/777/434 216/776/433 693/779/687
f 173/777/434 216/776/433 345/780/689
f 216/118/433 346/132/688 693/133/687
f 171/117/432 346/132/688 693/133/687
f 171/117/432 216/118/433 346/132/688
f 171/117/432 216/118/433 693/133/687
f 114/784/427 285/785/568 694/781/690
f 114/784/427 285/785/568 345/780/689
f 114/784/427 345/780/689 694/781/690
f 285/785/568 345/780/689 694/781/690
f 115/788/437 285/785/568 347/786/691
f 115/788/437 285/785/568 694/781/690
f 285/785/568 347/786/691 694/781/690
f 115/788/437 347/786/691 694/781/690
f 174/783/436 347/786/691 694/781/690
f 217/778/435 347/786/691 694/781/690
f 174/783/436 217/778/435 694/781/690
f 174/783/436 217/778/435 347/786/691
f 217/778/435 345/780/689 694/781/690
f 173/777/434 345/780/689 694/781/690
f 173/777/434 217/778/435 345/780/689
f 173/777/434 217/778/435 694/781/690
f 115/788/437 222/789/440 695/787/692
f 115/788/437 222/789/440 347/786/691
f 115/788/437 347/786/691 695/787/692
f 222/789/440 347/786/691 695/787/692
f 222/59/440 348/78/693 85/69/445
f 222/59/440 695/79/692 85/69/445
f 222/59/440 348/78/693 695/79/692
f 348/78/693 695/79/692 85/69/445
f 172/89/428 348/78/693 695/79/692
f 218/90/431 348/78/693 695/79/692
f 172/89/428 218/90/431 695/79/692
f 172/89/428 218/90/431 348/78/693
f 218/782/431 347/786/691 695/787/692
f 174/783/436 347/786/691 695/787/692
f 174/783/436 218/782/431 347/786/691
f 174/783/436 218/782/431 695/787/692
f 149/807/199 516/808/334 696/803/694
f 149/807/199 350/802/695 516/808/334
f 149/807/199 350/802/695 696/803/694
f 350/802/695 516/808/334 696/803/694
f 148/812/9 349/809/696 516/808/334
f 148/812/9 516/808/334 696/803/694
f 349/809/696 516/808/334 696/803/694
f 148/812/9 349/809/696 696/803/694
f 175/804/641 349/809/696 696/803/694
f 320/799/638 349/809/696 696/803/694
f 175/804/641 320/799/638 696/803/694
f 175/804/641 320/799/638 349/809/696
f 320/799/638 350/802/695 696/803/694
f 176/798/637 350/802/695 696/803/694
f 176/798/637 320/799/638 350/802/695
f 176/798/637 320/799/638 696/803/694
f 148/130/9 319/149/636 697/142/697
f 148/130/9 319/149/636 349/159/696
f 148/130/9 349/159/696 697/142/697
f 319/149/636 349/159/696 697/142/697
f 319/149/636 346/132/688 84/143/422
f 319/149/636 697/142/697 84/143/422
f 319/149/636 346/132/688 697/142/697
f 346/132/688 697/142/697 84/143/422
f 171/117/432 346/132/688 697/142/697
f 321/131/642 346/132/688 697/142/697
f 171/117/432 321/131/642 697/142/697
f 171/117/432 321/131/642 346/132/688
f 321/805/642 349/809/696 697/810/697
f 175/804/641 349/809/696 697/810/697
f 175/804/641 321/805/642 349/809/696
f 175/804/641 321/805/642 697/810/697
f 324/77/644 698/88/698 85/69/445
f 324/77/644 348/78/693 85/69/445
f 348/78/693 698/88/698 85/69/445
f 324/77/644 348/78/693 698/88/698
f 149/807/199 324/811/644 350/802/695
f 149/807/199 324/811/644 698/806/698
f 324/811/644 350/802/695 698/806/698
f 149/807/199 350/802/695 698/806/698
f 176/798/637 350/802/695 698/806/698
f 322/801/640 350/802/695 698/806/698
f 176/798/637 322/801/640 698/806/698
f 176/798/637 322/801/640 350/802/695
f 322/101/640 348/78/693 698/88/698
f 172/89/428 348/78/693 698/88/698
f 172/89/428 322/101/640 348/78/693
f 172/89/428 322/101/640 698/88/698
