
g default
v 58.299066 48.985416 80.409414
v 58.348459 49.54966 80.068029
v 58.251176 50.588806 79.31979
v 58.028048 51.594688 78.710339
v 57.662974 52.472515 78.330185
v 57.227862 53.287159 78.063171
v 56.775939 54.086636 77.823312
v 56.259579 54.82798 77.687542
v 55.647964 55.483383 77.705645
v 54.988722 56.095821 77.800686
v 54.222461 56.611717 78.068602
v 53.406331 57.082615 78.417077
v 52.497748 57.470108 78.914897
v 51.508479 57.784805 79.543055
v 50.541064 58.119221 80.135913
v 49.647192000000004 58.519985 80.494111
v 48.811581000000004 58.705048 80.435207
v 57.921204 48.64452 81.019804
v 57.46876 48.756027 81.489078
v 56.445083 48.959408 82.237317
v 55.467394999999996 49.284557 82.846768
v 54.631653 49.737762 83.226922
v 53.865951 50.254158 83.493936
v 53.117059 50.785713 83.733796
v 52.432603 51.375408 83.869565
v 51.843402 52.051037 83.851462
v 51.301827 52.769634 83.756423
v 50.867274 53.584778 83.488506
v 50.48259 54.444916 83.140031
v 50.190358 55.388458 82.64221
v 49.978809999999996 56.404793 82.014052
v 49.745412 57.401413 81.421194
v 49.342555000000004 58.245152 80.986215
v 48.707282 58.610954 80.603689
v 57.805445 48.540089 80.889819
v 57.312485 48.615044 81.313597
v 56.288808 48.818424 82.061836
v 55.31112 49.14357 82.671288
v 54.475378 49.596779 83.051442
v 53.709676 50.113171 83.318456
v 52.960784000000004 50.64473 83.558315
v 52.276328 51.234421 83.694085
v 51.687127000000004 51.910053 83.67598100000001
v 51.145553 52.628647 83.580942
v 50.710999 53.44379 83.313025
v 50.326313999999996 54.303928 82.96455
v 50.034083 55.247471 82.46673
v 49.822536 56.263805 81.838572
v 49.589135999999996 57.260426 81.245714
v 49.199838 58.116398 80.825958
v 48.646589 58.556198 80.535537
v 58.183307 48.880981 80.279428
v 58.192183 49.408676 79.892549
v 58.094901 50.447819 79.14431
v 57.871773 51.453701 78.534858
v 57.5067 52.331532 78.154704
v 57.071587 53.146172 77.88769
v 56.619664 53.945648 77.647831
v 56.103304 54.686993 77.512062
v 55.49169 55.342396 77.530165
v 54.832447 55.954838 77.625205
v 54.066186 56.47073 77.893121
v 53.250056 56.941628 78.241596
v 52.341473 57.329121 78.739417
v 51.352204 57.643822 79.367574
v 50.384789 57.978233 79.960432
v 49.504475 58.391232 80.333854
v 48.750887 58.650291 80.367056
v 49.21661 58.131531 80.427702
v 49.839090999999996 57.485928 80.437029
v 50.439499 56.820408 80.437029
v 51.039907 56.154892 80.437029
v 51.640314000000004 55.489372 80.437029
v 52.240722 54.823856 80.437029
v 52.841129 54.15834 80.437029
v 53.441537 53.492821 80.437029
v 54.041945 52.827301 80.437029
v 54.642353 52.161785 80.437029
v 55.242761 51.496265 80.437029
v 55.843168 50.83075 80.437029
v 56.443576 50.165234 80.437029
v 57.043983 49.499714 80.437029
v 57.604463 48.878456 80.437029
v 57.980238 48.449272 80.429961
v 57.784461 48.272652 80.210123
v 57.396096 48.690472 80.203055
v 56.835617 49.311733 80.203055
v 56.235209 49.977249 80.203055
v 55.634801 50.642769 80.203055
v 55.034394 51.308285 80.203055
v 54.433986 51.973804 80.203055
v 53.833579 52.63932 80.203055
v 53.233171 53.30484 80.203055
v 52.632763 53.970356 80.203055
v 52.032355 54.635876 80.203055
v 51.431948 55.301392 80.203055
v 50.831541 55.966911 80.203055
v 50.231133 56.632427 80.203055
v 49.630725 57.297943 80.203055
v 49.024672 57.95837 80.212176
v 48.475057 58.518814 80.277697
v 48.549189999999996 58.585693 80.36094
v 50.907821 54.828541 81.749451
v 51.393176 54.059227 81.935304
v 51.905128 53.313911 82.078193
v 52.474158 52.620083 82.12888
v 53.068589 51.949173 82.138535
v 53.713822 51.324097 82.066125
v 54.393422 50.730022 81.9382
v 55.081986 50.144035 81.795793
v 55.807905 49.591751 81.593045
v 56.609529 49.107765 81.268003
v 57.417047 48.709377 80.868943
v 57.892714 48.414577 80.581766
v 57.723729 48.262127 80.392013
v 57.20868 48.521393 80.634969
v 56.401163 48.919785 81.034029
v 55.599538 49.40377 81.359071
v 54.873619 49.956055 81.561819
v 54.185055 50.542038 81.704226
v 53.505455 51.136116 81.832151
v 52.860223 51.761192 81.904561
v 52.265791 52.432102 81.894906
v 51.696761 53.125931 81.844219
v 51.18481 53.871246 81.70133
v 50.699453 54.64056 81.515477
v 50.263407 55.454357 81.249973
v 49.870391 56.30698 80.914956
v 49.465722 57.149082 80.598764
v 48.986827 57.924229 80.392127
v 48.472248 58.516281 80.338287
v 48.545145 58.582047 80.420142
v 49.178517 58.097164 80.607376
v 49.674088 57.337063 80.832738
v 50.078756999999996 56.494961 81.14893000000001
v 50.471773 55.642338 81.483947
v 52.467148 56.235317 79.230542
v 53.182608 55.673595 79.04469
v 53.871471 55.087875 78.9018
v 54.503257 54.450668 78.851113
v 55.109642 53.790543 78.841458
v 55.665224 53.084587 78.913868
v 56.18644 52.347626 79.041793
v 56.69869 51.602573 79.1842
v 57.173587 50.823826 79.386948
v 57.572778 49.976776 79.71199
v 57.88622 49.132648 80.11105
v 58.057317 48.563076 80.315869
v 57.888332 48.410622 80.126117
v 57.677853 48.944668 79.877076
v 57.364412 49.788795 79.478016
v 56.96522 50.635841 79.152974
v 56.490324 51.414593 78.950226
v 55.978074 52.159641 78.807819
v 55.456858 52.896606 78.679894
v 54.901276 53.602562 78.607485
v 54.29489 54.262688 78.617139
v 53.663105 54.899895 78.667826
v 52.974242000000004 55.485615 78.810716
v 52.258782 56.047337 78.996568
v 51.494015 56.564571 79.262072
v 50.686214 57.042988 79.59709
v 49.890069 57.531918 79.913281
v 49.1493 58.070805 80.129672
v 48.518806 58.558285 80.263079
v 48.591702 58.62405 80.344934
v 49.34099 58.24374 80.344921
v 50.098435 57.719898 80.147255
v 50.894581 57.230968 79.831064
v 51.702381 56.752552 79.496046
v 58.541822 47.723801 80.372441
v 58.448491 47.639603 80.26764
v 58.412897 47.758053 80.436822
v 58.336303 47.688953 80.350815
v 58.50424 47.840462 80.289267
v 58.427646 47.771362 80.20326
v 50.272874 56.066494 81.3203
v 50.732255 55.877338 80.934005
v 51.340111 55.822132 80.437029
v 50.683222 55.229511 81.627319
v 51.250482 55.13768 81.066756
v 51.940517 55.156616 80.437029
v 51.146164999999996 54.439976 81.849377
v 51.793364 54.420265 81.159683
v 52.540926 54.491096 80.437029
v 51.643772999999996 53.681717 82.015438
v 52.349543 53.714844 81.231128
v 53.141333 53.825581 80.437029
v 52.184413 52.96228 82.111984
v 52.934263 53.035175 81.256471
v 53.741742 53.160061 80.437029
v 52.766891 52.280582 82.140948
v 53.531682 52.366959 81.261298
v 54.342149 52.494545 80.437029
v 53.385229 51.631245 82.111985
v 54.154502 51.721664 81.225093
v 54.942557 51.829025 80.437029
v 54.051381 51.025036 82.005783
v 54.794506 51.091869 81.161131
v 55.542964 51.163509 80.437029
v 54.735463 50.435009 81.870617
v 55.438992 50.466118 81.089928
v 56.143372 50.49799 80.437029
v 55.437474 49.861153 81.706487
v 56.102155 49.857216 80.988554
v 56.743779 49.832474 80.437029
v 56.199253999999996 49.341221 81.445811
v 56.803171 49.282463 80.826033
v 57.344187 49.166954 80.437029
v 57.036738 48.889587 81.062841
v 57.48717 48.772636 80.626503
v 57.784883 48.678471 80.437029
v 57.686619 48.589821 80.724927
v 57.936247 48.409588 80.501024
v 58.591436 47.574982 80.320041
v 58.513544 47.698292 80.41812
v 58.4454 47.636814 80.400416
v 58.420213 47.614094 80.313319
v 57.478253 48.40184 80.490954
v 57.278802999999996 48.584656 80.392529
v 57.576516 48.49049 80.203055
v 57.740469 48.232964 80.281186
v 56.828372 48.701607 80.828867
v 56.594805 49.094482 80.592059
v 57.135821 48.978973 80.203055
v 55.990887 49.15324 81.211837
v 55.893788 49.669235 80.75458
v 56.535413 49.644493 80.203055
v 55.229108 49.673172 81.472514
v 55.230625 50.278137 80.855954
v 55.935005000000004 50.310009 80.203055
v 54.527096 50.247028 81.636643
v 54.58614 50.903889 80.927157
v 55.334598 50.975529 80.203055
v 53.843014 50.837055 81.771809
v 53.946136 51.533684 80.99112
v 54.73419 51.641045 80.203055
v 53.176863 51.44326 81.878011
v 53.323316 52.178978 81.027324
v 54.133783 52.306564 80.203055
v 52.558525 52.092602 81.906975
v 52.725896 52.847195 81.022497
v 53.533375 52.97208 80.203055
v 51.976047 52.774296 81.878011
v 52.141177 53.526863 80.997154
v 52.932967 53.6376 80.203055
v 51.435406 53.493736 81.781464
v 51.584997 54.232285 80.925709
v 52.332559 54.303116 80.203055
v 50.937799 54.251995 81.615403
v 51.042115 54.949699 80.832782
v 51.732151 54.968636 80.203055
v 50.474855 55.041531 81.393345
v 50.523889 55.689358 80.700031
v 51.131744 55.634151 80.203055
v 50.064507 55.878513 81.086326
v 50.027176 56.448429 80.532522
v 50.531337 56.299667 80.203055
v 49.673285 56.73275 80.748412
v 49.524639 57.20224 80.374426
v 49.930929 56.965187 80.203055
v 49.240228 57.549244 80.47808
v 48.984054 57.921722 80.27779
v 49.330522 57.630703 80.203055
v 48.695544999999996 58.265038 80.346671
v 48.463417 58.508312 80.296499
v 48.70753 58.275848 80.239537
v 48.423211 58.62294 80.319215
v 48.422803 58.62257 80.36355
v 48.537549999999996 58.575195 80.379742
v 48.850183 58.404545 80.399721
v 48.837209 58.392841 80.505745
v 50.659498 54.604515 82.53808
v 51.087328 53.783302 82.81686
v 51.555053 52.998085 83.031194
v 52.108394 52.290104 83.107224
v 52.699836 51.616497 83.121707
v 53.367482 51.011639 83.013092
v 54.086678 50.453289 82.821204
v 54.81932 49.90707 82.607594
v 55.607995 49.4114 82.303471
v 56.510228 49.018177 81.815909
v 57.441264 48.731224 81.217318
v 57.917664 48.586407 80.838089
v 57.886123 48.293747 80.499848
v 57.761389 48.445419 80.662608
v 57.232898 48.543243 80.983344
v 56.301861 48.830196 81.581935
v 55.399629 49.223419 82.069497
v 54.610954 49.71909 82.37362
v 53.878311 50.265305 82.58723
v 53.159115 50.823658 82.779117
v 52.49147 51.428513 82.887733
v 51.900027 52.102123 82.87325
v 51.346685 52.810101 82.79722
v 50.878962 53.595322 82.582886
v 50.451132 54.416534 82.304106
v 50.097265 55.30447 81.90585
v 49.807945000000004 56.250645 81.403324
v 49.501145 57.181042 80.929037
v 49.076383 58.00502 80.603913
v 48.52202 58.561184 80.426048
v 48.591208 58.623604 80.503738
v 49.267331999999996 58.177288 80.818329
v 49.709513 57.369026 81.163011
v 50.016313 56.438625 81.637298
v 50.305632 55.492451 82.139824
v 52.030146 55.841064 79.807302
v 52.68808 55.227448 79.714376
v 53.332715 54.601833 79.642931
v 53.948812000000004 53.950466 79.617588
v 54.552208 53.287643 79.61276
v 55.130203 52.601906 79.648965
v 55.691015 51.900665 79.712928
v 56.247344 51.195385 79.784131
v 56.784996 50.473248 79.885505
v 57.284796 49.716965 80.048026
v 57.721756 48.984272 80.247556
v 58.024229 48.48896 80.358899
v 58.544912 47.726589 80.239666
v 58.570098 47.749313 80.326763
v 58.476767 47.665112 80.221962
v 57.51339 48.796291 80.013582
v 57.828452 48.312336 80.139061
v 57.076429 49.528984 79.814052
v 56.57663 50.285267 79.651531
v 56.038978 51.007404 79.550157
v 55.482649 51.712685 79.478954
v 54.921836 52.413925 79.414991
v 54.343842 53.099663 79.378786
v 53.740446 53.762486 79.383614
v 53.124349 54.413853 79.408957
v 52.479713000000004 55.039467 79.480402
v 51.821779 55.653084 79.573328
v 51.139193 56.244465 79.70608
v 50.435088 56.816433 79.873589
v 49.736813 57.39365 80.031685
v 49.06529 57.995014 80.146562
v 48.486695 58.529316 80.258895
v 48.560828 58.596195 80.342138
v 49.257228 58.168175 80.362088
v 49.945178999999996 57.581631 80.265659
v 50.643455 57.004414 80.107563
v 51.347559000000004 56.432446 79.940054
v 58.210396 48.00555 80.475702
v 58.28532 48.073143 80.408757
v 58.091887 47.898636 80.34263
v 58.127308 47.930592 80.231326
v 58.320741 48.105099 80.297453
v 58.202232 47.998184 80.164381
v 58.361717 49.198872 80.338059
v 58.145024 49.366131 80.080479
v 57.977486999999996 48.852234 80.255066
v 58.188111 48.830395 80.401214
v 58.313244 50.041206 79.70447
v 57.955101 50.321693 79.481888
v 57.745976999999996 49.529434 79.917152
v 58.157355 51.107754 78.986402
v 57.656518 51.259506 78.994326
v 57.382646 50.408836 79.534182
v 57.859519 52.046242 78.497633
v 57.244377 52.094875 78.690203
v 56.94361 51.21994 79.273506
v 57.449621 52.883633 78.189889
v 56.776206 52.879688 78.476593
v 56.444807 51.977119 79.109376
v 57.006103 53.690685 77.936453
v 56.294585 53.652374 78.284705
v 55.928073 52.718124 78.97421
v 56.528965 54.467415 77.737324
v 55.761416 54.378551 78.17609
v 55.39341 53.442955 78.868008
v 55.962177 55.163265 77.683017
v 55.152043 55.03598 78.190572
v 54.810932 54.124649 78.839045
v 55.328148999999996 55.79845 77.737326
v 54.504568 55.659035 78.266604
v 54.192594 54.773991 78.868009
v 54.615677 56.362869 77.918351
v 53.771478 56.204853 78.480937
v 53.532419 55.38559 78.964555
v 53.822521 56.854496 78.229714
v 52.998491 56.714676 78.759717
v 52.829211 55.958363 79.130616
v 52.964366 57.287483 78.646074
v 52.151545 57.157772 79.157973
v 52.091339 56.499863 79.352674
v 52.007596 57.6315 79.221735
v 51.240047000000004 57.542637 79.660499
v 51.300872 56.993916 79.659693
v 51.014966 57.943169 79.855324
v 50.346034 57.943272 80.134786
v 50.491279 57.470718 79.997607
v 50.10078 58.325607 80.362195
v 49.511041 58.397156 80.424646
v 49.723523 57.985256 80.267939
v 49.133373 58.66003 80.491603
v 48.661044000000004 58.686604 80.390926
v 48.925288 58.472301 80.363463
v 57.816341 48.706852 81.219048
v 57.408469 48.701637 81.501673
v 57.660066 48.565865 81.043568
v 57.944928 48.611 80.967581
v 56.983423 48.841488 81.852638
v 56.353913 48.877155 82.299795
v 56.827147 48.7005 81.677157
v 55.938496 49.105972 82.570705
v 55.351072 49.179611 82.949877
v 55.78222 48.964989 82.395225
v 55.035516 49.49852 83.059474
v 54.499642 49.618668 83.355374
v 54.879241 49.357536 82.883993
v 54.2446 49.992168 83.367218
v 53.72292 50.125118 83.640189
v 54.088325 49.851181 83.191737
v 53.487302 50.516148 83.620655
v 52.964128 50.647747 83.896039
v 53.331028 50.37516 83.445174
v 52.763625 51.070454 83.819783
v 52.27407 51.232384 84.040859
v 52.60735 50.929466 83.644302
v 52.129598 51.705639 83.87409
v 51.685615999999996 51.908688 84.021549
v 51.973323 51.564655 83.69861
v 51.562809 52.401489 83.819782
v 51.147964 52.630821 83.920174
v 51.406534 52.260502 83.644301
v 51.074465000000004 53.168106 83.638757
v 50.724467000000004 53.45594 83.634396
v 50.918189999999996 53.027119 83.463276
v 50.666807 54.007519 83.327393
v 50.354164 54.329052 83.26269
v 50.510532 53.866531 83.151912
v 50.324146 54.905563 82.911033
v 50.082478 55.29113 82.731681
v 50.167871 54.764576 82.735553
v 50.080102 55.892578 82.335372
v 49.896854 56.330853 82.061646
v 49.923827 55.751595 82.159891
v 49.871916999999996 56.911949 81.701783
v 49.687922 57.349545 81.429264
v 49.715642 56.770962 81.526303
v 49.585288 57.860542 81.194912
v 49.30431 58.210648 80.971075
v 49.429012 57.719559 81.019432
v 48.968225000000004 58.51104 80.758381
v 48.610479 58.640987 80.55165
v 48.86618 58.418976 80.643795
v 57.76912 48.664249 80.021092
v 57.936657 49.178146 79.846505
v 58.205442 49.057884 80.162578
v 58.031836 48.689407 80.225734
v 57.53761 49.341454 79.683178
v 57.746735 50.133713 79.247914
v 58.156969 49.900219 79.528989
v 57.174279 50.220856 79.300209
v 57.448152 51.071526 78.760352
v 58.00108 50.966766 78.810921
v 56.735243 51.03196 79.039532
v 57.036011 51.906895 78.456229
v 57.703244 51.905254 78.322153
v 56.23644 51.789139 78.875402
v 56.567839 52.691708 78.242619
v 57.293346 52.742645 78.014409
v 55.719707 52.530144 78.740236
v 56.086219 53.464394 78.050731
v 56.849828 53.549702 77.760972
v 55.185043 53.254974 78.634035
v 55.55305 54.190571 77.942116
v 56.37269 54.326431 77.561844
v 54.602566 53.936668 78.605071
v 54.943675999999996 54.848 77.956599
v 55.805902 55.022278 77.507536
v 53.984227 54.58601 78.634035
v 54.296200999999996 55.471054 78.03263
v 55.171874 55.657463 77.561845
v 53.324052 55.197609 78.730582
v 53.563111 56.016872 78.246963
v 54.459403 56.221886 77.742871
v 52.620845 55.770382 78.896642
v 52.790124 56.526695 78.525743
v 53.666245 56.713509 78.054234
v 51.882973 56.311882 79.1187
v 51.943178 56.969791 78.923999
v 52.808091 57.146496 78.470593
v 51.092505 56.805935 79.425719
v 51.031681 57.354652 79.426525
v 51.851321 57.490517 79.046255
v 50.282911999999996 57.282738 79.763633
v 50.137668 57.755291 79.900812
v 50.858691 57.802181 79.679843
v 49.515157 57.797276 80.033965
v 49.320092 58.224888 80.21023
v 49.944506000000004 58.18462 80.186714
v 48.783625 58.344498 80.20439
v 48.591857 58.624184 80.313235
v 49.031328 58.56797 80.377018
v 58.346815 49.54818 79.985888
v 58.287593 48.920143 80.414046
v 58.280411 50.615177 79.187766
v 58.082436 51.643757 78.537685
v 57.733051 52.53574 78.132187
v 57.308959 53.360321 77.84737200000001
v 56.866934 54.168728 77.591522
v 56.356178 54.915127 77.446701
v 55.743816 55.569859 77.466012
v 55.080651 56.178761 77.567387
v 54.303334 56.684677 77.853165
v 53.472820999999996 57.142601 78.224871
v 52.543694 57.511555 78.75588
v 51.528501 57.802872 79.425915
v 50.536619 58.115211 80.058297
v 49.629255 58.503807 80.446164
v 48.699505 58.721302 80.407841
v 48.455521 58.652088 80.3107
v 58.043162 48.435425 80.246171
v 49.538888 57.818684 80.437029
v 49.175992 58.094883 80.493316
v 49.448594 57.737225 80.712054
v 49.733006 57.390221 80.6084
v 50.139296 57.153168 80.437029
v 49.881652 56.920734 80.982386
v 50.235543 56.63641 80.766496
v 50.739703 56.487652 80.437029
v 58.191715 49.045498 80.296502
v 58.064797 49.817066 79.789631
v 57.820004 50.80341 79.215177
v 57.461654 51.687302 78.824162
v 57.013654 52.490314 78.577967
v 56.538758 53.269066 78.375218
v 56.036966 54.023552 78.215915
v 55.463454 54.713333 78.17247
v 54.83615 55.354588 78.21591599999999
v 54.146091 55.939224 78.360737
v 53.391484 56.46563 78.609828
v 52.584879 56.945122 78.942915
v 51.699382 57.353443 79.403443
v 50.785196 57.735878 79.910314
v 49.933766 58.174931 80.315812
v 49.040504 58.576248 80.432543
v 57.767195 48.66251 81.213642
v 56.908128 48.773556 81.88947
v 55.833566 49.011311 82.655409
v 54.910416 49.385658 83.176762
v 54.106799 49.867847 83.505023
v 53.339042 50.382389 83.775355
v 52.607146 50.929283 83.987758
v 51.970878 51.562447 84.045687
v 51.40633 52.260319 83.987758
v 50.925458 53.033676 83.794664
v 50.530649 53.884682 83.462542
v 50.205173 54.798229 83.018425
v 49.984885 55.806679 82.404387
v 49.802848 56.849636 81.728559
v 49.537137 57.817104 81.187896
v 48.943258 58.488514 80.745419
v 57.983348 48.857517 80.062528
v 57.85643 49.629082 79.555657
v 57.611638 50.615425 78.981203
v 57.253288 51.499317 78.590188
v 56.805287 52.302334 78.343993
v 56.330391 53.081085 78.141244
v 55.828599 53.835571 77.981941
v 55.255087 54.525349 77.938496
v 54.627783 55.166607 77.981942
v 53.937725 55.751244 78.126763
v 53.183117 56.277649 78.375854
v 52.376513 56.757141 78.708941
v 51.491015000000004 57.165459 79.169469
v 50.57683 57.547897 79.676341
v 49.7254 57.98695 80.081838
v 48.901808 58.451118 80.276801
v 58.348929 49.187332 80.273919
v 58.326604 50.053261 79.598091
v 58.20035 51.146545 78.832152
v 57.922685 52.10323 78.310799
v 57.525488 52.952076 77.982539
v 57.092429 53.76857 77.712206
v 56.62351 54.552711 77.499802
v 56.058962 55.250584 77.441874
v 55.422693 55.883743 77.499804
v 54.702751 56.441422 77.692898
v 53.896744 56.921459 78.025019
v 53.021406 57.338943 78.469136
v 52.040878 57.66153 79.083174
v 51.0221 57.949604 79.759002
v 50.086997 58.313171 80.299664
v 49.119416 58.647438 80.460856
v 48.511549 58.702637 80.351217
v 58.117454 48.696026 80.358127
v 49.470156 57.756676 80.548058
v 49.986889 57.015671 80.683224
v 50.482703 56.255795 80.852181
v 50.988081 55.504543 81.005691
v 51.519756 54.77702 81.116719
v 52.068764 54.065128 81.19975
v 52.639288 53.372654 81.248023
v 53.230731 52.699047 81.262505
v 53.840104 52.041618 81.248023
v 54.473383 51.405754 81.194922
v 55.115628 50.777981 81.12734
v 55.766838 50.158295 81.045275
v 56.447931 49.565567 80.914936
v 57.166878 49.006992 80.723452
v 57.712167 48.612865 80.554495
v 58.564243 47.550449 80.363969
v 57.5038 48.424885 80.320521
v 56.958511 48.819012 80.489478
v 56.239565 49.377586 80.680962
v 55.558471 49.970314 80.811301
v 54.907262 50.589996 80.893366
v 54.265017 51.217773 80.960949
v 53.631738 51.853638 81.014049
v 53.022365 52.511066 81.028531
v 52.430922 53.184673 81.014049
v 51.860397 53.877148 80.965776
v 51.31139 54.589039 80.882746
v 50.779714999999996 55.316563 80.771717
v 50.274337 56.067814 80.618207
v 49.778522 56.82769 80.44925
v 49.261789 57.568695 80.314084
v 48.68551 58.255981 80.275107
v 48.415032 58.615562 80.332428
v 48.828163 58.384678 80.435291
v 50.866914 54.188046 82.687969
v 51.313122 53.383415 82.937061
v 51.823878 52.637016 83.081881
v 52.397391 51.947235 83.125327
v 53.024694 51.305977 83.081881
v 53.723718 50.729431 82.922579
v 54.449637 50.177147 82.71983
v 55.202450999999996 49.649124 82.473634
v 56.044916 49.201981 82.08262
v 57.00094 48.857288 81.508166
v 57.755414 48.651882 81.001294
v 57.902292 48.501919 80.705696
v 57.547048000000004 48.463902 80.767321
v 56.792573 48.669308 81.274192
v 55.83655 49.014 81.848646
v 54.994085 49.461143 82.239661
v 54.241271 49.989162 82.485856
v 53.515351 50.541451 82.688605
v 52.816328 51.117996 82.847907
v 52.189025 51.759254 82.891353
v 51.615512 52.449032 82.847907
v 51.104755 53.195431 82.703087
v 50.658547 54.000065 82.453995
v 50.264338 54.851608 82.120908
v 49.949019 55.774323 81.66038
v 49.66239 56.722919 81.153508
v 49.313005000000004 57.614902 80.748011
v 48.769689 58.331924 80.490223
v 48.462474 58.65836 80.430493
v 48.908386 58.457054 80.645965
v 49.521372 57.802883 80.981985
v 49.870756 56.9109 81.387482
v 50.157386 55.962307 81.894354
v 50.472704 55.039589 82.354882
v 52.361278999999996 55.536213 79.757339
v 53.013087 54.917065 79.674309
v 53.643378 54.278511 79.626035
v 54.252751 53.621075 79.611554
v 54.844194 52.947475 79.626035
v 55.41173 52.252296 79.679136
v 55.9703 51.549038 79.746719
v 56.519906 50.837685 79.828784
v 57.039627 50.09938 79.959122
v 57.521497 49.32692 80.150607
v 57.8576 48.744072 80.319564
v 58.618631 47.599514 80.276112
v 57.649234 48.556087 80.08559
v 57.31313 49.138939 79.916633
v 56.831261 49.911396 79.725148
v 56.311538999999996 50.649704 79.59481
v 55.761934 51.361057 79.512745
v 55.203363 52.064316 79.445162
v 54.635828000000004 52.759491 79.392062
v 54.044385 53.433094 79.37758
v 53.435012 54.090527 79.392062
v 52.80472 54.729084 79.440335
v 52.152913 55.348228 79.523365
v 51.483773 55.95174 79.634394
v 50.788336 56.531525 79.787903
v 50.083336 57.102684 79.956861
v 49.399254 57.692711 80.092027
v 48.729549 58.295712 80.203966
v 48.431391 58.630318 80.306002
v 48.872203 58.424408 80.364151
v 49.60762 57.880692 80.326
v 50.291702 57.290665 80.190835
v 50.996702 56.719505 80.021877
v 51.69214 56.139721 79.868368
v 58.253793 48.044701 80.459685
v 58.14326 47.944981 80.421898
v 58.095782 47.902149 80.282255
v 58.269369 48.05875 80.218185
v 58.316847 48.101582 80.357828
v 58.158836 47.95903 80.180398
vt 0.980831 0.998008
vt 0.392946 0.001992
vt 0.964847 0.998008
vt 0.376962 0.001992
vt 0.935471 0.998008
vt 0.347587 0.001992
vt 0.913439 0.998008
vt 0.325556 0.001992
vt 0.900479 0.998008
vt 0.312596 0.001992
vt 0.617516 0.001993
vt 0.632096 0.001993
vt 0.303524 0.001992
vt 0.646676 0.001993
vt 0.294452 0.001992
vt 0.433223 0.657736
vt 0.661255 0.001993
vt 0.447802 0.657736
vt 0.675835 0.001993
vt 0.462382 0.657736
vt 0.690415 0.001993
vt 0.476962 0.657736
vt 0.498292 0.657736
vt 0.704994 0.001993
vt 0.508662 0.657736
vt 0.719573 0.001993
vt 0.520583 0.657736
vt 0.734153 0.001993
vt 0.538469 0.657736
vt 0.748733 0.001993
vt 0.561796 0.657736
vt 0.763313 0.001993
vt 0.583826 0.657736
vt 0.777892 0.001993
vt 0.598083 0.657736
vt 0.792472 0.437606
vt 0.606532 0.222123
vt 0.005854 0.001992
vt 0.793443 0.998008
vt 0.021837 0.001992
vt 0.809427 0.998008
vt 0.051212 0.001992
vt 0.838802 0.998008
vt 0.073244 0.001992
vt 0.860835 0.998008
vt 0.086203 0.001992
vt 0.873792 0.998008
vt 0.800200 0.571599
vt 0.095275 0.001992
vt 0.814780 0.571599
vt 0.104347 0.001992
vt 0.829360 0.571599
vt 0.140928 0.001993
vt 0.155507 0.001993
vt 0.843939 0.571599
vt 0.170087 0.001993
vt 0.858519 0.571599
vt 0.184667 0.001993
vt 0.873099 0.571599
vt 0.199247 0.001993
vt 0.887679 0.571599
vt 0.213825 0.001993
vt 0.902257 0.571599
vt 0.228405 0.001993
vt 0.916837 0.571599
vt 0.242985 0.001993
vt 0.931417 0.571599
vt 0.257565 0.001993
vt 0.945997 0.571599
vt 0.272145 0.001993
vt 0.960577 0.571599
vt 0.286725 0.437606
vt 0.975157 0.135985
vt 0.610082 0.222123
vt 0.008320 0.277310
vt 0.021921 0.258916
vt 0.047031 0.258916
vt 0.067483 0.258916
vt 0.086203 0.235266
vt 0.111768 0.235268
vt 0.095275 0.235266
vt 0.126348 0.235268
vt 0.104347 0.235266
vt 0.140928 0.235268
vt 0.155507 0.258917
vt 0.170087 0.258917
vt 0.184667 0.258917
vt 0.199247 0.258917
vt 0.213826 0.258917
vt 0.228405 0.258917
vt 0.242985 0.258917
vt 0.257565 0.258917
vt 0.272145 0.291107
vt 0.286725 0.506026
vt 0.610082 0.153702
vt 0.390480 0.277310
vt 0.376878 0.258916
vt 0.351769 0.258916
vt 0.331317 0.258916
vt 0.312596 0.235266
vt 0.404064 0.424463
vt 0.418643 0.424463
vt 0.303524 0.235266
vt 0.433223 0.424463
vt 0.294452 0.235266
vt 0.447802 0.400813
vt 0.462382 0.400813
vt 0.476962 0.424463
vt 0.498292 0.424461
vt 0.491542 0.424463
vt 0.508662 0.424461
vt 0.526612 0.400812
vt 0.543319 0.400812
vt 0.564398 0.400812
vt 0.584293 0.400812
vt 0.598083 0.424461
vt 0.879844 0.998008
vt 0.894424 0.727247
vt 0.606532 0.153702
vt 0.546931 0.661675
vt 0.605858 0.235265
vt 0.546931 0.676254
vt 0.546931 0.690834
vt 0.546931 0.705414
vt 0.546931 0.719994
vt 0.546931 0.734573
vt 0.546931 0.749152
vt 0.546931 0.763732
vt 0.546931 0.778312
vt 0.546931 0.792891
vt 0.546931 0.807471
vt 0.546931 0.822051
vt 0.546931 0.836630
vt 0.546931 0.851210
vt 0.546931 0.864820
vt 0.546931 0.872613
vt 0.779614 0.575537
vt 0.664436 0.887193
vt 0.779614 0.808812
vt 0.664436 0.879403
vt 0.664436 0.865792
vt 0.664436 0.851211
vt 0.664436 0.836634
vt 0.664436 0.822053
vt 0.664436 0.807473
vt 0.664436 0.792896
vt 0.664436 0.778315
vt 0.664436 0.763734
vt 0.664436 0.749154
vt 0.664436 0.734576
vt 0.664436 0.719996
vt 0.664436 0.705419
vt 0.664436 0.690839
vt 0.664130 0.676257
vt 0.661989 0.661676
vt 0.608307 0.001992
vt 0.608001 0.095753
vt 0.589568 0.719994
vt 0.902257 0.149129
vt 0.595529 0.734573
vt 0.887679 0.149129
vt 0.600714 0.749152
vt 0.873099 0.149129
vt 0.602009 0.763732
vt 0.858519 0.149129
vt 0.602657 0.778312
vt 0.843939 0.149129
vt 0.600065 0.792891
vt 0.829360 0.149129
vt 0.595529 0.807472
vt 0.814780 0.149129
vt 0.590994 0.822050
vt 0.800200 0.149129
vt 0.829732 0.575537
vt 0.584514 0.836630
vt 0.823252 0.575537
vt 0.573498 0.851210
vt 0.812235 0.575537
vt 0.558810 0.865790
vt 0.797549 0.575537
vt 0.550818 0.872613
vt 0.789555 0.575537
vt 0.001965 0.424463
vt 0.769673 0.575538
vt 0.783501 0.575537
vt 0.660546 0.887193
vt 0.783501 0.808812
vt 0.769673 0.808811
vt 0.001965 0.657737
vt 0.652555 0.880373
vt 0.009957 0.657737
vt 0.637868 0.865792
vt 0.024645 0.657737
vt 0.626851 0.851211
vt 0.035661 0.657737
vt 0.620371 0.836634
vt 0.042141 0.657737
vt 0.111768 0.657736
vt 0.615839 0.822053
vt 0.126348 0.657736
vt 0.611301 0.807472
vt 0.140928 0.657736
vt 0.608711 0.792896
vt 0.155507 0.657736
vt 0.609359 0.778315
vt 0.170087 0.657736
vt 0.610654 0.763734
vt 0.184667 0.657736
vt 0.615839 0.749153
vt 0.199247 0.657736
vt 0.621800 0.734577
vt 0.213825 0.657736
vt 0.630741 0.719996
vt 0.228405 0.657736
vt 0.642406 0.705420
vt 0.242985 0.657736
vt 0.653418 0.690839
vt 0.257565 0.657736
vt 0.660546 0.676257
vt 0.272145 0.657736
vt 0.661102 0.661676
vt 0.286725 0.657736
vt 0.609194 0.001992
vt 0.609194 0.088128
vt 0.975157 0.001992
vt 0.550818 0.661675
vt 0.609746 0.235265
vt 0.960577 0.149129
vt 0.557947 0.676254
vt 0.945997 0.149129
vt 0.568962 0.690834
vt 0.931417 0.149129
vt 0.580625 0.705414
vt 0.916837 0.149129
vt 0.719573 0.424464
vt 0.504294 0.719994
vt 0.704994 0.424464
vt 0.498332 0.734573
vt 0.690415 0.424464
vt 0.493148 0.749152
vt 0.675835 0.424464
vt 0.491852 0.763732
vt 0.661255 0.424464
vt 0.491204 0.778312
vt 0.646676 0.424464
vt 0.493796 0.792891
vt 0.632096 0.424464
vt 0.498332 0.807472
vt 0.944544 0.575537
vt 0.617516 0.424464
vt 0.502868 0.822050
vt 0.951023 0.575537
vt 0.509348 0.836630
vt 0.962038 0.575537
vt 0.520363 0.851210
vt 0.976725 0.575537
vt 0.535051 0.865790
vt 0.984718 0.575537
vt 0.543043 0.872613
vt 0.775726 0.575537
vt 0.744917 0.808811
vt 0.396834 0.424463
vt 0.396834 0.657737
vt 0.744917 0.575537
vt 0.775726 0.808812
vt 0.668325 0.887193
vt 0.388842 0.657737
vt 0.676316 0.880373
vt 0.374154 0.657737
vt 0.691003 0.865792
vt 0.363139 0.657737
vt 0.702020 0.851211
vt 0.356659 0.657737
vt 0.708500 0.836634
vt 0.404064 0.001992
vt 0.418643 0.001992
vt 0.713033 0.822053
vt 0.433223 0.001992
vt 0.717570 0.807472
vt 0.447802 0.001992
vt 0.720160 0.792896
vt 0.462382 0.001992
vt 0.719513 0.778315
vt 0.476962 0.001992
vt 0.718217 0.763734
vt 0.491542 0.001992
vt 0.713033 0.749153
vt 0.557259 0.001992
vt 0.563221 0.001992
vt 0.707071 0.734577
vt 0.572164 0.001992
vt 0.698130 0.719996
vt 0.583826 0.001992
vt 0.686465 0.705420
vt 0.594844 0.001992
vt 0.675453 0.690839
vt 0.601971 0.001992
vt 0.668325 0.676257
vt 0.879844 0.575537
vt 0.894424 0.575537
vt 0.662872 0.661676
vt 0.607420 0.001992
vt 0.792472 0.571600
vt 0.607420 0.088128
vt 0.777892 0.424464
vt 0.601971 0.235265
vt 0.543043 0.661675
vt 0.763313 0.424464
vt 0.535915 0.676254
vt 0.748733 0.424464
vt 0.524899 0.690834
vt 0.734153 0.424464
vt 0.513235 0.705414
vt 0.779614 0.639931
vt 0.779614 0.744418
vt 0.782562 0.631912
vt 0.750970 0.631912
vt 0.782562 0.752437
vt 0.750970 0.752436
vt 0.776665 0.631912
vt 0.726213 0.752437
vt 0.776665 0.752437
vt 0.726213 0.631911
vt 0.976780 0.786773
vt 0.959770 0.786773
vt 0.940493 0.786773
vt 0.927371 0.786773
vt 0.624806 0.213228
vt 0.639386 0.213228
vt 0.653965 0.213228
vt 0.668545 0.213228
vt 0.683125 0.213228
vt 0.697705 0.213228
vt 0.712284 0.213228
vt 0.726863 0.213228
vt 0.741443 0.213228
vt 0.756023 0.213228
vt 0.770602 0.213228
vt 0.785182 0.358916
vt 0.013845 0.118629
vt 0.036525 0.118629
vt 0.062228 0.118629
vt 0.079724 0.118629
vt 0.090739 0.118629
vt 0.099811 0.118629
vt 0.148218 0.118630
vt 0.162797 0.118630
vt 0.177377 0.118630
vt 0.191957 0.118630
vt 0.206536 0.118630
vt 0.221115 0.118630
vt 0.235695 0.118630
vt 0.250275 0.118630
vt 0.264855 0.118630
vt 0.279435 0.295223
vt 0.388896 0.446501
vt 0.371886 0.446501
vt 0.352609 0.446501
vt 0.339487 0.446501
vt 0.411353 0.213227
vt 0.425933 0.213227
vt 0.440513 0.213227
vt 0.455092 0.213227
vt 0.469672 0.213227
vt 0.484252 0.213227
vt 0.537431 0.213227
vt 0.548609 0.213227
vt 0.564064 0.213227
vt 0.581073 0.213227
vt 0.594681 0.213227
vt 0.887134 0.719082
vt 0.384954 0.118629
vt 0.362275 0.118629
vt 0.336571 0.118629
vt 0.319076 0.118629
vt 0.308060 0.118629
vt 0.298988 0.118629
vt 0.440513 0.541099
vt 0.455092 0.541099
vt 0.469672 0.541099
vt 0.503477 0.541098
vt 0.514623 0.541098
vt 0.529526 0.541098
vt 0.550133 0.541098
vt 0.572811 0.541098
vt 0.590955 0.541098
vt 0.602308 0.364505
vt 0.606976 0.116486
vt 0.394890 0.329865
vt 0.550656 0.668965
vt 0.555192 0.683544
vt 0.560862 0.698124
vt 0.566014 0.712704
vt 0.569740 0.727283
vt 0.572526 0.741863
vt 0.574146 0.756442
vt 0.574632 0.771022
vt 0.574146 0.785601
vt 0.572364 0.800181
vt 0.570096 0.814761
vt 0.567342 0.829340
vt 0.562968 0.843920
vt 0.556542 0.858500
vt 0.550872 0.869201
vt 0.781088 0.692175
vt 0.660493 0.883783
vt 0.654824 0.873082
vt 0.648398 0.858501
vt 0.644023 0.843922
vt 0.641270 0.829344
vt 0.639003 0.814763
vt 0.637221 0.800184
vt 0.636735 0.785606
vt 0.637221 0.771025
vt 0.638841 0.756444
vt 0.641628 0.741865
vt 0.645353 0.727286
vt 0.650504 0.712708
vt 0.656174 0.698129
vt 0.660709 0.683548
vt 0.662018 0.668967
vt 0.608751 0.045060
vt 0.608276 0.161697
vt 0.894968 0.360364
vt 0.880389 0.360364
vt 0.865809 0.360364
vt 0.851229 0.360364
vt 0.836650 0.360364
vt 0.822070 0.360364
vt 0.807490 0.360364
vt 0.846903 0.786773
vt 0.833781 0.786773
vt 0.814503 0.786773
vt 0.797493 0.786773
vt 0.003910 0.329865
vt 0.009903 0.446502
vt 0.026913 0.446502
vt 0.046191 0.446502
vt 0.059312 0.446502
vt 0.119058 0.446502
vt 0.133638 0.446502
vt 0.148218 0.446502
vt 0.162797 0.446502
vt 0.177377 0.446502
vt 0.191957 0.446502
vt 0.206536 0.446502
vt 0.221115 0.446502
vt 0.235695 0.446502
vt 0.250275 0.446502
vt 0.264855 0.446502
vt 0.279435 0.514192
vt 0.609638 0.116486
vt 0.967867 0.214676
vt 0.953287 0.360364
vt 0.938707 0.360364
vt 0.924127 0.360364
vt 0.909547 0.360364
vt 0.524122 0.727283
vt 0.521335 0.741863
vt 0.519715 0.756442
vt 0.519229 0.771022
vt 0.519715 0.785601
vt 0.521497 0.800181
vt 0.523765 0.814761
vt 0.526519 0.829340
vt 0.530893 0.843920
vt 0.537319 0.858500
vt 0.542989 0.869201
vt 0.778139 0.692175
vt 0.668378 0.883783
vt 0.674048 0.873082
vt 0.680474 0.858501
vt 0.684848 0.843922
vt 0.687601 0.829344
vt 0.689868 0.814763
vt 0.691650 0.800184
vt 0.692136 0.785606
vt 0.691650 0.771025
vt 0.690030 0.756444
vt 0.687244 0.741865
vt 0.683518 0.727286
vt 0.678367 0.712708
vt 0.672697 0.698129
vt 0.668162 0.683548
vt 0.664406 0.668967
vt 0.607863 0.045060
vt 0.605889 0.161697
vt 0.543205 0.668965
vt 0.538669 0.683544
vt 0.532999 0.698124
vt 0.527848 0.712704
vt 0.781323 0.603725
vt 0.760321 0.692174
vt 0.781323 0.780625
vt 0.735565 0.692174
vt 0.777905 0.603725
vt 0.777905 0.780625
vt 0.972839 0.998008
vt 0.384954 0.001992
vt 0.969530 0.786773
vt 0.980722 0.575537
vt 0.539047 0.869201
vt 0.982774 0.786773
vt 0.394890 0.213228
vt 0.950159 0.998008
vt 0.362275 0.001992
vt 0.949443 0.786773
vt 0.969382 0.575537
vt 0.527707 0.858500
vt 0.924455 0.998008
vt 0.336571 0.001992
vt 0.933082 0.786773
vt 0.956531 0.575537
vt 0.514856 0.843920
vt 0.906959 0.998008
vt 0.319076 0.001992
vt 0.922511 0.786773
vt 0.617516 0.213228
vt 0.947783 0.575537
vt 0.506108 0.829340
vt 0.624806 0.001993
vt 0.308060 0.001992
vt 0.632096 0.213228
vt 0.624806 0.424464
vt 0.500600 0.814761
vt 0.639386 0.001993
vt 0.298988 0.001992
vt 0.646676 0.213228
vt 0.639386 0.424464
vt 0.496064 0.800181
vt 0.653965 0.001993
vt 0.440513 0.657736
vt 0.661255 0.213228
vt 0.653965 0.424464
vt 0.492500 0.785601
vt 0.668545 0.001993
vt 0.455092 0.657736
vt 0.675835 0.213228
vt 0.668545 0.424464
vt 0.491528 0.771022
vt 0.683125 0.001993
vt 0.469672 0.657736
vt 0.690415 0.213228
vt 0.683125 0.424464
vt 0.492500 0.756442
vt 0.697705 0.001993
vt 0.503477 0.657736
vt 0.704994 0.213228
vt 0.697705 0.424464
vt 0.495740 0.741863
vt 0.712284 0.001993
vt 0.514623 0.657736
vt 0.719573 0.213228
vt 0.712284 0.424464
vt 0.501313 0.727283
vt 0.726863 0.001993
vt 0.529526 0.657736
vt 0.734153 0.213228
vt 0.726863 0.424464
vt 0.508765 0.712704
vt 0.741443 0.001993
vt 0.550133 0.657736
vt 0.748733 0.213228
vt 0.741443 0.424464
vt 0.519067 0.698124
vt 0.756023 0.001993
vt 0.572811 0.657736
vt 0.763313 0.213228
vt 0.756023 0.424464
vt 0.530407 0.683544
vt 0.770602 0.001993
vt 0.590955 0.657736
vt 0.777892 0.249650
vt 0.770602 0.424464
vt 0.539479 0.668965
vt 0.785182 0.219799
vt 0.602308 0.439929
vt 0.792472 0.504603
vt 0.606976 0.155125
vt 0.785182 0.498032
vt 0.604695 0.161697
vt 0.013845 0.001992
vt 0.801435 0.998008
vt 0.023511 0.118629
vt 0.012860 0.258916
vt 0.007366 0.171438
vt 0.036525 0.001992
vt 0.824115 0.998008
vt 0.050294 0.118629
vt 0.034122 0.258916
vt 0.062228 0.001992
vt 0.849818 0.998008
vt 0.072110 0.118629
vt 0.058219 0.258916
vt 0.079724 0.001992
vt 0.867313 0.998008
vt 0.085717 0.118629
vt 0.074621 0.258916
vt 0.090739 0.001992
vt 0.807490 0.571599
vt 0.095275 0.118629
vt 0.090739 0.235266
vt 0.119058 0.235268
vt 0.099811 0.001992
vt 0.822070 0.571599
vt 0.104347 0.118629
vt 0.140928 0.118630
vt 0.099811 0.235266
vt 0.133638 0.235268
vt 0.148218 0.001993
vt 0.836650 0.571599
vt 0.155507 0.118630
vt 0.148218 0.258917
vt 0.162797 0.001993
vt 0.851229 0.571599
vt 0.170087 0.118630
vt 0.162797 0.258917
vt 0.177377 0.001993
vt 0.865809 0.571599
vt 0.184667 0.118630
vt 0.177377 0.258917
vt 0.191957 0.001993
vt 0.880389 0.571599
vt 0.199247 0.118630
vt 0.191957 0.258917
vt 0.206536 0.001993
vt 0.894968 0.571599
vt 0.213826 0.118630
vt 0.206536 0.258917
vt 0.221115 0.001993
vt 0.909547 0.571599
vt 0.228405 0.118630
vt 0.221115 0.258917
vt 0.235695 0.001993
vt 0.924127 0.571599
vt 0.242985 0.118630
vt 0.235695 0.258917
vt 0.250275 0.001993
vt 0.938707 0.571599
vt 0.257565 0.118630
vt 0.250275 0.258917
vt 0.264855 0.001993
vt 0.953287 0.571599
vt 0.272145 0.162779
vt 0.264855 0.258917
vt 0.279435 0.219799
vt 0.967867 0.353792
vt 0.286725 0.471816
vt 0.610082 0.187912
vt 0.279435 0.387677
vt 0.392838 0.657737
vt 0.672321 0.883783
vt 0.381647 0.446501
vt 0.385940 0.258916
vt 0.393391 0.417342
vt 0.381498 0.657737
vt 0.683659 0.873082
vt 0.361559 0.446501
vt 0.364678 0.258916
vt 0.368647 0.657737
vt 0.696511 0.858501
vt 0.345198 0.446501
vt 0.340581 0.258916
vt 0.359899 0.657737
vt 0.705260 0.843922
vt 0.334627 0.446501
vt 0.404064 0.213227
vt 0.324179 0.258916
vt 0.411353 0.001992
vt 0.710766 0.829344
vt 0.418643 0.213227
vt 0.411353 0.424463
vt 0.308060 0.235266
vt 0.425933 0.001992
vt 0.715301 0.814763
vt 0.433223 0.213227
vt 0.425933 0.424463
vt 0.298988 0.235266
vt 0.440513 0.001992
vt 0.718865 0.800184
vt 0.447802 0.213227
vt 0.440513 0.400813
vt 0.455092 0.001992
vt 0.719836 0.785606
vt 0.462382 0.213227
vt 0.455092 0.400813
vt 0.469672 0.001992
vt 0.718865 0.771025
vt 0.476962 0.213227
vt 0.469672 0.400813
vt 0.484252 0.001992
vt 0.715625 0.756444
vt 0.491542 0.213227
vt 0.532961 0.213227
vt 0.484252 0.424463
vt 0.503477 0.424461
vt 0.560240 0.001992
vt 0.710052 0.741865
vt 0.542461 0.213227
vt 0.520325 0.400812
vt 0.567692 0.001992
vt 0.702600 0.727286
vt 0.555827 0.213227
vt 0.534297 0.400812
vt 0.577995 0.001992
vt 0.692298 0.712708
vt 0.572690 0.213227
vt 0.553616 0.400812
vt 0.589335 0.001992
vt 0.680959 0.698129
vt 0.588606 0.213227
vt 0.574877 0.400812
vt 0.598407 0.001992
vt 0.671889 0.683548
vt 0.600027 0.213227
vt 0.879844 0.786772
vt 0.591886 0.400812
vt 0.887134 0.575537
vt 0.665599 0.668967
vt 0.894424 0.651392
vt 0.606976 0.077847
vt 0.887134 0.862627
vt 0.602308 0.289081
vt 0.375288 0.118629
vt 0.391434 0.171438
vt 0.348505 0.118629
vt 0.326690 0.118629
vt 0.313082 0.118629
vt 0.303524 0.118629
vt 0.294452 0.118629
vt 0.433223 0.541099
vt 0.447802 0.541099
vt 0.462382 0.541099
vt 0.476962 0.541099
vt 0.498292 0.541098
vt 0.508856 0.541098
vt 0.521329 0.541098
vt 0.539149 0.541098
vt 0.561634 0.541098
vt 0.582855 0.541098
vt 0.597357 0.496950
vt 0.605587 0.214204
vt 0.607420 0.062917
vt 0.396834 0.541100
vt 0.744917 0.692174
vt 0.546931 0.668965
vt 0.548874 0.661675
vt 0.607802 0.235265
vt 0.554382 0.668965
vt 0.953287 0.149129
vt 0.552682 0.676254
vt 0.546931 0.683544
vt 0.563454 0.683544
vt 0.938707 0.149129
vt 0.557987 0.690834
vt 0.546930 0.698124
vt 0.574793 0.698124
vt 0.924127 0.149129
vt 0.563608 0.705414
vt 0.546931 0.712704
vt 0.585097 0.712704
vt 0.909547 0.149129
vt 0.568063 0.719994
vt 0.546931 0.727283
vt 0.592548 0.727283
vt 0.894968 0.149129
vt 0.571181 0.734573
vt 0.546931 0.741863
vt 0.598121 0.741863
vt 0.880389 0.149129
vt 0.573579 0.749152
vt 0.546931 0.756442
vt 0.601361 0.756442
vt 0.865809 0.149129
vt 0.574429 0.763732
vt 0.546931 0.771022
vt 0.602333 0.771022
vt 0.851229 0.149129
vt 0.574591 0.778312
vt 0.546931 0.785601
vt 0.601361 0.785601
vt 0.836650 0.149129
vt 0.573376 0.792891
vt 0.546931 0.800181
vt 0.597797 0.800181
vt 0.822070 0.149129
vt 0.571230 0.807471
vt 0.546931 0.814761
vt 0.593261 0.814761
vt 0.807490 0.149129
vt 0.568841 0.822051
vt 0.546931 0.829340
vt 0.587754 0.829340
vt 0.826492 0.575537
vt 0.565439 0.836630
vt 0.546931 0.843920
vt 0.579006 0.843920
vt 0.817744 0.575537
vt 0.559985 0.851210
vt 0.546931 0.858500
vt 0.566154 0.858500
vt 0.804892 0.575537
vt 0.553289 0.864820
vt 0.546931 0.869201
vt 0.554814 0.869201
vt 0.793552 0.575537
vt 0.548874 0.872613
vt 0.781557 0.575537
vt 0.779614 0.692175
vt 0.781147 0.639931
vt 0.782562 0.692175
vt 0.750970 0.692174
vt 0.781147 0.744418
vt 0.656550 0.883783
vt 0.005961 0.657737
vt 0.658077 0.879403
vt 0.664436 0.883783
vt 0.662491 0.887193
vt 0.781557 0.808812
vt 0.645212 0.873082
vt 0.017301 0.657737
vt 0.651381 0.865792
vt 0.664436 0.873082
vt 0.632360 0.858501
vt 0.030153 0.657737
vt 0.645927 0.851211
vt 0.664436 0.858501
vt 0.623611 0.843922
vt 0.038901 0.657737
vt 0.642525 0.836634
vt 0.664436 0.843922
vt 0.618105 0.829344
vt 0.119058 0.657736
vt 0.640137 0.822053
vt 0.664436 0.829344
vt 0.613570 0.814763
vt 0.133638 0.657736
vt 0.637990 0.807473
vt 0.664436 0.814763
vt 0.610006 0.800184
vt 0.148218 0.657736
vt 0.636776 0.792895
vt 0.664436 0.800184
vt 0.609035 0.785606
vt 0.162797 0.657736
vt 0.636938 0.778315
vt 0.664436 0.785606
vt 0.610006 0.771025
vt 0.177377 0.657736
vt 0.637788 0.763734
vt 0.664436 0.771025
vt 0.613246 0.756444
vt 0.191957 0.657736
vt 0.640186 0.749154
vt 0.664436 0.756444
vt 0.618819 0.741865
vt 0.206536 0.657736
vt 0.643304 0.734576
vt 0.664436 0.741865
vt 0.626271 0.727286
vt 0.221115 0.657736
vt 0.647758 0.719996
vt 0.664436 0.727286
vt 0.636573 0.712708
vt 0.235695 0.657736
vt 0.653380 0.705419
vt 0.664436 0.712708
vt 0.647912 0.698129
vt 0.250275 0.657736
vt 0.658684 0.690839
vt 0.664436 0.698129
vt 0.656982 0.683548
vt 0.264855 0.657736
vt 0.661927 0.676257
vt 0.664436 0.683548
vt 0.660824 0.668967
vt 0.279435 0.657736
vt 0.661546 0.661676
vt 0.608751 0.001992
vt 0.663212 0.668967
vt 0.608307 0.045060
vt 0.609194 0.062917
vt 0.608632 0.095753
vt 0.607083 0.161697
vt 0.609470 0.161697
vt 0.967867 0.075560
vt 0.902258 0.360364
vt 0.887679 0.360364
vt 0.873099 0.360364
vt 0.858519 0.360364
vt 0.843939 0.360364
vt 0.829360 0.360364
vt 0.814780 0.360364
vt 0.800200 0.360364
vt 0.851762 0.786773
vt 0.841193 0.786773
vt 0.824830 0.786773
vt 0.804743 0.786773
vt 0.791499 0.786773
vt 0.003910 0.213227
vt 0.001965 0.541100
vt 0.769673 0.692174
vt 0.005408 0.417342
vt 0.017153 0.446502
vt 0.037240 0.446502
vt 0.053602 0.446502
vt 0.064172 0.446502
vt 0.111768 0.446502
vt 0.126348 0.446502
vt 0.140928 0.446502
vt 0.155507 0.446502
vt 0.170087 0.446502
vt 0.184667 0.446502
vt 0.199247 0.446502
vt 0.213826 0.446502
vt 0.228405 0.446502
vt 0.242985 0.446502
vt 0.257565 0.446502
vt 0.272145 0.463424
vt 0.286725 0.581881
vt 0.609638 0.077847
vt 0.609638 0.155125
vt 0.975157 0.068989
vt 0.960577 0.323942
vt 0.945997 0.360364
vt 0.931417 0.360364
vt 0.916837 0.360364
vt 0.525798 0.719994
vt 0.522680 0.734573
vt 0.520282 0.749152
vt 0.519432 0.763732
vt 0.519270 0.778312
vt 0.520485 0.792891
vt 0.522631 0.807471
vt 0.525021 0.822051
vt 0.528423 0.836630
vt 0.533876 0.851210
vt 0.540572 0.864820
vt 0.544987 0.872613
vt 0.777670 0.575537
vt 0.776665 0.692175
vt 0.726213 0.692174
vt 0.778081 0.639931
vt 0.778081 0.744418
vt 0.670794 0.879403
vt 0.666381 0.887193
vt 0.777670 0.808812
vt 0.677490 0.865792
vt 0.682944 0.851211
vt 0.686346 0.836634
vt 0.688734 0.822053
vt 0.690881 0.807473
vt 0.692096 0.792895
vt 0.691934 0.778315
vt 0.691083 0.763734
vt 0.688686 0.749154
vt 0.685567 0.734576
vt 0.681113 0.719996
vt 0.675491 0.705419
vt 0.670187 0.690839
vt 0.666332 0.676257
vt 0.662431 0.661676
vt 0.607863 0.001992
vt 0.607370 0.095753
vt 0.603915 0.235265
vt 0.544987 0.661675
vt 0.541180 0.676254
vt 0.535874 0.690834
vt 0.530253 0.705414
vt 0.783032 0.603725
vt 0.760321 0.603725
vt 0.779614 0.603725
vt 0.760321 0.780623
vt 0.783032 0.780625
vt 0.779614 0.780625
vt 0.735565 0.780624
vt 0.776196 0.603725
vt 0.735565 0.603724
vt 0.776196 0.780625
vn -0.238528 0.341076 0.909270
vn -0.301957 0.501103 0.810998
vn -0.465895 0.394427 0.792066
vn -0.503408 0.179175 0.845267
vn -0.090344 0.549996 0.830267
vn -0.302464 0.472775 0.827647
vn -0.016448 0.472305 0.881281
vn -0.213726 0.367935 0.904956
vn 0.313415 0.421589 0.850902
vn 0.120190 0.550287 0.826280
vn -0.112975 0.500101 0.858566
vn 0.263662 0.532749 0.804153
vn 0.043719 0.503195 0.863066
vn 0.252333 0.492147 0.833138
vn 0.143328 0.490522 0.859561
vn 0.343200 0.514357 0.785907
vn 0.162045 0.489384 0.856881
vn 0.395683 0.497167 0.772179
vn 0.245399 0.469160 0.848332
vn 0.377648 0.474329 0.795232
vn 0.328148 0.484750 0.810763
vn 0.424490 0.486040 0.763920
vn 0.302743 0.450647 0.839800
vn 0.441211 0.479604 0.758494
vn 0.338461 0.440089 0.831725
vn 0.432435 0.460346 0.775294
vn 0.411476 0.465086 0.783826
vn 0.451440 0.476782 0.754242
vn 0.360538 0.436176 0.824477
vn 0.456717 0.477318 0.750718
vn 0.373809 0.437685 0.817740
vn 0.453629 0.460624 0.762920
vn 0.445456 0.459099 0.768634
vn 0.465733 0.477173 0.745250
vn 0.385118 0.438890 0.811825
vn 0.476553 0.473717 0.740601
vn 0.399804 0.434191 0.807239
vn 0.467519 0.459683 0.755061
vn 0.459768 0.461753 0.758550
vn 0.487356 0.467849 0.737294
vn 0.416236 0.424452 0.804107
vn 0.498069 0.460081 0.735019
vn 0.433275 0.410220 0.802491
vn 0.484957 0.447539 0.751350
vn 0.476149 0.454866 0.752581
vn 0.503995 0.450896 0.736669
vn 0.446585 0.396487 0.802097
vn 0.506167 0.444532 0.739045
vn 0.452222 0.388708 0.802746
vn 0.495326 0.437035 0.750768
vn 0.492213 0.440763 0.750636
vn 0.511043 0.441056 0.737770
vn 0.457807 0.378783 0.804323
vn 0.519098 0.432089 0.737452
vn 0.470337 0.357523 0.806821
vn 0.503641 0.419512 0.755219
vn 0.497679 0.431333 0.752508
vn 0.525757 0.414328 0.742908
vn 0.481690 0.332636 0.810758
vn 0.528446 0.398705 0.749519
vn 0.484237 0.313124 0.816987
vn 0.510146 0.396543 0.763220
vn 0.509352 0.406702 0.758389
vn 0.529486 0.388610 0.754074
vn 0.484946 0.290689 0.824820
vn 0.533497 0.370933 0.760125
vn 0.490528 0.254585 0.833408
vn 0.511529 0.362348 0.779129
vn 0.509574 0.383319 0.770325
vn 0.539814 0.340317 0.769925
vn 0.497085 0.204114 0.843353
vn 0.545639 0.298545 0.783038
vn 0.500088 0.137142 0.855046
vn 0.514143 0.293735 0.805839
vn 0.513933 0.333464 0.790364
vn 0.549398 0.235848 0.801585
vn 0.491696 0.053737 0.869107
vn 0.540744 0.156600 0.826482
vn 0.460601 -0.043852 0.886523
vn 0.484971 0.177030 0.856425
vn 0.507142 0.242738 0.826973
vn 0.508543 0.055868 0.859222
vn 0.395843 -0.154910 0.905158
vn 0.432317 -0.066250 0.899285
vn 0.283453 -0.268573 0.920610
vn 0.346249 -0.018640 0.937958
vn 0.437220 0.090734 0.894766
vn 0.284479 -0.165805 0.944236
vn 0.123548 -0.356616 0.926046
vn 0.082661 -0.208622 0.974497
vn -0.045903 -0.390209 0.919581
vn 0.014641 -0.217082 0.976044
vn 0.194024 -0.137921 0.971253
vn -0.096121 -0.209590 0.973053
vn -0.160960 -0.387294 0.907797
vn -0.192876 -0.171751 0.966075
vn -0.226387 -0.358079 0.905830
vn -0.182656 -0.239429 0.953578
vn -0.107737 -0.241720 0.964347
vn 0.394322 0.911995 -0.113026
vn 0.222518 0.974256 -0.036223
vn 0.281010 -0.844047 0.456748
vn 0.407088 -0.848533 0.338040
vn 0.332572 0.931535 0.147101
vn 0.245523 -0.842058 0.480267
vn 0.010149 -0.966490 0.256505
vn 0.108542 -0.940447 0.322146
vn 0.196856 -0.919227 0.340983
vn 0.444884 0.843210 0.301786
vn 0.214484 -0.837599 0.502418
vn 0.514477 0.759029 0.398983
vn 0.162545 -0.830974 0.532035
vn -0.221164 -0.972479 0.073285
vn -0.102226 -0.981149 0.164003
vn 0.552234 0.702934 0.448242
vn 0.090356 -0.813239 0.574872
vn 0.577966 0.661616 0.477723
vn -0.003881 -0.780765 0.624813
vn -0.443684 -0.893719 -0.066407
vn -0.339356 -0.940637 -0.006299
vn 0.592252 0.637388 0.492923
vn -0.093893 -0.737262 0.669050
vn 0.600078 0.622926 0.501866
vn -0.158198 -0.698734 0.697671
vn -0.572137 -0.807139 -0.145551
vn -0.523719 -0.844522 -0.111808
vn 0.603727 0.614168 0.508243
vn -0.195482 -0.673202 0.713152
vn 0.603826 0.610032 0.513084
vn -0.205601 -0.664341 0.718595
vn -0.606902 -0.770905 -0.193325
vn -0.597761 -0.783110 -0.171524
vn 0.604827 0.602663 0.520559
vn -0.223899 -0.654095 0.722516
vn 0.608770 0.593001 0.527020
vn -0.270821 -0.622508 0.734261
vn -0.635108 -0.739187 -0.224143
vn -0.615108 -0.759931 -0.210115
vn 0.614670 0.582707 0.531633
vn -0.340336 -0.568431 0.749038
vn 0.622045 0.571929 0.534750
vn -0.426858 -0.490449 0.759771
vn -0.698399 -0.674356 -0.239756
vn -0.663692 -0.710301 -0.234492
vn 0.630245 0.564792 0.532731
vn -0.496232 -0.411914 0.764252
vn 0.635765 0.561448 0.529697
vn -0.528955 -0.368577 0.764433
vn -0.741870 -0.625137 -0.242556
vn -0.727523 -0.641646 -0.242900
vn 0.638924 0.556425 0.531194
vn -0.566699 -0.325851 0.756752
vn 0.646763 0.547265 0.531224
vn -0.634444 -0.233538 0.736845
vn -0.794088 -0.565189 -0.223578
vn -0.759239 -0.606783 -0.235311
vn 0.661636 0.536918 0.523409
vn -0.689948 -0.130581 0.711983
vn 0.674313 0.530301 0.513890
vn -0.713290 -0.076897 0.696638
vn -0.849028 -0.492880 -0.190318
vn -0.828313 -0.519483 -0.209847
vn 0.682332 0.526500 0.507170
vn -0.730252 -0.043470 0.681794
vn 0.696158 0.517682 0.497363
vn -0.756133 0.017713 0.654178
vn -0.899976 -0.416950 -0.127261
vn -0.869511 -0.466436 -0.162443
vn 0.719263 0.502209 0.480049
vn -0.779337 0.090950 0.619969
vn 0.749072 0.482073 0.454420
vn -0.794559 0.153734 0.587403
vn -0.961928 -0.272192 -0.024615
vn -0.933119 -0.349921 -0.082724
vn 0.790253 0.453138 0.412512
vn -0.801277 0.197843 0.564636
vn 0.836020 0.422994 0.349494
vn -0.801272 0.206906 0.561385
vn -0.981089 -0.136318 0.137408
vn -0.979560 -0.195356 0.047941
vn 0.883382 0.394042 0.253709
vn -0.795849 0.182413 0.577365
vn 0.920697 0.374349 0.110366
vn -0.780817 0.118378 0.613442
vn -0.925302 -0.104869 0.364442
vn -0.964509 -0.101998 0.243554
vn 0.908829 0.410302 -0.075381
vn -0.743843 0.018647 0.668094
vn 0.806106 0.531242 -0.260720
vn -0.688410 -0.109131 0.717065
vn -0.753438 -0.274806 0.597339
vn -0.856412 -0.159647 0.490990
vn 0.645660 0.661782 -0.381010
vn -0.626626 -0.246424 0.739334
vn 0.530862 0.736639 -0.418985
vn -0.614630 -0.256755 0.745860
vn -0.599676 -0.428311 0.675972
vn -0.653044 -0.386135 0.651485
vn 0.367233 -0.099799 -0.924760
vn 0.259357 -0.382550 -0.886786
vn 0.547983 -0.393006 -0.738418
vn 0.686547 -0.247856 -0.683535
vn 0.016446 -0.472303 -0.881283
vn 0.383898 -0.456583 -0.802592
vn 0.587152 -0.445938 -0.675567
vn 0.678372 -0.426371 -0.598347
vn 0.731857 -0.436564 -0.523256
vn -0.143331 -0.490520 -0.859562
vn 0.207153 -0.486541 -0.848744
vn -0.252334 -0.492149 -0.833137
vn 0.049647 -0.492895 -0.868671
vn 0.329043 -0.476101 -0.815511
vn 0.464005 -0.470314 -0.750669
vn -0.328148 -0.484751 -0.810762
vn -0.079823 -0.479833 -0.873721
vn -0.377647 -0.474326 -0.795234
vn -0.175413 -0.457485 -0.871744
vn 0.072982 -0.427603 -0.901016
vn 0.193179 -0.460206 -0.866540
vn -0.411476 -0.465086 -0.783826
vn -0.244064 -0.435922 -0.866259
vn -0.432437 -0.460347 -0.775293
vn -0.287617 -0.423481 -0.859035
vn -0.090514 -0.372631 -0.923555
vn -0.024091 -0.393776 -0.918891
vn -0.445456 -0.459100 -0.768633
vn -0.314710 -0.418934 -0.851735
vn -0.453630 -0.460625 -0.762918
vn -0.331166 -0.420916 -0.844487
vn -0.159235 -0.367038 -0.916475
vn -0.133323 -0.364109 -0.921764
vn -0.459769 -0.461753 -0.758549
vn -0.344339 -0.422339 -0.838487
vn -0.467516 -0.459681 -0.755064
vn -0.361770 -0.416542 -0.834035
vn -0.210138 -0.355790 -0.910635
vn -0.180471 -0.367815 -0.912219
vn -0.476148 -0.454865 -0.752583
vn -0.381629 -0.404525 -0.831095
vn -0.484957 -0.447539 -0.751349
vn -0.402369 -0.386871 -0.829717
vn -0.282658 -0.299291 -0.911334
vn -0.245141 -0.332695 -0.910615
vn -0.492213 -0.440763 -0.750636
vn -0.419173 -0.370286 -0.828965
vn -0.495327 -0.437036 -0.750767
vn -0.426447 -0.361136 -0.829291
vn -0.328598 -0.252293 -0.910149
vn -0.314251 -0.268811 -0.910487
vn -0.497680 -0.431334 -0.752506
vn -0.432895 -0.348440 -0.831380
vn -0.503640 -0.419511 -0.755221
vn -0.447964 -0.321680 -0.834177
vn -0.367798 -0.180605 -0.912198
vn -0.340311 -0.228838 -0.912043
vn -0.509351 -0.406701 -0.758391
vn -0.462063 -0.291900 -0.837432
vn -0.510145 -0.396543 -0.763221
vn -0.465236 -0.269038 -0.843312
vn -0.403096 -0.090579 -0.910664
vn -0.395160 -0.128708 -0.909551
vn -0.509575 -0.383320 -0.770324
vn -0.465837 -0.241458 -0.851290
vn -0.511529 -0.362347 -0.779130
vn -0.472201 -0.197583 -0.859062
vn -0.415927 0.019742 -0.909184
vn -0.404748 -0.047142 -0.913212
vn -0.513932 -0.333463 -0.790365
vn -0.479474 -0.138023 -0.866634
vn -0.514144 -0.293737 -0.805838
vn -0.481999 -0.060796 -0.874060
vn -0.433946 0.204135 -0.877508
vn -0.428897 0.104970 -0.897234
vn -0.507142 -0.242739 -0.826973
vn -0.470848 0.030972 -0.881670
vn -0.484973 -0.177031 -0.856423
vn -0.434405 0.133319 -0.890796
vn -0.381531 0.404583 -0.831112
vn -0.421954 0.307694 -0.852806
vn -0.437224 -0.090736 -0.894764
vn -0.363337 0.242884 -0.899441
vn -0.346249 0.018641 -0.937957
vn -0.246830 0.346401 -0.905031
vn -0.197971 0.551308 -0.810473
vn -0.308919 0.489457 -0.815476
vn -0.205679 0.146756 -0.967553
vn -0.095549 0.426439 -0.899455
vn -0.055339 0.256588 -0.964935
vn 0.046923 0.465174 -0.883975
vn 0.071073 0.577821 -0.813063
vn -0.059090 0.582097 -0.810970
vn 0.042317 0.323112 -0.945414
vn 0.134739 0.473580 -0.870383
vn 0.072145 0.381760 -0.921442
vn 0.164544 0.498389 -0.851196
vn 0.192258 0.553417 -0.810411
vn 0.155466 0.555970 -0.816534
vn 0.831854 -0.347089 -0.433069
vn 0.816056 -0.479578 -0.322578
vn 0.828774 -0.315869 -0.461909
vn 0.826133 -0.285789 -0.485622
vn 0.816608 -0.240901 -0.524516
vn 0.801104 -0.172027 -0.573271
vn 0.772710 -0.080157 -0.629678
vn 0.737967 0.013212 -0.674707
vn 0.707917 0.082652 -0.701443
vn 0.688384 0.124199 -0.714634
vn 0.683207 0.137510 -0.717160
vn 0.671868 0.154032 -0.724477
vn 0.641849 0.200871 -0.740054
vn 0.592503 0.273148 -0.757846
vn 0.521139 0.364802 -0.771578
vn 0.454364 0.445682 -0.771311
vn 0.418882 0.486538 -0.766693
vn 0.375173 0.523878 -0.764721
vn 0.285863 0.596735 -0.749793
vn 0.195297 0.668053 -0.718028
vn 0.149408 0.701395 -0.696938
vn 0.115627 0.719656 -0.684636
vn 0.056317 0.750682 -0.658259
vn -0.011247 0.783890 -0.620798
vn -0.068983 0.808328 -0.584677
vn -0.107282 0.823943 -0.556424
vn -0.113350 0.827527 -0.549864
vn -0.088716 0.820359 -0.564926
vn -0.028012 0.797532 -0.602626
vn 0.058613 0.762037 -0.644876
vn 0.128798 0.721708 -0.680110
vn 0.178056 0.675454 -0.715583
vn 0.162765 0.690017 -0.705255
vn -0.147415 0.845519 -0.513193
vn -0.255067 0.837213 -0.483752
vn 0.802955 -0.338133 -0.490845
vn 0.608129 0.254745 -0.751854
vn 0.570284 0.514492 0.640370
vn 0.553547 0.532695 0.640173
vn 0.692954 0.585257 0.421057
vn 0.678636 0.543277 0.494271
vn 0.492830 0.593328 0.636459
vn 0.656155 0.685927 0.314587
vn 0.759685 0.571942 -0.309453
vn 0.862549 0.490985 -0.122246
vn 0.882370 0.465028 0.071924
vn 0.570284 0.514491 0.640370
vn 0.570285 0.514492 0.640370
vn 0.653857 0.531954 0.538049
vn 0.636245 0.526741 0.563681
vn 0.856047 0.468582 0.218207
vn 0.819002 0.478380 0.316841
vn 0.570287 0.514492 0.640368
vn 0.570286 0.514494 0.640368
vn 0.623654 0.524814 0.579332
vn 0.614318 0.524824 0.589214
vn 0.782835 0.491457 0.381626
vn 0.750432 0.506908 0.424142
vn 0.570284 0.514492 0.640371
vn 0.570285 0.514490 0.640371
vn 0.607244 0.525594 0.595824
vn 0.602155 0.526429 0.600235
vn 0.722810 0.521906 0.452947
vn 0.701504 0.533735 0.472248
vn 0.570286 0.514491 0.640370
vn 0.570284 0.514492 0.640370
vn 0.598448 0.526975 0.603455
vn 0.596022 0.526944 0.605877
vn 0.685447 0.541985 0.486224
vn 0.675177 0.545430 0.496630
vn 0.570283 0.514492 0.640371
vn 0.570284 0.514491 0.640371
vn 0.594186 0.527167 0.607486
vn 0.592056 0.528295 0.608584
vn 0.667070 0.548994 0.503610
vn 0.656402 0.557328 0.508451
vn 0.570286 0.514491 0.640369
vn 0.570284 0.514491 0.640371
vn 0.590114 0.529418 0.609493
vn 0.589149 0.529855 0.610047
vn 0.646332 0.565441 0.512378
vn 0.641446 0.568860 0.514729
vn 0.570284 0.514493 0.640370
vn 0.570287 0.514492 0.640368
vn 0.588575 0.530438 0.610094
vn 0.587593 0.531787 0.609867
vn 0.638124 0.572398 0.514935
vn 0.631904 0.580110 0.513974
vn 0.570286 0.514490 0.640369
vn 0.570284 0.514492 0.640371
vn 0.586552 0.533415 0.609447
vn 0.585959 0.535004 0.608623
vn 0.624991 0.589146 0.512145
vn 0.620110 0.597346 0.508568
vn 0.570284 0.514492 0.640371
vn 0.570286 0.514492 0.640369
vn 0.585831 0.536438 0.607483
vn 0.586240 0.537578 0.606080
vn 0.617567 0.604114 0.503644
vn 0.617856 0.608785 0.497629
vn 0.570286 0.514492 0.640369
vn 0.570284 0.514492 0.640370
vn 0.586802 0.539073 0.604205
vn 0.586983 0.541444 0.601905
vn 0.618174 0.614918 0.489630
vn 0.615397 0.625406 0.479744
vn 0.570286 0.514494 0.640367
vn 0.570286 0.514492 0.640369
vn 0.586709 0.545241 0.598736
vn 0.585819 0.551335 0.594008
vn 0.608211 0.642575 0.466023
vn 0.594241 0.669730 0.445353
vn 0.570286 0.514492 0.640369
vn 0.570286 0.514492 0.640368
vn 0.584724 0.560250 0.586701
vn 0.583952 0.574018 0.574024
vn 0.574212 0.706739 0.413279
vn 0.546001 0.757087 0.358751
vn 0.570285 0.514493 0.640368
vn 0.570286 0.514493 0.640368
vn 0.583560 0.594485 0.553214
vn 0.582739 0.627208 0.516745
vn 0.506247 0.817934 0.273310
vn 0.442008 0.885908 0.140699
vn 0.604860 0.474573 0.639472
vn 0.580220 0.503355 0.640296
vn 0.616550 0.626474 0.476860
vn 0.634403 0.486080 0.601048
vn 0.393794 0.916016 -0.076421
vn 0.621215 0.699283 0.353690
vn -0.401992 -0.670648 -0.623405
vn 0.669842 -0.742504 0.000002
vn 0.297793 -0.856023 0.422545
vn -0.511363 -0.804329 -0.302594
vn 0.708362 0.331068 0.623392
vn 0.514258 0.120956 0.849063
vn -0.091017 -0.226043 0.969856
vn -0.329244 -0.571037 0.752007
vn -0.607540 -0.692031 0.389856
vn -0.433528 -0.822226 0.368778
vn -0.349559 -0.931896 0.096843
vn -0.589172 -0.679963 -0.436493
vn -0.630296 -0.696270 -0.343417
vn -0.442008 -0.885907 -0.140702
vn -0.582739 -0.627206 -0.516747
vn -0.570286 -0.514492 -0.640369
vn -0.560225 -0.525515 -0.640299
vn -0.534130 -0.552985 -0.639463
vn -0.506248 -0.817932 -0.273313
vn -0.583561 -0.594485 -0.553213
vn -0.546001 -0.757087 -0.358751
vn -0.583953 -0.574018 -0.574023
vn -0.570285 -0.514492 -0.640369
vn -0.570287 -0.514493 -0.640367
vn -0.574213 -0.706740 -0.413277
vn -0.584724 -0.560252 -0.586699
vn -0.594240 -0.669730 -0.445354
vn -0.585819 -0.551335 -0.594009
vn -0.570285 -0.514492 -0.640369
vn -0.570284 -0.514492 -0.640370
vn -0.608211 -0.642575 -0.466022
vn -0.586710 -0.545241 -0.598736
vn -0.615397 -0.625408 -0.479741
vn -0.586984 -0.541446 -0.601902
vn -0.570285 -0.514491 -0.640370
vn -0.570285 -0.514490 -0.640370
vn -0.618172 -0.614919 -0.489630
vn -0.586802 -0.539074 -0.604204
vn -0.617856 -0.608784 -0.497631
vn -0.586239 -0.537576 -0.606082
vn -0.570284 -0.514492 -0.640370
vn -0.570285 -0.514493 -0.640369
vn -0.617567 -0.604113 -0.503645
vn -0.585830 -0.536437 -0.607485
vn -0.620108 -0.597347 -0.508569
vn -0.585958 -0.535004 -0.608625
vn -0.570286 -0.514491 -0.640369
vn -0.570285 -0.514491 -0.640370
vn -0.624990 -0.589147 -0.512146
vn -0.586552 -0.533414 -0.609448
vn -0.631906 -0.580109 -0.513973
vn -0.587593 -0.531786 -0.609866
vn -0.570284 -0.514492 -0.640371
vn -0.570284 -0.514492 -0.640370
vn -0.638125 -0.572398 -0.514934
vn -0.588576 -0.530439 -0.610093
vn -0.641445 -0.568862 -0.514728
vn -0.589148 -0.529855 -0.610047
vn -0.570285 -0.514491 -0.640370
vn -0.570286 -0.514491 -0.640369
vn -0.646332 -0.565443 -0.512376
vn -0.590113 -0.529417 -0.609495
vn -0.656402 -0.557327 -0.508451
vn -0.592055 -0.528294 -0.608585
vn -0.570283 -0.514492 -0.640371
vn -0.570283 -0.514492 -0.640371
vn -0.667070 -0.548994 -0.503611
vn -0.594186 -0.527166 -0.607486
vn -0.675178 -0.545430 -0.496630
vn -0.596022 -0.526944 -0.605878
vn -0.570284 -0.514491 -0.640371
vn -0.570284 -0.514491 -0.640371
vn -0.685447 -0.541986 -0.486224
vn -0.598447 -0.526974 -0.603456
vn -0.701503 -0.533735 -0.472251
vn -0.602154 -0.526428 -0.600236
vn -0.570286 -0.514493 -0.640368
vn -0.570285 -0.514493 -0.640369
vn -0.722809 -0.521905 -0.452948
vn -0.607245 -0.525594 -0.595823
vn -0.750431 -0.506909 -0.424142
vn -0.614318 -0.524825 -0.589213
vn -0.570285 -0.514492 -0.640369
vn -0.570286 -0.514491 -0.640370
vn -0.782835 -0.491458 -0.381627
vn -0.623653 -0.524814 -0.579333
vn -0.819001 -0.478382 -0.316841
vn -0.636245 -0.526742 -0.563680
vn -0.570286 -0.514490 -0.640370
vn -0.570285 -0.514493 -0.640369
vn -0.856045 -0.468585 -0.218210
vn -0.653858 -0.531956 -0.538045
vn -0.882370 -0.465028 -0.071922
vn -0.678640 -0.543278 -0.494264
vn -0.570284 -0.514492 -0.640370
vn -0.570284 -0.514492 -0.640370
vn -0.870297 -0.477970 0.118858
vn -0.707862 -0.566668 -0.421686
vn -0.796234 -0.522524 0.304926
vn -0.727768 -0.608038 -0.317243
vn -0.570283 -0.514491 -0.640372
vn -0.570285 -0.514492 -0.640370
vn -0.708558 -0.563318 0.424992
vn -0.738519 -0.643591 -0.200949
vn -0.677484 -0.550402 0.487928
vn -0.785531 -0.609952 -0.104401
vn -0.643685 -0.425486 -0.636106
vn -0.579879 -0.503738 -0.640303
vn 0.300138 0.741608 0.599946
vn -0.669860 0.742487 -0.000062
vn -0.911122 0.388709 0.136978
vn 0.478452 0.869432 0.123172
vn -0.828425 0.226336 0.512333
vn 0.557746 0.688041 -0.464240
vn 0.408804 0.665343 0.624659
vn 0.580165 0.788180 0.205379
vn 0.638736 0.647547 -0.415571
vn 0.749544 0.529399 0.397393
vn 0.734282 0.538706 0.413068
vn 0.773600 0.509964 0.376139
vn 0.720375 0.547975 0.425186
vn 0.701131 0.565737 0.434002
vn 0.683769 0.582637 0.439312
vn 0.675508 0.590149 0.442055
vn 0.668774 0.596937 0.443179
vn 0.656167 0.611307 0.442435
vn 0.642208 0.628316 0.439076
vn 0.631519 0.643238 0.432930
vn 0.624906 0.655221 0.424475
vn 0.623522 0.662968 0.414360
vn 0.621790 0.671868 0.402456
vn 0.613393 0.688120 0.387608
vn 0.595414 0.714686 0.367022
vn 0.562680 0.755401 0.335799
vn 0.515009 0.807815 0.286706
vn 0.449063 0.868886 0.208280
vn 0.361194 0.927881 0.092601
vn 0.245948 0.967532 -0.058243
vn 0.162385 0.961236 -0.222836
vn 0.268486 0.875556 -0.401644
vn -0.319893 -0.582483 0.747250
vn 0.219324 -0.864665 0.451941
vn -0.022016 -0.887096 0.461060
vn -0.078804 -0.958473 0.274081
vn -0.189640 -0.974007 0.123886
vn -0.307955 -0.951255 -0.016647
vn -0.406209 -0.904154 -0.132289
vn -0.486158 -0.846414 -0.217333
vn -0.546197 -0.791996 -0.272785
vn -0.588598 -0.746751 -0.309702
vn -0.612257 -0.716362 -0.334615
vn -0.623622 -0.697627 -0.352720
vn -0.626539 -0.687390 -0.367348
vn -0.628791 -0.678962 -0.378989
vn -0.637452 -0.665257 -0.388702
vn -0.651087 -0.647623 -0.395816
vn -0.668648 -0.627094 -0.399579
vn -0.684069 -0.609263 -0.401058
vn -0.692021 -0.600733 -0.400284
vn -0.702260 -0.591453 -0.396250
vn -0.723475 -0.570235 -0.389123
vn -0.745722 -0.547810 -0.379214
vn -0.761083 -0.535940 -0.365406
vn -0.778488 -0.523520 -0.346240
vn -0.805548 -0.498319 -0.320579
vn -0.839359 -0.462699 -0.285283
vn -0.877668 -0.417755 -0.234903
vn -0.914551 -0.369320 -0.164923
vn -0.942999 -0.325517 -0.069224
vn -0.955068 -0.290964 0.056433
vn -0.937551 -0.276742 0.210741
vn -0.875887 -0.302758 0.375712
vn -0.767595 -0.385035 0.512392
vn -0.664548 -0.465135 0.584829
vn -0.620752 -0.477037 0.622176
vn -0.777310 0.149176 0.611175
vn 0.549083 0.615083 -0.565845
vn 0.633036 0.549739 -0.545025
vn 0.760447 0.453190 -0.465123
vn 0.881818 0.352301 -0.313497
vn 0.937248 0.321252 -0.135514
vn 0.941170 0.337063 0.024250
vn 0.917734 0.368561 0.148077
vn 0.882243 0.406074 0.238224
vn 0.842549 0.446099 0.301841
vn 0.805044 0.481943 0.345883
vn 0.553658 0.486569 0.675806
vn 0.554113 0.489135 0.673577
vn 0.553561 0.482590 0.678732
vn 0.554191 0.491085 0.672092
vn 0.553367 0.493392 0.671081
vn 0.552510 0.495491 0.670240
vn 0.552207 0.496526 0.669724
vn 0.551687 0.497160 0.669682
vn 0.550430 0.498261 0.669897
vn 0.548892 0.499438 0.670283
vn 0.547318 0.500143 0.671043
vn 0.545831 0.500351 0.672099
vn 0.544563 0.499980 0.673403
vn 0.542890 0.499458 0.675139
vn 0.540343 0.499367 0.677246
vn 0.536331 0.499791 0.680116
vn 0.529903 0.500892 0.684332
vn 0.520330 0.502158 0.690720
vn 0.505035 0.502818 0.701508
vn 0.481271 0.502204 0.718449
vn 0.440840 0.499191 0.745968
vn 0.430528 0.458653 0.777356
vn 0.588284 0.444468 0.675552
vn 0.234191 0.067353 -0.969855
vn 0.601800 0.268925 -0.752008
vn 0.820951 -0.384037 -0.422557
vn -0.173063 -0.499112 -0.849080
vn 0.750712 0.533341 -0.389844
vn 0.852547 0.426149 0.302589
vn -0.364230 -0.477023 -0.799866
vn -0.312137 -0.409234 -0.857379
vn -0.440840 -0.499188 -0.745970
vn -0.481270 -0.502203 -0.718451
vn -0.505034 -0.502818 -0.701509
vn -0.520329 -0.502158 -0.690721
vn -0.529903 -0.500891 -0.684333
vn -0.536332 -0.499790 -0.680116
vn -0.540343 -0.499367 -0.677246
vn -0.542891 -0.499460 -0.675136
vn -0.544564 -0.499980 -0.673401
vn -0.545831 -0.500351 -0.672099
vn -0.547317 -0.500144 -0.671044
vn -0.548892 -0.499437 -0.670284
vn -0.550431 -0.498261 -0.669897
vn -0.551686 -0.497159 -0.669684
vn -0.552206 -0.496526 -0.669724
vn -0.552509 -0.495492 -0.670240
vn -0.553367 -0.493390 -0.671082
vn -0.554190 -0.491084 -0.672094
vn -0.554112 -0.489136 -0.673577
vn -0.553660 -0.486570 -0.675803
vn -0.553562 -0.482589 -0.678732
vn -0.553469 -0.477079 -0.682692
vn -0.552830 -0.469353 -0.688540
vn -0.550732 -0.459027 -0.697129
vn -0.545410 -0.444790 -0.710415
vn -0.534210 -0.424013 -0.731323
vn -0.511190 -0.392213 -0.764757
vn -0.467484 -0.339143 -0.816358
vn -0.402277 -0.262764 -0.877000
vn -0.347414 -0.181206 -0.920037
vn -0.350430 -0.069598 -0.933999
vn -0.577281 0.714370 -0.395503
vn 0.087304 0.392037 0.915798
vn 0.208464 0.346573 0.914565
vn 0.332257 0.339682 0.879898
vn 0.451475 0.356524 0.817961
vn 0.511196 0.392218 0.764751
vn 0.534212 0.424014 0.731321
vn 0.545409 0.444790 0.710416
vn 0.550731 0.459026 0.697130
vn 0.552830 0.469352 0.688540
vn 0.553469 0.477079 0.682691
vn 0.580523 0.372993 0.723788
vn 0.630815 0.442315 0.637519
vn -0.033273 -0.204399 0.978322
vn -0.417350 -0.495507 0.761769
vn -0.597417 -0.662182 0.452335
vn -0.626829 -0.695317 -0.351597
vn -0.504703 -0.582110 -0.637513
vn 0.529861 0.359040 -0.768334
vn 0.273195 0.123259 -0.954029
vn 0.779704 0.529043 -0.334927
vn 0.694542 0.475856 0.539604
vn -0.316593 -0.415431 -0.852752
s 1
g pCube2
usemtl phong2SG
f 1397/2056/1397 1747/2553/1398 1921/2379/1399 1750/2558/1400
f 1747/2553/1398 1398/2058/1401 1748/2555/1402 1921/2379/1399
f 1921/2379/1399 1748/2555/1402 1543/2311/1403 1749/2556/1404
f 1750/2558/1400 1921/2379/1399 1749/2556/1404 1544/2313/1405
f 1398/2058/1401 1751/2560/1406 1922/2380/1407 1748/2555/1402
f 1751/2560/1406 1399/2060/1408 1752/2562/1409 1922/2380/1407
f 1922/2380/1407 1752/2562/1409 1542/2309/1410 1753/2563/1411
f 1748/2555/1402 1922/2380/1407 1753/2563/1411 1543/2311/1403
f 1399/2060/1408 1754/2565/1412 1923/2381/1413 1752/2562/1409
f 1754/2565/1412 1400/2062/1414 1755/2567/1415 1923/2381/1413
f 1923/2381/1413 1755/2567/1415 1541/2307/1416 1756/2568/1417
f 1752/2562/1409 1923/2381/1413 1756/2568/1417 1542/2309/1410
f 1400/2062/1414 1757/2570/1418 1924/2382/1419 1755/2567/1415
f 1757/2570/1418 1401/2064/1420 1758/2572/1421 1924/2382/1419
f 1924/2382/1419 1758/2572/1421 1540/2304/1422 1759/2574/1423
f 1755/2567/1415 1924/2382/1419 1759/2574/1423 1541/2307/1416
f 1401/2066/1420 1760/2576/1424 1925/2383/1425 1758/2573/1421
f 1760/2576/1424 1402/2067/1426 1761/2578/1427 1925/2383/1425
f 1925/2383/1425 1761/2578/1427 1539/2302/1428 1762/2579/1429
f 1758/2573/1421 1925/2383/1425 1762/2579/1429 1540/2305/1422
f 1402/2067/1426 1763/2581/1430 1926/2384/1431 1761/2578/1427
f 1763/2581/1430 1403/2069/1432 1764/2583/1433 1926/2384/1431
f 1926/2384/1431 1764/2583/1433 1538/2300/1434 1765/2584/1435
f 1761/2578/1427 1926/2384/1431 1765/2584/1435 1539/2302/1428
f 1403/2069/1432 1766/2586/1436 1927/2385/1437 1764/2583/1433
f 1766/2586/1436 1404/2072/1438 1767/2588/1439 1927/2385/1437
f 1927/2385/1437 1767/2588/1439 1537/2298/1440 1768/2589/1441
f 1764/2583/1433 1927/2385/1437 1768/2589/1441 1538/2300/1434
f 1404/2072/1438 1769/2591/1442 1928/2386/1443 1767/2588/1439
f 1769/2591/1442 1405/2074/1444 1770/2593/1445 1928/2386/1443
f 1928/2386/1443 1770/2593/1445 1536/2296/1446 1771/2594/1447
f 1767/2588/1439 1928/2386/1443 1771/2594/1447 1537/2298/1440
f 1405/2074/1444 1772/2596/1448 1929/2387/1449 1770/2593/1445
f 1772/2596/1448 1406/2076/1450 1773/2598/1451 1929/2387/1449
f 1929/2387/1449 1773/2598/1451 1535/2294/1452 1774/2599/1453
f 1770/2593/1445 1929/2387/1449 1774/2599/1453 1536/2296/1446
f 1406/2076/1450 1775/2601/1454 1930/2388/1455 1773/2598/1451
f 1775/2601/1454 1407/2079/1456 1776/2603/1457 1930/2388/1455
f 1930/2388/1455 1776/2603/1457 1534/2292/1458 1777/2604/1459
f 1773/2598/1451 1930/2388/1455 1777/2604/1459 1535/2294/1452
f 1407/2079/1456 1778/2606/1460 1931/2389/1461 1776/2603/1457
f 1778/2606/1460 1408/2081/1462 1779/2608/1463 1931/2389/1461
f 1931/2389/1461 1779/2608/1463 1533/2290/1464 1780/2609/1465
f 1776/2603/1457 1931/2389/1461 1780/2609/1465 1534/2292/1458
f 1408/2081/1462 1781/2611/1466 1932/2390/1467 1779/2608/1463
f 1781/2611/1466 1409/2083/1468 1782/2613/1469 1932/2390/1467
f 1932/2390/1467 1782/2613/1469 1566/2367/1470 1783/2614/1471
f 1779/2608/1463 1932/2390/1467 1783/2614/1471 1533/2290/1464
f 1409/2083/1468 1784/2616/1472 1933/2391/1473 1782/2613/1469
f 1784/2616/1472 1410/2085/1474 1785/2618/1475 1933/2391/1473
f 1933/2391/1473 1785/2618/1475 1565/2365/1476 1786/2619/1477
f 1782/2613/1469 1933/2391/1473 1786/2619/1477 1566/2367/1470
f 1410/2085/1474 1787/2621/1478 1934/2392/1479 1785/2618/1475
f 1787/2621/1478 1411/2087/1480 1788/2623/1481 1934/2392/1479
f 1934/2392/1479 1788/2623/1481 1564/2363/1482 1789/2624/1483
f 1785/2618/1475 1934/2392/1479 1789/2624/1483 1565/2365/1476
f 1411/2087/1480 1790/2626/1484 1935/2393/1485 1788/2623/1481
f 1790/2626/1484 1412/2089/1486 1791/2628/1487 1935/2393/1485
f 1935/2393/1485 1791/2628/1487 1563/2360/1488 1792/2629/1489
f 1788/2623/1481 1935/2393/1485 1792/2629/1489 1564/2363/1482
f 1412/2089/1486 1793/2631/1490 1936/2394/1491 1791/2628/1487
f 1793/2631/1490 1413/2091/1492 1794/2633/1493 1936/2394/1491
f 1936/2394/1491 1794/2633/1493 1562/2358/1494 1795/2635/1495
f 1791/2628/1487 1936/2394/1491 1795/2635/1495 1563/2360/1488
f 1414/2093/1496 1796/2637/1497 1937/2395/1498 1799/2641/1499
f 1796/2637/1497 1415/2095/1500 1797/2639/1501 1937/2395/1498
f 1937/2395/1498 1797/2639/1501 1432/2131/1502 1798/2640/1503
f 1799/2641/1499 1937/2395/1498 1798/2640/1503 1431/2130/1504
f 1415/2095/1500 1800/2642/1505 1938/2396/1506 1797/2639/1501
f 1800/2642/1505 1416/2097/1507 1801/2644/1508 1938/2396/1506
f 1938/2396/1506 1801/2644/1508 1433/2132/1509 1802/2645/1510
f 1797/2639/1501 1938/2396/1506 1802/2645/1510 1432/2131/1502
f 1416/2097/1507 1803/2646/1511 1939/2397/1512 1801/2644/1508
f 1803/2646/1511 1417/2099/1513 1804/2648/1514 1939/2397/1512
f 1939/2397/1512 1804/2648/1514 1434/2133/1515 1805/2649/1516
f 1801/2644/1508 1939/2397/1512 1805/2649/1516 1433/2132/1509
f 1417/2099/1513 1806/2650/1517 1940/2398/1518 1804/2648/1514
f 1806/2650/1517 1418/2101/1519 1807/2652/1520 1940/2398/1518
f 1940/2398/1518 1807/2652/1520 1435/2134/1521 1808/2653/1522
f 1804/2648/1514 1940/2398/1518 1808/2653/1522 1434/2133/1515
f 1418/2101/1519 1809/2654/1523 1941/2399/1524 1807/2652/1520
f 1809/2654/1523 1419/2104/1525 1810/2656/1526 1941/2399/1524
f 1941/2399/1524 1810/2656/1526 1436/2136/1527 1811/2657/1528
f 1807/2652/1520 1941/2399/1524 1811/2657/1528 1435/2134/1521
f 1419/2104/1525 1812/2659/1529 1942/2400/1530 1810/2656/1526
f 1812/2659/1529 1420/2106/1531 1813/2661/1532 1942/2400/1530
f 1942/2400/1530 1813/2661/1532 1437/2138/1533 1814/2663/1534
f 1810/2656/1526 1942/2400/1530 1814/2663/1534 1436/2136/1527
f 1420/2108/1531 1815/2665/1535 1943/2401/1536 1813/2662/1532
f 1815/2665/1535 1421/2109/1537 1816/2667/1538 1943/2401/1536
f 1943/2401/1536 1816/2667/1538 1438/2140/1539 1817/2668/1540
f 1813/2662/1532 1943/2401/1536 1817/2668/1540 1437/2139/1533
f 1421/2109/1537 1818/2669/1541 1944/2402/1542 1816/2667/1538
f 1818/2669/1541 1422/2111/1543 1819/2671/1544 1944/2402/1542
f 1944/2402/1542 1819/2671/1544 1439/2141/1545 1820/2672/1546
f 1816/2667/1538 1944/2402/1542 1820/2672/1546 1438/2140/1539
f 1422/2111/1543 1821/2673/1547 1945/2403/1548 1819/2671/1544
f 1821/2673/1547 1423/2113/1549 1822/2675/1550 1945/2403/1548
f 1945/2403/1548 1822/2675/1550 1440/2142/1551 1823/2676/1552
f 1819/2671/1544 1945/2403/1548 1823/2676/1552 1439/2141/1545
f 1423/2113/1549 1824/2677/1553 1946/2404/1554 1822/2675/1550
f 1824/2677/1553 1424/2115/1555 1825/2679/1556 1946/2404/1554
f 1946/2404/1554 1825/2679/1556 1441/2143/1557 1826/2680/1558
f 1822/2675/1550 1946/2404/1554 1826/2680/1558 1440/2142/1551
f 1424/2115/1555 1827/2681/1559 1947/2405/1560 1825/2679/1556
f 1827/2681/1559 1425/2117/1561 1828/2683/1562 1947/2405/1560
f 1947/2405/1560 1828/2683/1562 1442/2144/1563 1829/2684/1564
f 1825/2679/1556 1947/2405/1560 1829/2684/1564 1441/2143/1557
f 1425/2117/1561 1830/2685/1565 1948/2406/1566 1828/2683/1562
f 1830/2685/1565 1426/2119/1567 1831/2687/1568 1948/2406/1566
f 1948/2406/1566 1831/2687/1568 1443/2145/1569 1832/2688/1570
f 1828/2683/1562 1948/2406/1566 1832/2688/1570 1442/2144/1563
f 1426/2119/1567 1833/2689/1571 1949/2407/1572 1831/2687/1568
f 1833/2689/1571 1427/2121/1573 1834/2691/1574 1949/2407/1572
f 1949/2407/1572 1834/2691/1574 1444/2146/1575 1835/2692/1576
f 1831/2687/1568 1949/2407/1572 1835/2692/1576 1443/2145/1569
f 1427/2121/1573 1836/2693/1577 1950/2408/1578 1834/2691/1574
f 1836/2693/1577 1428/2123/1579 1837/2695/1580 1950/2408/1578
f 1950/2408/1578 1837/2695/1580 1445/2147/1581 1838/2696/1582
f 1834/2691/1574 1950/2408/1578 1838/2696/1582 1444/2146/1575
f 1428/2123/1579 1839/2697/1583 1951/2409/1584 1837/2695/1580
f 1839/2697/1583 1429/2125/1585 1840/2699/1586 1951/2409/1584
f 1951/2409/1584 1840/2699/1586 1446/2148/1587 1841/2700/1588
f 1837/2695/1580 1951/2409/1584 1841/2700/1588 1445/2147/1581
f 1429/2125/1585 1842/2701/1589 1952/2410/1590 1840/2699/1586
f 1842/2701/1589 1430/2127/1591 1843/2703/1592 1952/2410/1590
f 1952/2410/1590 1843/2703/1592 1447/2149/1593 1844/2705/1594
f 1840/2699/1586 1952/2410/1590 1844/2705/1594 1446/2148/1587
f 1545/2318/1595 1845/2706/1596 1953/2411/1597 1848/2710/1598
f 1845/2706/1596 1546/2322/1599 1846/2708/1600 1953/2411/1597
f 1953/2411/1597 1846/2708/1600 1449/2152/1601 1847/2709/1602
f 1848/2710/1598 1953/2411/1597 1847/2709/1602 1448/2151/1603
f 1546/2322/1599 1849/2711/1604 1954/2412/1605 1846/2708/1600
f 1849/2711/1604 1547/2324/1606 1850/2713/1607 1954/2412/1605
f 1954/2412/1605 1850/2713/1607 1450/2153/1608 1851/2714/1609
f 1846/2708/1600 1954/2412/1605 1851/2714/1609 1449/2152/1601
f 1547/2324/1606 1852/2715/1610 1955/2413/1611 1850/2713/1607
f 1852/2715/1610 1548/2326/1612 1853/2717/1613 1955/2413/1611
f 1955/2413/1611 1853/2717/1613 1451/2154/1614 1854/2718/1615
f 1850/2713/1607 1955/2413/1611 1854/2718/1615 1450/2153/1608
f 1548/2326/1612 1855/2719/1616 1956/2414/1617 1853/2717/1613
f 1855/2719/1616 1549/2328/1618 1856/2721/1619 1956/2414/1617
f 1956/2414/1617 1856/2721/1619 1452/2155/1620 1857/2723/1621
f 1853/2717/1613 1956/2414/1617 1857/2723/1621 1451/2154/1614
f 1549/2330/1618 1858/2724/1622 1957/2415/1623 1856/2722/1619
f 1858/2724/1622 1550/2331/1624 1859/2726/1625 1957/2415/1623
f 1957/2415/1623 1859/2726/1625 1453/2157/1626 1860/2727/1627
f 1856/2722/1619 1957/2415/1623 1860/2727/1627 1452/2156/1620
f 1550/2331/1624 1861/2729/1628 1958/2416/1629 1859/2726/1625
f 1861/2729/1628 1551/2333/1630 1862/2731/1631 1958/2416/1629
f 1958/2416/1629 1862/2731/1631 1454/2159/1632 1863/2732/1633
f 1859/2726/1625 1958/2416/1629 1863/2732/1633 1453/2157/1626
f 1551/2333/1630 1864/2734/1634 1959/2417/1635 1862/2731/1631
f 1864/2734/1634 1552/2335/1636 1865/2736/1637 1959/2417/1635
f 1959/2417/1635 1865/2736/1637 1455/2161/1638 1866/2737/1639
f 1862/2731/1631 1959/2417/1635 1866/2737/1639 1454/2159/1632
f 1552/2335/1636 1867/2738/1640 1960/2418/1641 1865/2736/1637
f 1867/2738/1640 1553/2337/1642 1868/2740/1643 1960/2418/1641
f 1960/2418/1641 1868/2740/1643 1456/2162/1644 1869/2741/1645
f 1865/2736/1637 1960/2418/1641 1869/2741/1645 1455/2161/1638
f 1553/2337/1642 1870/2742/1646 1961/2419/1647 1868/2740/1643
f 1870/2742/1646 1554/2339/1648 1871/2744/1649 1961/2419/1647
f 1961/2419/1647 1871/2744/1649 1457/2163/1650 1872/2745/1651
f 1868/2740/1643 1961/2419/1647 1872/2745/1651 1456/2162/1644
f 1554/2339/1648 1873/2746/1652 1962/2420/1653 1871/2744/1649
f 1873/2746/1652 1555/2341/1654 1874/2748/1655 1962/2420/1653
f 1962/2420/1653 1874/2748/1655 1458/2165/1656 1875/2750/1657
f 1871/2744/1649 1962/2420/1653 1875/2750/1657 1457/2163/1650
f 1555/2343/1654 1876/2752/1658 1963/2421/1659 1874/2749/1655
f 1876/2752/1658 1556/2344/1660 1877/2754/1661 1963/2421/1659
f 1963/2421/1659 1877/2754/1661 1459/2167/1662 1878/2755/1663
f 1874/2749/1655 1963/2421/1659 1878/2755/1663 1458/2166/1656
f 1556/2344/1660 1879/2756/1664 1964/2422/1665 1877/2754/1661
f 1879/2756/1664 1557/2346/1666 1880/2758/1667 1964/2422/1665
f 1964/2422/1665 1880/2758/1667 1460/2168/1668 1881/2759/1669
f 1877/2754/1661 1964/2422/1665 1881/2759/1669 1459/2167/1662
f 1557/2346/1666 1882/2760/1670 1965/2423/1671 1880/2758/1667
f 1882/2760/1670 1558/2348/1672 1883/2762/1673 1965/2423/1671
f 1965/2423/1671 1883/2762/1673 1461/2169/1674 1884/2763/1675
f 1880/2758/1667 1965/2423/1671 1884/2763/1675 1460/2168/1668
f 1558/2348/1672 1885/2764/1676 1966/2424/1677 1883/2762/1673
f 1885/2764/1676 1559/2350/1678 1886/2766/1679 1966/2424/1677
f 1966/2424/1677 1886/2766/1679 1462/2170/1680 1887/2767/1681
f 1883/2762/1673 1966/2424/1677 1887/2767/1681 1461/2169/1674
f 1559/2350/1678 1888/2768/1682 1967/2425/1683 1886/2766/1679
f 1888/2768/1682 1560/2352/1684 1889/2770/1685 1967/2425/1683
f 1967/2425/1683 1889/2770/1685 1463/2171/1686 1890/2772/1687
f 1886/2766/1679 1967/2425/1683 1890/2772/1687 1462/2170/1680
f 1560/2354/1684 1891/2773/1688 1968/2426/1689 1889/2771/1685
f 1891/2773/1688 1561/2355/1690 1892/2775/1691 1968/2426/1689
f 1968/2426/1689 1892/2775/1691 1464/2173/1692 1893/2777/1693
f 1889/2771/1685 1968/2426/1689 1893/2777/1693 1463/2172/1686
f 1448/2151/1603 1847/2709/1602 1969/2427/1694 1895/2780/1695
f 1847/2709/1602 1449/2152/1601 1894/2779/1696 1969/2427/1694
f 1969/2427/1694 1894/2779/1696 1398/2059/1401 1747/2554/1398
f 1895/2780/1695 1969/2427/1694 1747/2554/1398 1397/2057/1397
f 1449/2152/1601 1851/2714/1609 1970/2428/1697 1894/2779/1696
f 1851/2714/1609 1450/2153/1608 1896/2781/1698 1970/2428/1697
f 1970/2428/1697 1896/2781/1698 1399/2061/1408 1751/2561/1406
f 1894/2779/1696 1970/2428/1697 1751/2561/1406 1398/2059/1401
f 1450/2153/1608 1854/2718/1615 1971/2429/1699 1896/2781/1698
f 1854/2718/1615 1451/2154/1614 1897/2782/1700 1971/2429/1699
f 1971/2429/1699 1897/2782/1700 1400/2063/1414 1754/2566/1412
f 1896/2781/1698 1971/2429/1699 1754/2566/1412 1399/2061/1408
f 1451/2154/1614 1857/2723/1621 1972/2430/1701 1897/2782/1700
f 1857/2723/1621 1452/2155/1620 1898/2783/1702 1972/2430/1701
f 1972/2430/1701 1898/2783/1702 1401/2065/1420 1757/2571/1418
f 1897/2782/1700 1972/2430/1701 1757/2571/1418 1400/2063/1414
f 1452/2155/1620 1860/2728/1627 1973/2431/1703 1898/2783/1702
f 1860/2728/1627 1453/2158/1626 1899/2784/1704 1973/2431/1703
f 1973/2431/1703 1899/2784/1704 1402/2068/1426 1760/2577/1424
f 1898/2783/1702 1973/2431/1703 1760/2577/1424 1401/2065/1420
f 1453/2158/1626 1863/2733/1633 1974/2432/1705 1899/2784/1704
f 1863/2733/1633 1454/2160/1632 1900/2785/1706 1974/2432/1705
f 1974/2432/1705 1900/2785/1706 1403/2070/1432 1763/2582/1430
f 1899/2784/1704 1974/2432/1705 1763/2582/1430 1402/2068/1426
f 1454/2159/1632 1866/2737/1639 1975/2433/1707 1900/2786/1706
f 1866/2737/1639 1455/2161/1638 1901/2787/1708 1975/2433/1707
f 1975/2433/1707 1901/2787/1708 1404/2073/1438 1766/2587/1436
f 1900/2786/1706 1975/2433/1707 1766/2587/1436 1403/2071/1432
f 1455/2161/1638 1869/2741/1645 1976/2434/1709 1901/2787/1708
f 1869/2741/1645 1456/2162/1644 1902/2788/1710 1976/2434/1709
f 1976/2434/1709 1902/2788/1710 1405/2075/1444 1769/2592/1442
f 1901/2787/1708 1976/2434/1709 1769/2592/1442 1404/2073/1438
f 1456/2162/1644 1872/2745/1651 1977/2435/1711 1902/2788/1710
f 1872/2745/1651 1457/2163/1650 1903/2789/1712 1977/2435/1711
f 1977/2435/1711 1903/2789/1712 1406/2077/1450 1772/2597/1448
f 1902/2788/1710 1977/2435/1711 1772/2597/1448 1405/2075/1444
f 1457/2164/1650 1875/2751/1657 1978/2436/1713 1903/2790/1712
f 1875/2751/1657 1458/2166/1656 1904/2791/1714 1978/2436/1713
f 1978/2436/1713 1904/2791/1714 1407/2080/1456 1775/2602/1454
f 1903/2790/1712 1978/2436/1713 1775/2602/1454 1406/2078/1450
f 1458/2166/1656 1878/2755/1663 1979/2437/1715 1904/2791/1714
f 1878/2755/1663 1459/2167/1662 1905/2792/1716 1979/2437/1715
f 1979/2437/1715 1905/2792/1716 1408/2082/1462 1778/2607/1460
f 1904/2791/1714 1979/2437/1715 1778/2607/1460 1407/2080/1456
f 1459/2167/1662 1881/2759/1669 1980/2438/1717 1905/2792/1716
f 1881/2759/1669 1460/2168/1668 1906/2793/1718 1980/2438/1717
f 1980/2438/1717 1906/2793/1718 1409/2084/1468 1781/2612/1466
f 1905/2792/1716 1980/2438/1717 1781/2612/1466 1408/2082/1462
f 1460/2168/1668 1884/2763/1675 1981/2439/1719 1906/2793/1718
f 1884/2763/1675 1461/2169/1674 1907/2794/1720 1981/2439/1719
f 1981/2439/1719 1907/2794/1720 1410/2086/1474 1784/2617/1472
f 1906/2793/1718 1981/2439/1719 1784/2617/1472 1409/2084/1468
f 1461/2169/1674 1887/2767/1681 1982/2440/1721 1907/2794/1720
f 1887/2767/1681 1462/2170/1680 1908/2795/1722 1982/2440/1721
f 1982/2440/1721 1908/2795/1722 1411/2088/1480 1787/2622/1478
f 1907/2794/1720 1982/2440/1721 1787/2622/1478 1410/2086/1474
f 1462/2170/1680 1890/2772/1687 1983/2441/1723 1908/2795/1722
f 1890/2772/1687 1463/2171/1686 1909/2796/1724 1983/2441/1723
f 1983/2441/1723 1909/2796/1724 1412/2090/1486 1790/2627/1484
f 1908/2795/1722 1983/2441/1723 1790/2627/1484 1411/2088/1480
f 1463/2171/1686 1893/2778/1693 1984/2442/1725 1909/2796/1724
f 1893/2778/1693 1464/2174/1692 1910/2797/1726 1984/2442/1725
f 1984/2442/1725 1910/2797/1726 1413/2092/1492 1793/2632/1490
f 1909/2796/1724 1984/2442/1725 1793/2632/1490 1412/2090/1486
f 1413/2092/1492 1910/2797/1726 1985/2443/1727 1794/2634/1493
f 1910/2797/1726 1464/2174/1692 1892/2776/1691 1985/2443/1727
f 1985/2443/1727 1892/2776/1691 1561/2357/1690 1911/2798/1728
f 1794/2634/1493 1985/2443/1727 1911/2798/1728 1562/2359/1494
f 1448/2151/1603 1895/2780/1695 1986/2444/1729 1848/2710/1598
f 1895/2780/1695 1397/2057/1397 1750/2559/1400 1986/2444/1729
f 1986/2444/1729 1750/2559/1400 1544/2317/1405 1912/2799/1730
f 1848/2710/1598 1986/2444/1729 1912/2799/1730 1545/2318/1595
f 1466/2177/1731 1913/2801/1732 1987/2445/1733 1916/2806/1734
f 1913/2801/1732 1465/2175/1735 1914/2802/1736 1987/2445/1733
f 1987/2445/1733 1914/2802/1736 1529/2281/1737 1915/2804/1738
f 1916/2806/1734 1987/2445/1733 1915/2804/1738 1530/2284/1739
f 1467/2178/1740 1917/2807/1741 1988/2446/1742 1919/2810/1743
f 1917/2807/1741 1466/2177/1731 1916/2806/1734 1988/2446/1742
f 1988/2446/1742 1916/2806/1734 1530/2284/1739 1918/2808/1744
f 1919/2810/1743 1988/2446/1742 1918/2808/1744 1531/2286/1745
f 1468/2179/1746 1920/2811/1747 1989/2447/1748 1574/2814/1749
f 1920/2811/1747 1467/2178/1740 1919/2810/1743 1989/2447/1748
f 1989/2447/1748 1919/2810/1743 1531/2286/1745 1573/2812/1750
f 1574/2814/1749 1989/2447/1748 1573/2812/1750 1532/2288/1751
f 1469/2180/1752 1575/2815/1753 1990/2448/1754 1577/2818/1755
f 1575/2815/1753 1468/2179/1746 1574/2814/1749 1990/2448/1754
f 1990/2448/1754 1574/2814/1749 1532/2288/1751 1576/2816/1756
f 1577/2818/1755 1990/2448/1754 1576/2816/1756 1499/2213/1757
f 1470/2181/1758 1578/2819/1759 1991/2449/1760 1580/2822/1761
f 1578/2819/1759 1469/2180/1752 1577/2818/1755 1991/2449/1760
f 1991/2449/1760 1577/2818/1755 1499/2213/1757 1579/2820/1762
f 1580/2822/1761 1991/2449/1760 1579/2820/1762 1500/2215/1763
f 1471/2182/1764 1581/2823/1765 1992/2450/1766 1583/2826/1767
f 1581/2823/1765 1470/2181/1758 1580/2822/1761 1992/2450/1766
f 1992/2450/1766 1580/2822/1761 1500/2215/1763 1582/2824/1768
f 1583/2826/1767 1992/2450/1766 1582/2824/1768 1501/2217/1769
f 1472/2183/1770 1584/2827/1771 1993/2451/1772 1586/2830/1773
f 1584/2827/1771 1471/2182/1764 1583/2826/1767 1993/2451/1772
f 1993/2451/1772 1583/2826/1767 1501/2217/1769 1585/2828/1774
f 1586/2830/1773 1993/2451/1772 1585/2828/1774 1502/2219/1775
f 1473/2184/1776 1587/2831/1777 1994/2452/1778 1589/2834/1779
f 1587/2831/1777 1472/2183/1770 1586/2830/1773 1994/2452/1778
f 1994/2452/1778 1586/2830/1773 1502/2219/1775 1588/2832/1780
f 1589/2834/1779 1994/2452/1778 1588/2832/1780 1503/2221/1781
f 1474/2185/1782 1590/2835/1783 1995/2453/1784 1592/2838/1785
f 1590/2835/1783 1473/2184/1776 1589/2834/1779 1995/2453/1784
f 1995/2453/1784 1589/2834/1779 1503/2221/1781 1591/2836/1786
f 1592/2838/1785 1995/2453/1784 1591/2836/1786 1504/2223/1787
f 1475/2186/1788 1593/2839/1789 1996/2454/1790 1595/2842/1791
f 1593/2839/1789 1474/2185/1782 1592/2838/1785 1996/2454/1790
f 1996/2454/1790 1592/2838/1785 1504/2223/1787 1594/2840/1792
f 1595/2842/1791 1996/2454/1790 1594/2840/1792 1505/2225/1793
f 1476/2187/1794 1596/2843/1795 1997/2455/1796 1598/2846/1797
f 1596/2843/1795 1475/2186/1788 1595/2842/1791 1997/2455/1796
f 1997/2455/1796 1595/2842/1791 1505/2225/1793 1597/2844/1798
f 1598/2846/1797 1997/2455/1796 1597/2844/1798 1506/2227/1799
f 1477/2188/1800 1599/2847/1801 1998/2456/1802 1601/2850/1803
f 1599/2847/1801 1476/2187/1794 1598/2846/1797 1998/2456/1802
f 1998/2456/1802 1598/2846/1797 1506/2227/1799 1600/2848/1804
f 1601/2850/1803 1998/2456/1802 1600/2848/1804 1507/2230/1805
f 1478/2189/1806 1602/2851/1807 1999/2457/1808 1604/2854/1809
f 1602/2851/1807 1477/2188/1800 1601/2850/1803 1999/2457/1808
f 1999/2457/1808 1601/2850/1803 1507/2230/1805 1603/2852/1810
f 1604/2854/1809 1999/2457/1808 1603/2852/1810 1508/2232/1811
f 1479/2190/1812 1605/2855/1813 2000/2458/1814 1607/2858/1815
f 1605/2855/1813 1478/2189/1806 1604/2854/1809 2000/2458/1814
f 2000/2458/1814 1604/2854/1809 1508/2232/1811 1606/2856/1816
f 1607/2858/1815 2000/2458/1814 1606/2856/1816 1509/2234/1817
f 1480/2191/1818 1608/2859/1819 2001/2459/1820 1610/2862/1821
f 1608/2859/1819 1479/2190/1812 1607/2858/1815 2001/2459/1820
f 2001/2459/1820 1607/2858/1815 1509/2234/1817 1609/2860/1822
f 1610/2862/1821 2001/2459/1820 1609/2860/1822 1510/2236/1823
f 1568/2370/1824 1611/2864/1825 2002/2460/1826 1614/2868/1827
f 1611/2864/1825 1567/2369/1828 1612/2865/1829 2002/2460/1826
f 2002/2460/1826 1612/2865/1829 1569/2371/1830 1613/2866/1831
f 1614/2868/1827 2002/2460/1826 1613/2866/1831 1570/2373/1832
f 1511/2241/1833 1615/2869/1834 2003/2461/1835 1618/2873/1836
f 1615/2869/1834 1512/2245/1837 1616/2871/1838 2003/2461/1835
f 2003/2461/1835 1616/2871/1838 1482/2195/1839 1617/2872/1840
f 1618/2873/1836 2003/2461/1835 1617/2872/1840 1481/2193/1841
f 1512/2245/1837 1619/2875/1842 2004/2462/1843 1616/2871/1838
f 1619/2875/1842 1513/2247/1844 1620/2877/1845 2004/2462/1843
f 2004/2462/1843 1620/2877/1845 1483/2196/1846 1621/2878/1847
f 1616/2871/1838 2004/2462/1843 1621/2878/1847 1482/2195/1839
f 1513/2247/1844 1622/2879/1848 2005/2463/1849 1620/2877/1845
f 1622/2879/1848 1514/2249/1850 1623/2881/1851 2005/2463/1849
f 2005/2463/1849 1623/2881/1851 1484/2197/1852 1624/2882/1853
f 1620/2877/1845 2005/2463/1849 1624/2882/1853 1483/2196/1846
f 1514/2249/1850 1625/2883/1854 2006/2464/1855 1623/2881/1851
f 1625/2883/1854 1515/2251/1856 1626/2885/1857 2006/2464/1855
f 2006/2464/1855 1626/2885/1857 1485/2198/1858 1627/2886/1859
f 1623/2881/1851 2006/2464/1855 1627/2886/1859 1484/2197/1852
f 1515/2251/1856 1628/2887/1860 2007/2465/1861 1626/2885/1857
f 1628/2887/1860 1516/2254/1862 1629/2889/1863 2007/2465/1861
f 2007/2465/1861 1629/2889/1863 1486/2199/1864 1630/2890/1865
f 1626/2885/1857 2007/2465/1861 1630/2890/1865 1485/2198/1858
f 1516/2254/1862 1631/2891/1866 2008/2466/1867 1629/2889/1863
f 1631/2891/1866 1517/2256/1868 1632/2893/1869 2008/2466/1867
f 2008/2466/1867 1632/2893/1869 1487/2200/1870 1633/2894/1871
f 1629/2889/1863 2008/2466/1867 1633/2894/1871 1486/2199/1864
f 1517/2256/1868 1634/2895/1872 2009/2467/1873 1632/2893/1869
f 1634/2895/1872 1518/2258/1874 1635/2897/1875 2009/2467/1873
f 2009/2467/1873 1635/2897/1875 1488/2201/1876 1636/2898/1877
f 1632/2893/1869 2009/2467/1873 1636/2898/1877 1487/2200/1870
f 1518/2258/1874 1637/2899/1878 2010/2468/1879 1635/2897/1875
f 1637/2899/1878 1519/2260/1880 1638/2901/1881 2010/2468/1879
f 2010/2468/1879 1638/2901/1881 1489/2202/1882 1639/2902/1883
f 1635/2897/1875 2010/2468/1879 1639/2902/1883 1488/2201/1876
f 1519/2260/1880 1640/2903/1884 2011/2469/1885 1638/2901/1881
f 1640/2903/1884 1520/2262/1886 1641/2905/1887 2011/2469/1885
f 2011/2469/1885 1641/2905/1887 1490/2203/1888 1642/2906/1889
f 1638/2901/1881 2011/2469/1885 1642/2906/1889 1489/2202/1882
f 1520/2262/1886 1643/2907/1890 2012/2470/1891 1641/2905/1887
f 1643/2907/1890 1521/2264/1892 1644/2909/1893 2012/2470/1891
f 2012/2470/1891 1644/2909/1893 1491/2204/1894 1645/2910/1895
f 1641/2905/1887 2012/2470/1891 1645/2910/1895 1490/2203/1888
f 1521/2264/1892 1646/2911/1896 2013/2471/1897 1644/2909/1893
f 1646/2911/1896 1522/2266/1898 1647/2913/1899 2013/2471/1897
f 2013/2471/1897 1647/2913/1899 1492/2205/1900 1648/2914/1901
f 1644/2909/1893 2013/2471/1897 1648/2914/1901 1491/2204/1894
f 1522/2266/1898 1649/2915/1902 2014/2472/1903 1647/2913/1899
f 1649/2915/1902 1523/2268/1904 1650/2917/1905 2014/2472/1903
f 2014/2472/1903 1650/2917/1905 1493/2206/1906 1651/2918/1907
f 1647/2913/1899 2014/2472/1903 1651/2918/1907 1492/2205/1900
f 1523/2268/1904 1652/2919/1908 2015/2473/1909 1650/2917/1905
f 1652/2919/1908 1524/2270/1910 1653/2921/1911 2015/2473/1909
f 2015/2473/1909 1653/2921/1911 1494/2207/1912 1654/2922/1913
f 1650/2917/1905 2015/2473/1909 1654/2922/1913 1493/2206/1906
f 1524/2270/1910 1655/2923/1914 2016/2474/1915 1653/2921/1911
f 1655/2923/1914 1525/2272/1916 1656/2925/1917 2016/2474/1915
f 2016/2474/1915 1656/2925/1917 1495/2208/1918 1657/2926/1919
f 1653/2921/1911 2016/2474/1915 1657/2926/1919 1494/2207/1912
f 1525/2272/1916 1658/2927/1920 2017/2475/1921 1656/2925/1917
f 1658/2927/1920 1526/2274/1922 1659/2929/1923 2017/2475/1921
f 2017/2475/1921 1659/2929/1923 1496/2209/1924 1660/2930/1925
f 1656/2925/1917 2017/2475/1921 1660/2930/1925 1495/2208/1918
f 1526/2274/1922 1661/2931/1926 2018/2476/1927 1659/2929/1923
f 1661/2931/1926 1527/2276/1928 1662/2933/1929 2018/2476/1927
f 2018/2476/1927 1662/2933/1929 1497/2210/1930 1663/2935/1931
f 1659/2929/1923 2018/2476/1927 1663/2935/1931 1496/2209/1924
f 1498/2212/1932 1664/2936/1933 2019/2477/1934 1666/2938/1935
f 1664/2936/1933 1497/2211/1930 1662/2934/1929 2019/2477/1934
f 2019/2477/1934 1662/2934/1929 1527/2278/1928 1665/2937/1936
f 1666/2938/1935 2019/2477/1934 1665/2937/1936 1528/2279/1937
f 1465/2176/1735 1667/2939/1938 2020/2478/1939 1914/2803/1736
f 1667/2939/1938 1498/2212/1932 1666/2938/1935 2020/2478/1939
f 2020/2478/1939 1666/2938/1935 1528/2279/1937 1668/2940/1940
f 1914/2803/1736 2020/2478/1939 1668/2940/1940 1529/2282/1737
f 1500/2216/1763 1579/2821/1762 2021/2479/1941 1670/2943/1942
f 1579/2821/1762 1499/2214/1757 1669/2942/1943 2021/2479/1941
f 2021/2479/1941 1669/2942/1943 1425/2118/1561 1827/2682/1559
f 1670/2943/1942 2021/2479/1941 1827/2682/1559 1424/2116/1555
f 1501/2218/1769 1582/2825/1768 2022/2480/1944 1671/2944/1945
f 1582/2825/1768 1500/2216/1763 1670/2943/1942 2022/2480/1944
f 2022/2480/1944 1670/2943/1942 1424/2116/1555 1824/2678/1553
f 1671/2944/1945 2022/2480/1944 1824/2678/1553 1423/2114/1549
f 1502/2220/1775 1585/2829/1774 2023/2481/1946 1672/2945/1947
f 1585/2829/1774 1501/2218/1769 1671/2944/1945 2023/2481/1946
f 2023/2481/1946 1671/2944/1945 1423/2114/1549 1821/2674/1547
f 1672/2945/1947 2023/2481/1946 1821/2674/1547 1422/2112/1543
f 1503/2222/1781 1588/2833/1780 2024/2482/1948 1673/2946/1949
f 1588/2833/1780 1502/2220/1775 1672/2945/1947 2024/2482/1948
f 2024/2482/1948 1672/2945/1947 1422/2112/1543 1818/2670/1541
f 1673/2946/1949 2024/2482/1948 1818/2670/1541 1421/2110/1537
f 1504/2224/1787 1591/2837/1786 2025/2483/1950 1674/2947/1951
f 1591/2837/1786 1503/2222/1781 1673/2946/1949 2025/2483/1950
f 2025/2483/1950 1673/2946/1949 1421/2110/1537 1815/2666/1535
f 1674/2947/1951 2025/2483/1950 1815/2666/1535 1420/2107/1531
f 1505/2226/1793 1594/2841/1792 2026/2484/1952 1675/2948/1953
f 1594/2841/1792 1504/2224/1787 1674/2947/1951 2026/2484/1952
f 2026/2484/1952 1674/2947/1951 1420/2107/1531 1812/2660/1529
f 1675/2948/1953 2026/2484/1952 1812/2660/1529 1419/2105/1525
f 1506/2228/1799 1597/2845/1798 2027/2485/1954 1676/2949/1955
f 1597/2845/1798 1505/2226/1793 1675/2948/1953 2027/2485/1954
f 2027/2485/1954 1675/2948/1953 1419/2105/1525 1809/2655/1523
f 1676/2949/1955 2027/2485/1954 1809/2655/1523 1418/2103/1519
f 1507/2231/1805 1600/2849/1804 2028/2486/1956 1677/2951/1957
f 1600/2849/1804 1506/2229/1799 1676/2950/1955 2028/2486/1956
f 2028/2486/1956 1676/2950/1955 1418/2102/1519 1806/2651/1517
f 1677/2951/1957 2028/2486/1956 1806/2651/1517 1417/2100/1513
f 1508/2233/1811 1603/2853/1810 2029/2487/1958 1678/2952/1959
f 1603/2853/1810 1507/2231/1805 1677/2951/1957 2029/2487/1958
f 2029/2487/1958 1677/2951/1957 1417/2100/1513 1803/2647/1511
f 1678/2952/1959 2029/2487/1958 1803/2647/1511 1416/2098/1507
f 1509/2235/1817 1606/2857/1816 2030/2488/1960 1679/2953/1961
f 1606/2857/1816 1508/2233/1811 1678/2952/1959 2030/2488/1960
f 2030/2488/1960 1678/2952/1959 1416/2098/1507 1800/2643/1505
f 1679/2953/1961 2030/2488/1960 1800/2643/1505 1415/2096/1500
f 1510/2237/1823 1609/2861/1822 2031/2489/1962 1680/2954/1963
f 1609/2861/1822 1509/2235/1817 1679/2953/1961 2031/2489/1962
f 2031/2489/1962 1679/2953/1961 1415/2096/1500 1796/2638/1497
f 1680/2954/1963 2031/2489/1962 1796/2638/1497 1414/2094/1496
f 1511/2244/1833 1681/2956/1964 2032/2490/1965 1682/2958/1966
f 1681/2956/1964 1510/2238/1823 1680/2955/1963 2032/2490/1965
f 2032/2490/1965 1680/2955/1963 1414/2093/1496 1799/2641/1499
f 1682/2958/1966 2032/2490/1965 1799/2641/1499 1431/2130/1504
f 1431/2130/1504 1798/2640/1503 2033/2491/1967 1682/2958/1966
f 1798/2640/1503 1432/2131/1502 1683/2959/1968 2033/2491/1967
f 2033/2491/1967 1683/2959/1968 1512/2246/1837 1615/2870/1834
f 1682/2958/1966 2033/2491/1967 1615/2870/1834 1511/2244/1833
f 1432/2131/1502 1802/2645/1510 2034/2492/1969 1683/2959/1968
f 1802/2645/1510 1433/2132/1509 1684/2960/1970 2034/2492/1969
f 2034/2492/1969 1684/2960/1970 1513/2248/1844 1619/2876/1842
f 1683/2959/1968 2034/2492/1969 1619/2876/1842 1512/2246/1837
f 1433/2132/1509 1805/2649/1516 2035/2493/1971 1684/2960/1970
f 1805/2649/1516 1434/2133/1515 1685/2961/1972 2035/2493/1971
f 2035/2493/1971 1685/2961/1972 1514/2250/1850 1622/2880/1848
f 1684/2960/1970 2035/2493/1971 1622/2880/1848 1513/2248/1844
f 1434/2133/1515 1808/2653/1522 2036/2494/1973 1685/2961/1972
f 1808/2653/1522 1435/2134/1521 1686/2962/1974 2036/2494/1973
f 2036/2494/1973 1686/2962/1974 1515/2252/1856 1625/2884/1854
f 1685/2961/1972 2036/2494/1973 1625/2884/1854 1514/2250/1850
f 1435/2135/1521 1811/2658/1528 2037/2495/1975 1686/2963/1974
f 1811/2658/1528 1436/2137/1527 1687/2964/1976 2037/2495/1975
f 2037/2495/1975 1687/2964/1976 1516/2255/1862 1628/2888/1860
f 1686/2963/1974 2037/2495/1975 1628/2888/1860 1515/2253/1856
f 1436/2137/1527 1814/2664/1534 2038/2496/1977 1687/2964/1976
f 1814/2664/1534 1437/2139/1533 1688/2965/1978 2038/2496/1977
f 2038/2496/1977 1688/2965/1978 1517/2257/1868 1631/2892/1866
f 1687/2964/1976 2038/2496/1977 1631/2892/1866 1516/2255/1862
f 1437/2139/1533 1817/2668/1540 2039/2497/1979 1688/2965/1978
f 1817/2668/1540 1438/2140/1539 1689/2966/1980 2039/2497/1979
f 2039/2497/1979 1689/2966/1980 1518/2259/1874 1634/2896/1872
f 1688/2965/1978 2039/2497/1979 1634/2896/1872 1517/2257/1868
f 1438/2140/1539 1820/2672/1546 2040/2498/1981 1689/2966/1980
f 1820/2672/1546 1439/2141/1545 1690/2967/1982 2040/2498/1981
f 2040/2498/1981 1690/2967/1982 1519/2261/1880 1637/2900/1878
f 1689/2966/1980 2040/2498/1981 1637/2900/1878 1518/2259/1874
f 1439/2141/1545 1823/2676/1552 2041/2499/1983 1690/2967/1982
f 1823/2676/1552 1440/2142/1551 1691/2968/1984 2041/2499/1983
f 2041/2499/1983 1691/2968/1984 1520/2263/1886 1640/2904/1884
f 1690/2967/1982 2041/2499/1983 1640/2904/1884 1519/2261/1880
f 1440/2142/1551 1826/2680/1558 2042/2500/1985 1691/2968/1984
f 1826/2680/1558 1441/2143/1557 1692/2969/1986 2042/2500/1985
f 2042/2500/1985 1692/2969/1986 1521/2265/1892 1643/2908/1890
f 1691/2968/1984 2042/2500/1985 1643/2908/1890 1520/2263/1886
f 1441/2143/1557 1829/2684/1564 2043/2501/1987 1692/2969/1986
f 1829/2684/1564 1442/2144/1563 1693/2970/1988 2043/2501/1987
f 2043/2501/1987 1693/2970/1988 1522/2267/1898 1646/2912/1896
f 1692/2969/1986 2043/2501/1987 1646/2912/1896 1521/2265/1892
f 1442/2144/1563 1832/2688/1570 2044/2502/1989 1693/2970/1988
f 1832/2688/1570 1443/2145/1569 1694/2971/1990 2044/2502/1989
f 2044/2502/1989 1694/2971/1990 1523/2269/1904 1649/2916/1902
f 1693/2970/1988 2044/2502/1989 1649/2916/1902 1522/2267/1898
f 1443/2145/1569 1835/2692/1576 2045/2503/1991 1694/2971/1990
f 1835/2692/1576 1444/2146/1575 1695/2972/1992 2045/2503/1991
f 2045/2503/1991 1695/2972/1992 1524/2271/1910 1652/2920/1908
f 1694/2971/1990 2045/2503/1991 1652/2920/1908 1523/2269/1904
f 1444/2146/1575 1838/2696/1582 2046/2504/1993 1695/2972/1992
f 1838/2696/1582 1445/2147/1581 1696/2973/1994 2046/2504/1993
f 2046/2504/1993 1696/2973/1994 1525/2273/1916 1655/2924/1914
f 1695/2972/1992 2046/2504/1993 1655/2924/1914 1524/2271/1910
f 1445/2147/1581 1841/2700/1588 2047/2505/1995 1696/2973/1994
f 1841/2700/1588 1446/2148/1587 1697/2974/1996 2047/2505/1995
f 2047/2505/1995 1697/2974/1996 1526/2275/1922 1658/2928/1920
f 1696/2973/1994 2047/2505/1995 1658/2928/1920 1525/2273/1916
f 1446/2148/1587 1844/2705/1594 2048/2506/1997 1697/2974/1996
f 1844/2705/1594 1447/2149/1593 1698/2975/1998 2048/2506/1997
f 2048/2506/1997 1698/2975/1998 1527/2277/1928 1661/2932/1926
f 1697/2974/1996 2048/2506/1997 1661/2932/1926 1526/2275/1922
f 1528/2279/1937 1665/2937/1936 2049/2507/1999 1699/2977/2000
f 1665/2937/1936 1527/2278/1928 1698/2976/1998 2049/2507/1999
f 2049/2507/1999 1698/2976/1998 1447/2150/1593 1843/2704/1592
f 1699/2977/2000 2049/2507/1999 1843/2704/1592 1430/2129/1591
f 1529/2283/1737 1668/2941/1940 2050/2508/2001 1700/2979/2002
f 1668/2941/1940 1528/2280/1937 1699/2978/2000 2050/2508/2001
f 2050/2508/2001 1699/2978/2000 1430/2128/1591 1842/2702/1589
f 1700/2979/2002 2050/2508/2001 1842/2702/1589 1429/2126/1585
f 1530/2285/1739 1915/2805/1738 2051/2509/2003 1701/2980/2004
f 1915/2805/1738 1529/2283/1737 1700/2979/2002 2051/2509/2003
f 2051/2509/2003 1700/2979/2002 1429/2126/1585 1839/2698/1583
f 1701/2980/2004 2051/2509/2003 1839/2698/1583 1428/2124/1579
f 1531/2287/1745 1918/2809/1744 2052/2510/2005 1702/2981/2006
f 1918/2809/1744 1530/2285/1739 1701/2980/2004 2052/2510/2005
f 2052/2510/2005 1701/2980/2004 1428/2124/1579 1836/2694/1577
f 1702/2981/2006 2052/2510/2005 1836/2694/1577 1427/2122/1573
f 1532/2289/1751 1573/2813/1750 2053/2511/2007 1703/2982/2008
f 1573/2813/1750 1531/2287/1745 1702/2981/2006 2053/2511/2007
f 2053/2511/2007 1702/2981/2006 1427/2122/1573 1833/2690/1571
f 1703/2982/2008 2053/2511/2007 1833/2690/1571 1426/2120/1567
f 1499/2214/1757 1576/2817/1756 2054/2512/2009 1669/2942/1943
f 1576/2817/1756 1532/2289/1751 1703/2982/2008 2054/2512/2009
f 2054/2512/2009 1703/2982/2008 1426/2120/1567 1830/2686/1565
f 1669/2942/1943 2054/2512/2009 1830/2686/1565 1425/2118/1561
f 1534/2293/1458 1780/2610/1465 2055/2513/2010 1705/2984/2011
f 1780/2610/1465 1533/2291/1464 1704/2983/2012 2055/2513/2010
f 2055/2513/2010 1704/2983/2012 1469/2180/1752 1578/2819/1759
f 1705/2984/2011 2055/2513/2010 1578/2819/1759 1470/2181/1758
f 1535/2295/1452 1777/2605/1459 2056/2514/2013 1706/2985/2014
f 1777/2605/1459 1534/2293/1458 1705/2984/2011 2056/2514/2013
f 2056/2514/2013 1705/2984/2011 1470/2181/1758 1581/2823/1765
f 1706/2985/2014 2056/2514/2013 1581/2823/1765 1471/2182/1764
f 1536/2297/1446 1774/2600/1453 2057/2515/2015 1707/2986/2016
f 1774/2600/1453 1535/2295/1452 1706/2985/2014 2057/2515/2015
f 2057/2515/2015 1706/2985/2014 1471/2182/1764 1584/2827/1771
f 1707/2986/2016 2057/2515/2015 1584/2827/1771 1472/2183/1770
f 1537/2299/1440 1771/2595/1447 2058/2516/2017 1708/2987/2018
f 1771/2595/1447 1536/2297/1446 1707/2986/2016 2058/2516/2017
f 2058/2516/2017 1707/2986/2016 1472/2183/1770 1587/2831/1777
f 1708/2987/2018 2058/2516/2017 1587/2831/1777 1473/2184/1776
f 1538/2301/1434 1768/2590/1441 2059/2517/2019 1709/2988/2020
f 1768/2590/1441 1537/2299/1440 1708/2987/2018 2059/2517/2019
f 2059/2517/2019 1708/2987/2018 1473/2184/1776 1590/2835/1783
f 1709/2988/2020 2059/2517/2019 1590/2835/1783 1474/2185/1782
f 1539/2303/1428 1765/2585/1435 2060/2518/2021 1710/2989/2022
f 1765/2585/1435 1538/2301/1434 1709/2988/2020 2060/2518/2021
f 2060/2518/2021 1709/2988/2020 1474/2185/1782 1593/2839/1789
f 1710/2989/2022 2060/2518/2021 1593/2839/1789 1475/2186/1788
f 1540/2306/1422 1762/2580/1429 2061/2519/2023 1711/2990/2024
f 1762/2580/1429 1539/2303/1428 1710/2989/2022 2061/2519/2023
f 2061/2519/2023 1710/2989/2022 1475/2186/1788 1596/2843/1795
f 1711/2990/2024 2061/2519/2023 1596/2843/1795 1476/2187/1794
f 1541/2308/1416 1759/2575/1423 2062/2520/2025 1712/2991/2026
f 1759/2575/1423 1540/2306/1422 1711/2990/2024 2062/2520/2025
f 2062/2520/2025 1711/2990/2024 1476/2187/1794 1599/2847/1801
f 1712/2991/2026 2062/2520/2025 1599/2847/1801 1477/2188/1800
f 1542/2310/1410 1756/2569/1417 2063/2521/2027 1713/2992/2028
f 1756/2569/1417 1541/2308/1416 1712/2991/2026 2063/2521/2027
f 2063/2521/2027 1712/2991/2026 1477/2188/1800 1602/2851/1807
f 1713/2992/2028 2063/2521/2027 1602/2851/1807 1478/2189/1806
f 1543/2312/1403 1753/2564/1411 2064/2522/2029 1714/2993/2030
f 1753/2564/1411 1542/2310/1410 1713/2992/2028 2064/2522/2029
f 2064/2522/2029 1713/2992/2028 1478/2189/1806 1605/2855/1813
f 1714/2993/2030 2064/2522/2029 1605/2855/1813 1479/2190/1812
f 1544/2314/1405 1749/2557/1404 2065/2523/2031 1715/2994/2032
f 1749/2557/1404 1543/2312/1403 1714/2993/2030 2065/2523/2031
f 2065/2523/2031 1714/2993/2030 1479/2190/1812 1608/2859/1819
f 1715/2994/2032 2065/2523/2031 1608/2859/1819 1480/2191/1818
f 1572/2377/2033 1716/2996/2034 2066/2524/2035 1718/2999/2036
f 1716/2996/2034 1571/2375/2037 1717/2998/2038 2066/2524/2035
f 2066/2524/2035 1717/2998/2038 1567/2369/1828 1611/2864/1825
f 1718/2999/2036 2066/2524/2035 1611/2864/1825 1568/2370/1824
f 1481/2193/1841 1617/2872/1840 2067/2525/2039 1720/3001/2040
f 1617/2872/1840 1482/2195/1839 1719/3000/2041 2067/2525/2039
f 2067/2525/2039 1719/3000/2041 1546/2323/1599 1845/2707/1596
f 1720/3001/2040 2067/2525/2039 1845/2707/1596 1545/2321/1595
f 1482/2195/1839 1621/2878/1847 2068/2526/2042 1719/3000/2041
f 1621/2878/1847 1483/2196/1846 1721/3003/2043 2068/2526/2042
f 2068/2526/2042 1721/3003/2043 1547/2325/1606 1849/2712/1604
f 1719/3000/2041 2068/2526/2042 1849/2712/1604 1546/2323/1599
f 1483/2196/1846 1624/2882/1853 2069/2527/2044 1721/3003/2043
f 1624/2882/1853 1484/2197/1852 1722/3004/2045 2069/2527/2044
f 2069/2527/2044 1722/3004/2045 1548/2327/1612 1852/2716/1610
f 1721/3003/2043 2069/2527/2044 1852/2716/1610 1547/2325/1606
f 1484/2197/1852 1627/2886/1859 2070/2528/2046 1722/3004/2045
f 1627/2886/1859 1485/2198/1858 1723/3005/2047 2070/2528/2046
f 2070/2528/2046 1723/3005/2047 1549/2329/1618 1855/2720/1616
f 1722/3004/2045 2070/2528/2046 1855/2720/1616 1548/2327/1612
f 1485/2198/1858 1630/2890/1865 2071/2529/2048 1723/3005/2047
f 1630/2890/1865 1486/2199/1864 1724/3006/2049 2071/2529/2048
f 2071/2529/2048 1724/3006/2049 1550/2332/1624 1858/2725/1622
f 1723/3005/2047 2071/2529/2048 1858/2725/1622 1549/2329/1618
f 1486/2199/1864 1633/2894/1871 2072/2530/2050 1724/3006/2049
f 1633/2894/1871 1487/2200/1870 1725/3007/2051 2072/2530/2050
f 2072/2530/2050 1725/3007/2051 1551/2334/1630 1861/2730/1628
f 1724/3006/2049 2072/2530/2050 1861/2730/1628 1550/2332/1624
f 1487/2200/1870 1636/2898/1877 2073/2531/2052 1725/3007/2051
f 1636/2898/1877 1488/2201/1876 1726/3008/2053 2073/2531/2052
f 2073/2531/2052 1726/3008/2053 1552/2336/1636 1864/2735/1634
f 1725/3007/2051 2073/2531/2052 1864/2735/1634 1551/2334/1630
f 1488/2201/1876 1639/2902/1883 2074/2532/2054 1726/3008/2053
f 1639/2902/1883 1489/2202/1882 1727/3009/2055 2074/2532/2054
f 2074/2532/2054 1727/3009/2055 1553/2338/1642 1867/2739/1640
f 1726/3008/2053 2074/2532/2054 1867/2739/1640 1552/2336/1636
f 1489/2202/1882 1642/2906/1889 2075/2533/2056 1727/3009/2055
f 1642/2906/1889 1490/2203/1888 1728/3010/2057 2075/2533/2056
f 2075/2533/2056 1728/3010/2057 1554/2340/1648 1870/2743/1646
f 1727/3009/2055 2075/2533/2056 1870/2743/1646 1553/2338/1642
f 1490/2203/1888 1645/2910/1895 2076/2534/2058 1728/3010/2057
f 1645/2910/1895 1491/2204/1894 1729/3011/2059 2076/2534/2058
f 2076/2534/2058 1729/3011/2059 1555/2342/1654 1873/2747/1652
f 1728/3010/2057 2076/2534/2058 1873/2747/1652 1554/2340/1648
f 1491/2204/1894 1648/2914/1901 2077/2535/2060 1729/3011/2059
f 1648/2914/1901 1492/2205/1900 1730/3012/2061 2077/2535/2060
f 2077/2535/2060 1730/3012/2061 1556/2345/1660 1876/2753/1658
f 1729/3011/2059 2077/2535/2060 1876/2753/1658 1555/2342/1654
f 1492/2205/1900 1651/2918/1907 2078/2536/2062 1730/3012/2061
f 1651/2918/1907 1493/2206/1906 1731/3013/2063 2078/2536/2062
f 2078/2536/2062 1731/3013/2063 1557/2347/1666 1879/2757/1664
f 1730/3012/2061 2078/2536/2062 1879/2757/1664 1556/2345/1660
f 1493/2206/1906 1654/2922/1913 2079/2537/2064 1731/3013/2063
f 1654/2922/1913 1494/2207/1912 1732/3014/2065 2079/2537/2064
f 2079/2537/2064 1732/3014/2065 1558/2349/1672 1882/2761/1670
f 1731/3013/2063 2079/2537/2064 1882/2761/1670 1557/2347/1666
f 1494/2207/1912 1657/2926/1919 2080/2538/2066 1732/3014/2065
f 1657/2926/1919 1495/2208/1918 1733/3015/2067 2080/2538/2066
f 2080/2538/2066 1733/3015/2067 1559/2351/1678 1885/2765/1676
f 1732/3014/2065 2080/2538/2066 1885/2765/1676 1558/2349/1672
f 1495/2208/1918 1660/2930/1925 2081/2539/2068 1733/3015/2067
f 1660/2930/1925 1496/2209/1924 1734/3016/2069 2081/2539/2068
f 2081/2539/2068 1734/3016/2069 1560/2353/1684 1888/2769/1682
f 1733/3015/2067 2081/2539/2068 1888/2769/1682 1559/2351/1678
f 1496/2209/1924 1663/2935/1931 2082/2540/2070 1734/3016/2069
f 1663/2935/1931 1497/2210/1930 1735/3017/2071 2082/2540/2070
f 2082/2540/2070 1735/3017/2071 1561/2356/1690 1891/2774/1688
f 1734/3016/2069 2082/2540/2070 1891/2774/1688 1560/2353/1684
f 1562/2359/1494 1911/2798/1728 2083/2541/2072 1736/3019/2073
f 1911/2798/1728 1561/2357/1690 1735/3018/2071 2083/2541/2072
f 2083/2541/2072 1735/3018/2071 1497/2211/1930 1664/2936/1933
f 1736/3019/2073 2083/2541/2072 1664/2936/1933 1498/2212/1932
f 1563/2361/1488 1795/2636/1495 2084/2542/2074 1737/3020/2075
f 1795/2636/1495 1562/2359/1494 1736/3019/2073 2084/2542/2074
f 2084/2542/2074 1736/3019/2073 1498/2212/1932 1667/2939/1938
f 1737/3020/2075 2084/2542/2074 1667/2939/1938 1465/2176/1735
f 1564/2364/1482 1792/2630/1489 2085/2543/2076 1738/3022/2077
f 1792/2630/1489 1563/2362/1488 1737/3021/2075 2085/2543/2076
f 2085/2543/2076 1737/3021/2075 1465/2175/1735 1913/2801/1732
f 1738/3022/2077 2085/2543/2076 1913/2801/1732 1466/2177/1731
f 1565/2366/1476 1789/2625/1483 2086/2544/2078 1739/3023/2079
f 1789/2625/1483 1564/2364/1482 1738/3022/2077 2086/2544/2078
f 2086/2544/2078 1738/3022/2077 1466/2177/1731 1917/2807/1741
f 1739/3023/2079 2086/2544/2078 1917/2807/1741 1467/2178/1740
f 1566/2368/1470 1786/2620/1477 2087/2545/2080 1740/3024/2081
f 1786/2620/1477 1565/2366/1476 1739/3023/2079 2087/2545/2080
f 2087/2545/2080 1739/3023/2079 1467/2178/1740 1920/2811/1747
f 1740/3024/2081 2087/2545/2080 1920/2811/1747 1468/2179/1746
f 1533/2291/1464 1783/2615/1471 2088/2546/2082 1704/2983/2012
f 1783/2615/1471 1566/2368/1470 1740/3024/2081 2088/2546/2082
f 2088/2546/2082 1740/3024/2081 1468/2179/1746 1575/2815/1753
f 1704/2983/2012 2088/2546/2082 1575/2815/1753 1469/2180/1752
f 1480/2192/1818 1610/2863/1821 2089/2547/2083 1742/3027/2084
f 1610/2863/1821 1510/2240/1823 1741/3025/2085 2089/2547/2083
f 2089/2547/2083 1741/3025/2085 1569/2371/1830 1612/2865/1829
f 1742/3027/2084 2089/2547/2083 1612/2865/1829 1567/2369/1828
f 1510/2239/1823 1681/2957/1964 2090/2548/2086 1741/3026/2085
f 1681/2957/1964 1511/2243/1833 1743/3028/2087 2090/2548/2086
f 2090/2548/2086 1743/3028/2087 1570/2374/1832 1613/2867/1831
f 1741/3026/2085 2090/2548/2086 1613/2867/1831 1569/2372/1830
f 1511/2242/1833 1618/2874/1836 2091/2549/2088 1743/3029/2087
f 1618/2874/1836 1481/2194/1841 1744/3030/2089 2091/2549/2088
f 2091/2549/2088 1744/3030/2089 1568/2370/1824 1614/2868/1827
f 1743/3029/2087 2091/2549/2088 1614/2868/1827 1570/2373/1832
f 1545/2319/1595 1912/2800/1730 2092/2550/2090 1746/3033/2091
f 1912/2800/1730 1544/2316/1405 1745/3031/2092 2092/2550/2090
f 2092/2550/2090 1745/3031/2092 1571/2376/2037 1716/2997/2034
f 1746/3033/2091 2092/2550/2090 1716/2997/2034 1572/2378/2033
f 1544/2315/1405 1715/2995/2032 2093/2551/2093 1745/3032/2092
f 1715/2995/2032 1480/2192/1818 1742/3027/2084 2093/2551/2093
f 2093/2551/2093 1742/3027/2084 1567/2369/1828 1717/2998/2038
f 1745/3032/2092 2093/2551/2093 1717/2998/2038 1571/2375/2037
f 1481/2194/1841 1720/3002/2040 2094/2552/2094 1744/3030/2089
f 1720/3002/2040 1545/2320/1595 1746/3034/2091 2094/2552/2094
f 2094/2552/2094 1746/3034/2091 1572/2377/2033 1718/2999/2036
f 1744/3030/2089 2094/2552/2094 1718/2999/2036 1568/2370/1824