
g default
v 57.901427 40.698498 80.151811
v 57.541077 40.888317 79.630781
v 56.723883 41.07674 78.658243
v 55.84617 41.264225 77.866097
v 54.96571 41.434578 77.371985
v 54.083895 41.596481 77.024928
v 53.201753 41.756351 76.713166
v 52.318364 41.908443 76.536698
v 51.43313 42.049038 76.560227
v 50.546974 42.183884 76.683758
v 49.658747 42.305813 77.031987
v 48.769554 42.421719 77.484924
v 47.878572 42.52647 78.131975
v 46.986027 42.621479 78.948436
v 46.093905 42.719124 79.719014
v 45.192296999999996 42.757626 80.24203
v 44.435189 42.43932 80.489895
v 57.894111 40.652885 80.945178
v 57.524046 40.782135 81.477817
v 56.688917000000004 40.85873 82.450355
v 55.796596 40.955139 83.242501
v 54.907023 41.06868 83.736614
v 54.018807 41.190674 84.08367
v 53.130916 41.314697 84.395432
v 52.244273 41.446499 84.571901
v 51.359472 41.589802 84.548371
v 50.475595 41.73885 84.424843
v 49.59379 41.900814 84.076612
v 48.71295 42.068806 83.623675
v 47.8339 42.247952 82.976623
v 46.956411 42.436836 82.160162
v 46.078502 42.623085 81.389584
v 45.186399 42.720852 80.881652
v 44.433171 42.426735 80.708882
v 57.862019000000004 40.452801 80.93338
v 57.480722 40.51202 81.461889
v 56.645593 40.588615 82.434427
v 55.753272 40.685024 83.226573
v 54.8637 40.798565 83.720686
v 53.975483 40.920559 84.067742
v 53.087592 41.044582 84.379504
v 52.200949 41.176384 84.555973
v 51.316148999999996 41.319687 84.532443
v 50.432271 41.468735 84.408914
v 49.550467 41.630703 84.060684
v 48.669626 41.798691 83.607747
v 47.790577 41.977837 82.960695
v 46.913088 42.166721 82.144234
v 46.035178 42.35297 81.373656
v 45.146834 42.474174 80.867105
v 44.416344 42.321831 80.702696
v 57.869335 40.498413 80.140013
v 57.497753 40.618202 79.614853
v 56.68056 40.806625 78.642315
v 55.802847 40.99411 77.850168
v 54.922387 41.164467 77.356056
v 54.040571 41.326366 77.008999
v 53.158429 41.486237 76.697237
v 52.275041 41.638332 76.52077
v 51.389807 41.778923 76.544299
v 50.503651 41.913769 76.667829
v 49.615423 42.035698 77.016058
v 48.726231 42.151608 77.468995
v 47.835249 42.256355 78.116047
v 46.942703 42.351364 78.932508
v 46.050582 42.449009 79.703086
v 45.152732 42.510944 80.227483
v 44.418364 42.334415 80.483709
v 45.112206 42.258274 80.533479
v 46.001886 42.145401 80.523299
v 46.886902 42.003456 80.523299
v 47.771919 41.861507 80.523299
v 48.656935000000004 41.719559 80.523299
v 49.541951 41.57761 80.523299
v 50.426967 41.435665 80.523299
v 51.311984 41.293716 80.523299
v 52.197001 41.151768 80.523299
v 53.082017 41.009823 80.523299
v 53.967033 40.867874 80.523299
v 54.852049 40.725925 80.523299
v 55.737066 40.583981 80.523299
v 56.622083 40.442032 80.523299
v 57.448245 40.309525 80.523299
v 58.009679 40.208317 80.522657
v 57.955405 39.869923 80.502702
v 57.390479 39.949371 80.502061
v 56.564318 40.081879 80.502061
v 55.679301 40.223827 80.502061
v 54.794285 40.365776 80.502061
v 53.909269 40.507721 80.502061
v 53.024252 40.64967 80.502061
v 52.139236 40.791618 80.502061
v 51.254219 40.933563 80.502061
v 50.369203 41.075512 80.502061
v 49.484186 41.217461 80.502061
v 48.59917 41.359406 80.502061
v 47.714154 41.501354 80.502061
v 46.829137 41.643303 80.502061
v 45.944121 41.785248 80.502061
v 45.058996 41.926517 80.513916
v 44.286615 42.063255 80.586021
v 44.307167 42.191391 80.593578
v 48.654917 41.706978 82.165107
v 49.537706 41.551144 82.406673
v 50.421009 41.398521 82.592396
v 51.305419 41.252785 82.658277
v 52.19032 41.110115 82.670826
v 53.076204 40.973579 82.57671
v 53.962754000000004 40.84119 82.410438
v 54.849476 40.709885 82.225341
v 55.736923 40.583084 81.961815
v 56.625835 40.465431 81.539336
v 57.45678 40.36274 81.02065
v 57.98029 40.232613 80.697171
v 57.933443 39.940529 80.679947
v 57.399014 40.00259 80.999412
v 56.56807 40.105278 81.518098
v 55.679158 40.222935 81.940578
v 54.791712000000004 40.349731 82.204104
v 53.904989 40.481037 82.3892
v 53.018439 40.61343 82.555472
v 52.132554999999996 40.749962 82.649589
v 51.247654 40.892632 82.63704
v 50.363245 41.038368 82.571159
v 49.479941 41.19099 82.385435
v 48.597152 41.346825 82.143869
v 47.715319 41.508614 81.798776
v 46.834316 41.675594 81.36333
v 45.953091 41.841171 80.952354
v 45.069452 41.991711 80.688904
v 44.29184 42.095829 80.636984
v 44.312048000000004 42.221828 80.644414
v 45.122594 42.32304 80.708442
v 46.010856000000004 42.201321 80.973592
v 46.892081 42.035748 81.384568
v 47.773084 41.868767 81.820013
v 48.685105 41.895203 78.891107
v 49.57235 41.767143 78.649541
v 50.459078 41.635872 78.463817
v 51.344703 41.497711 78.397936
v 52.229836 41.356487 78.385387
v 53.113984 41.209129 78.479504
v 53.997467 41.057621 78.645776
v 54.880776 40.905033 78.830872
v 55.763363 40.747936 79.094398
v 56.644484 40.581699 79.516878
v 57.465863 40.419373 80.035564
v 57.983477 40.25248 80.351567
v 57.93663 39.960396 80.334343
v 57.408098 40.059219 80.014326
v 56.586719 40.22155 79.49564
v 55.705598 40.387783 79.073161
v 54.823011 40.54488 78.809634
v 53.939703 40.697472 78.624538
v 53.056219 40.848976 78.458266
v 52.172071 40.996334 78.36415
v 51.286938 41.137562 78.376699
v 50.401314 41.275719 78.44258
v 49.514585 41.40699 78.628303
v 48.627341 41.535053 78.869869
v 47.739143 41.657158 79.214963
v 46.850111 41.774071 79.650408
v 45.961306 41.892391 80.061384
v 45.072598 42.011322 80.347772
v 44.292742000000004 42.101448 80.539231
v 44.31295 42.227448 80.546661
v 45.12574 42.342651 80.36731
v 46.019071 42.252544 80.082622
v 46.907876 42.134224 79.671646
v 47.796908 42.017311 79.2362
v 58.898770999999996 39.974899 80.517435
v 58.872897 39.813583 80.507922
v 58.785185 39.972626 80.612476
v 58.763951 39.840237 80.604669
v 58.786953 39.983654 80.420688
v 58.765719 39.851265 80.412881
v 47.332536 41.951969 81.60731
v 47.765963 41.824371 81.169252
v 48.214427 41.790535 80.523299
v 48.213873 41.787083 82.006364
v 48.649387000000004 41.672504 81.341799
v 49.099441999999996 41.648586 80.523299
v 49.096227999999996 41.62854 82.294988
v 49.53329 41.523613 81.462582
v 49.984459 41.506638 80.523299
v 49.979254 41.474182 82.510829
v 50.41745 41.376324 81.555444
v 50.869475 41.364689 80.523299
v 50.863112 41.32502 82.636317
v 51.302163 41.232483 81.588384
v 51.754493 41.222744 80.523299
v 51.747783 41.180908 82.673964
v 52.187122 41.090176 81.59465900000001
v 52.639509000000004 41.080795 80.523299
v 52.633145999999996 41.041126 82.636317
v 53.072572 40.950935 81.547601
v 53.524526 40.938847 80.523299
v 53.519435 40.907116 82.49828
v 53.958355 40.813766 81.464464
v 54.409542 40.796902 80.523299
v 54.406072 40.775269 82.322595
v 54.844224 40.677143 81.371916
v 55.294558 40.654953 80.523299
v 55.293055 40.645584 82.109265
v 55.730456000000004 40.542767 81.240153
v 56.179574 40.513004 80.523299
v 56.181195 40.523117 81.770445
v 56.61742 40.412964 81.028914
v 57.064591 40.371056 80.523299
v 57.070802 40.409786 81.272673
v 57.445973 40.295364 80.769571
v 57.714188 40.266869 80.523299
v 57.724449 40.330849 80.833463
v 58.008828 40.203007 80.615022
v 59.027753 39.871479 80.512678
v 58.898222 39.971489 80.576806
v 58.88487 39.888233 80.617147
v 58.872349 39.810169 80.567293
v 57.666684000000004 39.970695 80.812225
v 57.388209 39.935211 80.748333
v 57.656423000000004 39.906715 80.502061
v 57.954553 39.864613 80.595067
v 57.013037 40.049633 81.251435
v 56.559656 40.052811 81.007676
v 57.006826000000004 40.010906 80.502061
v 56.123431 40.162964 81.749207
v 55.672691 40.182617 81.218915
v 56.121809 40.152855 80.502061
v 55.23529 40.285431 82.088027
v 54.78646 40.31699 81.350678
v 55.236793 40.2948 80.502061
v 54.348307 40.415115 82.301358
v 53.900591 40.453617 81.443226
v 54.351777 40.436749 80.502061
v 53.461671 40.546963 82.477042
v 53.014807 40.590782 81.526363
v 53.466761 40.578697 80.502061
v 52.575382 40.680973 82.615079
v 52.129357 40.730022 81.573421
v 52.581744 40.720642 80.502061
v 51.690019 40.820755 82.652726
v 51.244398000000004 40.872334 81.567146
v 51.696728 40.862591 80.502061
v 50.805348 40.96487 82.615079
v 50.359685 41.016174 81.534206
v 50.81171 41.004539 80.502061
v 49.921489 41.114029 82.489591
v 49.475526 41.16346 81.441344
v 49.926694 41.146484 80.502061
v 49.038463 41.268387 82.27375
v 48.591622 41.312351 81.320561
v 49.041678 41.288433 80.502061
v 48.156108 41.426929 81.985126
v 47.708199 41.464222 81.148015
v 48.156662 41.430382 80.502061
v 47.274772 41.59182 81.586072
v 46.825189 41.618687 80.930292
v 47.271646000000004 41.57233 80.502061
v 46.393805 41.759018 81.146862
v 45.942068 41.772446 80.724804
v 46.386629 41.714275 80.502061
v 45.512029999999996 41.921162 80.795493
v 45.05821 41.921612 80.599198
v 45.501614000000004 41.856224 80.502061
v 44.624193 42.045536 80.645212
v 44.28639 42.061852 80.61046
v 44.616158999999996 41.995445 80.549478
v 44.183878 42.130188 80.600817
v 44.187983 42.155781 80.636788
v 44.306942 42.189987 80.618016
v 44.655706 42.242016 80.564018
v 44.663466 42.290394 80.659651
v 48.6866 41.904518 82.998031
v 49.568275 41.741741 83.36038
v 50.450722999999996 41.583778 83.638965
v 51.334828 41.436146 83.737787
v 52.219672 41.293118 83.756611
v 53.105989 41.159286 83.615436
v 53.993306 41.031677 83.366027
v 54.880882 40.905693 83.088382
v 55.769543999999996 40.786472 82.693093
v 56.660403 40.680954 82.059375
v 57.493739 40.593178 81.281345
v 57.911973 40.506744 80.823794
v 58.045871 40.102867 80.682348
v 57.86865 40.236629 80.807865
v 57.435974 40.233025 81.260107
v 56.602638999999996 40.320801 82.038137
v 55.711779 40.426319 82.671855
v 54.823116999999996 40.54554 83.067144
v 53.935542 40.671524 83.34479
v 53.048225 40.799133 83.594198
v 52.161907 40.932964 83.735373
v 51.277063 41.075996 83.716549
v 50.392958 41.223625 83.617727
v 49.510511 41.381588 83.339142
v 48.628835 41.544365 82.976793
v 47.748593 41.716072 82.459152
v 46.869597999999996 41.895573 81.805983
v 45.990268 42.07296 81.18952
v 45.104754 42.211807 80.787455
v 44.30864 42.200569 80.667682
v 44.32782 42.32016 80.674734
v 45.15769 42.541855 80.806917
v 46.048033000000004 42.433113 81.210758
v 46.927363 42.255726 81.827221
v 47.806358 42.076225 82.48039
v 48.664481 41.766613 79.704799
v 49.550612 41.631611 79.584016
v 50.436484 41.495003 79.491154
v 51.321805 41.35495 79.458214
v 52.20688 41.213364 79.45194
v 53.091462 41.068707 79.498997
v 53.975712 40.921982 79.582134
v 54.859874 40.774715 79.674682
v 55.743676 40.625191 79.806445
v 56.626745 40.4711 80.017684
v 57.450515 40.323681 80.277027
v 58.010531 40.213627 80.430292
v 58.886796 39.900246 80.408209
v 58.899316999999996 39.97831 80.458063
v 58.873444 39.816994 80.44855
v 57.39275 39.963531 80.255789
v 57.956256 39.875233 80.410338
v 56.568979999999996 40.110947 79.996447
v 55.685911 40.265038 79.785207
v 54.80211 40.414562 79.653444
v 53.917947 40.561829 79.560896
v 53.033697000000004 40.708557 79.47776
v 52.149115 40.85321 79.430702
v 51.26404 40.994797 79.436976
v 50.378719000000004 41.134853 79.469916
v 49.492847 41.271458 79.562778
v 48.606717 41.406464 79.683561
v 47.720111 41.538494 79.856108
v 46.833086 41.667923 80.073831
v 45.946176 41.798054 80.279319
v 45.059782999999996 41.931419 80.428633
v 44.28684 42.064663 80.561583
v 44.307392 42.192795 80.569139
v 45.112993 42.263176 80.448196
v 46.003941 42.158207 80.300557
v 46.89085 42.028076 80.095068
v 47.777876 41.898643 79.877346
v 58.475432 40.058289 80.63456
v 58.481976 40.099087 80.520732
v 58.442579 39.853451 80.622481
v 58.438171 39.82597 80.504626
v 58.477569 40.071606 80.402877
v 58.444715 39.866768 80.390798
v 57.803784 40.825489 79.981758
v 57.507364 40.678123 79.803716
v 57.73008 40.365959 80.222751
v 57.917209 40.539391 80.255958
v 57.161781 40.97702 79.158238
v 56.688377 40.855362 79.025686
v 57.084533 40.495392 79.783541
v 56.28537 41.172623 78.224915
v 55.809203 41.033741 78.391968
v 56.204106 40.665958 79.285769
v 55.406212 41.351093 77.589629
v 54.927832 41.198418 77.996678
v 55.322214 40.827385 78.946949
v 54.524884 41.516037 77.189633
v 54.045376 41.356323 77.719034
v 54.439165 40.981594 78.733618
v 53.642905 41.676922 76.860224
v 53.162659 41.512611 77.469624
v 53.555769 41.133644 78.557934
v 52.760275 41.833752 76.601403
v 52.278945 41.662674 77.32845
v 52.672025 41.283527 78.419896
v 51.87591 41.979755 76.530815
v 51.393754 41.803539 77.347273
v 51.787356 41.427639 78.38225
v 50.990242 42.117645 76.601404
v 50.507826 41.939804 77.446097
v 50.901992 41.567425 78.419897
v 50.103056 42.246067 76.836696
v 49.620241 42.065739 77.724681
v 50.015819 41.702156 78.545385
v 49.214308 42.36475 77.241396
v 48.731882999999996 42.186852 78.08703
v 49.128811999999996 41.831696 78.761226
v 48.324302 42.475582 77.782567
v 47.842095 42.299042 78.604671
v 48.241135 41.95705 79.04985
v 47.432386 42.574516 78.530794
v 46.951055 42.403435 79.257839
v 47.352438 42.076054 79.448903
v 46.539776 42.669117 79.354313
v 46.060356 42.509945 79.874303
v 46.463372 42.192757 79.888114
v 45.648685 42.77319 80.013129
v 45.162409 42.571274 80.29522
v 45.575117 42.314499 80.239483
v 44.712921 42.59874 80.411091
v 44.329172 42.328587 80.528104
v 44.665172 42.301025 80.474718
v 57.793226 40.759659 81.126841
v 57.514893 40.725067 81.536228
v 57.749902 40.489544 81.110913
v 57.928843 40.611919 80.906069
v 57.136035 40.816502 81.950361
v 56.679166 40.797935 82.573602
v 57.092712 40.546387 81.934432
v 56.242413 40.904793 82.883683
v 55.786358 40.891308 83.418559
v 56.199089 40.634678 82.867754
v 55.351538 41.010216 83.518969
v 54.896482 41.002956 83.945612
v 55.308215 40.740101 83.503041
v 54.462834 41.129166 83.918965
v 54.008053000000004 41.123623 84.315806
v 54.41951 40.859051 83.903037
v 53.57478 41.252178 84.248375
v 53.119969 41.246449 84.648352
v 53.531457 40.982063 84.232447
v 52.687377 41.379246 84.507195
v 52.233218 41.377575 84.836585
v 52.644054 41.109131 84.491267
v 51.80171 41.517136 84.577783
v 51.348433 41.520966 84.811487
v 51.758387 41.247021 84.561855
v 50.917344 41.663139 84.507195
v 50.46463 41.670486 84.679722
v 50.874021 41.393028 84.491266
v 50.034497 41.818615 84.271904
v 49.58304 41.83379 84.308276
v 49.991174 41.5485 84.255975
v 49.153213 41.983829 83.867202
v 48.702477 42.003513 83.825144
v 49.109889 41.713718 83.851274
v 48.273187 42.156887 83.326031
v 47.823827 42.185143 83.134955
v 48.229863 41.886772 83.310102
v 47.395069 42.34185 82.577804
v 46.946839 42.377155 82.264063
v 47.351746 42.071735 82.561876
v 46.517647 42.531143 81.754285
v 46.069404 42.566357 81.442113
v 46.474323 42.261028 81.738357
v 45.638706 42.710964 81.095469
v 45.178415 42.67107 80.900109
v 45.595383 42.440849 81.079541
v 44.709724 42.578804 80.75784
v 44.335636 42.368893 80.69782
v 44.681435 42.402424 80.747439
v 57.672315 40.005806 80.201513
v 57.449599 40.31797 79.782478
v 57.760461 40.555374 79.965829
v 57.873886 40.269276 80.240029
v 57.026768 40.135242 79.762303
v 56.630612 40.495209 79.004448
v 57.118458 40.706905 79.142309
v 56.146342 40.305805 79.264531
v 55.751438 40.673588 78.37073
v 56.242047 40.902512 78.208987
v 55.26445 40.467236 78.925711
v 54.870067 40.838264 77.975441
v 55.362888 41.080978 77.573701
v 54.381401 40.621445 78.712381
v 53.987611 40.99617 77.697796
v 54.481561 41.245926 77.173704
v 53.498004 40.773491 78.536696
v 53.104894 41.152458 77.448387
v 53.599582 41.406807 76.844295
v 52.614261 40.923374 78.398659
v 52.221180000000004 41.302521 77.30721199999999
v 52.716952 41.563637 76.585474
v 51.729591 41.06749 78.361012
v 51.33599 41.443386 77.326036
v 51.832586 41.709641 76.514887
v 50.844227000000004 41.207272 78.398659
v 50.450061 41.579651 77.424859
v 50.946918 41.84753 76.585476
v 49.958054000000004 41.342003 78.524147
v 49.562477 41.705585 77.703443
v 50.059732 41.975952 76.820767
v 49.071047 41.471542 78.739988
v 48.674119 41.826702 78.065792
v 49.170984000000004 42.094635 77.225468
v 48.18337 41.596897 79.028612
v 47.78433 41.938889 78.583433
v 48.280978 42.205467 77.766639
v 47.294674 41.715904 79.427666
v 46.893291 42.043285 79.236602
v 47.389063 42.304401 78.514866
v 46.405607 41.832603 79.866876
v 46.002591 42.149792 79.853065
v 46.496452 42.399006 79.338385
v 45.517352 41.95435 80.218245
v 45.109472 42.241226 80.275757
v 45.605362 42.503078 79.9972
v 44.625898 42.056168 80.460279
v 44.309992 42.208996 80.521052
v 44.684630999999996 42.422359 80.40069
v 57.53306 40.838333 79.566057
v 57.935477 40.653286 80.186601
v 56.716464 41.030479 78.528683
v 55.839238 41.221004 77.683727
v 54.959082 41.393253 77.156674
v 54.077479 41.55648 76.78648
v 53.195529 41.717548 76.453934
v 52.312249 41.870319 76.2657
v 51.427 42.010822 76.29079899999999
v 50.540769 42.145195 76.422564
v 49.652328 42.265789 76.79401
v 48.762856 42.379959 77.277142
v 47.871476 42.482227 77.967331
v 46.978429 42.574108 78.838222
v 46.085835 42.668804 79.660172
v 45.184707 42.710297 80.217846
v 44.337360000000004 42.379639 80.510901
v 44.188615999999996 42.159729 80.568095
v 58.048911 40.121826 80.352627
v 45.559379 42.216377 80.523299
v 45.111421 42.253368 80.618762
v 45.569794 42.281315 80.816731
v 45.999833 42.132599 80.746041
v 46.444394 42.074429 80.523299
v 46.451570000000004 42.119167 81.168099
v 46.882953 41.978836 80.95153
v 47.329411 41.93248 80.523299
v 57.770719 40.619328 80.084497
v 57.127197 40.761391 79.425681
v 56.249064 40.946266 78.679024
v 55.368734 41.117428 78.170794
v 54.486669 41.277775 77.850797
v 53.604083 41.434872 77.58727
v 52.720975 41.588726 77.380213
v 51.83648 41.733917 77.323744
v 50.950942 41.87262 77.380215
v 50.064189999999996 42.003746 77.568448
v 49.176187999999996 42.127083 77.892209
v 48.28718 42.244141 78.325145
v 47.396645 42.351673 78.923726
v 46.505553 42.455746 79.582542
v 45.615678 42.56739 80.109594
v 44.691434 42.464771 80.437984
v 57.784289 40.703938 81.161854
v 57.126592 40.757622 82.040275
v 56.232396 40.842339 83.035819
v 55.341131 40.945328 83.713457
v 54.452181 41.062744 84.140121
v 53.563924 41.184494 84.49149
v 52.676363 41.31057 84.767566
v 51.790652 41.448189 84.842859
v 50.906329 41.594467 84.767565
v 50.023626 41.750839 84.516587
v 49.142590999999996 41.91761 84.084906
v 48.262897 42.092739 83.507657
v 47.385241 42.280571 82.709548
v 46.508324 42.473019 81.831128
v 45.629788 42.655365 81.128391
v 44.704222 42.544498 80.767415
v 57.712955 40.259174 80.063259
v 57.069432 40.401237 79.404443
v 56.1913 40.586113 78.657786
v 55.31097 40.757278 78.149557
v 54.428905 40.917622 77.82956
v 53.546318 41.074718 77.566032
v 52.663211000000004 41.228573 77.358976
v 51.778715 41.373764 77.302506
v 50.893177 41.512466 77.358977
v 50.006425 41.643593 77.54721
v 49.118423 41.76693 77.870971
v 48.229416 41.883987 78.303907
v 47.33888 41.991524 78.902488
v 46.447788 42.095592 79.561304
v 45.557913 42.207241 80.088357
v 44.652984000000004 42.22504 80.423847
v 57.795552 40.774155 79.940432
v 57.154054 40.928844 79.062011
v 56.278217 41.128029 78.066467
v 55.399449 41.308933 77.388828
v 54.518367 41.47541 76.962165
v 53.636591 41.637554 76.610795
v 52.75412 41.795376 76.334719
v 51.869798 41.941654 76.259426
v 50.984087 42.079269 76.334722
v 50.096756 42.206791 76.585699
v 49.207758999999996 42.323921 77.01738
v 48.317420999999996 42.432682 77.594629
v 47.425045 42.528744 78.392738
v 46.531929 42.620193 79.271158
v 45.640433 42.721741 79.973894
v 44.707632000000004 42.565762 80.397549
v 44.20204 42.243423 80.555799
v 57.946785 40.392689 80.306032
v 45.558048 42.20808 80.667611
v 46.441443 42.05603 80.843295
v 47.324435 41.901459 81.062901
v 48.207611 41.748043 81.262428
v 49.091296 41.597797 81.406739
v 49.975318 41.449646 81.51466
v 50.859756000000004 41.304092 81.577404
v 51.744599 41.16106 81.596227
v 52.629789 41.020195 81.577404
v 53.515442 40.882214 81.508385
v 54.401268 40.745316 81.420543
v 55.287268 40.609505 81.313878
v 56.173846 40.477291 81.144468
v 57.061158 40.349655 80.895582
v 57.71278 40.258091 80.675977
v 59.027227 39.868198 80.569775
v 57.655016 39.897942 80.654739
v 57.003393 39.989502 80.874344
v 56.116082 40.117142 81.12323
v 55.229503 40.249352 81.29264
v 54.343504 40.385162 81.399305
v 53.457677000000004 40.522064 81.487148
v 52.572025 40.660046 81.556166
v 51.686834 40.800911 81.574989
v 50.801991 40.943939 81.556166
v 49.917553 41.089493 81.493422
v 49.033532 41.237644 81.385502
v 48.149847 41.38789 81.24119
v 47.26667 41.541309 81.041663
v 46.383678 41.695877 80.822057
v 45.500282999999996 41.847927 80.646373
v 44.615733 41.992786 80.595712
v 44.18372 42.1292 80.61799
v 44.65528 42.239357 80.610251
v 49.127312 41.822346 83.192852
v 50.009343 41.661785 83.516613
v 50.892624 41.509014 83.704847
v 51.777121 41.363823 83.761317
v 52.662657 41.225117 83.704847
v 53.549583 41.095078 83.497791
v 54.437029 40.968277 83.234263
v 55.324996 40.84473 82.914267
v 56.214698 40.731998 82.406037
v 57.1066 40.632977 81.659379
v 57.762272 40.566662 81.000564
v 57.94262 40.366718 80.757791
v 57.704508 40.206509 80.979326
v 57.048835 40.272823 81.638142
v 56.156934 40.371845 82.384799
v 55.267231 40.484577 82.893029
v 54.379264 40.608128 83.213026
v 53.491818 40.734924 83.476552
v 52.604893 40.864967 83.683609
v 51.719356 41.00367 83.740079
v 50.834859 41.148861 83.683609
v 49.951578 41.301632 83.495376
v 49.069547 41.462196 83.171615
v 48.188523 41.629032 82.738678
v 47.309027 41.805393 82.140097
v 46.430085 41.985214 81.481281
v 45.54993 42.157459 80.954229
v 44.650425999999996 42.209091 80.701246
v 44.20109 42.237499 80.658839
v 44.688876 42.448822 80.715383
v 45.607694 42.517612 80.975466
v 46.487849 42.345367 81.502519
v 47.366791 42.165543 82.161335
v 48.246288 41.989185 82.759916
v 49.107589000000004 41.699375 79.639859
v 49.9936 41.563633 79.531938
v 50.879194999999996 41.425293 79.469194
v 51.764386 41.284424 79.450371
v 52.649229 41.141399 79.469194
v 53.533609 40.99548 79.538213
v 54.417815 40.848484 79.626055
v 55.301847 40.700401 79.73272
v 56.185302 40.548717 79.90213
v 57.068024 40.39246 80.151016
v 57.715596 40.275646 80.370621
v 59.02828 39.87476 80.455581
v 57.657832 39.915493 80.349383
v 57.010259 40.03231 80.129778
v 56.127537 40.188564 79.880892
v 55.244083 40.340248 79.711482
v 54.36005 40.488331 79.604817
v 53.475844 40.635326 79.516975
v 52.591464 40.781246 79.447956
v 51.706621 40.924271 79.429133
v 50.82143 41.06514 79.447956
v 49.935836 41.20348 79.5107
v 49.049824 41.339222 79.618621
v 48.163477 41.472874 79.762933
v 47.276621 41.603352 79.962459
v 46.38958 41.732674 80.182065
v 45.502945 41.864521 80.357749
v 44.616586 41.9981 80.503245
v 44.184036 42.131172 80.583643
v 44.656133 42.244671 80.517785
v 45.560709 42.22467 80.378987
v 46.447345 42.092827 80.203303
v 47.334386 41.963501 79.983697
v 48.221242000000004 41.833027 79.784171
v 58.481366 40.095284 80.586927
v 58.458854 39.954918 80.645069
v 58.437562 39.822166 80.570821
v 58.461295 39.970139 80.380289
v 58.482587 40.10289 80.454537
v 58.438782 39.829773 80.438431
vt 0.980829 0.998008
vt 0.392947 0.001992
vt 0.964845 0.998008
vt 0.376963 0.001992
vt 0.935470 0.998008
vt 0.347588 0.001992
vt 0.913438 0.998008
vt 0.325556 0.001992
vt 0.900478 0.998008
vt 0.312597 0.001992
vt 0.617515 0.001993
vt 0.632095 0.001993
vt 0.303525 0.001992
vt 0.646675 0.001993
vt 0.294453 0.001992
vt 0.433223 0.657735
vt 0.661254 0.001993
vt 0.447802 0.657735
vt 0.675834 0.001993
vt 0.462382 0.657735
vt 0.690414 0.001993
vt 0.476961 0.657735
vt 0.498292 0.657735
vt 0.704994 0.001993
vt 0.508661 0.657735
vt 0.719572 0.001993
vt 0.520583 0.657735
vt 0.734152 0.001993
vt 0.538468 0.657735
vt 0.748732 0.001993
vt 0.561796 0.657735
vt 0.763312 0.001993
vt 0.583826 0.657735
vt 0.777891 0.001993
vt 0.598083 0.657735
vt 0.792471 0.437605
vt 0.606532 0.222122
vt 0.005854 0.001992
vt 0.793442 0.998008
vt 0.021837 0.001992
vt 0.809426 0.998008
vt 0.051212 0.001992
vt 0.838801 0.998008
vt 0.073244 0.001992
vt 0.860834 0.998008
vt 0.086203 0.001992
vt 0.873791 0.998008
vt 0.800200 0.571600
vt 0.095275 0.001992
vt 0.814780 0.571600
vt 0.104347 0.001992
vt 0.829360 0.571600
vt 0.140928 0.001993
vt 0.155507 0.001993
vt 0.843939 0.571600
vt 0.170087 0.001993
vt 0.858519 0.571600
vt 0.184667 0.001993
vt 0.873098 0.571600
vt 0.199247 0.001993
vt 0.887678 0.571600
vt 0.213825 0.001993
vt 0.902257 0.571600
vt 0.228405 0.001993
vt 0.916837 0.571600
vt 0.242985 0.001993
vt 0.931417 0.571600
vt 0.257565 0.001993
vt 0.945996 0.571600
vt 0.272144 0.001993
vt 0.960576 0.571600
vt 0.286724 0.437605
vt 0.975156 0.135986
vt 0.610081 0.222122
vt 0.008320 0.277310
vt 0.021921 0.258915
vt 0.047031 0.258915
vt 0.067483 0.258915
vt 0.086203 0.235266
vt 0.111768 0.235265
vt 0.095275 0.235266
vt 0.126348 0.235267
vt 0.104347 0.235266
vt 0.140928 0.235267
vt 0.155507 0.258917
vt 0.170087 0.258917
vt 0.184667 0.258917
vt 0.199246 0.258917
vt 0.213825 0.258917
vt 0.228405 0.258917
vt 0.242985 0.258916
vt 0.257565 0.258915
vt 0.272144 0.291105
vt 0.286724 0.506026
vt 0.610081 0.153702
vt 0.390481 0.277310
vt 0.376879 0.258915
vt 0.351769 0.258915
vt 0.331317 0.258915
vt 0.312597 0.235266
vt 0.404063 0.424462
vt 0.418643 0.424462
vt 0.303525 0.235266
vt 0.433223 0.424462
vt 0.294453 0.235266
vt 0.447802 0.400812
vt 0.462382 0.400812
vt 0.476961 0.424462
vt 0.498292 0.424460
vt 0.491541 0.424462
vt 0.508661 0.424460
vt 0.526611 0.400811
vt 0.543318 0.400811
vt 0.564397 0.400811
vt 0.584292 0.400813
vt 0.598083 0.424463
vt 0.879843 0.998008
vt 0.894423 0.727247
vt 0.606532 0.153702
vt 0.546931 0.661674
vt 0.605858 0.235264
vt 0.546931 0.676254
vt 0.546930 0.690833
vt 0.546930 0.705413
vt 0.546931 0.719993
vt 0.546930 0.734572
vt 0.546931 0.749151
vt 0.546930 0.763731
vt 0.546931 0.778311
vt 0.546931 0.792890
vt 0.546930 0.807470
vt 0.546931 0.822049
vt 0.546931 0.836629
vt 0.546931 0.851209
vt 0.546931 0.864819
vt 0.546931 0.872612
vt 0.779613 0.575537
vt 0.664435 0.887192
vt 0.779613 0.808811
vt 0.664435 0.879402
vt 0.664435 0.865791
vt 0.664435 0.851210
vt 0.664435 0.836633
vt 0.664435 0.822052
vt 0.664435 0.807472
vt 0.664435 0.792895
vt 0.664435 0.778314
vt 0.664435 0.763733
vt 0.664435 0.749153
vt 0.664435 0.734575
vt 0.664435 0.719995
vt 0.664435 0.705418
vt 0.664435 0.690838
vt 0.664129 0.676257
vt 0.661989 0.661676
vt 0.608306 0.001992
vt 0.608000 0.095753
vt 0.589568 0.719993
vt 0.902257 0.149130
vt 0.595529 0.734572
vt 0.887678 0.149130
vt 0.600714 0.749151
vt 0.873098 0.149130
vt 0.602009 0.763731
vt 0.858519 0.149130
vt 0.602657 0.778311
vt 0.843939 0.149130
vt 0.600065 0.792890
vt 0.829360 0.149130
vt 0.595529 0.807471
vt 0.814780 0.149130
vt 0.590994 0.822049
vt 0.800200 0.149130
vt 0.829731 0.575538
vt 0.584514 0.836629
vt 0.823251 0.575538
vt 0.573498 0.851209
vt 0.812234 0.575538
vt 0.558810 0.865789
vt 0.797548 0.575538
vt 0.550818 0.872612
vt 0.789554 0.575538
vt 0.001965 0.424462
vt 0.769673 0.575537
vt 0.783500 0.575537
vt 0.660545 0.887192
vt 0.783500 0.808811
vt 0.769673 0.808810
vt 0.001965 0.657737
vt 0.652554 0.880372
vt 0.009957 0.657737
vt 0.637868 0.865791
vt 0.024645 0.657737
vt 0.626850 0.851210
vt 0.035661 0.657737
vt 0.620370 0.836633
vt 0.042141 0.657737
vt 0.111768 0.657735
vt 0.615838 0.822052
vt 0.126348 0.657735
vt 0.611300 0.807471
vt 0.140928 0.657735
vt 0.608710 0.792895
vt 0.155507 0.657735
vt 0.609358 0.778314
vt 0.170087 0.657735
vt 0.610653 0.763733
vt 0.184667 0.657735
vt 0.615838 0.749152
vt 0.199247 0.657735
vt 0.621800 0.734576
vt 0.213825 0.657735
vt 0.630740 0.719995
vt 0.228405 0.657735
vt 0.642405 0.705419
vt 0.242985 0.657735
vt 0.653417 0.690838
vt 0.257565 0.657735
vt 0.660545 0.676257
vt 0.272144 0.657735
vt 0.661101 0.661676
vt 0.286724 0.657735
vt 0.609194 0.001992
vt 0.609194 0.088128
vt 0.975156 0.001992
vt 0.550818 0.661674
vt 0.609745 0.235264
vt 0.960576 0.149130
vt 0.557947 0.676254
vt 0.945996 0.149130
vt 0.568962 0.690833
vt 0.931417 0.149130
vt 0.580625 0.705413
vt 0.916837 0.149130
vt 0.719572 0.424463
vt 0.504294 0.719993
vt 0.704994 0.424463
vt 0.498332 0.734572
vt 0.690414 0.424463
vt 0.493148 0.749151
vt 0.675834 0.424463
vt 0.491852 0.763731
vt 0.661254 0.424463
vt 0.491204 0.778311
vt 0.646675 0.424463
vt 0.493796 0.792890
vt 0.632095 0.424463
vt 0.498332 0.807471
vt 0.944542 0.575538
vt 0.617515 0.424463
vt 0.502868 0.822049
vt 0.951022 0.575538
vt 0.509348 0.836629
vt 0.962037 0.575538
vt 0.520363 0.851209
vt 0.976724 0.575538
vt 0.535051 0.865789
vt 0.984717 0.575538
vt 0.543042 0.872612
vt 0.775725 0.575537
vt 0.744916 0.808810
vt 0.396834 0.424463
vt 0.396834 0.657736
vt 0.744916 0.575536
vt 0.775725 0.808811
vt 0.668325 0.887192
vt 0.388843 0.657736
vt 0.676315 0.880372
vt 0.374155 0.657736
vt 0.691002 0.865791
vt 0.363140 0.657736
vt 0.702019 0.851210
vt 0.356660 0.657736
vt 0.708499 0.836633
vt 0.404063 0.001992
vt 0.418643 0.001992
vt 0.713032 0.822052
vt 0.433223 0.001992
vt 0.717569 0.807471
vt 0.447802 0.001992
vt 0.720159 0.792895
vt 0.462382 0.001992
vt 0.719512 0.778314
vt 0.476961 0.001992
vt 0.718217 0.763733
vt 0.491541 0.001992
vt 0.713032 0.749152
vt 0.557258 0.001992
vt 0.563220 0.001992
vt 0.707070 0.734576
vt 0.572163 0.001992
vt 0.698129 0.719995
vt 0.583826 0.001992
vt 0.686465 0.705419
vt 0.594843 0.001992
vt 0.675452 0.690838
vt 0.601970 0.001992
vt 0.668325 0.676257
vt 0.879843 0.575539
vt 0.894423 0.575537
vt 0.662871 0.661676
vt 0.607419 0.001992
vt 0.792471 0.571600
vt 0.607419 0.088128
vt 0.777891 0.424463
vt 0.601970 0.235264
vt 0.543042 0.661674
vt 0.763312 0.424463
vt 0.535915 0.676254
vt 0.748732 0.424463
vt 0.524899 0.690833
vt 0.734152 0.424463
vt 0.513235 0.705413
vt 0.779613 0.639930
vt 0.779613 0.744417
vt 0.782561 0.631911
vt 0.750969 0.631912
vt 0.782561 0.752436
vt 0.750969 0.752435
vt 0.776664 0.631911
vt 0.726213 0.752436
vt 0.776664 0.752436
vt 0.726213 0.631910
vt 0.976779 0.786773
vt 0.959769 0.786773
vt 0.940492 0.786773
vt 0.927370 0.786773
vt 0.624805 0.213228
vt 0.639385 0.213228
vt 0.653965 0.213228
vt 0.668544 0.213228
vt 0.683124 0.213228
vt 0.697704 0.213228
vt 0.712283 0.213228
vt 0.726862 0.213228
vt 0.741442 0.213228
vt 0.756022 0.213228
vt 0.770602 0.213228
vt 0.785181 0.358915
vt 0.013845 0.118629
vt 0.036524 0.118629
vt 0.062228 0.118629
vt 0.079724 0.118629
vt 0.090739 0.118629
vt 0.099811 0.118629
vt 0.148218 0.118630
vt 0.162797 0.118630
vt 0.177377 0.118630
vt 0.191957 0.118630
vt 0.206536 0.118630
vt 0.221115 0.118630
vt 0.235695 0.118630
vt 0.250275 0.118630
vt 0.264855 0.118629
vt 0.279434 0.295222
vt 0.388897 0.446501
vt 0.371887 0.446501
vt 0.352610 0.446501
vt 0.339488 0.446501
vt 0.411353 0.213227
vt 0.425933 0.213227
vt 0.440512 0.213227
vt 0.455092 0.213227
vt 0.469672 0.213227
vt 0.484251 0.213227
vt 0.537431 0.213226
vt 0.548609 0.213226
vt 0.564063 0.213226
vt 0.581072 0.213227
vt 0.594680 0.213227
vt 0.887133 0.719083
vt 0.384955 0.118629
vt 0.362275 0.118629
vt 0.336572 0.118629
vt 0.319076 0.118629
vt 0.308061 0.118629
vt 0.298989 0.118629
vt 0.440512 0.541099
vt 0.455092 0.541099
vt 0.469672 0.541099
vt 0.503477 0.541098
vt 0.514622 0.541098
vt 0.529526 0.541098
vt 0.550132 0.541098
vt 0.572811 0.541098
vt 0.590954 0.541099
vt 0.602307 0.364505
vt 0.606975 0.116486
vt 0.394891 0.329864
vt 0.550656 0.668964
vt 0.555192 0.683544
vt 0.560862 0.698123
vt 0.566014 0.712703
vt 0.569739 0.727282
vt 0.572526 0.741862
vt 0.574146 0.756441
vt 0.574632 0.771021
vt 0.574146 0.785600
vt 0.572364 0.800180
vt 0.570096 0.814760
vt 0.567342 0.829339
vt 0.562968 0.843919
vt 0.556542 0.858499
vt 0.550872 0.869200
vt 0.781087 0.692174
vt 0.660492 0.883782
vt 0.654823 0.873081
vt 0.648397 0.858500
vt 0.644023 0.843921
vt 0.641269 0.829343
vt 0.639002 0.814762
vt 0.637220 0.800183
vt 0.636734 0.785605
vt 0.637220 0.771024
vt 0.638840 0.756443
vt 0.641627 0.741864
vt 0.645352 0.727285
vt 0.650504 0.712707
vt 0.656173 0.698128
vt 0.660708 0.683547
vt 0.662017 0.668966
vt 0.608750 0.045060
vt 0.608276 0.161696
vt 0.894968 0.360365
vt 0.880388 0.360365
vt 0.865809 0.360365
vt 0.851229 0.360365
vt 0.836649 0.360365
vt 0.822070 0.360365
vt 0.807490 0.360365
vt 0.846902 0.786773
vt 0.833780 0.786773
vt 0.814502 0.786773
vt 0.797492 0.786773
vt 0.003910 0.329864
vt 0.009903 0.446501
vt 0.026913 0.446501
vt 0.046191 0.446501
vt 0.059312 0.446501
vt 0.119058 0.446501
vt 0.133638 0.446501
vt 0.148218 0.446501
vt 0.162797 0.446501
vt 0.177377 0.446501
vt 0.191957 0.446501
vt 0.206536 0.446501
vt 0.221115 0.446501
vt 0.235695 0.446501
vt 0.250275 0.446501
vt 0.264855 0.446500
vt 0.279434 0.514190
vt 0.609637 0.116486
vt 0.967866 0.214677
vt 0.953286 0.360365
vt 0.938706 0.360365
vt 0.924127 0.360365
vt 0.909547 0.360365
vt 0.524122 0.727282
vt 0.521335 0.741862
vt 0.519715 0.756441
vt 0.519229 0.771021
vt 0.519715 0.785600
vt 0.521497 0.800180
vt 0.523765 0.814760
vt 0.526519 0.829339
vt 0.530893 0.843919
vt 0.537319 0.858499
vt 0.542989 0.869200
vt 0.778138 0.692174
vt 0.668377 0.883782
vt 0.674047 0.873081
vt 0.680473 0.858500
vt 0.684847 0.843921
vt 0.687600 0.829343
vt 0.689868 0.814762
vt 0.691649 0.800183
vt 0.692135 0.785605
vt 0.691649 0.771024
vt 0.690029 0.756443
vt 0.687243 0.741864
vt 0.683517 0.727285
vt 0.678366 0.712707
vt 0.672697 0.698128
vt 0.668162 0.683547
vt 0.664405 0.668966
vt 0.607863 0.045060
vt 0.605888 0.161696
vt 0.543205 0.668964
vt 0.538669 0.683544
vt 0.532999 0.698123
vt 0.527848 0.712703
vt 0.781322 0.603724
vt 0.760321 0.692173
vt 0.781322 0.780623
vt 0.735565 0.692173
vt 0.777904 0.603724
vt 0.777904 0.780623
vt 0.972837 0.998008
vt 0.384955 0.001992
vt 0.969529 0.786773
vt 0.980720 0.575538
vt 0.539047 0.869200
vt 0.982773 0.786773
vt 0.394891 0.213227
vt 0.950158 0.998008
vt 0.362275 0.001992
vt 0.949442 0.786773
vt 0.969380 0.575538
vt 0.527707 0.858499
vt 0.924454 0.998008
vt 0.336572 0.001992
vt 0.933081 0.786773
vt 0.956530 0.575538
vt 0.514856 0.843919
vt 0.906958 0.998008
vt 0.319076 0.001992
vt 0.922510 0.786773
vt 0.617515 0.213228
vt 0.947782 0.575538
vt 0.506108 0.829339
vt 0.624805 0.001993
vt 0.308061 0.001992
vt 0.632095 0.213228
vt 0.624805 0.424463
vt 0.500600 0.814760
vt 0.639385 0.001993
vt 0.298989 0.001992
vt 0.646675 0.213228
vt 0.639385 0.424463
vt 0.496064 0.800180
vt 0.653965 0.001993
vt 0.440512 0.657735
vt 0.661254 0.213228
vt 0.653965 0.424463
vt 0.492500 0.785600
vt 0.668544 0.001993
vt 0.455092 0.657735
vt 0.675834 0.213228
vt 0.668544 0.424463
vt 0.491528 0.771021
vt 0.683124 0.001993
vt 0.469672 0.657735
vt 0.690414 0.213228
vt 0.683124 0.424463
vt 0.492500 0.756441
vt 0.697704 0.001993
vt 0.503477 0.657735
vt 0.704993 0.213228
vt 0.697704 0.424463
vt 0.495740 0.741862
vt 0.712283 0.001993
vt 0.514622 0.657735
vt 0.719572 0.213228
vt 0.712283 0.424463
vt 0.501313 0.727282
vt 0.726862 0.001993
vt 0.529526 0.657735
vt 0.734152 0.213228
vt 0.726862 0.424463
vt 0.508765 0.712703
vt 0.741442 0.001993
vt 0.550132 0.657735
vt 0.748732 0.213228
vt 0.741442 0.424463
vt 0.519067 0.698123
vt 0.756022 0.001993
vt 0.572811 0.657735
vt 0.763312 0.213228
vt 0.756022 0.424463
vt 0.530407 0.683544
vt 0.770602 0.001993
vt 0.590954 0.657735
vt 0.777891 0.249650
vt 0.770602 0.424463
vt 0.539479 0.668964
vt 0.785181 0.219799
vt 0.602307 0.439929
vt 0.792471 0.504602
vt 0.606975 0.155125
vt 0.785181 0.498031
vt 0.604695 0.161696
vt 0.013845 0.001992
vt 0.801434 0.998008
vt 0.023511 0.118629
vt 0.012860 0.258916
vt 0.007366 0.171438
vt 0.036524 0.001992
vt 0.824114 0.998008
vt 0.050294 0.118629
vt 0.034122 0.258915
vt 0.062228 0.001992
vt 0.849817 0.998008
vt 0.072110 0.118629
vt 0.058219 0.258915
vt 0.079724 0.001992
vt 0.867312 0.998008
vt 0.085717 0.118629
vt 0.074621 0.258915
vt 0.090739 0.001992
vt 0.807490 0.571600
vt 0.095275 0.118629
vt 0.090739 0.235266
vt 0.119058 0.235266
vt 0.099811 0.001992
vt 0.822070 0.571600
vt 0.104347 0.118629
vt 0.140928 0.118630
vt 0.099811 0.235266
vt 0.133638 0.235267
vt 0.148218 0.001993
vt 0.836649 0.571600
vt 0.155507 0.118630
vt 0.148218 0.258917
vt 0.162797 0.001993
vt 0.851229 0.571600
vt 0.170087 0.118630
vt 0.162797 0.258917
vt 0.177377 0.001993
vt 0.865809 0.571600
vt 0.184667 0.118630
vt 0.177377 0.258917
vt 0.191957 0.001993
vt 0.880388 0.571600
vt 0.199246 0.118630
vt 0.191957 0.258917
vt 0.206536 0.001993
vt 0.894968 0.571600
vt 0.213825 0.118630
vt 0.206536 0.258917
vt 0.221115 0.001993
vt 0.909547 0.571600
vt 0.228405 0.118630
vt 0.221115 0.258917
vt 0.235695 0.001993
vt 0.924127 0.571600
vt 0.242985 0.118630
vt 0.235695 0.258917
vt 0.250275 0.001993
vt 0.938706 0.571600
vt 0.257565 0.118629
vt 0.250275 0.258916
vt 0.264855 0.001993
vt 0.953286 0.571600
vt 0.272144 0.162777
vt 0.264855 0.258915
vt 0.279434 0.219799
vt 0.967866 0.353793
vt 0.286724 0.471816
vt 0.610081 0.187912
vt 0.279434 0.387676
vt 0.392839 0.657736
vt 0.672320 0.883782
vt 0.381647 0.446501
vt 0.385940 0.258915
vt 0.393392 0.417342
vt 0.381499 0.657736
vt 0.683659 0.873081
vt 0.361560 0.446501
vt 0.364678 0.258915
vt 0.368647 0.657736
vt 0.696511 0.858500
vt 0.345198 0.446501
vt 0.340582 0.258915
vt 0.359900 0.657736
vt 0.705259 0.843921
vt 0.334628 0.446501
vt 0.404063 0.213227
vt 0.324179 0.258915
vt 0.411353 0.001992
vt 0.710765 0.829343
vt 0.418643 0.213227
vt 0.411353 0.424462
vt 0.308061 0.235266
vt 0.425933 0.001992
vt 0.715300 0.814762
vt 0.433223 0.213227
vt 0.425933 0.424462
vt 0.298989 0.235266
vt 0.440512 0.001992
vt 0.718864 0.800183
vt 0.447802 0.213227
vt 0.440512 0.400812
vt 0.455092 0.001992
vt 0.719835 0.785605
vt 0.462382 0.213227
vt 0.455092 0.400812
vt 0.469672 0.001992
vt 0.718864 0.771024
vt 0.476961 0.213227
vt 0.469672 0.400812
vt 0.484251 0.001992
vt 0.715624 0.756443
vt 0.491541 0.213227
vt 0.532960 0.213226
vt 0.484251 0.424462
vt 0.503477 0.424460
vt 0.560239 0.001992
vt 0.710051 0.741864
vt 0.542461 0.213226
vt 0.520324 0.400811
vt 0.567692 0.001992
vt 0.702600 0.727285
vt 0.555826 0.213226
vt 0.534296 0.400811
vt 0.577994 0.001992
vt 0.692297 0.712707
vt 0.572689 0.213226
vt 0.553615 0.400811
vt 0.589334 0.001992
vt 0.680958 0.698128
vt 0.588605 0.213227
vt 0.574876 0.400812
vt 0.598407 0.001992
vt 0.671888 0.683547
vt 0.600026 0.213227
vt 0.879843 0.786773
vt 0.591886 0.400813
vt 0.887133 0.575538
vt 0.665598 0.668966
vt 0.894423 0.651392
vt 0.606975 0.077847
vt 0.887133 0.862627
vt 0.602307 0.289082
vt 0.375289 0.118629
vt 0.391435 0.171438
vt 0.348506 0.118629
vt 0.326690 0.118629
vt 0.313083 0.118629
vt 0.303525 0.118629
vt 0.294453 0.118629
vt 0.433223 0.541099
vt 0.447802 0.541099
vt 0.462382 0.541099
vt 0.476961 0.541099
vt 0.498292 0.541098
vt 0.508855 0.541098
vt 0.521328 0.541098
vt 0.539149 0.541098
vt 0.561634 0.541098
vt 0.582854 0.541099
vt 0.597357 0.496950
vt 0.605586 0.214204
vt 0.607419 0.062917
vt 0.396834 0.541099
vt 0.744916 0.692173
vt 0.546931 0.668964
vt 0.548874 0.661674
vt 0.607801 0.235264
vt 0.554382 0.668964
vt 0.953286 0.149130
vt 0.552682 0.676254
vt 0.546931 0.683544
vt 0.563454 0.683544
vt 0.938706 0.149130
vt 0.557987 0.690833
vt 0.546930 0.698123
vt 0.574793 0.698123
vt 0.924127 0.149130
vt 0.563608 0.705413
vt 0.546931 0.712703
vt 0.585097 0.712703
vt 0.909547 0.149130
vt 0.568063 0.719993
vt 0.546931 0.727282
vt 0.592548 0.727282
vt 0.894968 0.149130
vt 0.571181 0.734572
vt 0.546931 0.741862
vt 0.598121 0.741862
vt 0.880388 0.149130
vt 0.573579 0.749151
vt 0.546931 0.756441
vt 0.601361 0.756441
vt 0.865809 0.149130
vt 0.574429 0.763731
vt 0.546931 0.771021
vt 0.602333 0.771021
vt 0.851229 0.149130
vt 0.574591 0.778311
vt 0.546931 0.785600
vt 0.601361 0.785600
vt 0.836649 0.149130
vt 0.573376 0.792890
vt 0.546930 0.800180
vt 0.597797 0.800180
vt 0.822070 0.149130
vt 0.571230 0.807470
vt 0.546931 0.814760
vt 0.593261 0.814760
vt 0.807490 0.149130
vt 0.568841 0.822049
vt 0.546931 0.829339
vt 0.587754 0.829339
vt 0.826491 0.575538
vt 0.565439 0.836629
vt 0.546931 0.843919
vt 0.579006 0.843919
vt 0.817743 0.575538
vt 0.559985 0.851209
vt 0.546931 0.858499
vt 0.566154 0.858499
vt 0.804891 0.575538
vt 0.553289 0.864819
vt 0.546931 0.869200
vt 0.554814 0.869200
vt 0.793551 0.575538
vt 0.548874 0.872612
vt 0.781556 0.575537
vt 0.779613 0.692173
vt 0.781146 0.639930
vt 0.782561 0.692174
vt 0.750969 0.692173
vt 0.781146 0.744417
vt 0.656549 0.883782
vt 0.005961 0.657737
vt 0.658076 0.879402
vt 0.664435 0.883782
vt 0.662490 0.887192
vt 0.781556 0.808811
vt 0.645211 0.873081
vt 0.017301 0.657737
vt 0.651380 0.865791
vt 0.664435 0.873081
vt 0.632359 0.858500
vt 0.030153 0.657737
vt 0.645926 0.851210
vt 0.664435 0.858500
vt 0.623610 0.843921
vt 0.038901 0.657737
vt 0.642524 0.836633
vt 0.664435 0.843921
vt 0.618104 0.829343
vt 0.119058 0.657735
vt 0.640136 0.822052
vt 0.664435 0.829343
vt 0.613569 0.814762
vt 0.133638 0.657735
vt 0.637989 0.807472
vt 0.664435 0.814762
vt 0.610005 0.800183
vt 0.148218 0.657735
vt 0.636775 0.792894
vt 0.664435 0.800183
vt 0.609034 0.785605
vt 0.162797 0.657735
vt 0.636937 0.778314
vt 0.664435 0.785605
vt 0.610005 0.771024
vt 0.177377 0.657735
vt 0.637787 0.763733
vt 0.664435 0.771024
vt 0.613245 0.756443
vt 0.191957 0.657735
vt 0.640185 0.749153
vt 0.664435 0.756443
vt 0.618819 0.741864
vt 0.206536 0.657735
vt 0.643303 0.734575
vt 0.664435 0.741864
vt 0.626270 0.727285
vt 0.221115 0.657735
vt 0.647758 0.719995
vt 0.664435 0.727285
vt 0.636573 0.712707
vt 0.235695 0.657735
vt 0.653379 0.705418
vt 0.664435 0.712707
vt 0.647911 0.698128
vt 0.250275 0.657735
vt 0.658683 0.690838
vt 0.664435 0.698128
vt 0.656981 0.683547
vt 0.264855 0.657735
vt 0.661926 0.676257
vt 0.664435 0.683547
vt 0.660823 0.668966
vt 0.279434 0.657735
vt 0.661545 0.661676
vt 0.608750 0.001992
vt 0.663211 0.668966
vt 0.608306 0.045060
vt 0.609194 0.062917
vt 0.608631 0.095753
vt 0.607082 0.161696
vt 0.609469 0.161696
vt 0.967866 0.075561
vt 0.902257 0.360365
vt 0.887678 0.360365
vt 0.873098 0.360365
vt 0.858519 0.360365
vt 0.843939 0.360365
vt 0.829360 0.360365
vt 0.814780 0.360365
vt 0.800200 0.360365
vt 0.851761 0.786773
vt 0.841192 0.786773
vt 0.824829 0.786773
vt 0.804742 0.786773
vt 0.791498 0.786773
vt 0.003910 0.213227
vt 0.001965 0.541099
vt 0.769673 0.692173
vt 0.005408 0.417342
vt 0.017153 0.446501
vt 0.037240 0.446501
vt 0.053602 0.446501
vt 0.064172 0.446501
vt 0.111768 0.446500
vt 0.126348 0.446501
vt 0.140928 0.446501
vt 0.155507 0.446501
vt 0.170087 0.446501
vt 0.184667 0.446501
vt 0.199246 0.446501
vt 0.213825 0.446501
vt 0.228405 0.446501
vt 0.242985 0.446501
vt 0.257565 0.446500
vt 0.272144 0.463423
vt 0.286724 0.581881
vt 0.609637 0.077847
vt 0.609637 0.155125
vt 0.975156 0.068989
vt 0.960576 0.323943
vt 0.945996 0.360365
vt 0.931417 0.360365
vt 0.916837 0.360365
vt 0.525798 0.719993
vt 0.522680 0.734572
vt 0.520282 0.749151
vt 0.519432 0.763731
vt 0.519270 0.778311
vt 0.520485 0.792890
vt 0.522631 0.807470
vt 0.525021 0.822049
vt 0.528423 0.836629
vt 0.533876 0.851209
vt 0.540572 0.864819
vt 0.544986 0.872612
vt 0.777669 0.575537
vt 0.776664 0.692174
vt 0.726213 0.692173
vt 0.778080 0.639930
vt 0.778080 0.744417
vt 0.670794 0.879402
vt 0.666380 0.887192
vt 0.777669 0.808811
vt 0.677489 0.865791
vt 0.682943 0.851210
vt 0.686345 0.836633
vt 0.688734 0.822052
vt 0.690880 0.807472
vt 0.692095 0.792894
vt 0.691933 0.778314
vt 0.691083 0.763733
vt 0.688685 0.749153
vt 0.685566 0.734575
vt 0.681112 0.719995
vt 0.675490 0.705418
vt 0.670186 0.690838
vt 0.666331 0.676257
vt 0.662430 0.661676
vt 0.607863 0.001992
vt 0.607369 0.095753
vt 0.603914 0.235264
vt 0.544986 0.661674
vt 0.541180 0.676254
vt 0.535874 0.690833
vt 0.530253 0.705413
vt 0.783031 0.603724
vt 0.760321 0.603724
vt 0.779613 0.603724
vt 0.760321 0.780622
vt 0.783031 0.780624
vt 0.779613 0.780623
vt 0.735565 0.780623
vt 0.776195 0.603724
vt 0.735565 0.603723
vt 0.776195 0.780624
vn -0.315648 0.640046 0.700506
vn -0.476517 0.655613 0.585750
vn -0.533124 0.495984 0.685404
vn -0.417020 0.369314 0.830483
vn -0.346413 0.800952 0.488338
vn -0.456984 0.646743 0.610647
vn -0.235420 0.816174 0.527672
vn -0.314704 0.666946 0.675385
vn 0.043938 0.924843 0.377803
vn -0.187824 0.900561 0.392062
vn -0.328531 0.774228 0.540961
vn -0.070092 0.945525 0.317914
vn -0.211663 0.854619 0.474156
vn -0.049624 0.930703 0.362394
vn -0.128481 0.892476 0.432412
vn 0.000229 0.961314 0.275454
vn -0.113850 0.899210 0.422444
vn 0.049743 0.967459 0.248090
vn -0.038545 0.921347 0.386826
vn 0.053078 0.957447 0.283685
vn 0.010372 0.949408 0.313875
vn 0.077953 0.969308 0.233165
vn 0.015997 0.932032 0.362023
vn 0.094251 0.970025 0.223984
vn 0.049075 0.937699 0.343966
vn 0.101676 0.963143 0.249035
vn 0.083565 0.961099 0.263259
vn 0.103412 0.970640 0.217175
vn 0.067615 0.941574 0.329949
vn 0.106721 0.971470 0.211795
vn 0.076036 0.945013 0.318071
vn 0.116352 0.966302 0.229615
vn 0.111697 0.964716 0.238427
vn 0.113117 0.972525 0.203471
vn 0.083248 0.947789 0.307841
vn 0.123099 0.972780 0.196332
vn 0.096963 0.949143 0.299542
vn 0.126722 0.967790 0.217542
vn 0.119850 0.967436 0.222942
vn 0.134752 0.972249 0.191244
vn 0.115396 0.948923 0.293649
vn 0.147668 0.971047 0.187780
vn 0.137343 0.946969 0.290495
vn 0.147419 0.966154 0.211694
vn 0.136133 0.967377 0.213655
vn 0.158256 0.968916 0.190149
vn 0.156267 0.944253 0.289770
vn 0.164245 0.967228 0.193631
vn 0.165629 0.942307 0.290902
vn 0.162011 0.964003 0.210834
vn 0.157227 0.964842 0.210619
vn 0.170062 0.966579 0.191841
vn 0.176428 0.939488 0.293658
vn 0.181931 0.964463 0.191607
vn 0.199909 0.933205 0.298605
vn 0.180065 0.959257 0.217721
vn 0.167646 0.962460 0.213464
vn 0.198984 0.959352 0.200122
vn 0.224984 0.924843 0.306671
vn 0.211761 0.954390 0.210468
vn 0.240139 0.917062 0.318326
vn 0.200617 0.952183 0.230435
vn 0.192980 0.955560 0.222854
vn 0.219513 0.951011 0.217699
vn 0.255942 0.907436 0.333248
vn 0.234565 0.945023 0.227839
vn 0.284360 0.891733 0.352068
vn 0.225315 0.939989 0.256231
vn 0.209420 0.947492 0.241664
vn 0.260104 0.933949 0.245121
vn 0.322954 0.867968 0.377269
vn 0.292797 0.917341 0.269731
vn 0.369710 0.832798 0.412022
vn 0.274252 0.912383 0.303880
vn 0.246902 0.928991 0.275707
vn 0.338004 0.889336 0.307952
vn 0.418723 0.782838 0.460256
vn 0.385148 0.848309 0.363362
vn 0.460078 0.714662 0.526864
vn 0.332575 0.852202 0.403913
vn 0.303988 0.888293 0.344278
vn 0.429148 0.786550 0.444039
vn 0.484830 0.622193 0.614667
vn 0.454413 0.693934 0.558539
vn 0.474960 0.503134 0.721989
vn 0.362147 0.705968 0.608653
vn 0.355995 0.795599 0.490194
vn 0.411390 0.584213 0.699609
vn 0.411636 0.371863 0.832030
vn 0.289418 0.476638 0.830093
vn 0.304692 0.264346 0.915032
vn 0.243619 0.439188 0.864733
vn 0.327485 0.574483 0.750149
vn 0.154748 0.388764 0.908249
vn 0.214715 0.203709 0.955196
vn 0.056412 0.362458 0.930292
vn 0.146144 0.189894 0.970867
vn 0.106836 0.316118 0.942685
vn 0.165965 0.357166 0.919178
vn -0.303395 0.716434 -0.628231
vn -0.466353 0.718916 -0.515436
vn 0.802241 -0.144066 0.579357
vn 0.889274 -0.155748 0.430040
vn -0.338220 0.852007 -0.399614
vn 0.776345 -0.146132 0.613134
vn 0.657952 -0.472073 0.586726
vn 0.721646 -0.369070 0.585674
vn 0.776428 -0.301543 0.553382
vn -0.181533 0.939756 -0.289663
vn 0.752076 -0.145229 0.642877
vn -0.065234 0.975801 -0.208703
vn 0.711314 -0.148641 0.686978
vn 0.469720 -0.695346 0.543927
vn 0.573791 -0.590220 0.567807
vn 0.004282 0.986545 -0.163435
vn 0.649286 -0.146880 0.746227
vn 0.053277 0.989462 -0.134636
vn 0.561719 -0.142015 0.815049
vn 0.237333 -0.833774 0.498492
vn 0.352251 -0.778523 0.519443
vn 0.081202 0.989559 -0.119077
vn 0.469654 -0.131291 0.873034
vn 0.097324 0.989202 -0.109576
vn 0.398771 -0.120548 0.909093
vn 0.076687 -0.886107 0.457092
vn 0.140685 -0.867166 0.477735
vn 0.106360 0.989023 -0.102575
vn 0.355503 -0.112904 0.927831
vn 0.109573 0.989226 -0.097082
vn 0.342632 -0.108844 0.933143
vn 0.022434 -0.907433 0.419598
vn 0.039302 -0.898139 0.437953
vn 0.115808 0.989314 -0.088575
vn 0.322530 -0.108734 0.940293
vn 0.125654 0.988740 -0.081270
vn 0.267705 -0.104013 0.957870
vn -0.022340 -0.918565 0.394638
vn 0.007541 -0.914130 0.405351
vn 0.137217 0.987616 -0.076067
vn 0.181511 -0.093816 0.978904
vn 0.150072 0.986012 -0.072522
vn 0.066599 -0.078690 0.994672
vn -0.113652 -0.916226 0.384205
vn -0.063635 -0.919700 0.387430
vn 0.160702 0.984155 -0.074922
vn -0.036295 -0.058596 0.997622
vn 0.166751 0.982872 -0.078466
vn -0.089097 -0.046173 0.994952
vn -0.178666 -0.906919 0.381544
vn -0.157155 -0.910909 0.381507
vn 0.172538 0.982015 -0.076660
vn -0.146027 -0.041183 0.988423
vn 0.184402 0.979873 -0.076448
vn -0.258918 -0.025679 0.965558
vn -0.255184 -0.882091 0.395976
vn -0.203002 -0.899143 0.387726
vn 0.201610 0.975755 -0.085175
vn -0.369922 -0.000248 0.929063
vn 0.214584 0.971997 -0.095788
vn -0.423783 0.014327 0.905650
vn -0.340430 -0.842162 0.418176
vn -0.309375 -0.860892 0.403921
vn 0.222475 0.969459 -0.103218
vn -0.459651 0.019118 0.887894
vn 0.237715 0.964658 -0.113694
vn -0.521459 0.030122 0.852744
vn -0.422191 -0.780462 0.461121
vn -0.370418 -0.818524 0.439100
vn 0.263576 0.955613 -0.131650
vn -0.589667 0.046378 0.806313
vn 0.296740 0.941898 -0.157396
vn -0.644911 0.060672 0.761846
vn -0.553140 -0.656143 0.513335
vn -0.486479 -0.726808 0.484860
vn 0.342669 0.918408 -0.197751
vn -0.680714 0.072696 0.728933
vn 0.390862 0.883954 -0.256618
vn -0.686886 0.076673 0.722710
vn -0.640390 -0.482044 0.597942
vn -0.609413 -0.572170 0.548851
vn 0.436397 0.831807 -0.343008
vn -0.665412 0.072775 0.742920
vn 0.463861 0.752896 -0.466884
vn -0.609171 0.059644 0.790793
vn -0.597213 -0.301355 0.743318
vn -0.640094 -0.389419 0.662294
vn 0.414112 0.661443 -0.625304
vn -0.511466 0.044839 0.858133
vn 0.240656 0.581516 -0.777126
vn -0.382172 0.017418 0.923927
vn -0.335272 -0.191892 0.922372
vn -0.497730 -0.229325 0.836466
vn 0.023465 0.518117 -0.854988
vn -0.244428 -0.028796 0.969240
vn -0.115374 0.488885 -0.864685
vn -0.228032 -0.025879 0.973310
vn -0.112183 -0.171076 0.978850
vn -0.182157 -0.183866 0.965926
vn 0.255172 -0.430267 -0.865885
vn 0.360377 -0.643713 -0.675101
vn 0.599308 -0.423886 -0.679080
vn 0.615187 -0.230436 -0.753952
vn 0.235414 -0.816177 -0.527670
vn 0.510410 -0.582159 -0.632907
vn 0.669125 -0.402426 -0.624760
vn 0.732679 -0.300287 -0.610745
vn 0.786787 -0.236963 -0.569925
vn 0.128479 -0.892476 -0.432411
vn 0.391864 -0.714140 -0.580040
vn 0.049625 -0.930705 -0.362389
vn 0.275042 -0.806094 -0.523989
vn 0.480373 -0.628932 -0.611299
vn 0.584753 -0.521870 -0.621060
vn -0.010370 -0.949409 -0.313873
vn 0.168233 -0.863154 -0.476091
vn -0.053081 -0.957447 -0.283685
vn 0.081681 -0.893686 -0.441197
vn 0.247337 -0.771407 -0.586306
vn 0.362565 -0.714240 -0.598672
vn -0.083565 -0.961099 -0.263261
vn 0.016331 -0.909644 -0.415069
vn -0.101675 -0.963143 -0.249035
vn -0.023970 -0.918374 -0.394987
vn 0.086010 -0.827969 -0.554138
vn 0.150357 -0.806857 -0.571292
vn -0.111700 -0.964715 -0.238427
vn -0.046709 -0.924231 -0.378967
vn -0.116350 -0.966302 -0.229617
vn -0.057181 -0.929217 -0.365084
vn 0.031106 -0.853398 -0.520330
vn 0.048296 -0.842076 -0.537192
vn -0.119849 -0.967436 -0.222942
vn -0.065653 -0.932986 -0.353873
vn -0.126722 -0.967790 -0.217542
vn -0.082168 -0.935033 -0.344908
vn -0.014115 -0.867267 -0.497643
vn 0.015954 -0.861667 -0.507223
vn -0.136132 -0.967378 -0.213656
vn -0.104688 -0.935101 -0.338565
vn -0.147421 -0.966154 -0.211693
vn -0.131673 -0.932853 -0.335331
vn -0.105600 -0.866042 -0.488692
vn -0.055533 -0.869177 -0.491372
vn -0.157230 -0.964841 -0.210617
vn -0.155049 -0.929765 -0.333913
vn -0.162009 -0.964003 -0.210836
vn -0.166505 -0.927531 -0.334609
vn -0.170665 -0.857034 -0.486174
vn -0.149149 -0.861024 -0.486201
vn -0.167645 -0.962460 -0.213464
vn -0.179800 -0.923628 -0.338502
vn -0.180065 -0.959257 -0.217721
vn -0.208792 -0.915178 -0.344753
vn -0.246932 -0.830632 -0.499074
vn -0.194892 -0.848574 -0.491873
vn -0.192979 -0.955560 -0.222854
vn -0.239050 -0.904567 -0.353006
vn -0.200617 -0.952183 -0.230434
vn -0.256814 -0.894705 -0.365444
vn -0.331795 -0.788337 -0.518110
vn -0.300990 -0.808605 -0.505533
vn -0.209424 -0.947492 -0.241662
vn -0.275887 -0.881772 -0.382577
vn -0.225315 -0.939988 -0.256232
vn -0.309852 -0.860923 -0.403489
vn -0.412822 -0.722033 -0.555200
vn -0.361421 -0.762425 -0.536733
vn -0.246898 -0.928991 -0.275712
vn -0.354646 -0.830209 -0.430091
vn -0.274256 -0.912381 -0.303883
vn -0.407287 -0.785642 -0.465709
vn -0.542916 -0.592410 -0.595224
vn -0.476718 -0.665945 -0.573810
vn -0.303989 -0.888292 -0.344278
vn -0.459025 -0.725131 -0.513304
vn -0.332571 -0.852201 -0.403918
vn -0.498638 -0.646417 -0.577499
vn -0.628781 -0.409674 -0.660910
vn -0.598617 -0.504864 -0.621909
vn -0.355993 -0.795598 -0.490197
vn -0.516707 -0.545999 -0.659469
vn -0.362147 -0.705966 -0.608656
vn -0.496226 -0.425748 -0.756636
vn -0.583132 -0.213560 -0.783804
vn -0.627402 -0.310284 -0.714206
vn -0.341670 -0.572204 -0.745549
vn -0.433198 -0.297379 -0.850826
vn -0.298927 -0.426682 -0.853572
vn -0.349129 -0.194277 -0.916714
vn -0.397171 -0.067824 -0.915235
vn -0.498144 -0.126727 -0.857784
vn -0.266363 -0.324819 -0.907493
vn -0.286912 -0.138391 -0.947908
vn -0.279548 -0.258253 -0.924748
vn -0.278649 -0.096618 -0.955521
vn -0.289504 -0.023525 -0.956888
vn -0.319545 -0.043259 -0.946583
vn 0.812904 -0.077578 -0.577208
vn 0.897193 -0.106383 -0.428635
vn 0.787630 -0.075729 -0.611477
vn 0.763922 -0.071398 -0.641347
vn 0.723978 -0.069690 -0.686294
vn 0.663045 -0.061085 -0.746083
vn 0.576752 -0.048275 -0.815491
vn 0.485757 -0.030882 -0.873548
vn 0.415539 -0.016007 -0.909435
vn 0.372623 -0.006209 -0.927962
vn 0.359841 -0.001565 -0.933012
vn 0.339872 -0.000609 -0.940471
vn 0.285376 0.006158 -0.958396
vn 0.199568 0.018778 -0.979704
vn 0.084954 0.035736 -0.995744
vn -0.017890 0.056146 -0.998262
vn -0.070745 0.068239 -0.995158
vn -0.127793 0.072502 -0.989147
vn -0.241101 0.085412 -0.966734
vn -0.352777 0.106614 -0.929614
vn -0.407080 0.118464 -0.905678
vn -0.443286 0.121222 -0.888146
vn -0.505736 0.128194 -0.853111
vn -0.574797 0.139097 -0.806387
vn -0.630872 0.148253 -0.761591
vn -0.667281 0.156468 -0.728185
vn -0.673566 0.159713 -0.721665
vn -0.651719 0.158131 -0.741794
vn -0.594596 0.150512 -0.789811
vn -0.510098 0.144522 -0.847888
vn -0.434229 0.131580 -0.891141
vn -0.370367 0.104521 -0.922986
vn -0.390392 0.112618 -0.913735
vn -0.707520 0.176546 -0.684286
vn -0.780784 0.136363 -0.609739
vn 0.779813 -0.119654 -0.614471
vn 0.223871 0.017912 -0.974454
vn 0.158098 0.985711 0.058121
vn 0.133635 0.989326 0.058097
vn 0.184333 0.962188 -0.200539
vn 0.207601 0.970993 -0.118639
vn 0.048103 0.997170 0.057768
vn 0.081267 0.947264 -0.309979
vn 0.174607 0.556882 -0.812032
vn 0.322445 0.663950 -0.674685
vn 0.372527 0.770677 -0.516992
vn 0.158100 0.985711 0.058131
vn 0.158096 0.985711 0.058129
vn 0.200324 0.977368 -0.067992
vn 0.192802 0.980520 -0.037532
vn 0.364103 0.846153 -0.389172
vn 0.339040 0.892520 -0.297422
vn 0.158095 0.985712 0.058124
vn 0.158099 0.985711 0.058126
vn 0.186006 0.982372 -0.018624
vn 0.179870 0.983669 -0.006564
vn 0.309328 0.921570 -0.234573
vn 0.278826 0.940905 -0.192233
vn 0.158099 0.985711 0.058125
vn 0.158100 0.985711 0.058125
vn 0.174650 0.984629 0.001571
vn 0.170679 0.985301 0.007034
vn 0.250946 0.954204 -0.162854
vn 0.228994 0.962920 -0.142644
vn 0.158098 0.985711 0.058126
vn 0.158098 0.985711 0.058126
vn 0.167824 0.985755 0.011042
vn 0.166238 0.985985 0.014070
vn 0.212825 0.968722 -0.127605
vn 0.203812 0.972104 -0.116076
vn 0.158098 0.985711 0.058126
vn 0.158097 0.985711 0.058127
vn 0.164858 0.986186 0.016085
vn 0.162621 0.986534 0.017462
vn 0.196032 0.974599 -0.108302
vn 0.183024 0.977696 -0.103017
vn 0.158098 0.985711 0.058128
vn 0.158098 0.985711 0.058126
vn 0.160511 0.986859 0.018602
vn 0.159549 0.987001 0.019299
vn 0.170526 0.980403 -0.098650
vn 0.164837 0.981641 -0.095967
vn 0.158097 0.985711 0.058127
vn 0.158098 0.985711 0.058127
vn 0.158741 0.987131 0.019356
vn 0.157106 0.987398 0.019068
vn 0.160053 0.982454 -0.095742
vn 0.150267 0.983891 -0.096840
vn 0.158100 0.985711 0.058126
vn 0.158097 0.985711 0.058127
vn 0.155224 0.987705 0.018545
vn 0.153668 0.987967 0.017514
vn 0.139013 0.985344 -0.098856
vn 0.129672 0.986209 -0.102843
vn 0.158096 0.985711 0.058126
vn 0.158098 0.985711 0.058126
vn 0.152536 0.988167 0.016084
vn 0.151974 0.988281 0.014321
vn 0.122905 0.986484 -0.108373
vn 0.119532 0.986125 -0.115194
vn 0.158098 0.985711 0.058126
vn 0.158097 0.985711 0.058128
vn 0.151252 0.988423 0.011966
vn 0.149635 0.988700 0.009089
vn 0.115042 0.985564 -0.124213
vn 0.105216 0.985228 -0.135116
vn 0.158099 0.985711 0.058125
vn 0.158098 0.985711 0.058125
vn 0.146676 0.989171 0.005154
vn 0.141609 0.989922 -0.000682
vn 0.087374 0.984846 -0.149813
vn 0.057274 0.983591 -0.171078
vn 0.158098 0.985711 0.058125
vn 0.158098 0.985711 0.058123
vn 0.134312 0.990892 -0.009628
vn 0.123617 0.992016 -0.024964
vn 0.015133 0.979111 -0.202764
vn -0.043941 0.966152 -0.254203
vn 0.158097 0.985711 0.058129
vn 0.158099 0.985711 0.058127
vn 0.108104 0.992898 -0.049672
vn 0.082848 0.992338 -0.091663
vn -0.121455 0.936281 -0.329586
vn -0.226541 0.871511 -0.434911
vn 0.210008 0.975976 0.058022
vn 0.172814 0.983238 0.058125
vn 0.105123 0.984786 -0.138371
vn 0.221269 0.975166 0.009526
vn -0.302942 0.740276 -0.600181
vn 0.049896 0.962002 -0.268444
vn 0.071889 -0.995808 -0.056557
vn 0.987380 -0.158369 -0.000030
vn 0.819470 -0.163792 0.549218
vn 0.106020 -0.947123 0.302849
vn 0.379705 0.923379 0.056523
vn 0.390348 0.825622 0.407403
vn 0.168965 0.378651 0.909986
vn 0.191869 -0.088406 0.977431
vn 0.025772 -0.514130 0.857325
vn 0.239673 -0.526928 0.815416
vn 0.348588 -0.717218 0.603394
vn -0.045978 -0.982585 0.180035
vn -0.057739 -0.958407 0.279505
vn 0.226542 -0.871512 0.434908
vn -0.082847 -0.992338 0.091657
vn -0.158099 -0.985711 -0.058130
vn -0.143345 -0.987965 -0.058118
vn -0.105744 -0.992699 -0.058019
vn 0.121456 -0.936283 0.329579
vn -0.108102 -0.992899 0.049666
vn 0.043939 -0.966152 0.254205
vn -0.123620 -0.992016 0.024960
vn -0.158099 -0.985711 -0.058130
vn -0.158097 -0.985711 -0.058132
vn -0.015137 -0.979110 0.202768
vn -0.134315 -0.990892 0.009629
vn -0.057274 -0.983592 0.171076
vn -0.141606 -0.989923 0.000682
vn -0.158096 -0.985712 -0.058124
vn -0.158099 -0.985711 -0.058124
vn -0.087372 -0.984847 0.149810
vn -0.146674 -0.989172 -0.005155
vn -0.105217 -0.985227 0.135117
vn -0.149635 -0.988700 -0.009089
vn -0.158098 -0.985711 -0.058126
vn -0.158099 -0.985711 -0.058124
vn -0.115043 -0.985564 0.124216
vn -0.151253 -0.988423 -0.011964
vn -0.119532 -0.986125 0.115196
vn -0.151977 -0.988280 -0.014320
vn -0.158099 -0.985711 -0.058125
vn -0.158096 -0.985711 -0.058126
vn -0.122906 -0.986483 0.108373
vn -0.152535 -0.988167 -0.016080
vn -0.129674 -0.986209 0.102843
vn -0.153667 -0.987968 -0.017511
vn -0.158098 -0.985711 -0.058127
vn -0.158098 -0.985711 -0.058126
vn -0.139011 -0.985344 0.098857
vn -0.155224 -0.987705 -0.018546
vn -0.150266 -0.983891 0.096841
vn -0.157106 -0.987398 -0.019068
vn -0.158097 -0.985711 -0.058128
vn -0.158098 -0.985711 -0.058128
vn -0.160056 -0.982454 0.095740
vn -0.158742 -0.987130 -0.019354
vn -0.164838 -0.981641 0.095963
vn -0.159549 -0.987001 -0.019300
vn -0.158099 -0.985711 -0.058126
vn -0.158097 -0.985711 -0.058125
vn -0.170525 -0.980403 0.098650
vn -0.160511 -0.986859 -0.018605
vn -0.183022 -0.977697 0.103016
vn -0.162619 -0.986535 -0.017463
vn -0.158096 -0.985711 -0.058127
vn -0.158099 -0.985711 -0.058127
vn -0.196031 -0.974599 0.108299
vn -0.164857 -0.986186 -0.016086
vn -0.203813 -0.972105 0.116074
vn -0.166239 -0.985985 -0.014069
vn -0.158098 -0.985711 -0.058125
vn -0.158097 -0.985711 -0.058126
vn -0.212825 -0.968722 0.127603
vn -0.167823 -0.985755 -0.011041
vn -0.228994 -0.962920 0.142642
vn -0.170679 -0.985302 -0.007032
vn -0.158099 -0.985711 -0.058125
vn -0.158097 -0.985711 -0.058124
vn -0.250946 -0.954203 0.162855
vn -0.174652 -0.984629 -0.001567
vn -0.278830 -0.940904 0.192236
vn -0.179874 -0.983668 0.006564
vn -0.158099 -0.985711 -0.058125
vn -0.158101 -0.985711 -0.058125
vn -0.309328 -0.921571 0.234572
vn -0.186006 -0.982372 0.018621
vn -0.339038 -0.892524 0.297413
vn -0.192799 -0.980520 0.037534
vn -0.158096 -0.985712 -0.058126
vn -0.158098 -0.985711 -0.058125
vn -0.364104 -0.846153 0.389171
vn -0.200324 -0.977367 0.068002
vn -0.372525 -0.770677 0.516993
vn -0.207601 -0.970991 0.118649
vn -0.158099 -0.985711 -0.058130
vn -0.158095 -0.985711 -0.058131
vn -0.337050 -0.661236 0.670197
vn -0.207703 -0.957692 0.199213
vn -0.234683 -0.545124 0.804837
vn -0.186114 -0.932858 0.308444
vn -0.158096 -0.985712 -0.058124
vn -0.158100 -0.985711 -0.058129
vn -0.130670 -0.458742 0.878909
vn -0.160257 -0.892859 0.420858
vn -0.109615 -0.398380 0.910647
vn -0.208494 -0.837034 0.505870
vn -0.270846 -0.960894 -0.057670
vn -0.172310 -0.983328 -0.058093
vn -0.197064 0.978879 0.054424
vn -0.987370 0.158431 0.000096
vn -0.927636 -0.107513 0.357677
vn -0.189968 0.868166 -0.458477
vn -0.724669 0.047389 0.687466
vn -0.067832 0.443802 -0.893554
vn -0.063178 0.996391 0.056689
vn -0.052702 0.912825 -0.404936
vn 0.024206 0.485221 -0.874057
vn 0.261067 0.939374 -0.222309
vn 0.244978 0.947244 -0.206674
vn 0.289842 0.925901 -0.242277
vn 0.229601 0.953656 -0.194485
vn 0.204378 0.961063 -0.185977
vn 0.180805 0.966763 -0.180776
vn 0.169949 0.969260 -0.177913
vn 0.160569 0.971072 -0.176739
vn 0.141662 0.973872 -0.177495
vn 0.119771 0.976199 -0.180805
vn 0.101444 0.977113 -0.186973
vn 0.087889 0.976732 -0.195626
vn 0.080873 0.975155 -0.206233
vn 0.072673 0.973109 -0.218579
vn 0.054396 0.970886 -0.233284
vn 0.021660 0.967359 -0.252481
vn -0.032401 0.959643 -0.279347
vn -0.107017 0.941814 -0.318643
vn -0.203815 0.903548 -0.376909
vn -0.319352 0.831465 -0.454621
vn -0.446366 0.712939 -0.540810
vn -0.520958 0.571820 -0.633739
vn -0.402074 0.462490 -0.790215
vn 0.205904 -0.094108 0.974037
vn 0.768515 -0.190102 0.610938
vn 0.601467 -0.315964 0.733760
vn 0.587170 -0.499545 0.636935
vn 0.499308 -0.651388 0.571301
vn 0.381892 -0.776313 0.501495
vn 0.266215 -0.861118 0.433134
vn 0.160363 -0.912201 0.377059
vn 0.074503 -0.938441 0.337310
vn 0.009664 -0.951231 0.308327
vn -0.030255 -0.957562 0.286637
vn -0.052689 -0.961520 0.269636
vn -0.062902 -0.964870 0.255086
vn -0.071161 -0.967321 0.243364
vn -0.087502 -0.968310 0.233921
vn -0.109902 -0.967627 0.227198
vn -0.136830 -0.964995 0.223747
vn -0.160180 -0.961738 0.222265
vn -0.171646 -0.959587 0.223002
vn -0.185017 -0.956142 0.227070
vn -0.214126 -0.948434 0.233716
vn -0.244539 -0.938808 0.242571
vn -0.262543 -0.930417 0.255727
vn -0.281939 -0.919512 0.273875
vn -0.316303 -0.901161 0.296415
vn -0.361618 -0.873650 0.325529
vn -0.414945 -0.833404 0.365046
vn -0.467615 -0.778691 0.418302
vn -0.508483 -0.707809 0.490359
vn -0.528166 -0.617427 0.582945
vn -0.509599 -0.509125 0.693614
vn -0.430596 -0.399351 0.809386
vn -0.282566 -0.320185 0.904234
vn -0.145954 -0.279860 0.948881
vn -0.101614 -0.244486 0.964314
vn -0.626672 0.079997 0.775167
vn -0.036680 0.332559 -0.942369
vn 0.071069 0.342931 -0.936668
vn 0.237459 0.388747 -0.890218
vn 0.408845 0.470917 -0.781718
vn 0.487618 0.582050 -0.650727
vn 0.495386 0.688016 -0.530309
vn 0.468928 0.769843 -0.432954
vn 0.426284 0.829981 -0.359741
vn 0.376338 0.874137 -0.307011
vn 0.328916 0.905141 -0.269321
vn 0.166957 0.980349 0.105078
vn 0.165427 0.980926 0.102067
vn 0.169737 0.979437 0.109057
vn 0.164082 0.981359 0.100062
vn 0.161871 0.981864 0.098692
vn 0.159782 0.982320 0.097560
vn 0.158836 0.982542 0.096867
vn 0.158027 0.982678 0.096811
vn 0.156384 0.982912 0.097096
vn 0.154498 0.983159 0.097616
vn 0.152921 0.983303 0.098643
vn 0.151760 0.983339 0.100066
vn 0.151166 0.983251 0.101819
vn 0.150402 0.983122 0.104161
vn 0.148735 0.983069 0.107020
vn 0.145698 0.983091 0.110927
vn 0.140522 0.983174 0.116716
vn 0.133068 0.983119 0.125577
vn 0.122094 0.982489 0.140742
vn 0.106125 0.980551 0.165097
vn 0.080099 0.975210 0.206278
vn 0.101522 0.962331 0.252216
vn 0.220380 0.969598 0.106359
vn 0.042067 -0.412512 -0.909980
vn 0.209886 0.023977 -0.977432
vn 0.829576 -0.100685 -0.549242
vn 0.112566 -0.906299 -0.407371
vn 0.185263 0.480279 -0.857327
vn 0.396892 0.866441 -0.302915
vn -0.041629 -0.955432 -0.292261
vn -0.051580 -0.920005 -0.388497
vn -0.080106 -0.975210 -0.206273
vn -0.106122 -0.980551 -0.165096
vn -0.122091 -0.982489 -0.140745
vn -0.133066 -0.983119 -0.125579
vn -0.140522 -0.983174 -0.116717
vn -0.145699 -0.983091 -0.110928
vn -0.148735 -0.983069 -0.107018
vn -0.150402 -0.983122 -0.104160
vn -0.151166 -0.983250 -0.101820
vn -0.151761 -0.983339 -0.100068
vn -0.152920 -0.983303 -0.098644
vn -0.154497 -0.983159 -0.097616
vn -0.156385 -0.982912 -0.097096
vn -0.158027 -0.982678 -0.096812
vn -0.158836 -0.982542 -0.096867
vn -0.159783 -0.982319 -0.097559
vn -0.161870 -0.981864 -0.098694
vn -0.164081 -0.981359 -0.100062
vn -0.165427 -0.980926 -0.102066
vn -0.166959 -0.980349 -0.105078
vn -0.169737 -0.979436 -0.109059
vn -0.173609 -0.978138 -0.114483
vn -0.178683 -0.976246 -0.122544
vn -0.184593 -0.973570 -0.134487
vn -0.191042 -0.969555 -0.153184
vn -0.198007 -0.962925 -0.183216
vn -0.204358 -0.950779 -0.232932
vn -0.210559 -0.925489 -0.314858
vn -0.216455 -0.879986 -0.422814
vn -0.231873 -0.825779 -0.514125
vn -0.307776 -0.762953 -0.568486
vn -0.936406 -0.047406 -0.347702
vn -0.101737 0.834468 0.541584
vn 0.019188 0.862792 0.505195
vn 0.113970 0.897795 0.425411
vn 0.187347 0.929983 0.316280
vn 0.204355 0.950782 0.232923
vn 0.198007 0.962926 0.183212
vn 0.191047 0.969554 0.153184
vn 0.184594 0.973570 0.134484
vn 0.178679 0.976246 0.122544
vn 0.173610 0.978138 0.114479
vn 0.265361 0.947755 0.177042
vn 0.250348 0.966428 0.057814
vn 0.199388 0.425588 0.882677
vn 0.077252 -0.076210 0.994095
vn 0.019973 -0.453157 0.891207
vn -0.056502 -0.960917 0.271009
vn -0.064446 -0.996244 -0.057828
vn 0.095588 0.038127 -0.994691
vn 0.036825 -0.348063 -0.936748
vn 0.215134 0.523741 -0.824265
vn 0.267571 0.961517 -0.062375
vn -0.050498 -0.923475 -0.380320
s 1
g pCube3
usemtl phong2SG
f 1/379/1 351/876/2 525/702/3
f 1/379/1 525/702/3 354/881/4
f 351/876/2 2/381/5 352/878/6
f 351/876/2 352/878/6 525/702/3
f 525/702/3 352/878/6 147/634/7
f 525/702/3 147/634/7 353/879/8
f 354/881/4 525/702/3 353/879/8
f 354/881/4 353/879/8 148/636/9
f 2/381/5 355/883/10 526/703/11
f 2/381/5 526/703/11 352/878/6
f 355/883/10 3/383/12 356/885/13
f 355/883/10 356/885/13 526/703/11
f 526/703/11 356/885/13 146/632/14
f 526/703/11 146/632/14 357/886/15
f 352/878/6 526/703/11 357/886/15
f 352/878/6 357/886/15 147/634/7
f 3/383/12 358/888/16 527/704/17
f 3/383/12 527/704/17 356/885/13
f 358/888/16 4/385/18 359/890/19
f 358/888/16 359/890/19 527/704/17
f 527/704/17 359/890/19 145/630/20
f 527/704/17 145/630/20 360/891/21
f 356/885/13 527/704/17 360/891/21
f 356/885/13 360/891/21 146/632/14
f 4/385/18 361/893/22 528/705/23
f 4/385/18 528/705/23 359/890/19
f 361/893/22 5/387/24 362/895/25
f 361/893/22 362/895/25 528/705/23
f 528/705/23 362/895/25 144/627/26
f 528/705/23 144/627/26 363/897/27
f 359/890/19 528/705/23 363/897/27
f 359/890/19 363/897/27 145/630/20
f 5/389/24 364/899/28 529/706/29
f 5/389/24 529/706/29 362/896/25
f 364/899/28 6/390/30 365/901/31
f 364/899/28 365/901/31 529/706/29
f 529/706/29 365/901/31 143/625/32
f 529/706/29 143/625/32 366/902/33
f 362/896/25 529/706/29 366/902/33
f 362/896/25 366/902/33 144/628/26
f 6/390/30 367/904/34 530/707/35
f 6/390/30 530/707/35 365/901/31
f 367/904/34 7/392/36 368/906/37
f 367/904/34 368/906/37 530/707/35
f 530/707/35 368/906/37 142/623/38
f 530/707/35 142/623/38 369/907/39
f 365/901/31 530/707/35 369/907/39
f 365/901/31 369/907/39 143/625/32
f 7/392/36 370/909/40 531/708/41
f 7/392/36 531/708/41 368/906/37
f 370/909/40 8/395/42 371/911/43
f 370/909/40 371/911/43 531/708/41
f 531/708/41 371/911/43 141/621/44
f 531/708/41 141/621/44 372/912/45
f 368/906/37 531/708/41 372/912/45
f 368/906/37 372/912/45 142/623/38
f 8/395/42 373/914/46 532/709/47
f 8/395/42 532/709/47 371/911/43
f 373/914/46 9/397/48 374/916/49
f 373/914/46 374/916/49 532/709/47
f 532/709/47 374/916/49 140/619/50
f 532/709/47 140/619/50 375/917/51
f 371/911/43 532/709/47 375/917/51
f 371/911/43 375/917/51 141/621/44
f 9/397/48 376/919/52 533/710/53
f 9/397/48 533/710/53 374/916/49
f 376/919/52 10/399/54 377/921/55
f 376/919/52 377/921/55 533/710/53
f 533/710/53 377/921/55 139/617/56
f 533/710/53 139/617/56 378/922/57
f 374/916/49 533/710/53 378/922/57
f 374/916/49 378/922/57 140/619/50
f 10/399/54 379/924/58 534/711/59
f 10/399/54 534/711/59 377/921/55
f 379/924/58 11/402/60 380/926/61
f 379/924/58 380/926/61 534/711/59
f 534/711/59 380/926/61 138/615/62
f 534/711/59 138/615/62 381/927/63
f 377/921/55 534/711/59 381/927/63
f 377/921/55 381/927/63 139/617/56
f 11/402/60 382/929/64 535/712/65
f 11/402/60 535/712/65 380/926/61
f 382/929/64 12/404/66 383/931/67
f 382/929/64 383/931/67 535/712/65
f 535/712/65 383/931/67 137/613/68
f 535/712/65 137/613/68 384/932/69
f 380/926/61 535/712/65 384/932/69
f 380/926/61 384/932/69 138/615/62
f 12/404/66 385/934/70 536/713/71
f 12/404/66 536/713/71 383/931/67
f 385/934/70 13/406/72 386/936/73
f 385/934/70 386/936/73 536/713/71
f 536/713/71 386/936/73 170/690/74
f 536/713/71 170/690/74 387/937/75
f 383/931/67 536/713/71 387/937/75
f 383/931/67 387/937/75 137/613/68
f 13/406/72 388/939/76 537/714/77
f 13/406/72 537/714/77 386/936/73
f 388/939/76 14/408/78 389/941/79
f 388/939/76 389/941/79 537/714/77
f 537/714/77 389/941/79 169/688/80
f 537/714/77 169/688/80 390/942/81
f 386/936/73 537/714/77 390/942/81
f 386/936/73 390/942/81 170/690/74
f 14/408/78 391/944/82 538/715/83
f 14/408/78 538/715/83 389/941/79
f 391/944/82 15/410/84 392/946/85
f 391/944/82 392/946/85 538/715/83
f 538/715/83 392/946/85 168/686/86
f 538/715/83 168/686/86 393/947/87
f 389/941/79 538/715/83 393/947/87
f 389/941/79 393/947/87 169/688/80
f 15/410/84 394/949/88 539/716/89
f 15/410/84 539/716/89 392/946/85
f 394/949/88 16/412/90 395/951/91
f 394/949/88 395/951/91 539/716/89
f 539/716/89 395/951/91 167/683/92
f 539/716/89 167/683/92 396/952/93
f 392/946/85 539/716/89 396/952/93
f 392/946/85 396/952/93 168/686/86
f 16/412/90 397/954/94 540/717/95
f 16/412/90 540/717/95 395/951/91
f 397/954/94 17/414/96 398/956/97
f 397/954/94 398/956/97 540/717/95
f 540/717/95 398/956/97 166/681/98
f 540/717/95 166/681/98 399/958/99
f 395/951/91 540/717/95 399/958/99
f 395/951/91 399/958/99 167/683/92
f 18/416/100 400/960/101 541/718/102
f 18/416/100 541/718/102 403/964/103
f 400/960/101 19/418/104 401/962/105
f 400/960/101 401/962/105 541/718/102
f 541/718/102 401/962/105 36/454/106
f 541/718/102 36/454/106 402/963/107
f 403/964/103 541/718/102 402/963/107
f 403/964/103 402/963/107 35/453/108
f 19/418/104 404/965/109 542/719/110
f 19/418/104 542/719/110 401/962/105
f 404/965/109 20/420/111 405/967/112
f 404/965/109 405/967/112 542/719/110
f 542/719/110 405/967/112 37/455/113
f 542/719/110 37/455/113 406/968/114
f 401/962/105 542/719/110 406/968/114
f 401/962/105 406/968/114 36/454/106
f 20/420/111 407/969/115 543/720/116
f 20/420/111 543/720/116 405/967/112
f 407/969/115 21/422/117 408/971/118
f 407/969/115 408/971/118 543/720/116
f 543/720/116 408/971/118 38/456/119
f 543/720/116 38/456/119 409/972/120
f 405/967/112 543/720/116 409/972/120
f 405/967/112 409/972/120 37/455/113
f 21/422/117 410/973/121 544/721/122
f 21/422/117 544/721/122 408/971/118
f 410/973/121 22/424/123 411/975/124
f 410/973/121 411/975/124 544/721/122
f 544/721/122 411/975/124 39/457/125
f 544/721/122 39/457/125 412/976/126
f 408/971/118 544/721/122 412/976/126
f 408/971/118 412/976/126 38/456/119
f 22/424/123 413/977/127 545/722/128
f 22/424/123 545/722/128 411/975/124
f 413/977/127 23/427/129 414/979/130
f 413/977/127 414/979/130 545/722/128
f 545/722/128 414/979/130 40/459/131
f 545/722/128 40/459/131 415/980/132
f 411/975/124 545/722/128 415/980/132
f 411/975/124 415/980/132 39/457/125
f 23/427/129 416/982/133 546/723/134
f 23/427/129 546/723/134 414/979/130
f 416/982/133 24/429/135 417/984/136
f 416/982/133 417/984/136 546/723/134
f 546/723/134 417/984/136 41/461/137
f 546/723/134 41/461/137 418/986/138
f 414/979/130 546/723/134 418/986/138
f 414/979/130 418/986/138 40/459/131
f 24/431/135 419/988/139 547/724/140
f 24/431/135 547/724/140 417/985/136
f 419/988/139 25/432/141 420/990/142
f 419/988/139 420/990/142 547/724/140
f 547/724/140 420/990/142 42/463/143
f 547/724/140 42/463/143 421/991/144
f 417/985/136 547/724/140 421/991/144
f 417/985/136 421/991/144 41/462/137
f 25/432/141 422/992/145 548/725/146
f 25/432/141 548/725/146 420/990/142
f 422/992/145 26/434/147 423/994/148
f 422/992/145 423/994/148 548/725/146
f 548/725/146 423/994/148 43/464/149
f 548/725/146 43/464/149 424/995/150
f 420/990/142 548/725/146 424/995/150
f 420/990/142 424/995/150 42/463/143
f 26/434/147 425/996/151 549/726/152
f 26/434/147 549/726/152 423/994/148
f 425/996/151 27/436/153 426/998/154
f 425/996/151 426/998/154 549/726/152
f 549/726/152 426/998/154 44/465/155
f 549/726/152 44/465/155 427/999/156
f 423/994/148 549/726/152 427/999/156
f 423/994/148 427/999/156 43/464/149
f 27/436/153 428/1000/157 550/727/158
f 27/436/153 550/727/158 426/998/154
f 428/1000/157 28/438/159 429/1002/160
f 428/1000/157 429/1002/160 550/727/158
f 550/727/158 429/1002/160 45/466/161
f 550/727/158 45/466/161 430/1003/162
f 426/998/154 550/727/158 430/1003/162
f 426/998/154 430/1003/162 44/465/155
f 28/438/159 431/1004/163 551/728/164
f 28/438/159 551/728/164 429/1002/160
f 431/1004/163 29/440/165 432/1006/166
f 431/1004/163 432/1006/166 551/728/164
f 551/728/164 432/1006/166 46/467/167
f 551/728/164 46/467/167 433/1007/168
f 429/1002/160 551/728/164 433/1007/168
f 429/1002/160 433/1007/168 45/466/161
f 29/440/165 434/1008/169 552/729/170
f 29/440/165 552/729/170 432/1006/166
f 434/1008/169 30/442/171 435/1010/172
f 434/1008/169 435/1010/172 552/729/170
f 552/729/170 435/1010/172 47/468/173
f 552/729/170 47/468/173 436/1011/174
f 432/1006/166 552/729/170 436/1011/174
f 432/1006/166 436/1011/174 46/467/167
f 30/442/171 437/1012/175 553/730/176
f 30/442/171 553/730/176 435/1010/172
f 437/1012/175 31/444/177 438/1014/178
f 437/1012/175 438/1014/178 553/730/176
f 553/730/176 438/1014/178 48/469/179
f 553/730/176 48/469/179 439/1015/180
f 435/1010/172 553/730/176 439/1015/180
f 435/1010/172 439/1015/180 47/468/173
f 31/444/177 440/1016/181 554/731/182
f 31/444/177 554/731/182 438/1014/178
f 440/1016/181 32/446/183 441/1018/184
f 440/1016/181 441/1018/184 554/731/182
f 554/731/182 441/1018/184 49/470/185
f 554/731/182 49/470/185 442/1019/186
f 438/1014/178 554/731/182 442/1019/186
f 438/1014/178 442/1019/186 48/469/179
f 32/446/183 443/1020/187 555/732/188
f 32/446/183 555/732/188 441/1018/184
f 443/1020/187 33/448/189 444/1022/190
f 443/1020/187 444/1022/190 555/732/188
f 555/732/188 444/1022/190 50/471/191
f 555/732/188 50/471/191 445/1023/192
f 441/1018/184 555/732/188 445/1023/192
f 441/1018/184 445/1023/192 49/470/185
f 33/448/189 446/1024/193 556/733/194
f 33/448/189 556/733/194 444/1022/190
f 446/1024/193 34/450/195 447/1026/196
f 446/1024/193 447/1026/196 556/733/194
f 556/733/194 447/1026/196 51/472/197
f 556/733/194 51/472/197 448/1028/198
f 444/1022/190 556/733/194 448/1028/198
f 444/1022/190 448/1028/198 50/471/191
f 149/641/199 449/1029/200 557/734/201
f 149/641/199 557/734/201 452/1033/202
f 449/1029/200 150/645/203 450/1031/204
f 449/1029/200 450/1031/204 557/734/201
f 557/734/201 450/1031/204 53/475/205
f 557/734/201 53/475/205 451/1032/206
f 452/1033/202 557/734/201 451/1032/206
f 452/1033/202 451/1032/206 52/474/207
f 150/645/203 453/1034/208 558/735/209
f 150/645/203 558/735/209 450/1031/204
f 453/1034/208 151/647/210 454/1036/211
f 453/1034/208 454/1036/211 558/735/209
f 558/735/209 454/1036/211 54/476/212
f 558/735/209 54/476/212 455/1037/213
f 450/1031/204 558/735/209 455/1037/213
f 450/1031/204 455/1037/213 53/475/205
f 151/647/210 456/1038/214 559/736/215
f 151/647/210 559/736/215 454/1036/211
f 456/1038/214 152/649/216 457/1040/217
f 456/1038/214 457/1040/217 559/736/215
f 559/736/215 457/1040/217 55/477/218
f 559/736/215 55/477/218 458/1041/219
f 454/1036/211 559/736/215 458/1041/219
f 454/1036/211 458/1041/219 54/476/212
f 152/649/216 459/1042/220 560/737/221
f 152/649/216 560/737/221 457/1040/217
f 459/1042/220 153/651/222 460/1044/223
f 459/1042/220 460/1044/223 560/737/221
f 560/737/221 460/1044/223 56/478/224
f 560/737/221 56/478/224 461/1046/225
f 457/1040/217 560/737/221 461/1046/225
f 457/1040/217 461/1046/225 55/477/218
f 153/653/222 462/1047/226 561/738/227
f 153/653/222 561/738/227 460/1045/223
f 462/1047/226 154/654/228 463/1049/229
f 462/1047/226 463/1049/229 561/738/227
f 561/738/227 463/1049/229 57/480/230
f 561/738/227 57/480/230 464/1050/231
f 460/1045/223 561/738/227 464/1050/231
f 460/1045/223 464/1050/231 56/479/224
f 154/654/228 465/1052/232 562/739/233
f 154/654/228 562/739/233 463/1049/229
f 465/1052/232 155/656/234 466/1054/235
f 465/1052/232 466/1054/235 562/739/233
f 562/739/233 466/1054/235 58/482/236
f 562/739/233 58/482/236 467/1055/237
f 463/1049/229 562/739/233 467/1055/237
f 463/1049/229 467/1055/237 57/480/230
f 155/656/234 468/1057/238 563/740/239
f 155/656/234 563/740/239 466/1054/235
f 468/1057/238 156/658/240 469/1059/241
f 468/1057/238 469/1059/241 563/740/239
f 563/740/239 469/1059/241 59/484/242
f 563/740/239 59/484/242 470/1060/243
f 466/1054/235 563/740/239 470/1060/243
f 466/1054/235 470/1060/243 58/482/236
f 156/658/240 471/1061/244 564/741/245
f 156/658/240 564/741/245 469/1059/241
f 471/1061/244 157/660/246 472/1063/247
f 471/1061/244 472/1063/247 564/741/245
f 564/741/245 472/1063/247 60/485/248
f 564/741/245 60/485/248 473/1064/249
f 469/1059/241 564/741/245 473/1064/249
f 469/1059/241 473/1064/249 59/484/242
f 157/660/246 474/1065/250 565/742/251
f 157/660/246 565/742/251 472/1063/247
f 474/1065/250 158/662/252 475/1067/253
f 474/1065/250 475/1067/253 565/742/251
f 565/742/251 475/1067/253 61/486/254
f 565/742/251 61/486/254 476/1068/255
f 472/1063/247 565/742/251 476/1068/255
f 472/1063/247 476/1068/255 60/485/248
f 158/662/252 477/1069/256 566/743/257
f 158/662/252 566/743/257 475/1067/253
f 477/1069/256 159/664/258 478/1071/259
f 477/1069/256 478/1071/259 566/743/257
f 566/743/257 478/1071/259 62/488/260
f 566/743/257 62/488/260 479/1073/261
f 475/1067/253 566/743/257 479/1073/261
f 475/1067/253 479/1073/261 61/486/254
f 159/666/258 480/1075/262 567/744/263
f 159/666/258 567/744/263 478/1072/259
f 480/1075/262 160/667/264 481/1077/265
f 480/1075/262 481/1077/265 567/744/263
f 567/744/263 481/1077/265 63/490/266
f 567/744/263 63/490/266 482/1078/267
f 478/1072/259 567/744/263 482/1078/267
f 478/1072/259 482/1078/267 62/489/260
f 160/667/264 483/1079/268 568/745/269
f 160/667/264 568/745/269 481/1077/265
f 483/1079/268 161/669/270 484/1081/271
f 483/1079/268 484/1081/271 568/745/269
f 568/745/269 484/1081/271 64/491/272
f 568/745/269 64/491/272 485/1082/273
f 481/1077/265 568/745/269 485/1082/273
f 481/1077/265 485/1082/273 63/490/266
f 161/669/270 486/1083/274 569/746/275
f 161/669/270 569/746/275 484/1081/271
f 486/1083/274 162/671/276 487/1085/277
f 486/1083/274 487/1085/277 569/746/275
f 569/746/275 487/1085/277 65/492/278
f 569/746/275 65/492/278 488/1086/279
f 484/1081/271 569/746/275 488/1086/279
f 484/1081/271 488/1086/279 64/491/272
f 162/671/276 489/1087/280 570/747/281
f 162/671/276 570/747/281 487/1085/277
f 489/1087/280 163/673/282 490/1089/283
f 489/1087/280 490/1089/283 570/747/281
f 570/747/281 490/1089/283 66/493/284
f 570/747/281 66/493/284 491/1090/285
f 487/1085/277 570/747/281 491/1090/285
f 487/1085/277 491/1090/285 65/492/278
f 163/673/282 492/1091/286 571/748/287
f 163/673/282 571/748/287 490/1089/283
f 492/1091/286 164/675/288 493/1093/289
f 492/1091/286 493/1093/289 571/748/287
f 571/748/287 493/1093/289 67/494/290
f 571/748/287 67/494/290 494/1095/291
f 490/1089/283 571/748/287 494/1095/291
f 490/1089/283 494/1095/291 66/493/284
f 164/677/288 495/1096/292 572/749/293
f 164/677/288 572/749/293 493/1094/289
f 495/1096/292 165/678/294 496/1098/295
f 495/1096/292 496/1098/295 572/749/293
f 572/749/293 496/1098/295 68/496/296
f 572/749/293 68/496/296 497/1100/297
f 493/1094/289 572/749/293 497/1100/297
f 493/1094/289 497/1100/297 67/495/290
f 52/474/207 451/1032/206 573/750/298
f 52/474/207 573/750/298 499/1103/299
f 451/1032/206 53/475/205 498/1102/300
f 451/1032/206 498/1102/300 573/750/298
f 573/750/298 498/1102/300 2/382/5
f 573/750/298 2/382/5 351/877/2
f 499/1103/299 573/750/298 351/877/2
f 499/1103/299 351/877/2 1/380/1
f 53/475/205 455/1037/213 574/751/301
f 53/475/205 574/751/301 498/1102/300
f 455/1037/213 54/476/212 500/1104/302
f 455/1037/213 500/1104/302 574/751/301
f 574/751/301 500/1104/302 3/384/12
f 574/751/301 3/384/12 355/884/10
f 498/1102/300 574/751/301 355/884/10
f 498/1102/300 355/884/10 2/382/5
f 54/476/212 458/1041/219 575/752/303
f 54/476/212 575/752/303 500/1104/302
f 458/1041/219 55/477/218 501/1105/304
f 458/1041/219 501/1105/304 575/752/303
f 575/752/303 501/1105/304 4/386/18
f 575/752/303 4/386/18 358/889/16
f 500/1104/302 575/752/303 358/889/16
f 500/1104/302 358/889/16 3/384/12
f 55/477/218 461/1046/225 576/753/305
f 55/477/218 576/753/305 501/1105/304
f 461/1046/225 56/478/224 502/1106/306
f 461/1046/225 502/1106/306 576/753/305
f 576/753/305 502/1106/306 5/388/24
f 576/753/305 5/388/24 361/894/22
f 501/1105/304 576/753/305 361/894/22
f 501/1105/304 361/894/22 4/386/18
f 56/478/224 464/1051/231 577/754/307
f 56/478/224 577/754/307 502/1106/306
f 464/1051/231 57/481/230 503/1107/308
f 464/1051/231 503/1107/308 577/754/307
f 577/754/307 503/1107/308 6/391/30
f 577/754/307 6/391/30 364/900/28
f 502/1106/306 577/754/307 364/900/28
f 502/1106/306 364/900/28 5/388/24
f 57/481/230 467/1056/237 578/755/309
f 57/481/230 578/755/309 503/1107/308
f 467/1056/237 58/483/236 504/1108/310
f 467/1056/237 504/1108/310 578/755/309
f 578/755/309 504/1108/310 7/393/36
f 578/755/309 7/393/36 367/905/34
f 503/1107/308 578/755/309 367/905/34
f 503/1107/308 367/905/34 6/391/30
f 58/482/236 470/1060/243 579/756/311
f 58/482/236 579/756/311 504/1109/310
f 470/1060/243 59/484/242 505/1110/312
f 470/1060/243 505/1110/312 579/756/311
f 579/756/311 505/1110/312 8/396/42
f 579/756/311 8/396/42 370/910/40
f 504/1109/310 579/756/311 370/910/40
f 504/1109/310 370/910/40 7/394/36
f 59/484/242 473/1064/249 580/757/313
f 59/484/242 580/757/313 505/1110/312
f 473/1064/249 60/485/248 506/1111/314
f 473/1064/249 506/1111/314 580/757/313
f 580/757/313 506/1111/314 9/398/48
f 580/757/313 9/398/48 373/915/46
f 505/1110/312 580/757/313 373/915/46
f 505/1110/312 373/915/46 8/396/42
f 60/485/248 476/1068/255 581/758/315
f 60/485/248 581/758/315 506/1111/314
f 476/1068/255 61/486/254 507/1112/316
f 476/1068/255 507/1112/316 581/758/315
f 581/758/315 507/1112/316 10/400/54
f 581/758/315 10/400/54 376/920/52
f 506/1111/314 581/758/315 376/920/52
f 506/1111/314 376/920/52 9/398/48
f 61/487/254 479/1074/261 582/759/317
f 61/487/254 582/759/317 507/1113/316
f 479/1074/261 62/489/260 508/1114/318
f 479/1074/261 508/1114/318 582/759/317
f 582/759/317 508/1114/318 11/403/60
f 582/759/317 11/403/60 379/925/58
f 507/1113/316 582/759/317 379/925/58
f 507/1113/316 379/925/58 10/401/54
f 62/489/260 482/1078/267 583/760/319
f 62/489/260 583/760/319 508/1114/318
f 482/1078/267 63/490/266 509/1115/320
f 482/1078/267 509/1115/320 583/760/319
f 583/760/319 509/1115/320 12/405/66
f 583/760/319 12/405/66 382/930/64
f 508/1114/318 583/760/319 382/930/64
f 508/1114/318 382/930/64 11/403/60
f 63/490/266 485/1082/273 584/761/321
f 63/490/266 584/761/321 509/1115/320
f 485/1082/273 64/491/272 510/1116/322
f 485/1082/273 510/1116/322 584/761/321
f 584/761/321 510/1116/322 13/407/72
f 584/761/321 13/407/72 385/935/70
f 509/1115/320 584/761/321 385/935/70
f 509/1115/320 385/935/70 12/405/66
f 64/491/272 488/1086/279 585/762/323
f 64/491/272 585/762/323 510/1116/322
f 488/1086/279 65/492/278 511/1117/324
f 488/1086/279 511/1117/324 585/762/323
f 585/762/323 511/1117/324 14/409/78
f 585/762/323 14/409/78 388/940/76
f 510/1116/322 585/762/323 388/940/76
f 510/1116/322 388/940/76 13/407/72
f 65/492/278 491/1090/285 586/763/325
f 65/492/278 586/763/325 511/1117/324
f 491/1090/285 66/493/284 512/1118/326
f 491/1090/285 512/1118/326 586/763/325
f 586/763/325 512/1118/326 15/411/84
f 586/763/325 15/411/84 391/945/82
f 511/1117/324 586/763/325 391/945/82
f 511/1117/324 391/945/82 14/409/78
f 66/493/284 494/1095/291 587/764/327
f 66/493/284 587/764/327 512/1118/326
f 494/1095/291 67/494/290 513/1119/328
f 494/1095/291 513/1119/328 587/764/327
f 587/764/327 513/1119/328 16/413/90
f 587/764/327 16/413/90 394/950/88
f 512/1118/326 587/764/327 394/950/88
f 512/1118/326 394/950/88 15/411/84
f 67/494/290 497/1101/297 588/765/329
f 67/494/290 588/765/329 513/1119/328
f 497/1101/297 68/497/296 514/1120/330
f 497/1101/297 514/1120/330 588/765/329
f 588/765/329 514/1120/330 17/415/96
f 588/765/329 17/415/96 397/955/94
f 513/1119/328 588/765/329 397/955/94
f 513/1119/328 397/955/94 16/413/90
f 17/415/96 514/1120/330 589/766/331
f 17/415/96 589/766/331 398/957/97
f 514/1120/330 68/497/296 496/1099/295
f 514/1120/330 496/1099/295 589/766/331
f 589/766/331 496/1099/295 165/680/294
f 589/766/331 165/680/294 515/1121/332
f 398/957/97 589/766/331 515/1121/332
f 398/957/97 515/1121/332 166/682/98
f 52/474/207 499/1103/299 590/767/333
f 52/474/207 590/767/333 452/1033/202
f 499/1103/299 1/380/1 354/882/4
f 499/1103/299 354/882/4 590/767/333
f 590/767/333 354/882/4 148/640/9
f 590/767/333 148/640/9 516/1122/334
f 452/1033/202 590/767/333 516/1122/334
f 452/1033/202 516/1122/334 149/641/199
f 70/500/335 517/1124/336 591/768/337
f 70/500/335 591/768/337 520/1129/338
f 517/1124/336 69/498/339 518/1125/340
f 517/1124/336 518/1125/340 591/768/337
f 591/768/337 518/1125/340 133/604/341
f 591/768/337 133/604/341 519/1127/342
f 520/1129/338 591/768/337 519/1127/342
f 520/1129/338 519/1127/342 134/607/343
f 71/501/344 521/1130/345 592/769/346
f 71/501/344 592/769/346 523/1133/347
f 521/1130/345 70/500/335 520/1129/338
f 521/1130/345 520/1129/338 592/769/346
f 592/769/346 520/1129/338 134/607/343
f 592/769/346 134/607/343 522/1131/348
f 523/1133/347 592/769/346 522/1131/348
f 523/1133/347 522/1131/348 135/609/349
f 72/502/350 524/1134/351 593/770/352
f 72/502/350 593/770/352 178/1137/353
f 524/1134/351 71/501/344 523/1133/347
f 524/1134/351 523/1133/347 593/770/352
f 593/770/352 523/1133/347 135/609/349
f 593/770/352 135/609/349 177/1135/354
f 178/1137/353 593/770/352 177/1135/354
f 178/1137/353 177/1135/354 136/611/355
f 73/503/356 179/1138/357 594/771/358
f 73/503/356 594/771/358 181/1141/359
f 179/1138/357 72/502/350 178/1137/353
f 179/1138/357 178/1137/353 594/771/358
f 594/771/358 178/1137/353 136/611/355
f 594/771/358 136/611/355 180/1139/360
f 181/1141/359 594/771/358 180/1139/360
f 181/1141/359 180/1139/360 103/536/361
f 74/504/362 182/1142/363 595/772/364
f 74/504/362 595/772/364 184/1145/365
f 182/1142/363 73/503/356 181/1141/359
f 182/1142/363 181/1141/359 595/772/364
f 595/772/364 181/1141/359 103/536/361
f 595/772/364 103/536/361 183/1143/366
f 184/1145/365 595/772/364 183/1143/366
f 184/1145/365 183/1143/366 104/538/367
f 75/505/368 185/1146/369 596/773/370
f 75/505/368 596/773/370 187/1149/371
f 185/1146/369 74/504/362 184/1145/365
f 185/1146/369 184/1145/365 596/773/370
f 596/773/370 184/1145/365 104/538/367
f 596/773/370 104/538/367 186/1147/372
f 187/1149/371 596/773/370 186/1147/372
f 187/1149/371 186/1147/372 105/540/373
f 76/506/374 188/1150/375 597/774/376
f 76/506/374 597/774/376 190/1153/377
f 188/1150/375 75/505/368 187/1149/371
f 188/1150/375 187/1149/371 597/774/376
f 597/774/376 187/1149/371 105/540/373
f 597/774/376 105/540/373 189/1151/378
f 190/1153/377 597/774/376 189/1151/378
f 190/1153/377 189/1151/378 106/542/379
f 77/507/380 191/1154/381 598/775/382
f 77/507/380 598/775/382 193/1157/383
f 191/1154/381 76/506/374 190/1153/377
f 191/1154/381 190/1153/377 598/775/382
f 598/775/382 190/1153/377 106/542/379
f 598/775/382 106/542/379 192/1155/384
f 193/1157/383 598/775/382 192/1155/384
f 193/1157/383 192/1155/384 107/544/385
f 78/508/386 194/1158/387 599/776/388
f 78/508/386 599/776/388 196/1161/389
f 194/1158/387 77/507/380 193/1157/383
f 194/1158/387 193/1157/383 599/776/388
f 599/776/388 193/1157/383 107/544/385
f 599/776/388 107/544/385 195/1159/390
f 196/1161/389 599/776/388 195/1159/390
f 196/1161/389 195/1159/390 108/546/391
f 79/509/392 197/1162/393 600/777/394
f 79/509/392 600/777/394 199/1165/395
f 197/1162/393 78/508/386 196/1161/389
f 197/1162/393 196/1161/389 600/777/394
f 600/777/394 196/1161/389 108/546/391
f 600/777/394 108/546/391 198/1163/396
f 199/1165/395 600/777/394 198/1163/396
f 199/1165/395 198/1163/396 109/548/397
f 80/510/398 200/1166/399 601/778/400
f 80/510/398 601/778/400 202/1169/401
f 200/1166/399 79/509/392 199/1165/395
f 200/1166/399 199/1165/395 601/778/400
f 601/778/400 199/1165/395 109/548/397
f 601/778/400 109/548/397 201/1167/402
f 202/1169/401 601/778/400 201/1167/402
f 202/1169/401 201/1167/402 110/550/403
f 81/511/404 203/1170/405 602/779/406
f 81/511/404 602/779/406 205/1173/407
f 203/1170/405 80/510/398 202/1169/401
f 203/1170/405 202/1169/401 602/779/406
f 602/779/406 202/1169/401 110/550/403
f 602/779/406 110/550/403 204/1171/408
f 205/1173/407 602/779/406 204/1171/408
f 205/1173/407 204/1171/408 111/553/409
f 82/512/410 206/1174/411 603/780/412
f 82/512/410 603/780/412 208/1177/413
f 206/1174/411 81/511/404 205/1173/407
f 206/1174/411 205/1173/407 603/780/412
f 603/780/412 205/1173/407 111/553/409
f 603/780/412 111/553/409 207/1175/414
f 208/1177/413 603/780/412 207/1175/414
f 208/1177/413 207/1175/414 112/555/415
f 83/513/416 209/1178/417 604/781/418
f 83/513/416 604/781/418 211/1181/419
f 209/1178/417 82/512/410 208/1177/413
f 209/1178/417 208/1177/413 604/781/418
f 604/781/418 208/1177/413 112/555/415
f 604/781/418 112/555/415 210/1179/420
f 211/1181/419 604/781/418 210/1179/420
f 211/1181/419 210/1179/420 113/557/421
f 84/514/422 212/1182/423 605/782/424
f 84/514/422 605/782/424 214/1185/425
f 212/1182/423 83/513/416 211/1181/419
f 212/1182/423 211/1181/419 605/782/424
f 605/782/424 211/1181/419 113/557/421
f 605/782/424 113/557/421 213/1183/426
f 214/1185/425 605/782/424 213/1183/426
f 214/1185/425 213/1183/426 114/559/427
f 172/693/428 215/1187/429 606/783/430
f 172/693/428 606/783/430 218/1191/431
f 215/1187/429 171/692/432 216/1188/433
f 215/1187/429 216/1188/433 606/783/430
f 606/783/430 216/1188/433 173/694/434
f 606/783/430 173/694/434 217/1189/435
f 218/1191/431 606/783/430 217/1189/435
f 218/1191/431 217/1189/435 174/696/436
f 115/564/437 219/1192/438 607/784/439
f 115/564/437 607/784/439 222/1196/440
f 219/1192/438 116/568/441 220/1194/442
f 219/1192/438 220/1194/442 607/784/439
f 607/784/439 220/1194/442 86/518/443
f 607/784/439 86/518/443 221/1195/444
f 222/1196/440 607/784/439 221/1195/444
f 222/1196/440 221/1195/444 85/516/445
f 116/568/441 223/1198/446 608/785/447
f 116/568/441 608/785/447 220/1194/442
f 223/1198/446 117/570/448 224/1200/449
f 223/1198/446 224/1200/449 608/785/447
f 608/785/447 224/1200/449 87/519/450
f 608/785/447 87/519/450 225/1201/451
f 220/1194/442 608/785/447 225/1201/451
f 220/1194/442 225/1201/451 86/518/443
f 117/570/448 226/1202/452 609/786/453
f 117/570/448 609/786/453 224/1200/449
f 226/1202/452 118/572/454 227/1204/455
f 226/1202/452 227/1204/455 609/786/453
f 609/786/453 227/1204/455 88/520/456
f 609/786/453 88/520/456 228/1205/457
f 224/1200/449 609/786/453 228/1205/457
f 224/1200/449 228/1205/457 87/519/450
f 118/572/454 229/1206/458 610/787/459
f 118/572/454 610/787/459 227/1204/455
f 229/1206/458 119/574/460 230/1208/461
f 229/1206/458 230/1208/461 610/787/459
f 610/787/459 230/1208/461 89/521/462
f 610/787/459 89/521/462 231/1209/463
f 227/1204/455 610/787/459 231/1209/463
f 227/1204/455 231/1209/463 88/520/456
f 119/574/460 232/1210/464 611/788/465
f 119/574/460 611/788/465 230/1208/461
f 232/1210/464 120/577/466 233/1212/467
f 232/1210/464 233/1212/467 611/788/465
f 611/788/465 233/1212/467 90/522/468
f 611/788/465 90/522/468 234/1213/469
f 230/1208/461 611/788/465 234/1213/469
f 230/1208/461 234/1213/469 89/521/462
f 120/577/466 235/1214/470 612/789/471
f 120/577/466 612/789/471 233/1212/467
f 235/1214/470 121/579/472 236/1216/473
f 235/1214/470 236/1216/473 612/789/471
f 612/789/471 236/1216/473 91/523/474
f 612/789/471 91/523/474 237/1217/475
f 233/1212/467 612/789/471 237/1217/475
f 233/1212/467 237/1217/475 90/522/468
f 121/579/472 238/1218/476 613/790/477
f 121/579/472 613/790/477 236/1216/473
f 238/1218/476 122/581/478 239/1220/479
f 238/1218/476 239/1220/479 613/790/477
f 613/790/477 239/1220/479 92/524/480
f 613/790/477 92/524/480 240/1221/481
f 236/1216/473 613/790/477 240/1221/481
f 236/1216/473 240/1221/481 91/523/474
f 122/581/478 241/1222/482 614/791/483
f 122/581/478 614/791/483 239/1220/479
f 241/1222/482 123/583/484 242/1224/485
f 241/1222/482 242/1224/485 614/791/483
f 614/791/483 242/1224/485 93/525/486
f 614/791/483 93/525/486 243/1225/487
f 239/1220/479 614/791/483 243/1225/487
f 239/1220/479 243/1225/487 92/524/480
f 123/583/484 244/1226/488 615/792/489
f 123/583/484 615/792/489 242/1224/485
f 244/1226/488 124/585/490 245/1228/491
f 244/1226/488 245/1228/491 615/792/489
f 615/792/489 245/1228/491 94/526/492
f 615/792/489 94/526/492 246/1229/493
f 242/1224/485 615/792/489 246/1229/493
f 242/1224/485 246/1229/493 93/525/486
f 124/585/490 247/1230/494 616/793/495
f 124/585/490 616/793/495 245/1228/491
f 247/1230/494 125/587/496 248/1232/497
f 247/1230/494 248/1232/497 616/793/495
f 616/793/495 248/1232/497 95/527/498
f 616/793/495 95/527/498 249/1233/499
f 245/1228/491 616/793/495 249/1233/499
f 245/1228/491 249/1233/499 94/526/492
f 125/587/496 250/1234/500 617/794/501
f 125/587/496 617/794/501 248/1232/497
f 250/1234/500 126/589/502 251/1236/503
f 250/1234/500 251/1236/503 617/794/501
f 617/794/501 251/1236/503 96/528/504
f 617/794/501 96/528/504 252/1237/505
f 248/1232/497 617/794/501 252/1237/505
f 248/1232/497 252/1237/505 95/527/498
f 126/589/502 253/1238/506 618/795/507
f 126/589/502 618/795/507 251/1236/503
f 253/1238/506 127/591/508 254/1240/509
f 253/1238/506 254/1240/509 618/795/507
f 618/795/507 254/1240/509 97/529/510
f 618/795/507 97/529/510 255/1241/511
f 251/1236/503 618/795/507 255/1241/511
f 251/1236/503 255/1241/511 96/528/504
f 127/591/508 256/1242/512 619/796/513
f 127/591/508 619/796/513 254/1240/509
f 256/1242/512 128/593/514 257/1244/515
f 256/1242/512 257/1244/515 619/796/513
f 619/796/513 257/1244/515 98/530/516
f 619/796/513 98/530/516 258/1245/517
f 254/1240/509 619/796/513 258/1245/517
f 254/1240/509 258/1245/517 97/529/510
f 128/593/514 259/1246/518 620/797/519
f 128/593/514 620/797/519 257/1244/515
f 259/1246/518 129/595/520 260/1248/521
f 259/1246/518 260/1248/521 620/797/519
f 620/797/519 260/1248/521 99/531/522
f 620/797/519 99/531/522 261/1249/523
f 257/1244/515 620/797/519 261/1249/523
f 257/1244/515 261/1249/523 98/530/516
f 129/595/520 262/1250/524 621/798/525
f 129/595/520 621/798/525 260/1248/521
f 262/1250/524 130/597/526 263/1252/527
f 262/1250/524 263/1252/527 621/798/525
f 621/798/525 263/1252/527 100/532/528
f 621/798/525 100/532/528 264/1253/529
f 260/1248/521 621/798/525 264/1253/529
f 260/1248/521 264/1253/529 99/531/522
f 130/597/526 265/1254/530 622/799/531
f 130/597/526 622/799/531 263/1252/527
f 265/1254/530 131/599/532 266/1256/533
f 265/1254/530 266/1256/533 622/799/531
f 622/799/531 266/1256/533 101/533/534
f 622/799/531 101/533/534 267/1258/535
f 263/1252/527 622/799/531 267/1258/535
f 263/1252/527 267/1258/535 100/532/528
f 102/535/536 268/1259/537 623/800/538
f 102/535/536 623/800/538 270/1261/539
f 268/1259/537 101/534/534 266/1257/533
f 268/1259/537 266/1257/533 623/800/538
f 623/800/538 266/1257/533 131/601/532
f 623/800/538 131/601/532 269/1260/540
f 270/1261/539 623/800/538 269/1260/540
f 270/1261/539 269/1260/540 132/602/541
f 69/499/339 271/1262/542 624/801/543
f 69/499/339 624/801/543 518/1126/340
f 271/1262/542 102/535/536 270/1261/539
f 271/1262/542 270/1261/539 624/801/543
f 624/801/543 270/1261/539 132/602/541
f 624/801/543 132/602/541 272/1263/544
f 518/1126/340 624/801/543 272/1263/544
f 518/1126/340 272/1263/544 133/605/341
f 104/539/367 183/1144/366 625/802/545
f 104/539/367 625/802/545 274/1266/546
f 183/1144/366 103/537/361 273/1265/547
f 183/1144/366 273/1265/547 625/802/545
f 625/802/545 273/1265/547 29/441/165
f 625/802/545 29/441/165 431/1005/163
f 274/1266/546 625/802/545 431/1005/163
f 274/1266/546 431/1005/163 28/439/159
f 105/541/373 186/1148/372 626/803/548
f 105/541/373 626/803/548 275/1267/549
f 186/1148/372 104/539/367 274/1266/546
f 186/1148/372 274/1266/546 626/803/548
f 626/803/548 274/1266/546 28/439/159
f 626/803/548 28/439/159 428/1001/157
f 275/1267/549 626/803/548 428/1001/157
f 275/1267/549 428/1001/157 27/437/153
f 106/543/379 189/1152/378 627/804/550
f 106/543/379 627/804/550 276/1268/551
f 189/1152/378 105/541/373 275/1267/549
f 189/1152/378 275/1267/549 627/804/550
f 627/804/550 275/1267/549 27/437/153
f 627/804/550 27/437/153 425/997/151
f 276/1268/551 627/804/550 425/997/151
f 276/1268/551 425/997/151 26/435/147
f 107/545/385 192/1156/384 628/805/552
f 107/545/385 628/805/552 277/1269/553
f 192/1156/384 106/543/379 276/1268/551
f 192/1156/384 276/1268/551 628/805/552
f 628/805/552 276/1268/551 26/435/147
f 628/805/552 26/435/147 422/993/145
f 277/1269/553 628/805/552 422/993/145
f 277/1269/553 422/993/145 25/433/141
f 108/547/391 195/1160/390 629/806/554
f 108/547/391 629/806/554 278/1270/555
f 195/1160/390 107/545/385 277/1269/553
f 195/1160/390 277/1269/553 629/806/554
f 629/806/554 277/1269/553 25/433/141
f 629/806/554 25/433/141 419/989/139
f 278/1270/555 629/806/554 419/989/139
f 278/1270/555 419/989/139 24/430/135
f 109/549/397 198/1164/396 630/807/556
f 109/549/397 630/807/556 279/1271/557
f 198/1164/396 108/547/391 278/1270/555
f 198/1164/396 278/1270/555 630/807/556
f 630/807/556 278/1270/555 24/430/135
f 630/807/556 24/430/135 416/983/133
f 279/1271/557 630/807/556 416/983/133
f 279/1271/557 416/983/133 23/428/129
f 110/551/403 201/1168/402 631/808/558
f 110/551/403 631/808/558 280/1272/559
f 201/1168/402 109/549/397 279/1271/557
f 201/1168/402 279/1271/557 631/808/558
f 631/808/558 279/1271/557 23/428/129
f 631/808/558 23/428/129 413/978/127
f 280/1272/559 631/808/558 413/978/127
f 280/1272/559 413/978/127 22/426/123
f 111/554/409 204/1172/408 632/809/560
f 111/554/409 632/809/560 281/1274/561
f 204/1172/408 110/552/403 280/1273/559
f 204/1172/408 280/1273/559 632/809/560
f 632/809/560 280/1273/559 22/425/123
f 632/809/560 22/425/123 410/974/121
f 281/1274/561 632/809/560 410/974/121
f 281/1274/561 410/974/121 21/423/117
f 112/556/415 207/1176/414 633/810/562
f 112/556/415 633/810/562 282/1275/563
f 207/1176/414 111/554/409 281/1274/561
f 207/1176/414 281/1274/561 633/810/562
f 633/810/562 281/1274/561 21/423/117
f 633/810/562 21/423/117 407/970/115
f 282/1275/563 633/810/562 407/970/115
f 282/1275/563 407/970/115 20/421/111
f 113/558/421 210/1180/420 634/811/564
f 113/558/421 634/811/564 283/1276/565
f 210/1180/420 112/556/415 282/1275/563
f 210/1180/420 282/1275/563 634/811/564
f 634/811/564 282/1275/563 20/421/111
f 634/811/564 20/421/111 404/966/109
f 283/1276/565 634/811/564 404/966/109
f 283/1276/565 404/966/109 19/419/104
f 114/560/427 213/1184/426 635/812/566
f 114/560/427 635/812/566 284/1277/567
f 213/1184/426 113/558/421 283/1276/565
f 213/1184/426 283/1276/565 635/812/566
f 635/812/566 283/1276/565 19/419/104
f 635/812/566 19/419/104 400/961/101
f 284/1277/567 635/812/566 400/961/101
f 284/1277/567 400/961/101 18/417/100
f 115/567/437 285/1279/568 636/813/569
f 115/567/437 636/813/569 286/1281/570
f 285/1279/568 114/561/427 284/1278/567
f 285/1279/568 284/1278/567 636/813/569
f 636/813/569 284/1278/567 18/416/100
f 636/813/569 18/416/100 403/964/103
f 286/1281/570 636/813/569 403/964/103
f 286/1281/570 403/964/103 35/453/108
f 35/453/108 402/963/107 637/814/571
f 35/453/108 637/814/571 286/1281/570
f 402/963/107 36/454/106 287/1282/572
f 402/963/107 287/1282/572 637/814/571
f 637/814/571 287/1282/572 116/569/441
f 637/814/571 116/569/441 219/1193/438
f 286/1281/570 637/814/571 219/1193/438
f 286/1281/570 219/1193/438 115/567/437
f 36/454/106 406/968/114 638/815/573
f 36/454/106 638/815/573 287/1282/572
f 406/968/114 37/455/113 288/1283/574
f 406/968/114 288/1283/574 638/815/573
f 638/815/573 288/1283/574 117/571/448
f 638/815/573 117/571/448 223/1199/446
f 287/1282/572 638/815/573 223/1199/446
f 287/1282/572 223/1199/446 116/569/441
f 37/455/113 409/972/120 639/816/575
f 37/455/113 639/816/575 288/1283/574
f 409/972/120 38/456/119 289/1284/576
f 409/972/120 289/1284/576 639/816/575
f 639/816/575 289/1284/576 118/573/454
f 639/816/575 118/573/454 226/1203/452
f 288/1283/574 639/816/575 226/1203/452
f 288/1283/574 226/1203/452 117/571/448
f 38/456/119 412/976/126 640/817/577
f 38/456/119 640/817/577 289/1284/576
f 412/976/126 39/457/125 290/1285/578
f 412/976/126 290/1285/578 640/817/577
f 640/817/577 290/1285/578 119/575/460
f 640/817/577 119/575/460 229/1207/458
f 289/1284/576 640/817/577 229/1207/458
f 289/1284/576 229/1207/458 118/573/454
f 39/458/125 415/981/132 641/818/579
f 39/458/125 641/818/579 290/1286/578
f 415/981/132 40/460/131 291/1287/580
f 415/981/132 291/1287/580 641/818/579
f 641/818/579 291/1287/580 120/578/466
f 641/818/579 120/578/466 232/1211/464
f 290/1286/578 641/818/579 232/1211/464
f 290/1286/578 232/1211/464 119/576/460
f 40/460/131 418/987/138 642/819/581
f 40/460/131 642/819/581 291/1287/580
f 418/987/138 41/462/137 292/1288/582
f 418/987/138 292/1288/582 642/819/581
f 642/819/581 292/1288/582 121/580/472
f 642/819/581 121/580/472 235/1215/470
f 291/1287/580 642/819/581 235/1215/470
f 291/1287/580 235/1215/470 120/578/466
f 41/462/137 421/991/144 643/820/583
f 41/462/137 643/820/583 292/1288/582
f 421/991/144 42/463/143 293/1289/584
f 421/991/144 293/1289/584 643/820/583
f 643/820/583 293/1289/584 122/582/478
f 643/820/583 122/582/478 238/1219/476
f 292/1288/582 643/820/583 238/1219/476
f 292/1288/582 238/1219/476 121/580/472
f 42/463/143 424/995/150 644/821/585
f 42/463/143 644/821/585 293/1289/584
f 424/995/150 43/464/149 294/1290/586
f 424/995/150 294/1290/586 644/821/585
f 644/821/585 294/1290/586 123/584/484
f 644/821/585 123/584/484 241/1223/482
f 293/1289/584 644/821/585 241/1223/482
f 293/1289/584 241/1223/482 122/582/478
f 43/464/149 427/999/156 645/822/587
f 43/464/149 645/822/587 294/1290/586
f 427/999/156 44/465/155 295/1291/588
f 427/999/156 295/1291/588 645/822/587
f 645/822/587 295/1291/588 124/586/490
f 645/822/587 124/586/490 244/1227/488
f 294/1290/586 645/822/587 244/1227/488
f 294/1290/586 244/1227/488 123/584/484
f 44/465/155 430/1003/162 646/823/589
f 44/465/155 646/823/589 295/1291/588
f 430/1003/162 45/466/161 296/1292/590
f 430/1003/162 296/1292/590 646/823/589
f 646/823/589 296/1292/590 125/588/496
f 646/823/589 125/588/496 247/1231/494
f 295/1291/588 646/823/589 247/1231/494
f 295/1291/588 247/1231/494 124/586/490
f 45/466/161 433/1007/168 647/824/591
f 45/466/161 647/824/591 296/1292/590
f 433/1007/168 46/467/167 297/1293/592
f 433/1007/168 297/1293/592 647/824/591
f 647/824/591 297/1293/592 126/590/502
f 647/824/591 126/590/502 250/1235/500
f 296/1292/590 647/824/591 250/1235/500
f 296/1292/590 250/1235/500 125/588/496
f 46/467/167 436/1011/174 648/825/593
f 46/467/167 648/825/593 297/1293/592
f 436/1011/174 47/468/173 298/1294/594
f 436/1011/174 298/1294/594 648/825/593
f 648/825/593 298/1294/594 127/592/508
f 648/825/593 127/592/508 253/1239/506
f 297/1293/592 648/825/593 253/1239/506
f 297/1293/592 253/1239/506 126/590/502
f 47/468/173 439/1015/180 649/826/595
f 47/468/173 649/826/595 298/1294/594
f 439/1015/180 48/469/179 299/1295/596
f 439/1015/180 299/1295/596 649/826/595
f 649/826/595 299/1295/596 128/594/514
f 649/826/595 128/594/514 256/1243/512
f 298/1294/594 649/826/595 256/1243/512
f 298/1294/594 256/1243/512 127/592/508
f 48/469/179 442/1019/186 650/827/597
f 48/469/179 650/827/597 299/1295/596
f 442/1019/186 49/470/185 300/1296/598
f 442/1019/186 300/1296/598 650/827/597
f 650/827/597 300/1296/598 129/596/520
f 650/827/597 129/596/520 259/1247/518
f 299/1295/596 650/827/597 259/1247/518
f 299/1295/596 259/1247/518 128/594/514
f 49/470/185 445/1023/192 651/828/599
f 49/470/185 651/828/599 300/1296/598
f 445/1023/192 50/471/191 301/1297/600
f 445/1023/192 301/1297/600 651/828/599
f 651/828/599 301/1297/600 130/598/526
f 651/828/599 130/598/526 262/1251/524
f 300/1296/598 651/828/599 262/1251/524
f 300/1296/598 262/1251/524 129/596/520
f 50/471/191 448/1028/198 652/829/601
f 50/471/191 652/829/601 301/1297/600
f 448/1028/198 51/472/197 302/1298/602
f 448/1028/198 302/1298/602 652/829/601
f 652/829/601 302/1298/602 131/600/532
f 652/829/601 131/600/532 265/1255/530
f 301/1297/600 652/829/601 265/1255/530
f 301/1297/600 265/1255/530 130/598/526
f 132/602/541 269/1260/540 653/830/603
f 132/602/541 653/830/603 303/1300/604
f 269/1260/540 131/601/532 302/1299/602
f 269/1260/540 302/1299/602 653/830/603
f 653/830/603 302/1299/602 51/473/197
f 653/830/603 51/473/197 447/1027/196
f 303/1300/604 653/830/603 447/1027/196
f 303/1300/604 447/1027/196 34/452/195
f 133/606/341 272/1264/544 654/831/605
f 133/606/341 654/831/605 304/1302/606
f 272/1264/544 132/603/541 303/1301/604
f 272/1264/544 303/1301/604 654/831/605
f 654/831/605 303/1301/604 34/451/195
f 654/831/605 34/451/195 446/1025/193
f 304/1302/606 654/831/605 446/1025/193
f 304/1302/606 446/1025/193 33/449/189
f 134/608/343 519/1128/342 655/832/607
f 134/608/343 655/832/607 305/1303/608
f 519/1128/342 133/606/341 304/1302/606
f 519/1128/342 304/1302/606 655/832/607
f 655/832/607 304/1302/606 33/449/189
f 655/832/607 33/449/189 443/1021/187
f 305/1303/608 655/832/607 443/1021/187
f 305/1303/608 443/1021/187 32/447/183
f 135/610/349 522/1132/348 656/833/609
f 135/610/349 656/833/609 306/1304/610
f 522/1132/348 134/608/343 305/1303/608
f 522/1132/348 305/1303/608 656/833/609
f 656/833/609 305/1303/608 32/447/183
f 656/833/609 32/447/183 440/1017/181
f 306/1304/610 656/833/609 440/1017/181
f 306/1304/610 440/1017/181 31/445/177
f 136/612/355 177/1136/354 657/834/611
f 136/612/355 657/834/611 307/1305/612
f 177/1136/354 135/610/349 306/1304/610
f 177/1136/354 306/1304/610 657/834/611
f 657/834/611 306/1304/610 31/445/177
f 657/834/611 31/445/177 437/1013/175
f 307/1305/612 657/834/611 437/1013/175
f 307/1305/612 437/1013/175 30/443/171
f 103/537/361 180/1140/360 658/835/613
f 103/537/361 658/835/613 273/1265/547
f 180/1140/360 136/612/355 307/1305/612
f 180/1140/360 307/1305/612 658/835/613
f 658/835/613 307/1305/612 30/443/171
f 658/835/613 30/443/171 434/1009/169
f 273/1265/547 658/835/613 434/1009/169
f 273/1265/547 434/1009/169 29/441/165
f 138/616/62 384/933/69 659/836/614
f 138/616/62 659/836/614 309/1307/615
f 384/933/69 137/614/68 308/1306/616
f 384/933/69 308/1306/616 659/836/614
f 659/836/614 308/1306/616 73/503/356
f 659/836/614 73/503/356 182/1142/363
f 309/1307/615 659/836/614 182/1142/363
f 309/1307/615 182/1142/363 74/504/362
f 139/618/56 381/928/63 660/837/617
f 139/618/56 660/837/617 310/1308/618
f 381/928/63 138/616/62 309/1307/615
f 381/928/63 309/1307/615 660/837/617
f 660/837/617 309/1307/615 74/504/362
f 660/837/617 74/504/362 185/1146/369
f 310/1308/618 660/837/617 185/1146/369
f 310/1308/618 185/1146/369 75/505/368
f 140/620/50 378/923/57 661/838/619
f 140/620/50 661/838/619 311/1309/620
f 378/923/57 139/618/56 310/1308/618
f 378/923/57 310/1308/618 661/838/619
f 661/838/619 310/1308/618 75/505/368
f 661/838/619 75/505/368 188/1150/375
f 311/1309/620 661/838/619 188/1150/375
f 311/1309/620 188/1150/375 76/506/374
f 141/622/44 375/918/51 662/839/621
f 141/622/44 662/839/621 312/1310/622
f 375/918/51 140/620/50 311/1309/620
f 375/918/51 311/1309/620 662/839/621
f 662/839/621 311/1309/620 76/506/374
f 662/839/621 76/506/374 191/1154/381
f 312/1310/622 662/839/621 191/1154/381
f 312/1310/622 191/1154/381 77/507/380
f 142/624/38 372/913/45 663/840/623
f 142/624/38 663/840/623 313/1311/624
f 372/913/45 141/622/44 312/1310/622
f 372/913/45 312/1310/622 663/840/623
f 663/840/623 312/1310/622 77/507/380
f 663/840/623 77/507/380 194/1158/387
f 313/1311/624 663/840/623 194/1158/387
f 313/1311/624 194/1158/387 78/508/386
f 143/626/32 369/908/39 664/841/625
f 143/626/32 664/841/625 314/1312/626
f 369/908/39 142/624/38 313/1311/624
f 369/908/39 313/1311/624 664/841/625
f 664/841/625 313/1311/624 78/508/386
f 664/841/625 78/508/386 197/1162/393
f 314/1312/626 664/841/625 197/1162/393
f 314/1312/626 197/1162/393 79/509/392
f 144/629/26 366/903/33 665/842/627
f 144/629/26 665/842/627 315/1313/628
f 366/903/33 143/626/32 314/1312/626
f 366/903/33 314/1312/626 665/842/627
f 665/842/627 314/1312/626 79/509/392
f 665/842/627 79/509/392 200/1166/399
f 315/1313/628 665/842/627 200/1166/399
f 315/1313/628 200/1166/399 80/510/398
f 145/631/20 363/898/27 666/843/629
f 145/631/20 666/843/629 316/1314/630
f 363/898/27 144/629/26 315/1313/628
f 363/898/27 315/1313/628 666/843/629
f 666/843/629 315/1313/628 80/510/398
f 666/843/629 80/510/398 203/1170/405
f 316/1314/630 666/843/629 203/1170/405
f 316/1314/630 203/1170/405 81/511/404
f 146/633/14 360/892/21 667/844/631
f 146/633/14 667/844/631 317/1315/632
f 360/892/21 145/631/20 316/1314/630
f 360/892/21 316/1314/630 667/844/631
f 667/844/631 316/1314/630 81/511/404
f 667/844/631 81/511/404 206/1174/411
f 317/1315/632 667/844/631 206/1174/411
f 317/1315/632 206/1174/411 82/512/410
f 147/635/7 357/887/15 668/845/633
f 147/635/7 668/845/633 318/1316/634
f 357/887/15 146/633/14 317/1315/632
f 357/887/15 317/1315/632 668/845/633
f 668/845/633 317/1315/632 82/512/410
f 668/845/633 82/512/410 209/1178/417
f 318/1316/634 668/845/633 209/1178/417
f 318/1316/634 209/1178/417 83/513/416
f 148/637/9 353/880/8 669/846/635
f 148/637/9 669/846/635 319/1317/636
f 353/880/8 147/635/7 318/1316/634
f 353/880/8 318/1316/634 669/846/635
f 669/846/635 318/1316/634 83/513/416
f 669/846/635 83/513/416 212/1182/423
f 319/1317/636 669/846/635 212/1182/423
f 319/1317/636 212/1182/423 84/514/422
f 176/700/637 320/1319/638 670/847/639
f 176/700/637 670/847/639 322/1322/640
f 320/1319/638 175/698/641 321/1321/642
f 320/1319/638 321/1321/642 670/847/639
f 670/847/639 321/1321/642 171/692/432
f 670/847/639 171/692/432 215/1187/429
f 322/1322/640 670/847/639 215/1187/429
f 322/1322/640 215/1187/429 172/693/428
f 85/516/445 221/1195/444 671/848/643
f 85/516/445 671/848/643 324/1324/644
f 221/1195/444 86/518/443 323/1323/645
f 221/1195/444 323/1323/645 671/848/643
f 671/848/643 323/1323/645 150/646/203
f 671/848/643 150/646/203 449/1030/200
f 324/1324/644 671/848/643 449/1030/200
f 324/1324/644 449/1030/200 149/644/199
f 86/518/443 225/1201/451 672/849/646
f 86/518/443 672/849/646 323/1323/645
f 225/1201/451 87/519/450 325/1326/647
f 225/1201/451 325/1326/647 672/849/646
f 672/849/646 325/1326/647 151/648/210
f 672/849/646 151/648/210 453/1035/208
f 323/1323/645 672/849/646 453/1035/208
f 323/1323/645 453/1035/208 150/646/203
f 87/519/450 228/1205/457 673/850/648
f 87/519/450 673/850/648 325/1326/647
f 228/1205/457 88/520/456 326/1327/649
f 228/1205/457 326/1327/649 673/850/648
f 673/850/648 326/1327/649 152/650/216
f 673/850/648 152/650/216 456/1039/214
f 325/1326/647 673/850/648 456/1039/214
f 325/1326/647 456/1039/214 151/648/210
f 88/520/456 231/1209/463 674/851/650
f 88/520/456 674/851/650 326/1327/649
f 231/1209/463 89/521/462 327/1328/651
f 231/1209/463 327/1328/651 674/851/650
f 674/851/650 327/1328/651 153/652/222
f 674/851/650 153/652/222 459/1043/220
f 326/1327/649 674/851/650 459/1043/220
f 326/1327/649 459/1043/220 152/650/216
f 89/521/462 234/1213/469 675/852/652
f 89/521/462 675/852/652 327/1328/651
f 234/1213/469 90/522/468 328/1329/653
f 234/1213/469 328/1329/653 675/852/652
f 675/852/652 328/1329/653 154/655/228
f 675/852/652 154/655/228 462/1048/226
f 327/1328/651 675/852/652 462/1048/226
f 327/1328/651 462/1048/226 153/652/222
f 90/522/468 237/1217/475 676/853/654
f 90/522/468 676/853/654 328/1329/653
f 237/1217/475 91/523/474 329/1330/655
f 237/1217/475 329/1330/655 676/853/654
f 676/853/654 329/1330/655 155/657/234
f 676/853/654 155/657/234 465/1053/232
f 328/1329/653 676/853/654 465/1053/232
f 328/1329/653 465/1053/232 154/655/228
f 91/523/474 240/1221/481 677/854/656
f 91/523/474 677/854/656 329/1330/655
f 240/1221/481 92/524/480 330/1331/657
f 240/1221/481 330/1331/657 677/854/656
f 677/854/656 330/1331/657 156/659/240
f 677/854/656 156/659/240 468/1058/238
f 329/1330/655 677/854/656 468/1058/238
f 329/1330/655 468/1058/238 155/657/234
f 92/524/480 243/1225/487 678/855/658
f 92/524/480 678/855/658 330/1331/657
f 243/1225/487 93/525/486 331/1332/659
f 243/1225/487 331/1332/659 678/855/658
f 678/855/658 331/1332/659 157/661/246
f 678/855/658 157/661/246 471/1062/244
f 330/1331/657 678/855/658 471/1062/244
f 330/1331/657 471/1062/244 156/659/240
f 93/525/486 246/1229/493 679/856/660
f 93/525/486 679/856/660 331/1332/659
f 246/1229/493 94/526/492 332/1333/661
f 246/1229/493 332/1333/661 679/856/660
f 679/856/660 332/1333/661 158/663/252
f 679/856/660 158/663/252 474/1066/250
f 331/1332/659 679/856/660 474/1066/250
f 331/1332/659 474/1066/250 157/661/246
f 94/526/492 249/1233/499 680/857/662
f 94/526/492 680/857/662 332/1333/661
f 249/1233/499 95/527/498 333/1334/663
f 249/1233/499 333/1334/663 680/857/662
f 680/857/662 333/1334/663 159/665/258
f 680/857/662 159/665/258 477/1070/256
f 332/1333/661 680/857/662 477/1070/256
f 332/1333/661 477/1070/256 158/663/252
f 95/527/498 252/1237/505 681/858/664
f 95/527/498 681/858/664 333/1334/663
f 252/1237/505 96/528/504 334/1335/665
f 252/1237/505 334/1335/665 681/858/664
f 681/858/664 334/1335/665 160/668/264
f 681/858/664 160/668/264 480/1076/262
f 333/1334/663 681/858/664 480/1076/262
f 333/1334/663 480/1076/262 159/665/258
f 96/528/504 255/1241/511 682/859/666
f 96/528/504 682/859/666 334/1335/665
f 255/1241/511 97/529/510 335/1336/667
f 255/1241/511 335/1336/667 682/859/666
f 682/859/666 335/1336/667 161/670/270
f 682/859/666 161/670/270 483/1080/268
f 334/1335/665 682/859/666 483/1080/268
f 334/1335/665 483/1080/268 160/668/264
f 97/529/510 258/1245/517 683/860/668
f 97/529/510 683/860/668 335/1336/667
f 258/1245/517 98/530/516 336/1337/669
f 258/1245/517 336/1337/669 683/860/668
f 683/860/668 336/1337/669 162/672/276
f 683/860/668 162/672/276 486/1084/274
f 335/1336/667 683/860/668 486/1084/274
f 335/1336/667 486/1084/274 161/670/270
f 98/530/516 261/1249/523 684/861/670
f 98/530/516 684/861/670 336/1337/669
f 261/1249/523 99/531/522 337/1338/671
f 261/1249/523 337/1338/671 684/861/670
f 684/861/670 337/1338/671 163/674/282
f 684/861/670 163/674/282 489/1088/280
f 336/1337/669 684/861/670 489/1088/280
f 336/1337/669 489/1088/280 162/672/276
f 99/531/522 264/1253/529 685/862/672
f 99/531/522 685/862/672 337/1338/671
f 264/1253/529 100/532/528 338/1339/673
f 264/1253/529 338/1339/673 685/862/672
f 685/862/672 338/1339/673 164/676/288
f 685/862/672 164/676/288 492/1092/286
f 337/1338/671 685/862/672 492/1092/286
f 337/1338/671 492/1092/286 163/674/282
f 100/532/528 267/1258/535 686/863/674
f 100/532/528 686/863/674 338/1339/673
f 267/1258/535 101/533/534 339/1340/675
f 267/1258/535 339/1340/675 686/863/674
f 686/863/674 339/1340/675 165/679/294
f 686/863/674 165/679/294 495/1097/292
f 338/1339/673 686/863/674 495/1097/292
f 338/1339/673 495/1097/292 164/676/288
f 166/682/98 515/1121/332 687/864/676
f 166/682/98 687/864/676 340/1342/677
f 515/1121/332 165/680/294 339/1341/675
f 515/1121/332 339/1341/675 687/864/676
f 687/864/676 339/1341/675 101/534/534
f 687/864/676 101/534/534 268/1259/537
f 340/1342/677 687/864/676 268/1259/537
f 340/1342/677 268/1259/537 102/535/536
f 167/684/92 399/959/99 688/865/678
f 167/684/92 688/865/678 341/1343/679
f 399/959/99 166/682/98 340/1342/677
f 399/959/99 340/1342/677 688/865/678
f 688/865/678 340/1342/677 102/535/536
f 688/865/678 102/535/536 271/1262/542
f 341/1343/679 688/865/678 271/1262/542
f 341/1343/679 271/1262/542 69/499/339
f 168/687/86 396/953/93 689/866/680
f 168/687/86 689/866/680 342/1345/681
f 396/953/93 167/685/92 341/1344/679
f 396/953/93 341/1344/679 689/866/680
f 689/866/680 341/1344/679 69/498/339
f 689/866/680 69/498/339 517/1124/336
f 342/1345/681 689/866/680 517/1124/336
f 342/1345/681 517/1124/336 70/500/335
f 169/689/80 393/948/87 690/867/682
f 169/689/80 690/867/682 343/1346/683
f 393/948/87 168/687/86 342/1345/681
f 393/948/87 342/1345/681 690/867/682
f 690/867/682 342/1345/681 70/500/335
f 690/867/682 70/500/335 521/1130/345
f 343/1346/683 690/867/682 521/1130/345
f 343/1346/683 521/1130/345 71/501/344
f 170/691/74 390/943/81 691/868/684
f 170/691/74 691/868/684 344/1347/685
f 390/943/81 169/689/80 343/1346/683
f 390/943/81 343/1346/683 691/868/684
f 691/868/684 343/1346/683 71/501/344
f 691/868/684 71/501/344 524/1134/351
f 344/1347/685 691/868/684 524/1134/351
f 344/1347/685 524/1134/351 72/502/350
f 137/614/68 387/938/75 692/869/686
f 137/614/68 692/869/686 308/1306/616
f 387/938/75 170/691/74 344/1347/685
f 387/938/75 344/1347/685 692/869/686
f 692/869/686 344/1347/685 72/502/350
f 692/869/686 72/502/350 179/1138/357
f 308/1306/616 692/869/686 179/1138/357
f 308/1306/616 179/1138/357 73/503/356
f 84/515/422 214/1186/425 693/870/687
f 84/515/422 693/870/687 346/1350/688
f 214/1186/425 114/563/427 345/1348/689
f 214/1186/425 345/1348/689 693/870/687
f 693/870/687 345/1348/689 173/694/434
f 693/870/687 173/694/434 216/1188/433
f 346/1350/688 693/870/687 216/1188/433
f 346/1350/688 216/1188/433 171/692/432
f 114/562/427 285/1280/568 694/871/690
f 114/562/427 694/871/690 345/1349/689
f 285/1280/568 115/566/437 347/1351/691
f 285/1280/568 347/1351/691 694/871/690
f 694/871/690 347/1351/691 174/697/436
f 694/871/690 174/697/436 217/1190/435
f 345/1349/689 694/871/690 217/1190/435
f 345/1349/689 217/1190/435 173/695/434
f 115/565/437 222/1197/440 695/872/692
f 115/565/437 695/872/692 347/1352/691
f 222/1197/440 85/517/445 348/1353/693
f 222/1197/440 348/1353/693 695/872/692
f 695/872/692 348/1353/693 172/693/428
f 695/872/692 172/693/428 218/1191/431
f 347/1352/691 695/872/692 218/1191/431
f 347/1352/691 218/1191/431 174/696/436
f 149/642/199 516/1123/334 696/873/694
f 149/642/199 696/873/694 350/1356/695
f 516/1123/334 148/639/9 349/1354/696
f 516/1123/334 349/1354/696 696/873/694
f 696/873/694 349/1354/696 175/699/641
f 696/873/694 175/699/641 320/1320/638
f 350/1356/695 696/873/694 320/1320/638
f 350/1356/695 320/1320/638 176/701/637
f 148/638/9 319/1318/636 697/874/697
f 148/638/9 697/874/697 349/1355/696
f 319/1318/636 84/515/422 346/1350/688
f 319/1318/636 346/1350/688 697/874/697
f 697/874/697 346/1350/688 171/692/432
f 697/874/697 171/692/432 321/1321/642
f 349/1355/696 697/874/697 321/1321/642
f 349/1355/696 321/1321/642 175/698/641
f 85/517/445 324/1325/644 698/875/698
f 85/517/445 698/875/698 348/1353/693
f 324/1325/644 149/643/199 350/1357/695
f 324/1325/644 350/1357/695 698/875/698
f 698/875/698 350/1357/695 176/700/637
f 698/875/698 176/700/637 322/1322/640
f 348/1353/693 698/875/698 322/1322/640
f 348/1353/693 322/1322/640 172/693/428
