
g default
v 60.471204 -1.087162 79.784006
v 60.371922 -1.087162 79.589154
v 60.217288 -1.094601 79.43452
v 60.022436 -1.151104 79.335238
v 59.806442 -1.249528 79.301028
v 59.590448 -1.344066 79.335238
v 59.395596 -1.384446 79.43452
v 59.240962 -1.395436 79.589155
v 59.14168 -1.431878 79.784006
v 59.10747 -1.438172 80.0
v 59.14168 -1.438172 80.215994
v 59.240962 -1.431878 80.410845
v 59.395597 -1.390741 80.56548
v 59.590448 -1.344066 80.664762
v 59.806442 -1.249528 80.698972
v 60.022436 -1.151104 80.664762
v 60.217287 -1.094601 80.56548
v 60.371922 -1.087162 80.410845
v 60.471204 -1.087162 80.215994
v 60.505414 -1.087162 80.0
v 60.536984 -0.096185 79.762632
v 60.427878 -0.096184 79.5485
v 60.257942 -0.097359 79.378564
v 60.04381 -0.106528 79.269458
v 59.806442 -0.122515 79.231862
v 59.569074 -0.137881 79.269458
v 59.354942 -0.144413 79.378564
v 59.185006 -0.146148 79.548501
v 59.0759 -0.152111 79.762634
v 59.038305 -0.153105 80.0
v 59.0759 -0.153105 80.237367
v 59.185006 -0.152111 80.4515
v 59.354942 -0.145407 80.621436
v 59.569074 -0.137881 80.730542
v 59.806442 -0.122515 80.768137
v 60.043809 -0.106528 80.730542
v 60.257942 -0.097359 80.621436
v 60.427878 -0.096184 80.451499
v 60.536984 -0.096184 80.237367
v 60.574579 -0.096184 80.0
v 59.806442 -1.41691 80.0
v 60.455788 1.226746 79.819595
v 60.358809 1.226748 79.629262
v 60.20776 1.226748 79.478214
v 60.017427 1.226748 79.381234
v 59.806442 1.226748 79.347817
v 59.595457 1.226748 79.381234
v 59.405124 1.226748 79.478215
v 59.254075 1.226748 79.62927
v 59.157096 1.226748 79.819603
v 59.123679 1.226748 80.030581
v 59.157096 1.226748 80.241566
v 59.254075 1.226748 80.431898
v 59.405124 1.226748 80.582947
v 59.595457 1.226748 80.679926
v 59.806442 1.226748 80.713344
v 60.017427 1.226748 80.679929
v 60.20776 1.226748 80.582943
v 60.358808 1.226748 80.431891
v 60.455788 1.226748 80.241565
v 60.489205 1.226748 80.03058
v 60.342629 4.604803 79.997757
v 60.25726 4.604803 79.830213
v 60.124296 4.604803 79.697249
v 59.956752 4.604803 79.61188
v 59.771027 4.604803 79.582465
v 59.585302 4.604803 79.61188
v 59.417758 4.604803 79.69725
v 59.284794 4.604803 79.830221
v 59.199425 4.604803 79.997765
v 59.170009 4.604803 80.183483
v 59.199425 4.604803 80.369207
v 59.284794 4.604803 80.536751
v 59.417758 4.604803 80.669715
v 59.585302 4.604803 80.755084
v 59.771027 4.604803 80.7845
v 59.956751 4.604803 80.755086
v 60.124296 4.604803 80.669711
v 60.25726 4.604803 80.536744
v 60.342628 4.604803 80.369206
v 60.372044 4.604803 80.183482
v 60.061422 9.693684 79.84771
v 59.977365 9.693684 79.682739
v 59.846444 9.693684 79.551819
v 59.681474 9.693684 79.467762
v 59.498603 9.693684 79.438798
v 59.315733 9.693684 79.467762
v 59.150763 9.693684 79.55182
v 59.019842 9.693684 79.682747
v 58.935785 9.693684 79.847717
v 58.906821 9.693684 80.030581
v 58.935785 9.693684 80.213451
v 59.019842 9.693684 80.378421
v 59.150763 9.693684 80.509342
v 59.315733 9.693684 80.593398
v 59.498603 9.693684 80.622363
v 59.681474 9.693684 80.593401
v 59.846444 9.693684 80.509338
v 59.977365 9.693684 80.378414
v 60.061421 9.693684 80.21345
v 60.090385 9.693684 80.03058
v 59.68411 14.450203 79.79987
v 59.592121 14.450201 79.61933
v 59.448844 14.450201 79.476053
v 59.268304 14.450201 79.384064
v 59.068174 14.450201 79.352366
v 58.868044 14.450201 79.384064
v 58.687504 14.450201 79.476054
v 58.544227 14.450201 79.619339
v 58.452237 14.450201 79.799878
v 58.42054 14.450201 80.000001
v 58.452237 14.450201 80.20013
v 58.544227 14.450201 80.380669
v 58.687504 14.450201 80.523947
v 58.868044 14.450201 80.615936
v 59.068174 14.450201 80.647634
v 59.268304 14.450201 80.615939
v 59.448843 14.450201 80.523942
v 59.59212 14.450201 80.380662
v 59.68411 14.450201 80.200129
v 59.715807 14.450201 80.0
v 59.434281 16.696335 79.792529
v 59.338917 16.696335 79.605366
v 59.190384 16.696335 79.456833
v 59.003221 16.696335 79.36147
v 58.79575 16.696335 79.328609
v 58.588279 16.696335 79.361469
v 58.401117 16.696335 79.456835
v 58.252584 16.696335 79.605375
v 58.15722 16.696335 79.792538
v 58.12436 16.696335 80.000001
v 58.15722 16.696335 80.207471
v 58.252584 16.696335 80.394633
v 58.401117 16.696335 80.543166
v 58.588279 16.696335 80.63853
v 58.79575 16.696335 80.671391
v 59.003222 16.696335 80.638533
v 59.190384 16.696335 80.543162
v 59.338916 16.696335 80.394625
v 59.434281 16.696335 80.20747
v 59.467141 16.696335 80.0
v 59.466595 17.234371 79.770522
v 59.391053 17.641647 79.795067
v 59.361116 17.234371 79.563507
v 59.296856 17.641647 79.610195
v 59.196828 17.234371 79.399219
v 59.150141 17.641647 79.463479
v 58.989813 17.234371 79.29374
v 58.965268 17.641647 79.369282
v 58.760335 17.234371 79.257394
v 58.760335 17.641647 79.336823
v 58.530858 17.234371 79.293739
v 58.555403 17.641647 79.36928
v 58.323843 17.234371 79.39922
v 58.37053 17.641647 79.463479
v 58.159555 17.234371 79.563519
v 58.223815 17.641647 79.610207
v 58.054076 17.234371 79.770534
v 58.129617 17.641647 79.795079
v 58.01773 17.234371 80.000002
v 58.097159 17.641647 80.000002
v 58.054075 17.234371 80.229478
v 58.129617 17.641647 80.204933
v 58.159555 17.234371 80.436492
v 58.223814 17.641647 80.389805
v 58.323843 17.234371 80.60078
v 58.37053 17.641647 80.536521
v 58.530857 17.234371 80.70626
v 58.555403 17.641647 80.630718
v 58.760335 17.234371 80.742606
v 58.760335 17.641647 80.66317599999999
v 58.989813 17.234371 80.706262
v 58.965268 17.641647 80.630719
v 59.196828 17.234371 80.600776
v 59.15014 17.641647 80.536518
v 59.361116 17.234371 80.436484
v 59.296856 17.641647 80.389797
v 59.466595 17.234371 80.229474
v 59.391053 17.641647 80.204928
v 59.502941 17.234371 80.0
v 59.423511 17.641647 79.999999
v 59.402665999999996 19.323862 79.811653
v 59.316092 19.323864 79.641742
v 59.18125 19.323864 79.506901
v 59.01134 19.323864 79.420327
v 58.822993 19.323864 79.390495
v 58.634645 19.323864 79.420325
v 58.464735 19.323864 79.5069
v 58.329893 19.323864 79.641753
v 58.24332 19.323864 79.811664
v 58.213489 19.323864 80.000002
v 58.24332 19.323864 80.188347
v 58.329893 19.323864 80.358258
v 58.464735 19.323864 80.493099
v 58.634645 19.323864 80.579673
v 58.822993 19.323864 80.609504
v 59.01134 19.323864 80.579674
v 59.18125 19.323864 80.493097
v 59.316092 19.323864 80.35825
v 59.402665999999996 19.323864 80.188343
v 59.432497 19.323864 79.999999
v 59.827047 24.656563 79.795915
v 59.733239 24.656563 79.611807
v 59.58713 24.656563 79.465698
v 59.403022 24.656563 79.371891
v 59.198937 24.656563 79.339566
v 58.994852 24.656563 79.371889
v 58.810744 24.656563 79.465698
v 58.664636 24.656563 79.611819
v 58.570828 24.656563 79.795927
v 58.538504 24.656563 80.000002
v 58.570828 24.656563 80.204085
v 58.664635 24.656563 80.388193
v 58.810744 24.656563 80.534301
v 58.994852 24.656563 80.628109
v 59.198937 24.656563 80.660433
v 59.403022 24.656563 80.628111
v 59.58713 24.656563 80.534299
v 59.733239 24.656563 80.388185
v 59.827046 24.656563 80.204081
v 59.85937 24.656563 80.0
v 59.899079 25.886551 79.792869
v 59.899079 30.714127 79.792869
v 59.803871 25.886555 79.606013
v 59.803871 30.714128 79.606013
v 59.655581 25.886555 79.457723
v 59.655581 30.714128 79.457723
v 59.468726 25.886555 79.362516
v 59.468726 30.714128 79.362516
v 59.261595 25.886555 79.329709
v 59.261595 30.714128 79.329709
v 59.054464 25.886555 79.362514
v 59.054464 30.714128 79.362514
v 58.867608 25.886555 79.457724
v 58.867608 30.714128 79.457725
v 58.719319 25.886555 79.606024
v 58.719319 30.714128 79.606023
v 58.62411 25.886555 79.792879
v 58.62411 30.714128 79.792877
v 58.591305 25.886555 80.000002
v 58.591305 30.714128 80.000002
v 58.62411 25.886555 80.207133
v 58.62411 30.714128 80.207135
v 58.719318 25.886555 80.393987
v 58.719318 30.714128 80.393987
v 58.867608 25.886555 80.542274
v 58.867608 30.714128 80.542272
v 59.054464 25.886555 80.637484
v 59.054464 30.714128 80.637483
v 59.261595 25.886555 80.670291
v 59.261595 30.714128 80.670291
v 59.468726 25.886555 80.637486
v 59.468726 30.714128 80.637486
v 59.655581 25.886555 80.542273
v 59.655581 30.714128 80.542273
v 59.803871 25.886555 80.393979
v 59.803871 30.714128 80.393979
v 59.899079 25.886555 80.207129
v 59.899079 30.714128 80.207131
v 59.931885 25.886555 80.000002
v 59.931885 30.714128 80.000004
v 60.227019 66.059853 79.716887
v 60.096885 66.059853 79.461484
v 59.355857 66.067513 80.000001
v 59.894197 66.059853 79.258797
v 59.638796 66.059853 79.128663
v 59.355682 66.059853 79.083822
v 59.072567 66.059853 79.128661
v 58.817166 66.059853 79.258799
v 58.614478 66.059853 79.461498
v 58.484344 66.059853 79.716896
v 58.439504 66.059853 80.000003
v 58.484344 66.059853 80.28312
v 58.614478 66.059853 80.538516
v 58.817165 66.059853 80.741198
v 59.072567 66.059853 80.871336
v 59.355682 66.059853 80.916178
v 59.638796 66.059853 80.871339
v 59.894197 66.059853 80.741199
v 60.096885 66.059853 80.538506
v 60.227018 66.059853 80.283115
v 60.271859 66.059853 80.000006
v 59.273202 58.007668 80.713813
v 59.052621 58.007668 80.678876
v 58.853633 58.007668 80.577482
v 58.695714 58.007668 80.419569
v 58.594325 58.007668 80.220585
v 58.559389 58.007668 80.000002
v 58.594325 58.007668 79.779428
v 58.695715 58.007668 79.580442
v 58.853633 58.007668 79.422515
v 59.052621 58.007668 79.321122
v 59.273202 58.007668 79.286186
v 59.493782 58.007668 79.321123
v 59.692771 58.007668 79.422513
v 59.850689 58.007668 79.580431
v 59.952079 58.007668 79.77942
v 59.987015 58.007668 80.000005
v 59.952078 58.007668 80.220581
v 59.850689 58.007668 80.419561
v 59.692771 58.007668 80.577484
v 59.493782 58.007668 80.678878
v 59.6445 65.507782 80.92786100000001
v 59.343021 65.507782 80.975608
v 59.041541 65.507782 80.927858
v 58.769572 65.507782 80.789277
v 58.553736 65.507782 80.573448
v 58.415162 65.507782 80.301486
v 58.367413 65.507782 80.000003
v 58.415162 65.507782 79.698532
v 58.553737 65.507782 79.426566
v 58.769572 65.507782 79.210719
v 59.041541 65.507782 79.07213899999999
v 59.343021 65.507782 79.024391
v 59.6445 65.507782 79.072141
v 59.916469 65.507782 79.210716
v 60.132304 65.507782 79.426552
v 60.27088 65.507782 79.698521
v 60.318629 65.507782 80.000006
v 60.270879 65.507782 80.30148
v 60.132304 65.507782 80.573437
v 59.916469 65.507782 80.789279
v 59.33807 17.076366 79.580251
v 59.421951 17.234373 79.66289
v 59.439504 17.076366 79.779325
v 59.33807 17.392378 79.580251
v 59.351184 17.641645 79.698947
v 59.439504 17.392378 79.779325
v 59.180084 17.076366 79.422265
v 59.285397 17.234373 79.474939
v 59.180084 17.392378 79.422265
v 59.229236 17.641645 79.531099
v 58.98101 17.076366 79.320832
v 59.097445 17.234373 79.338384
v 58.98101 17.392378 79.320832
v 59.061388 17.641645 79.409151
v 58.760335 17.076366 79.28588
v 58.876495 17.234373 79.266593
v 58.760335 17.392378 79.28588
v 58.864071 17.641645 79.345039
v 58.53966 17.076366 79.320831
v 58.644175 17.234373 79.266593
v 58.53966 17.392378 79.32083
v 58.6566 17.641645 79.345038
v 58.340586 17.076366 79.422266
v 58.423225 17.234373 79.338383
v 58.340586 17.392378 79.422265
v 58.459283 17.641645 79.409149
v 58.1826 17.076366 79.580261
v 58.235274 17.234373 79.474945
v 58.1826 17.392378 79.580263
v 58.291435 17.641645 79.531105
v 58.081167 17.076366 79.779335
v 58.09872 17.234373 79.662903
v 58.081167 17.392378 79.779337
v 58.169487 17.641645 79.698961
v 58.046216 17.076366 80.000001
v 58.026929 17.234373 79.883846
v 58.046216 17.392378 80.000002
v 58.105374 17.641645 79.896271
v 58.081167 17.076366 80.220675
v 58.026929 17.234373 80.11616
v 58.081167 17.392378 80.220675
v 58.105374 17.641645 80.103736
v 58.1826 17.076366 80.419749
v 58.098719 17.234373 80.33711
v 58.1826 17.392378 80.419749
v 58.169486 17.641645 80.301052
v 58.340586 17.076366 80.577735
v 58.235274 17.234373 80.525061
v 58.340586 17.392378 80.577735
v 58.291435 17.641645 80.4689
v 58.53966 17.076366 80.679168
v 58.423225 17.234373 80.661615
v 58.53966 17.392378 80.679168
v 58.459283 17.641645 80.590849
v 58.760335 17.076366 80.71412
v 58.644175 17.234373 80.733406
v 58.760335 17.392378 80.71412
v 58.6566 17.641645 80.654961
v 58.98101 17.076366 80.679171
v 58.876495 17.234373 80.733408
v 58.98101 17.392378 80.67917
v 58.864071 17.641645 80.654962
v 59.180084 17.076366 80.577731
v 59.097445 17.234373 80.661615
v 59.180084 17.392378 80.577731
v 59.061388 17.641645 80.590849
v 59.33807 17.076366 80.41974
v 59.285396 17.234373 80.525053
v 59.33807 17.392378 80.41974
v 59.229236 17.641645 80.468894
v 59.439503 17.076366 80.220673
v 59.421951 17.234373 80.337103
v 59.439503 17.392378 80.220671
v 59.351184 17.641645 80.301046
v 59.474455 17.076366 80.0
v 59.493742 17.234373 80.116159
v 59.474455 17.392378 79.999999
v 59.415296 17.641645 80.103734
v 59.493742 17.234373 79.88384
v 59.415296 17.641645 79.896264
v 59.265397 18.073437 79.633051
v 59.366024 19.323862 79.723312
v 59.354071 18.073437 79.807084
v 59.127284 18.073437 79.494939
v 59.253944 19.323862 79.569048
v 58.953252 18.073437 79.406265
v 59.099681 19.323862 79.456969
v 58.760335 18.073437 79.375709
v 58.918333 19.323862 79.398046
v 58.567419 18.073437 79.406263
v 58.727653000000004 19.323862 79.398045
v 58.393387 18.073437 79.494938
v 58.546305 19.323862 79.456967
v 58.255274 18.073437 79.633063
v 58.392041 19.323862 79.569054
v 58.1666 18.073437 79.807095
v 58.279962 19.323862 79.723325
v 58.136045 18.073437 80.000002
v 58.221039 19.323862 79.904666
v 58.1666 18.073437 80.192916
v 58.221039 19.323862 80.09534
v 58.255274 18.073437 80.366948
v 58.279962 19.323862 80.276688
v 58.393387 18.073437 80.505061
v 58.392041 19.323862 80.430951
v 58.567419 18.073437 80.593735
v 58.546305 19.323862 80.543031
v 58.760335 18.073437 80.62429
v 58.727653000000004 19.323862 80.601954
v 58.953252 18.073437 80.593736
v 58.918333 19.323862 80.601955
v 59.127284 18.073437 80.505059
v 59.099681 19.323862 80.54303
v 59.265397 18.073437 80.366941
v 59.253944 19.323862 80.430946
v 59.35407 18.073437 80.192912
v 59.366023 19.323862 80.276681
v 59.384625 18.073437 79.999999
v 59.424947 19.323862 80.095338
v 59.424947 19.323862 79.90466
v 59.521343 22.02903 79.629189
v 59.787343 24.656559 79.700193
v 59.61095 22.02903 79.805053
v 59.381776 22.02903 79.489622
v 59.665898 24.656559 79.533039
v 59.205912 22.02903 79.400015
v 59.498745 24.656559 79.411595
v 59.010965 22.02903 79.369138
v 59.302244 24.656559 79.347748
v 58.816018 22.02903 79.400013
v 59.095631 24.656559 79.347747
v 58.640154 22.02903 79.489622
v 58.89913 24.656559 79.411593
v 58.500587 22.02903 79.6292
v 58.731976 24.656559 79.533045
v 58.41098 22.02903 79.805065
v 58.610532 24.656559 79.700206
v 58.380104 22.02903 80.000002
v 58.546685 24.656559 79.8967
v 58.41098 22.02903 80.194947
v 58.546685 24.656559 80.103307
v 58.500587 22.02903 80.370811
v 58.610532 24.656559 80.299808
v 58.640154 22.02903 80.510378
v 58.731976 24.656559 80.466961
v 58.816018 22.02903 80.599985
v 58.89913 24.656559 80.588405
v 59.010965 22.02903 80.630862
v 59.095631 24.656559 80.652252
v 59.205912 22.02903 80.599986
v 59.302244 24.656559 80.652253
v 59.381776 22.02903 80.510375
v 59.498745 24.656559 80.588405
v 59.521343 22.02903 80.370803
v 59.665898 24.656559 80.466955
v 59.61095 22.02903 80.194943
v 59.787342 24.656559 80.2998
v 59.641827 22.02903 79.999999
v 59.851189 24.656559 80.103305
v 59.85119 24.656559 79.896694
v 59.803871 25.674063 79.606013
v 59.858782 25.886555 79.695718
v 59.899079 25.674063 79.792869
v 59.803871 26.099041 79.606013
v 59.858782 30.714127 79.695718
v 59.899079 26.099041 79.792869
v 59.655581 25.674063 79.457723
v 59.735525 25.886555 79.526069
v 59.655581 26.099041 79.457723
v 59.735525 30.714127 79.526069
v 59.468726 25.674063 79.362516
v 59.565877 25.886555 79.402813
v 59.468726 26.099041 79.362516
v 59.565877 30.714127 79.402813
v 59.261595 25.674063 79.329709
v 59.366443 25.886555 79.338013
v 59.261595 26.099041 79.329709
v 59.366443 30.714127 79.338013
v 59.054463 25.674063 79.362514
v 59.156746 25.886555 79.338012
v 59.054463 26.099041 79.362514
v 59.156746 30.714127 79.338012
v 58.867608 25.674063 79.457724
v 58.957312 25.886555 79.402811
v 58.867608 26.099041 79.457725
v 58.957312 30.714127 79.402812
v 58.719319 25.674063 79.606025
v 58.787664 25.886555 79.526075
v 58.719319 26.099041 79.606023
v 58.787664 30.714127 79.526075
v 58.62411 25.674063 79.79288
v 58.664407 25.886555 79.69573
v 58.62411 26.099041 79.792878
v 58.664407 30.714127 79.695728
v 58.591305 25.674063 80.000002
v 58.599607 25.886555 79.895157
v 58.591305 26.099041 80.000002
v 58.599607 30.714127 79.895156
v 58.62411 25.674063 80.207132
v 58.599607 25.886555 80.10485
v 58.62411 26.099041 80.207134
v 58.599607 30.714127 80.104851
v 58.719318 25.674063 80.393987
v 58.664407 25.886555 80.304283
v 58.719318 26.099041 80.393987
v 58.664407 30.714127 80.304285
v 58.867608 25.674063 80.542275
v 58.787664 25.886555 80.473929
v 58.867608 26.099041 80.542273
v 58.787664 30.714127 80.473928
v 59.054463 25.674063 80.637484
v 58.957312 25.886555 80.597186
v 59.054463 26.099041 80.637483
v 58.957312 30.714127 80.597185
v 59.261595 25.674063 80.670291
v 59.156746 25.886555 80.661987
v 59.261595 26.099041 80.670291
v 59.156746 30.714127 80.661987
v 59.468726 25.674063 80.637486
v 59.366443 25.886555 80.661988
v 59.468726 26.099041 80.637486
v 59.366443 30.714127 80.661988
v 59.655581 25.674063 80.542273
v 59.565877 25.886555 80.597187
v 59.655581 26.099041 80.542273
v 59.565877 30.714127 80.597187
v 59.803871 25.674063 80.393979
v 59.735525 25.886555 80.473924
v 59.803871 26.099041 80.393979
v 59.735525 30.714127 80.473924
v 59.899079 25.674063 80.207128
v 59.858782 25.886555 80.304276
v 59.899079 26.099041 80.20713
v 59.858782 30.714127 80.304278
v 59.931885 25.674063 80.000001
v 59.923582 25.886555 80.104849
v 59.931885 26.099041 80.000003
v 59.923582 30.714127 80.104852
v 59.923582 25.886555 79.895153
v 59.923582 30.714127 79.895154
v 59.803871 44.134396 79.606013
v 59.909166 58.007675 79.67596
v 59.899079 44.134396 79.79287
v 59.655581 44.134396 79.457723
v 59.777905 58.007675 79.495296
v 59.468726 44.134396 79.362516
v 59.597241 58.007675 79.364036
v 59.261595 44.134396 79.329709
v 59.384858 58.007675 79.295029
v 59.054463 44.134396 79.362514
v 59.161546 58.007675 79.295028
v 58.867608 44.134396 79.457725
v 58.949162 58.007675 79.364036
v 58.719319 44.134396 79.606023
v 58.768498 58.007675 79.495303
v 58.62411 44.134396 79.792877
v 58.637239 58.007675 79.675971
v 58.591305 44.134396 80.000002
v 58.568231 58.007675 79.888348
v 58.62411 44.134396 80.207135
v 58.568231 58.007675 80.111659
v 58.719318 44.134396 80.393987
v 58.637237999999996 58.007675 80.324042
v 58.867608 44.134396 80.542272
v 58.768498 58.007675 80.5047
v 59.054463 44.134396 80.637483
v 58.949162 58.007675 80.63596
v 59.261595 44.134396 80.670291
v 59.161546 58.007675 80.704971
v 59.468726 44.134396 80.637486
v 59.384858 58.007675 80.704972
v 59.655581 44.134396 80.542273
v 59.597241 58.007675 80.635963
v 59.803871 44.134396 80.393979
v 59.777905 58.007675 80.504697
v 59.899079 44.134396 80.207131
v 59.909165 58.007675 80.324035
v 59.931885 44.134396 80.000004
v 59.978173 58.007675 80.11166
v 59.978173 58.007675 79.888347
v 59.308024 63.981766 80.844382
v 59.190414 65.50779 80.963523
v 59.047095 63.981766 80.803053
v 58.900138 65.50779 80.869202
v 58.811708 63.981766 80.683113
v 58.653214 65.50779 80.689802
v 58.624904 63.981766 80.496315
v 58.473814 65.50779 80.442887
v 58.504969 63.981766 80.260934
v 58.379498 65.50779 80.152611
v 58.463642 63.981766 80.000002
v 58.379498 65.50779 79.847399
v 58.504969 63.981766 79.739082
v 58.473814 65.50779 79.557132
v 58.624905 63.981766 79.503697
v 58.653214 65.50779 79.310203
v 58.811708 63.981766 79.316883
v 58.900138 65.50779 79.130792
v 59.047095 63.981766 79.196943
v 59.190414 65.50779 79.036475
v 59.308024 63.981766 79.155618
v 59.495627999999996 65.50779 79.036477
v 59.568952 63.981766 79.196945
v 59.785904 65.50779 79.130793
v 59.804338 63.981766 79.316881
v 60.032827 65.50779 79.310194
v 59.991143 63.981766 79.503685
v 60.212228 65.50779 79.557117
v 60.111078 63.981766 79.739073
v 60.306544 65.50779 79.847397
v 60.152405 63.981766 80.000006
v 60.306543 65.50779 80.152612
v 60.111078 63.981766 80.260929
v 60.212227 65.50779 80.442876
v 59.991142 63.981766 80.496305
v 60.032827 65.50779 80.689797
v 59.804338 63.981766 80.683115
v 59.785904 65.50779 80.869206
v 59.568952 63.981766 80.803056
v 59.495627999999996 65.50779 80.963525
v 59.670694 66.03688 80.971132
v 59.355155 66.03688 81.021107
v 59.039615 66.03688 80.971129
v 58.754963000000004 66.03688 80.826086
v 58.529062 66.03688 80.600191
v 58.384025 66.03688 80.315546
v 58.334049 66.03688 80.000003
v 58.384025 66.03688 79.684473
v 58.529063 66.03688 79.399824
v 58.754963000000004 66.03688 79.17391
v 59.039615 66.03688 79.028868
v 59.355155 66.03688 78.978893
v 59.670694 66.03688 79.02887
v 59.955346 66.03688 79.173908
v 60.181247 66.03688 79.399809
v 60.326285 66.03688 79.684462
v 60.376261 66.03688 80.000007
v 60.326284 66.03688 80.31554
v 60.181247 66.03688 80.60018
v 59.955346 66.03688 80.826088
v 60.418353 -1.028631 79.688216
v 60.437858 -0.643344 79.54125
v 60.490805 -0.096184 79.6513
v 60.548716 -0.643344 79.758821
v 60.292057 -1.028631 79.514385
v 60.265192 -0.648042 79.368584
v 60.349556 -0.096184 79.456886
v 60.118226 -1.054942 79.388089
v 60.047621 -0.684718 79.257726
v 60.155142 -0.100883 79.315637
v 59.913875 -1.128773 79.321692
v 59.806442 -0.748666 79.219527
v 59.926596 -0.114067 79.241378
v 59.699008 -1.222971 79.321692
v 59.565263 -0.810129 79.257726
v 59.686288 -0.130888 79.241378
v 59.494658 -1.286255 79.388089
v 59.347692 -0.836257 79.368584
v 59.457742 -0.142189 79.315637
v 59.320827 -1.302861 79.514385
v 59.175026 -0.843198 79.54125
v 59.263328 -0.145154 79.456887
v 59.194531 -1.325124 79.688216
v 59.064168 -0.867051 79.758821
v 59.122079 -0.14913 79.651301
v 59.128134 -1.347387 79.892567
v 59.025969 -0.871026 80.0
v 59.04782 -0.153105 79.879847
v 59.128134 -1.347387 80.107433
v 59.064168 -0.871026 80.241179
v 59.04782 -0.153105 80.120154
v 59.194531 -1.347387 80.311784
v 59.175026 -0.867051 80.45875
v 59.122079 -0.153105 80.3487
v 59.320827 -1.325124 80.485615
v 59.347692 -0.840232 80.631416
v 59.263328 -0.14913 80.543113
v 59.494658 -1.286255 80.611911
v 59.565263 -0.810129 80.742274
v 59.457742 -0.142189 80.684363
v 59.699009 -1.222971 80.678308
v 59.806442 -0.748666 80.780473
v 59.686288 -0.130888 80.758622
v 59.913875 -1.128773 80.678308
v 60.047621 -0.684718 80.742273
v 59.926596 -0.114067 80.758622
v 60.118226 -1.054942 80.61191
v 60.265192 -0.648042 80.631415
v 60.155142 -0.100883 80.684363
v 60.292057 -1.028631 80.485615
v 60.437857 -0.643344 80.45875
v 60.349555 -0.096184 80.543112
v 60.418352 -1.028631 80.311784
v 60.548715 -0.643344 80.241179
v 60.490805 -0.096184 80.3487
v 60.48475 -1.028631 80.107433
v 60.586914 -0.643344 80.0
v 60.565064 -0.096184 80.120154
v 60.48475 -1.028631 79.892567
v 60.565064 -0.096184 79.879846
v 60.288382 -1.278228 79.843408
v 60.216405 -1.278228 79.702145
v 60.104297 -1.290005 79.590037
v 59.963034 -1.337085 79.51806
v 59.806442 -1.416372 79.493258
v 59.64985 -1.490865 79.51806
v 59.508587 -1.528049 79.590037
v 59.396479 -1.545447 79.702145
v 59.324502 -1.567286 79.843408
v 59.2997 -1.577251 80.0
v 59.324502 -1.577251 80.156592
v 59.396479 -1.567286 80.297855
v 59.508587 -1.538014 80.409963
v 59.64985 -1.490865 80.48194
v 59.806442 -1.416372 80.506742
v 59.963034 -1.337085 80.48194
v 60.104297 -1.290005 80.409963
v 60.216405 -1.278228 80.297855
v 60.288382 -1.278228 80.156592
v 60.313184 -1.278228 80.0
v 60.157398 66.05648 79.591466
v 59.893602 66.067505 79.609306
v 59.988014 66.067505 79.794601
v 59.991911 66.05648 79.363693
v 59.746552 66.067505 79.462255
v 59.764138 66.05648 79.198206
v 59.561257 66.067505 79.367843
v 59.496376 66.05648 79.111205
v 59.355857 66.067505 79.335311
v 59.214833 66.05648 79.111204
v 59.150457 66.067505 79.367842
v 58.94707 66.05648 79.198205
v 58.965163 66.067505 79.462258
v 58.719297 66.05648 79.363701
v 58.818112 66.067505 79.609314
v 58.553811 66.05648 79.591479
v 58.7237 66.067505 79.794607
v 58.466809 66.05648 79.859235
v 58.691168 66.067505 80.000004
v 58.466809 66.05648 80.140775
v 58.7237 66.067505 80.205404
v 58.55381 66.05648 80.408538
v 58.818112 66.067505 80.390695
v 58.719297 66.05648 80.636303
v 58.965162 66.067505 80.537742
v 58.94707 66.05648 80.80179
v 59.150457 66.067505 80.632156
v 59.214833 66.05648 80.888795
v 59.355857 66.067505 80.66469
v 59.496376 66.05648 80.888797
v 59.561257 66.067505 80.632158
v 59.764138 66.05648 80.801794
v 59.746552 66.067505 80.537742
v 59.991911 66.05648 80.636299
v 59.893602 66.067505 80.390689
v 60.157398 66.05648 80.408529
v 59.988014 66.067505 80.2054
v 60.244399 66.05648 80.140776
v 60.020546 66.067505 80.000004
v 60.244399 66.05648 79.859233
v 60.39794 0.420374 79.570251
v 60.414741 1.226747 79.720636
v 60.50179 0.420373 79.774068
v 60.23619 0.420375 79.408502
v 60.289191 1.226748 79.547831
v 60.032374 0.420375 79.304652
v 60.116386 1.226748 79.422281
v 59.806442 0.420375 79.268868
v 59.913241 1.226748 79.356275
v 59.58051 0.420375 79.304652
v 59.699643 1.226748 79.356275
v 59.376693 0.420375 79.408503
v 59.496498 1.226748 79.422281
v 59.214944 0.420375 79.570256
v 59.323693 1.226748 79.547835
v 59.111094 0.420375 79.774072
v 59.198143 1.226748 79.720645
v 59.07531 0.420375 80.000001
v 59.132137 1.226748 79.923785
v 59.111094 0.420375 80.225932
v 59.132137 1.226748 80.13738
v 59.214944 0.420375 80.429748
v 59.198143 1.226748 80.340524
v 59.376694 0.420375 80.591498
v 59.323693 1.226748 80.513329
v 59.58051 0.420375 80.695347
v 59.496498 1.226748 80.63888
v 59.806442 0.420375 80.731132
v 59.699643 1.226748 80.704885
v 60.032374 0.420375 80.695349
v 59.913241 1.226748 80.704887
v 60.23619 0.420375 80.591496
v 60.116386 1.226748 80.63888
v 60.39794 0.420375 80.429744
v 60.289191 1.226748 80.513323
v 60.501789 0.420375 80.225931
v 60.414741 1.226748 80.34052
v 60.537573 0.420374 80.0
v 60.480747 1.226748 80.13738
v 60.480747 1.226747 79.923781
v 60.32125 2.643352 79.748291
v 60.306496 4.604804 79.910647
v 60.411635 2.64335 79.925682
v 60.180472 2.643352 79.607513
v 60.195978 4.604804 79.758531
v 60.003081 2.643352 79.517128
v 60.043862 4.604804 79.648013
v 59.806442 2.643352 79.485983
v 59.86504 4.604804 79.58991
v 59.609803 2.643352 79.517128
v 59.677014 4.604804 79.58991
v 59.432412 2.643352 79.607514
v 59.498192 4.604804 79.648013
v 59.291634 2.643352 79.748299
v 59.346076 4.604804 79.758536
v 59.201249 2.643352 79.92569
v 59.235558 4.604804 79.910656
v 59.170104 2.643352 80.122323
v 59.177455 4.604804 80.089474
v 59.201249 2.643352 80.318961
v 59.177455 4.604804 80.277495
v 59.291634 2.643352 80.496351
v 59.235557 4.604804 80.456317
v 59.432412 2.643352 80.63713
v 59.346076 4.604804 80.608433
v 59.609803 2.643352 80.727515
v 59.498192 4.604804 80.718951
v 59.806442 2.643352 80.75866
v 59.677014 4.604804 80.777054
v 60.003081 2.643352 80.727517
v 59.865039 4.604804 80.777057
v 60.180472 2.643352 80.637125
v 60.043862 4.604804 80.718951
v 60.32125 2.643352 80.496344
v 60.195978 4.604804 80.608426
v 60.411635 2.643352 80.318959
v 60.306496 4.604804 80.456313
v 60.44278 2.643352 80.122321
v 60.364599 4.604804 80.277495
v 60.364599 4.604804 80.089469
v 60.138834 7.045722 79.777902
v 60.025845 9.693683 79.761937
v 60.222064 7.045722 79.941249
v 60.009201 7.045722 79.648269
v 59.917024 9.693683 79.612159
v 59.845854 7.045722 79.565039
v 59.767246 9.693683 79.503339
v 59.664782 7.045722 79.53636
v 59.591171 9.693683 79.446129
v 59.48371 7.045722 79.565039
v 59.406035 9.693683 79.446129
v 59.320362 7.045722 79.64827
v 59.22996 9.693683 79.503339
v 59.190729 7.045722 79.777909
v 59.080182 9.693683 79.612164
v 59.1075 7.045722 79.941257
v 58.971362 9.693683 79.761946
v 59.078821 7.045722 80.122322
v 58.914152 9.693683 79.938017
v 59.107499 7.045722 80.303393
v 58.914152 9.693683 80.123148
v 59.190729 7.045722 80.466741
v 58.971362 9.693683 80.299223
v 59.320362 7.045722 80.596374
v 59.080182 9.693683 80.449001
v 59.48371 7.045722 80.679604
v 59.22996 9.693683 80.557821
v 59.664782 7.045722 80.708283
v 59.406035 9.693683 80.615032
v 59.845854 7.045722 80.679606
v 59.591171 9.693683 80.615034
v 60.009201 7.045722 80.59637
v 59.767246 9.693683 80.557821
v 60.138834 7.045722 80.466734
v 59.917024 9.693683 80.448995
v 60.222064 7.045722 80.303392
v 60.025844 9.693683 80.299219
v 60.250743 7.045722 80.122321
v 60.083055 9.693683 80.123148
v 60.083055 9.693683 79.938012
v 59.784245 12.276262 79.636107
v 59.645176 14.450203 79.706003
v 59.872181 12.276262 79.80869
v 59.647282 12.276262 79.499144
v 59.526085 14.450203 79.542089
v 59.474699 12.276262 79.411208
v 59.362171000000004 14.450203 79.422998
v 59.283389 12.276262 79.380908
v 59.169478 14.450203 79.360389
v 59.092078 12.276262 79.411208
v 58.966869 14.450203 79.360389
v 58.919495 12.276262 79.499145
v 58.774177 14.450203 79.422998
v 58.782532 12.276262 79.636114
v 58.610263 14.450203 79.542094
v 58.694597 12.276262 79.808698
v 58.491172 14.450203 79.706012
v 58.664296 12.276262 80.000001
v 58.428563 14.450203 79.8987
v 58.694597 12.276262 80.19131
v 58.428563 14.450203 80.101304
v 58.782532 12.276262 80.363893
v 58.491172 14.450203 80.293997
v 58.919495 12.276262 80.500856
v 58.610263 14.450203 80.457911
v 59.092078 12.276262 80.588792
v 58.774177 14.450203 80.577002
v 59.283389 12.276262 80.619093
v 58.966869 14.450203 80.639611
v 59.474699 12.276262 80.58879400000001
v 59.169478 14.450203 80.639613
v 59.647282 12.276262 80.500852
v 59.362171000000004 14.450203 80.577001
v 59.784245 12.276262 80.363886
v 59.526085 14.450203 80.457904
v 59.87218 12.276262 80.191309
v 59.645175 14.450203 80.293992
v 59.902481 12.276262 80.0
v 59.707785 14.450203 80.101304
v 59.707785 14.450203 79.898696
v 59.433639 15.872253 79.613738
v 59.393918 16.696335 79.695218
v 59.52698 15.872253 79.79693
v 59.288257 15.872253 79.468356
v 59.270459 16.696335 79.525291
v 59.105065 15.872253 79.375015
v 59.100532 16.696335 79.401832
v 58.901996 15.872253 79.342852
v 58.900771 16.696335 79.336926
v 58.698926 15.872253 79.375015
v 58.69073 16.696335 79.336926
v 58.515734 15.872253 79.468358
v 58.490969 16.696335 79.401832
v 58.370352 15.872253 79.613747
v 58.321042 16.696335 79.525297
v 58.277011 15.872253 79.796939
v 58.197583 16.696335 79.695229
v 58.244848 15.872253 80.000001
v 58.132677 16.696335 79.894984
v 58.277011 15.872253 80.20307
v 58.132677 16.696335 80.10502
v 58.370352 15.872253 80.386261
v 58.197583 16.696335 80.304781
v 58.515734 15.872253 80.531643
v 58.321042 16.696335 80.474708
v 58.698926 15.872253 80.624984
v 58.490969 16.696335 80.598167
v 58.901996 15.872253 80.657148
v 58.69073 16.696335 80.663074
v 59.105065 15.872253 80.624987
v 58.900771 16.696335 80.663076
v 59.288257 15.872253 80.531639
v 59.100532 16.696335 80.598167
v 59.433639 15.872253 80.386254
v 59.270459 16.696335 80.474701
v 59.52698 15.872253 80.203068
v 59.393918 16.696335 80.304776
v 59.559143 15.872253 80.0
v 59.458824 16.696335 80.10502
v 59.458824 16.696335 79.894979
v 60.501795 -0.643344 79.6457
v 60.358277 -0.643344 79.448165
v 60.160742 -0.662137 79.304647
v 59.928525 -0.714873 79.229195
v 59.684358 -0.782158 79.229195
v 59.452142 -0.827361 79.304647
v 59.254607 -0.839222 79.448165
v 59.111089 -0.855124 79.6457
v 59.035637 -0.871026 79.877917
v 59.035637 -0.871026 80.122083
v 59.111089 -0.871026 80.3543
v 59.254607 -0.855124 80.551835
v 59.452142 -0.827361 80.695353
v 59.684358 -0.782158 80.770805
v 59.928525 -0.714873 80.770804
v 60.160742 -0.662137 80.695353
v 60.358277 -0.643344 80.551835
v 60.501795 -0.643344 80.3543
v 60.577246 -0.643344 80.122083
v 60.577247 -0.643344 79.877917
v 60.270011 -1.276119 79.7638
v 60.174332 -1.276119 79.63211
v 60.042642 -1.301176 79.536431
v 59.887831 -1.371491 79.48613
v 59.725053 -1.461204 79.48613
v 59.570242 -1.521475 79.536431
v 59.438552 -1.53729 79.63211
v 59.342873 -1.558493 79.7638
v 59.292572 -1.579695 79.918611
v 59.292572 -1.579695 80.081389
v 59.342873 -1.579695 80.2362
v 59.438552 -1.558493 80.36789
v 59.570242 -1.521475 80.463569
v 59.725053 -1.461204 80.51387
v 59.887831 -1.371491 80.51387
v 60.042642 -1.301176 80.463569
v 60.174332 -1.276119 80.36789
v 60.27001 -1.276119 80.2362
v 60.320312 -1.276119 80.081389
v 60.320312 -1.276119 79.918611
v 59.963917 66.067505 79.690179
v 59.838416 66.067505 79.517442
v 59.665679 66.067505 79.391941
v 59.462615 66.067505 79.325961
v 59.2491 66.067505 79.32596
v 59.046035 66.067505 79.39194
v 58.873299 66.067505 79.517448
v 58.747798 66.067505 79.690189
v 58.681818 66.067505 79.893248
v 58.681818 66.067505 80.106761
v 58.747797 66.067505 80.309825
v 58.873298 66.067505 80.482556
v 59.046035 66.067505 80.608057
v 59.2491 66.067505 80.674039
v 59.462615 66.067505 80.674041
v 59.665679 66.067505 80.60806
v 59.838416 66.067505 80.482553
v 59.963916 66.067505 80.309818
v 60.029896 66.067505 80.106761
v 60.029896 66.067505 79.893246
v 60.457835 0.420374 79.668099
v 60.323391 0.420375 79.483051
v 60.138343 0.420375 79.348607
v 59.920807 0.420375 79.277925
v 59.692077 0.420375 79.277925
v 59.474541 0.420375 79.348607
v 59.289494 0.420375 79.483054
v 59.155049 0.420375 79.668104
v 59.084367 0.420375 79.885637
v 59.084367 0.420375 80.114365
v 59.155049 0.420375 80.331901
v 59.289493 0.420375 80.516948
v 59.474541 0.420375 80.651393
v 59.692077 0.420375 80.722075
v 59.920807 0.420375 80.722076
v 60.138343 0.420375 80.651393
v 60.32339 0.420375 80.516945
v 60.457835 0.420375 80.331899
v 60.528517 0.420375 80.114365
v 60.528517 0.420374 79.885635
v 60.37338 2.643351 79.833452
v 60.256366 2.643352 79.672397
v 60.095311 2.643352 79.555384
v 59.90598 2.643352 79.493866
v 59.706904 2.643352 79.493866
v 59.517573 2.643352 79.555384
v 59.356518 2.643352 79.672402
v 59.239504 2.643352 79.833461
v 59.177987 2.643352 80.022789
v 59.177987 2.643352 80.221859
v 59.239504 2.643352 80.411191
v 59.356518 2.643352 80.572246
v 59.517573 2.643352 80.689259
v 59.706904 2.643352 80.750777
v 59.905979 2.643352 80.750779
v 60.095311 2.643352 80.689259
v 60.256366 2.643352 80.572239
v 60.37338 2.643352 80.411186
v 60.434897 2.643352 80.221859
v 60.434897 2.643351 80.022784
v 60.186837 7.045722 79.856321
v 60.079087 7.045722 79.708016
v 59.930782 7.045722 79.600266
v 59.756439 7.045722 79.543619
v 59.573124 7.045722 79.543619
v 59.398781 7.045722 79.600266
v 59.250476 7.045722 79.70802
v 59.142727 7.045722 79.85633
v 59.086079 7.045722 80.030668
v 59.086079 7.045722 80.213979
v 59.142727 7.045722 80.388322
v 59.250476 7.045722 80.536627
v 59.398781 7.045722 80.644377
v 59.573124 7.045722 80.701024
v 59.756439 7.045722 80.701026
v 59.930782 7.045722 80.644377
v 60.079087 7.045722 80.53662
v 60.186837 7.045722 80.388318
v 60.243484 7.045722 80.213979
v 60.243484 7.045722 80.030664
v 59.834962 12.276262 79.718959
v 59.72112 12.276262 79.562269
v 59.564429 12.276262 79.448427
v 59.380229 12.276262 79.388577
v 59.186549 12.276262 79.388577
v 59.002348 12.276262 79.448427
v 58.845658 12.276262 79.562274
v 58.731816 12.276262 79.718969
v 58.671965 12.276262 79.903165
v 58.671965 12.276262 80.09684
v 58.731816 12.276262 80.28104
v 58.845658 12.276262 80.437731
v 59.002348 12.276262 80.551573
v 59.186549 12.276262 80.611423
v 59.380229 12.276262 80.611426
v 59.564429 12.276262 80.551573
v 59.721119 12.276262 80.437724
v 59.834961 12.276262 80.281036
v 59.894812 12.276262 80.09684
v 59.894812 12.276262 79.90316
v 59.487474 15.872255 79.701684
v 59.366633 15.872255 79.535362
v 59.200311 15.872255 79.414522
v 59.004788 15.872255 79.350993
v 58.799203 15.872255 79.350993
v 58.60368 15.872255 79.414522
v 58.437358 15.872255 79.535367
v 58.316518 15.872255 79.701694
v 58.252988 15.872255 79.897212
v 58.252988 15.872255 80.102793
v 58.316518 15.872255 80.298316
v 58.437358 15.872255 80.464638
v 58.60368 15.872255 80.585478
v 58.799203 15.872255 80.649007
v 59.004788 15.872255 80.649009
v 59.200311 15.872255 80.585478
v 59.366633 15.872255 80.46463
v 59.487473 15.872255 80.298311
v 59.551003 15.872255 80.102793
v 59.551003 15.872255 79.897207
v 59.396572 17.076368 79.675821
v 59.396572 17.39238 79.675821
v 59.265255 17.076368 79.49508
v 59.265255 17.39238 79.49508
v 59.084514 17.076368 79.363764
v 59.084514 17.39238 79.363764
v 58.87204 17.076368 79.294726
v 58.87204 17.39238 79.294726
v 58.648631 17.076368 79.294726
v 58.648631 17.39238 79.294726
v 58.436157 17.076368 79.363763
v 58.436157 17.39238 79.363762
v 58.255415 17.076368 79.495085
v 58.255415 17.39238 79.495086
v 58.124099 17.076368 79.675833
v 58.124099 17.39238 79.675835
v 58.055062 17.076368 79.888301
v 58.055062 17.39238 79.888303
v 58.055062 17.076368 80.111704
v 58.055062 17.39238 80.111704
v 58.124099 17.076368 80.324178
v 58.124099 17.39238 80.324178
v 58.255415 17.076368 80.50492
v 58.255415 17.39238 80.50492
v 58.436157 17.076368 80.636236
v 58.436157 17.39238 80.636236
v 58.648631 17.076368 80.705273
v 58.648631 17.39238 80.705273
v 58.87204 17.076368 80.705275
v 58.87204 17.39238 80.705275
v 59.084514 17.076368 80.636236
v 59.084514 17.39238 80.636236
v 59.265255 17.076368 80.504912
v 59.265255 17.39238 80.504913
v 59.396571 17.076368 80.324173
v 59.396571 17.39238 80.324172
v 59.465609 17.076368 80.111704
v 59.465609 17.39238 80.111703
v 59.465609 17.076368 79.888296
v 59.465609 17.39238 79.888296
v 59.316539 18.073437 79.7166
v 59.201741 18.073437 79.558594
v 59.043735 18.073437 79.443796
v 58.857988 18.073437 79.383443
v 58.662682 18.073437 79.383442
v 58.476935 18.073437 79.443794
v 58.318929 18.073437 79.5586
v 58.204131 18.073437 79.716613
v 58.143779 18.073437 79.902354
v 58.143779 18.073437 80.097653
v 58.204131 18.073437 80.2834
v 58.318929 18.073437 80.441406
v 58.476935 18.073437 80.556204
v 58.662682 18.073437 80.616557
v 58.857988 18.073437 80.616558
v 59.043735 18.073437 80.556204
v 59.201741 18.073437 80.4414
v 59.316539 18.073437 80.283393
v 59.376892 18.073437 80.097651
v 59.376892 18.073437 79.902347
v 59.573024 22.029034 79.713617
v 59.457017 22.029034 79.553948
v 59.297348 22.029034 79.437941
v 59.109646 22.029034 79.376953
v 58.912284 22.029034 79.376952
v 58.724582 22.029034 79.437939
v 58.564913 22.029034 79.553953
v 58.448906 22.029034 79.71363
v 58.387918 22.029034 79.901326
v 58.387918 22.029034 80.098681
v 58.448906 22.029034 80.286383
v 58.564912 22.029034 80.446052
v 58.724582 22.029034 80.562059
v 58.912284 22.029034 80.623047
v 59.109646 22.029034 80.623048
v 59.297348 22.029034 80.562059
v 59.457017 22.029034 80.446046
v 59.573023 22.029034 80.286376
v 59.634012 22.029034 80.098679
v 59.634012 22.029034 79.901319
v 59.858782 25.674065 79.695718
v 59.858782 26.099041 79.695718
v 59.735525 25.674065 79.526069
v 59.735525 26.099041 79.526069
v 59.565877 25.674065 79.402812
v 59.565877 26.099041 79.402812
v 59.366443 25.674065 79.338013
v 59.366443 26.099041 79.338013
v 59.156746 25.674065 79.338012
v 59.156746 26.099041 79.338012
v 58.957312 25.674065 79.402811
v 58.957312 26.099041 79.402811
v 58.787664 25.674065 79.526075
v 58.787664 26.099041 79.526075
v 58.664407 25.674065 79.695731
v 58.664407 26.099041 79.695729
v 58.599607 25.674065 79.895158
v 58.599607 26.099041 79.895157
v 58.599607 25.674065 80.104849
v 58.599607 26.099041 80.104851
v 58.664407 25.674065 80.304283
v 58.664407 26.099041 80.304284
v 58.787664 25.674065 80.47393
v 58.787664 26.099041 80.473928
v 58.957312 25.674065 80.597187
v 58.957312 26.099041 80.597185
v 59.156746 25.674065 80.661987
v 59.156746 26.099041 80.661987
v 59.366443 25.674065 80.661988
v 59.366443 26.099041 80.661988
v 59.565877 25.674065 80.597187
v 59.565877 26.099041 80.597187
v 59.735525 25.674065 80.473924
v 59.735525 26.099041 80.473924
v 59.858782 25.674065 80.304276
v 59.858782 26.099041 80.304277
v 59.923582 25.674065 80.104848
v 59.923582 26.099041 80.10485
v 59.923582 25.674065 79.895152
v 59.923582 26.099041 79.895154
v 59.858782 44.134399 79.695718
v 59.735525 44.134399 79.526069
v 59.565877 44.134399 79.402812
v 59.366443 44.134399 79.338013
v 59.156746 44.134399 79.338012
v 58.957312 44.134399 79.402812
v 58.787664 44.134399 79.526075
v 58.664407 44.134399 79.695728
v 58.599607 44.134399 79.895156
v 58.599607 44.134399 80.104851
v 58.664407 44.134399 80.304285
v 58.787664 44.134399 80.473928
v 58.957312 44.134399 80.597184
v 59.156746 44.134399 80.661987
v 59.366443 44.134399 80.661988
v 59.565877 44.134399 80.597187
v 59.735525 44.134399 80.473924
v 59.858782 44.134399 80.304278
v 59.923582 44.134399 80.104852
v 59.923582 44.134399 79.895154
v 59.175943 63.981754 80.833922
v 58.924712 63.981754 80.752288
v 58.711001 63.981754 80.597018
v 58.555731 63.981754 80.383315
v 58.474102 63.981754 80.132084
v 58.474102 63.981754 79.867925
v 58.555732 63.981754 79.616701
v 58.711001 63.981754 79.402986
v 58.924712 63.981754 79.247707
v 59.175943 63.981754 79.166077
v 59.440104 63.981754 79.166078
v 59.691335 63.981754 79.247708
v 59.905046 63.981754 79.402978
v 60.060315 63.981754 79.616688
v 60.141945 63.981754 79.867923
v 60.141945 63.981754 80.132085
v 60.060315 63.981754 80.383306
v 59.905045 63.981754 80.597014
v 59.691335 63.981754 80.752292
v 59.440104 63.981754 80.833923
v 59.514879 66.03688 81.008459
v 59.195431 66.03688 81.00845699999999
v 58.891618 66.03688 80.909738
v 58.633178 66.03688 80.721971
v 58.445412 66.03688 80.463541
v 58.346697 66.03688 80.159728
v 58.346697 66.03688 79.840283
v 58.445412 66.03688 79.536478
v 58.633179 66.03688 79.278033
v 58.891618 66.03688 79.090256
v 59.195431 66.03688 78.991541
v 59.514879 66.03688 78.99154300000001
v 59.818692 66.03688 79.090257
v 60.07713 66.03688 79.278024
v 60.264897 66.03688 79.536463
v 60.363612 66.03688 79.84028
v 60.363612 66.03688 80.159729
v 60.264897 66.03688 80.46353
v 60.07713 66.03688 80.721966
v 59.818692 66.03688 80.909742
vt 0.120252 0.001992
vt 0.194355 0.010021
vt 0.123491 0.001992
vt 0.192704 0.006782
vt 0.126062 0.001992
vt 0.190133 0.004211
vt 0.060479 0.991312
vt 0.057240 0.992417
vt 0.186894 0.002561
vt 0.053649 0.994414
vt 0.183304 0.001992
vt 0.050058 0.996375
vt 0.179713 0.002561
vt 0.046819 0.997073
vt 0.176474 0.004211
vt 0.003319 0.002927
vt 0.005890 0.002927
vt 0.173903 0.006782
vt 0.009129 0.001992
vt 0.172252 0.010021
vt 0.012720 0.001992
vt 0.171684 0.013612
vt 0.016310 0.001992
vt 0.172252 0.017203
vt 0.019550 0.001992
vt 0.173903 0.020442
vt 0.022120 0.002927
vt 0.176474 0.023012
vt 0.083226 0.001992
vt 0.086465 0.002690
vt 0.179713 0.024663
vt 0.090056 0.004651
vt 0.183304 0.025232
vt 0.093647 0.006648
vt 0.186894 0.024663
vt 0.096886 0.007753
vt 0.190133 0.023012
vt 0.107261 0.001992
vt 0.109832 0.001992
vt 0.192704 0.020442
vt 0.113071 0.001992
vt 0.194355 0.017203
vt 0.116661 0.001992
vt 0.194923 0.013612
vt 0.120152 0.018310
vt 0.123301 0.018310
vt 0.126062 0.018535
vt 0.060479 0.974769
vt 0.057140 0.975146
vt 0.053649 0.975381
vt 0.050158 0.975607
vt 0.046819 0.974769
vt 0.003319 0.025232
vt 0.006080 0.024272
vt 0.009229 0.024184
vt 0.012720 0.024170
vt 0.016210 0.024170
vt 0.019359 0.024184
vt 0.022120 0.025232
vt 0.083226 0.024296
vt 0.086565 0.023458
vt 0.090056 0.023684
vt 0.093547 0.023919
vt 0.096886 0.024296
vt 0.107261 0.018535
vt 0.110022 0.018310
vt 0.113171 0.018310
vt 0.116661 0.018310
vt 0.183304 0.013612
vt 0.119314 0.037765
vt 0.122113 0.037765
vt 0.124873 0.033278
vt 0.059615 0.960025
vt 0.056752 0.955539
vt 0.053649 0.955539
vt 0.050546 0.955539
vt 0.047683 0.960025
vt 0.004508 0.039975
vt 0.007268 0.044462
vt 0.010067 0.044462
vt 0.013169 0.044462
vt 0.016272 0.044462
vt 0.019071 0.044462
vt 0.020932 0.039975
vt 0.084089 0.039039
vt 0.086953 0.043526
vt 0.090056 0.043526
vt 0.093159 0.043526
vt 0.096022 0.039039
vt 0.108450 0.033278
vt 0.110310 0.037765
vt 0.113109 0.037765
vt 0.116212 0.037765
vt 0.116694 0.087443
vt 0.119158 0.087443
vt 0.120181 0.083917
vt 0.058820 0.909386
vt 0.055859 0.905861
vt 0.053128 0.905861
vt 0.050397 0.905861
vt 0.048478 0.909386
vt 0.009200 0.090614
vt 0.010223 0.094139
vt 0.012687 0.094139
vt 0.015418 0.094139
vt 0.018149 0.094139
vt 0.020613 0.094139
vt 0.023435 0.090614
vt 0.084885 0.089678
vt 0.086804 0.093204
vt 0.089535 0.093204
vt 0.092266 0.093204
vt 0.095227 0.089678
vt 0.105947 0.083917
vt 0.108768 0.087443
vt 0.111232 0.087443
vt 0.113963 0.087443
vt 0.118901 0.162280
vt 0.121327 0.162280
vt 0.123660 0.162760
vt 0.054567 0.830543
vt 0.051811 0.831024
vt 0.049122 0.831024
vt 0.046433 0.831024
vt 0.044398 0.830543
vt 0.005721 0.169457
vt 0.008054 0.168976
vt 0.010480 0.168976
vt 0.013169 0.168976
vt 0.015859 0.168976
vt 0.018285 0.168976
vt 0.019718 0.169457
vt 0.080805 0.168522
vt 0.082839 0.168041
vt 0.085529 0.168041
vt 0.088218 0.168041
vt 0.090974 0.168522
vt 0.109663 0.162760
vt 0.111097 0.162280
vt 0.113522 0.162280
vt 0.116212 0.162280
vt 0.119605 0.232229
vt 0.122260 0.232229
vt 0.124577 0.237757
vt 0.048182 0.755546
vt 0.045735 0.761075
vt 0.042792 0.761075
vt 0.039849 0.761075
vt 0.036681 0.755546
vt 0.004805 0.244454
vt 0.007122 0.238925
vt 0.009777 0.238925
vt 0.012720 0.238925
vt 0.015663 0.238925
vt 0.018318 0.238925
vt 0.020635 0.244454
vt 0.073088 0.243519
vt 0.076256 0.237990
vt 0.079199 0.237990
vt 0.082142 0.237990
vt 0.084589 0.243519
vt 0.108746 0.237757
vt 0.111063 0.232229
vt 0.113718 0.232229
vt 0.116661 0.232229
vt 0.119713 0.265260
vt 0.122465 0.265260
vt 0.124577 0.268525
vt 0.044016 0.724778
vt 0.041837 0.728043
vt 0.038786 0.728043
vt 0.035735 0.728043
vt 0.032514 0.724778
vt 0.004805 0.275222
vt 0.006916 0.271957
vt 0.009669 0.271957
vt 0.012720 0.271957
vt 0.015771 0.271957
vt 0.018523 0.271957
vt 0.020635 0.275222
vt 0.068921 0.274287
vt 0.072142 0.271022
vt 0.075193 0.271022
vt 0.078244 0.271022
vt 0.080422 0.274287
vt 0.108746 0.268525
vt 0.110858 0.265260
vt 0.113610 0.265260
vt 0.116661 0.265260
vt 0.120036 0.273173
vt 0.119675 0.279162
vt 0.123080 0.273173
vt 0.122394 0.279162
vt 0.125949 0.273173
vt 0.045013 0.720131
vt 0.124577 0.277820
vt 0.044016 0.715484
vt 0.041640 0.720131
vt 0.041279 0.714141
vt 0.038265 0.720131
vt 0.038265 0.714141
vt 0.034890 0.720131
vt 0.035251 0.714141
vt 0.031517 0.720131
vt 0.003432 0.279869
vt 0.032514 0.715484
vt 0.004805 0.284517
vt 0.006301 0.279869
vt 0.006987 0.285859
vt 0.009345 0.279869
vt 0.009706 0.285859
vt 0.012720 0.279869
vt 0.012720 0.285859
vt 0.016094 0.279869
vt 0.015733 0.285859
vt 0.019139 0.279869
vt 0.018452 0.285859
vt 0.022007 0.279869
vt 0.067924 0.278934
vt 0.020635 0.284517
vt 0.068921 0.283581
vt 0.071297 0.278934
vt 0.071658 0.284923
vt 0.074672 0.278934
vt 0.074672 0.284923
vt 0.078046 0.278934
vt 0.077686 0.284923
vt 0.081420 0.278934
vt 0.107374 0.273173
vt 0.080422 0.283581
vt 0.108746 0.277820
vt 0.110242 0.273173
vt 0.110929 0.279162
vt 0.113287 0.273173
vt 0.113648 0.279162
vt 0.116661 0.273173
vt 0.116661 0.279162
vt 0.119431 0.303901
vt 0.121930 0.303901
vt 0.123785 0.293204
vt 0.043441 0.700100
vt 0.041956 0.689403
vt 0.039186 0.689403
vt 0.036416 0.689403
vt 0.033089 0.700100
vt 0.005596 0.299901
vt 0.007451 0.310597
vt 0.009950 0.310597
vt 0.012720 0.310597
vt 0.015490 0.310597
vt 0.017988 0.310597
vt 0.019843 0.299901
vt 0.069496 0.298965
vt 0.072823 0.309662
vt 0.075593 0.309662
vt 0.078363 0.309662
vt 0.079847 0.298965
vt 0.109538 0.293204
vt 0.111393 0.303901
vt 0.113892 0.303901
vt 0.116661 0.303901
vt 0.119663 0.382323
vt 0.122370 0.382323
vt 0.124735 0.394162
vt 0.051502 0.599142
vt 0.047716 0.610980
vt 0.044715 0.610980
vt 0.041714 0.610980
vt 0.039771 0.599142
vt 0.004646 0.400858
vt 0.007011 0.389020
vt 0.009719 0.389020
vt 0.012720 0.389020
vt 0.015721 0.389020
vt 0.018428 0.389020
vt 0.020793 0.400858
vt 0.076178 0.399923
vt 0.078121 0.388084
vt 0.081122 0.388084
vt 0.084123 0.388084
vt 0.087909 0.399923
vt 0.108588 0.394162
vt 0.110953 0.382323
vt 0.113660 0.382323
vt 0.116661 0.382323
vt 0.119708 0.400411
vt 0.119707 0.471406
vt 0.122455 0.400411
vt 0.122455 0.471406
vt 0.124735 0.400411
vt 0.051502 0.592892
vt 0.124735 0.406661
vt 0.051502 0.586642
vt 0.048682 0.592892
vt 0.048682 0.521898
vt 0.045636 0.592892
vt 0.045636 0.521898
vt 0.042590 0.592892
vt 0.042590 0.521898
vt 0.039771 0.592892
vt 0.004646 0.407108
vt 0.039771 0.586642
vt 0.004646 0.413358
vt 0.006926 0.407108
vt 0.006926 0.478102
vt 0.009674 0.407108
vt 0.009674 0.478102
vt 0.012720 0.407108
vt 0.012720 0.478102
vt 0.015766 0.407108
vt 0.015766 0.478102
vt 0.018514 0.407108
vt 0.018514 0.478102
vt 0.020793 0.407108
vt 0.076178 0.406173
vt 0.020793 0.413358
vt 0.076178 0.412422
vt 0.078997 0.406173
vt 0.078997 0.477167
vt 0.082043 0.406173
vt 0.082043 0.477167
vt 0.085089 0.406173
vt 0.085089 0.477167
vt 0.087909 0.406173
vt 0.108588 0.400411
vt 0.087909 0.412422
vt 0.108588 0.406661
vt 0.110868 0.400411
vt 0.110868 0.471406
vt 0.113615 0.400411
vt 0.113615 0.471406
vt 0.116661 0.400411
vt 0.116661 0.471406
vt 0.165014 0.021944
vt 0.121371 0.991311
vt 0.162849 0.026192
vt 0.125620 0.991311
vt 0.150518 0.017234
vt 0.159477 0.029564
vt 0.128992 0.991311
vt 0.055981 0.001992
vt 0.155228 0.031729
vt 0.051732 0.001992
vt 0.150518 0.032475
vt 0.047023 0.001992
vt 0.145808 0.031729
vt 0.042313 0.001992
vt 0.141560 0.029564
vt 0.038064 0.001992
vt 0.000389 0.998008
vt 0.138188 0.026192
vt 0.003761 0.998008
vt 0.136023 0.021943
vt 0.008010 0.998008
vt 0.135277 0.017234
vt 0.012720 0.998008
vt 0.136023 0.012524
vt 0.017430 0.998008
vt 0.138188 0.008275
vt 0.021679 0.998008
vt 0.141560 0.004903
vt 0.025050 0.998008
vt 0.074471 0.997073
vt 0.145808 0.002738
vt 0.078720 0.997073
vt 0.150518 0.001992
vt 0.083430 0.997073
vt 0.155228 0.002738
vt 0.088139 0.997073
vt 0.159477 0.004903
vt 0.092388 0.997073
vt 0.104331 0.991311
vt 0.162849 0.008275
vt 0.107703 0.991311
vt 0.165014 0.012524
vt 0.111952 0.991311
vt 0.165760 0.017234
vt 0.116661 0.991311
vt 0.082214 0.878545
vt 0.078970 0.878545
vt 0.020793 0.937563
vt 0.076178 0.936628
vt 0.018890 0.879480
vt 0.015964 0.879480
vt 0.012720 0.879480
vt 0.009476 0.879480
vt 0.006550 0.879480
vt 0.039771 0.062437
vt 0.004646 0.937563
vt 0.042563 0.120520
vt 0.045807 0.120520
vt 0.049051 0.120520
vt 0.124735 0.930866
vt 0.051502 0.062437
vt 0.122832 0.872784
vt 0.119905 0.872784
vt 0.116661 0.872784
vt 0.113418 0.872784
vt 0.110491 0.872784
vt 0.087909 0.936628
vt 0.108588 0.930866
vt 0.085458 0.878545
vt 0.087674 0.988841
vt 0.083241 0.988841
vt 0.078807 0.988841
vt 0.074496 0.996172
vt 0.024987 0.997107
vt 0.021153 0.989777
vt 0.017153 0.989777
vt 0.012720 0.989777
vt 0.008286 0.989777
vt 0.004287 0.989777
vt 0.000453 0.997107
vt 0.038089 0.002893
vt 0.042400 0.010223
vt 0.046834 0.010223
vt 0.051267 0.010223
vt 0.055915 0.002893
vt 0.128929 0.990411
vt 0.125095 0.983080
vt 0.121095 0.983080
vt 0.116661 0.983080
vt 0.112228 0.983080
vt 0.108228 0.983080
vt 0.104394 0.990411
vt 0.092322 0.996172
vt 0.121872 0.010264
vt 0.124777 0.010264
vt 0.058859 0.983316
vt 0.055444 0.984092
vt 0.051854 0.985081
vt 0.048439 0.985746
vt 0.004604 0.014080
vt 0.007509 0.013846
vt 0.010924 0.013612
vt 0.014515 0.013612
vt 0.017930 0.013612
vt 0.020835 0.013846
vt 0.084845 0.013319
vt 0.088260 0.013983
vt 0.091851 0.014973
vt 0.095266 0.015748
vt 0.108546 0.010264
vt 0.111451 0.010264
vt 0.114866 0.010264
vt 0.118457 0.010264
vt 0.190121 0.010138
vt 0.188714 0.008202
vt 0.186777 0.006795
vt 0.184500 0.006055
vt 0.182107 0.006055
vt 0.179830 0.006795
vt 0.177893 0.008202
vt 0.176486 0.010138
vt 0.175747 0.012415
vt 0.175747 0.014809
vt 0.176486 0.017085
vt 0.177893 0.019022
vt 0.179830 0.020429
vt 0.182107 0.021169
vt 0.184500 0.021169
vt 0.186777 0.020429
vt 0.188714 0.019022
vt 0.190121 0.017085
vt 0.190860 0.014809
vt 0.190860 0.012415
vt 0.159460 0.021790
vt 0.157615 0.024330
vt 0.155075 0.026176
vt 0.152088 0.027146
vt 0.148948 0.027146
vt 0.145962 0.026176
vt 0.143422 0.024330
vt 0.141576 0.021790
vt 0.140606 0.018804
vt 0.140606 0.015664
vt 0.141576 0.012677
vt 0.143422 0.010137
vt 0.145962 0.008292
vt 0.148948 0.007321
vt 0.152088 0.007321
vt 0.155075 0.008292
vt 0.157615 0.010137
vt 0.159460 0.012678
vt 0.160431 0.015664
vt 0.160431 0.018804
vt 0.121542 0.025907
vt 0.124264 0.025907
vt 0.058530 0.967397
vt 0.055331 0.967397
vt 0.051967 0.967397
vt 0.048768 0.967397
vt 0.005118 0.032603
vt 0.007839 0.032603
vt 0.011038 0.032603
vt 0.014402 0.032603
vt 0.017601 0.032603
vt 0.020322 0.032603
vt 0.085175 0.031668
vt 0.088374 0.031668
vt 0.091738 0.031668
vt 0.094937 0.031668
vt 0.109059 0.025907
vt 0.111781 0.025907
vt 0.114980 0.025907
vt 0.118343 0.025907
vt 0.119111 0.058598
vt 0.121479 0.058598
vt 0.057897 0.934706
vt 0.055113 0.934706
vt 0.052185 0.934706
vt 0.049401 0.934706
vt 0.007902 0.065294
vt 0.010271 0.065294
vt 0.013055 0.065294
vt 0.015982 0.065294
vt 0.018767 0.065294
vt 0.021135 0.065294
vt 0.085808 0.064359
vt 0.088592 0.064359
vt 0.091520 0.064359
vt 0.094304 0.064359
vt 0.108246 0.058598
vt 0.110615 0.058598
vt 0.113399 0.058598
vt 0.116326 0.058598
vt 0.118774 0.123339
vt 0.120955 0.123339
vt 0.055477 0.869965
vt 0.052914 0.869965
vt 0.050218 0.869965
vt 0.047654 0.869965
vt 0.008426 0.130035
vt 0.010607 0.130035
vt 0.013171 0.130035
vt 0.015867 0.130035
vt 0.018430 0.130035
vt 0.020611 0.130035
vt 0.084061 0.129100
vt 0.086625 0.129100
vt 0.089320 0.129100
vt 0.091884 0.129100
vt 0.108770 0.123339
vt 0.110951 0.123339
vt 0.113515 0.123339
vt 0.116210 0.123339
vt 0.120794 0.200259
vt 0.123099 0.200259
vt 0.050090 0.793045
vt 0.047381 0.793045
vt 0.044533 0.793045
vt 0.041824 0.793045
vt 0.006283 0.206955
vt 0.008587 0.206955
vt 0.011296 0.206955
vt 0.014144 0.206955
vt 0.016853 0.206955
vt 0.019157 0.206955
vt 0.078231 0.206020
vt 0.080940 0.206020
vt 0.083788 0.206020
vt 0.086497 0.206020
vt 0.110224 0.200259
vt 0.112529 0.200259
vt 0.115237 0.200259
vt 0.118086 0.200259
vt 0.121048 0.253141
vt 0.123494 0.253141
vt 0.044735 0.740162
vt 0.041860 0.740162
vt 0.038836 0.740162
vt 0.035961 0.740162
vt 0.005887 0.259838
vt 0.008333 0.259838
vt 0.011208 0.259838
vt 0.014231 0.259838
vt 0.017107 0.259838
vt 0.019553 0.259838
vt 0.072368 0.258903
vt 0.075243 0.258903
vt 0.078267 0.258903
vt 0.081142 0.258903
vt 0.109829 0.253141
vt 0.112274 0.253141
vt 0.115150 0.253141
vt 0.118173 0.253141
vt 0.121429 0.270849
vt 0.121429 0.275496
vt 0.124087 0.270849
vt 0.124087 0.275496
vt 0.043032 0.722454
vt 0.043032 0.717807
vt 0.039908 0.722454
vt 0.039908 0.717807
vt 0.036622 0.722454
vt 0.036622 0.717807
vt 0.033497 0.722454
vt 0.033497 0.717807
vt 0.005294 0.277546
vt 0.005294 0.282193
vt 0.007953 0.277546
vt 0.007953 0.282193
vt 0.011077 0.277546
vt 0.011077 0.282193
vt 0.014362 0.277546
vt 0.014362 0.282193
vt 0.017487 0.277546
vt 0.017487 0.282193
vt 0.020145 0.277546
vt 0.020145 0.282193
vt 0.069904 0.276610
vt 0.069904 0.281258
vt 0.073029 0.276610
vt 0.073029 0.281258
vt 0.076314 0.276610
vt 0.076314 0.281258
vt 0.079439 0.276610
vt 0.079439 0.281258
vt 0.109236 0.270849
vt 0.109236 0.275496
vt 0.111894 0.270849
vt 0.111894 0.275496
vt 0.115019 0.270849
vt 0.115019 0.275496
vt 0.118304 0.270849
vt 0.118304 0.275496
vt 0.120829 0.285512
vt 0.123153 0.285512
vt 0.042433 0.707792
vt 0.039701 0.707792
vt 0.036829 0.707792
vt 0.034097 0.707792
vt 0.006229 0.292209
vt 0.008552 0.292209
vt 0.011284 0.292209
vt 0.014156 0.292209
vt 0.016887 0.292209
vt 0.019211 0.292209
vt 0.070504 0.291273
vt 0.073236 0.291273
vt 0.076108 0.291273
vt 0.078839 0.291273
vt 0.110170 0.285512
vt 0.112494 0.285512
vt 0.115225 0.285512
vt 0.118098 0.285512
vt 0.120873 0.343683
vt 0.123221 0.343683
vt 0.046162 0.649621
vt 0.043402 0.649621
vt 0.040499 0.649621
vt 0.037739 0.649621
vt 0.006160 0.350379
vt 0.008508 0.350379
vt 0.011269 0.350379
vt 0.014171 0.350379
vt 0.016931 0.350379
vt 0.019279 0.350379
vt 0.074146 0.349444
vt 0.076906 0.349444
vt 0.079809 0.349444
vt 0.082569 0.349444
vt 0.110102 0.343683
vt 0.112450 0.343683
vt 0.115210 0.343683
vt 0.118113 0.343683
vt 0.121136 0.397287
vt 0.121136 0.403536
vt 0.123631 0.397287
vt 0.123631 0.403536
vt 0.050111 0.596017
vt 0.050111 0.589767
vt 0.047178 0.596017
vt 0.047178 0.589767
vt 0.044094 0.596017
vt 0.044094 0.589767
vt 0.041162 0.596017
vt 0.041162 0.589767
vt 0.005750 0.403983
vt 0.005750 0.410233
vt 0.008245 0.403983
vt 0.008245 0.410233
vt 0.011178 0.403983
vt 0.011178 0.410233
vt 0.014262 0.403983
vt 0.014262 0.410233
vt 0.017195 0.403983
vt 0.017195 0.410233
vt 0.019689 0.403983
vt 0.019689 0.410233
vt 0.077569 0.403048
vt 0.077569 0.409298
vt 0.080501 0.403048
vt 0.080501 0.409298
vt 0.083585 0.403048
vt 0.083585 0.409298
vt 0.086518 0.403048
vt 0.086518 0.409298
vt 0.109692 0.397287
vt 0.109692 0.403536
vt 0.112187 0.397287
vt 0.112187 0.403536
vt 0.115120 0.397287
vt 0.115119 0.403536
vt 0.118203 0.397287
vt 0.118203 0.403536
vt 0.121136 0.668764
vt 0.123631 0.668764
vt 0.050111 0.324540
vt 0.047178 0.324540
vt 0.044094 0.324540
vt 0.041162 0.324540
vt 0.005750 0.675460
vt 0.008245 0.675460
vt 0.011178 0.675460
vt 0.014262 0.675460
vt 0.017195 0.675460
vt 0.019689 0.675460
vt 0.077569 0.674525
vt 0.080501 0.674525
vt 0.083585 0.674525
vt 0.086518 0.674525
vt 0.109692 0.668764
vt 0.112187 0.668764
vt 0.115119 0.668764
vt 0.118203 0.668764
vt 0.080784 0.966400
vt 0.077089 0.966400
vt 0.021499 0.967335
vt 0.018357 0.967335
vt 0.014662 0.967335
vt 0.010777 0.967335
vt 0.007083 0.967335
vt 0.003940 0.967335
vt 0.040682 0.032665
vt 0.044377 0.032665
vt 0.048262 0.032665
vt 0.051956 0.032665
vt 0.125441 0.960638
vt 0.122298 0.960638
vt 0.118604 0.960638
vt 0.114719 0.960638
vt 0.111025 0.960638
vt 0.107882 0.960638
vt 0.088363 0.966400
vt 0.084668 0.966400
vt 0.085768 0.996622
vt 0.081070 0.996622
vt 0.076602 0.996622
vt 0.023337 0.997558
vt 0.019537 0.997558
vt 0.015069 0.997558
vt 0.010371 0.997558
vt 0.005903 0.997558
vt 0.002103 0.997558
vt 0.040195 0.002443
vt 0.044663 0.002443
vt 0.049361 0.002443
vt 0.053829 0.002443
vt 0.127279 0.990861
vt 0.123478 0.990861
vt 0.119010 0.990861
vt 0.114312 0.990861
vt 0.109845 0.990861
vt 0.106044 0.990861
vt 0.090236 0.996622
vt 0.121872 0.001992
vt 0.193529 0.008401
vt 0.123408 0.010264
vt 0.121789 0.018310
vt 0.120208 0.010264
vt 0.124777 0.001992
vt 0.191419 0.005497
vt 0.126062 0.010264
vt 0.060479 0.983040
vt 0.124648 0.018310
vt 0.058859 0.991864
vt 0.188514 0.003386
vt 0.057196 0.983649
vt 0.058777 0.975063
vt 0.055444 0.993415
vt 0.185099 0.002276
vt 0.053649 0.984589
vt 0.055416 0.975257
vt 0.051854 0.995394
vt 0.181508 0.002276
vt 0.050102 0.985493
vt 0.051882 0.975504
vt 0.048439 0.996724
vt 0.178093 0.003386
vt 0.046819 0.985921
vt 0.003319 0.014080
vt 0.048521 0.975670
vt 0.004604 0.002927
vt 0.175188 0.005497
vt 0.005973 0.014021
vt 0.004733 0.024286
vt 0.007509 0.002460
vt 0.173078 0.008401
vt 0.009173 0.013670
vt 0.007592 0.024228
vt 0.010924 0.001992
vt 0.171968 0.011816
vt 0.012720 0.013612
vt 0.010953 0.024170
vt 0.014515 0.001992
vt 0.171968 0.015407
vt 0.016267 0.013612
vt 0.014487 0.024170
vt 0.017930 0.001992
vt 0.173078 0.018822
vt 0.019466 0.013670
vt 0.017848 0.024170
vt 0.020835 0.002460
vt 0.175188 0.021727
vt 0.022120 0.014080
vt 0.083226 0.013144
vt 0.020707 0.024228
vt 0.084845 0.002341
vt 0.178093 0.023838
vt 0.086509 0.013572
vt 0.084928 0.023395
vt 0.088260 0.003670
vt 0.181508 0.024947
vt 0.090056 0.014476
vt 0.088289 0.023561
vt 0.091851 0.005649
vt 0.185099 0.024947
vt 0.093603 0.015416
vt 0.091823 0.023808
vt 0.095266 0.007200
vt 0.188514 0.023838
vt 0.096886 0.016025
vt 0.107261 0.010264
vt 0.095184 0.024002
vt 0.108546 0.001992
vt 0.191419 0.021727
vt 0.109915 0.010264
vt 0.108674 0.018310
vt 0.111451 0.001992
vt 0.193529 0.018822
vt 0.113115 0.010264
vt 0.111533 0.018310
vt 0.114866 0.001992
vt 0.194639 0.015407
vt 0.116661 0.010264
vt 0.114894 0.018310
vt 0.118457 0.001992
vt 0.194639 0.011816
vt 0.118428 0.018310
vt 0.190391 0.011309
vt 0.189332 0.009232
vt 0.187684 0.007583
vt 0.185606 0.006524
vt 0.183304 0.006160
vt 0.181001 0.006524
vt 0.178923 0.007583
vt 0.177275 0.009232
vt 0.176216 0.011309
vt 0.175851 0.013612
vt 0.176216 0.015915
vt 0.177275 0.017992
vt 0.178923 0.019641
vt 0.181001 0.020699
vt 0.183304 0.021064
vt 0.185606 0.020699
vt 0.187684 0.019641
vt 0.189332 0.017992
vt 0.190391 0.015915
vt 0.190756 0.013612
vt 0.163932 0.024068
vt 0.123496 0.991311
vt 0.158426 0.022979
vt 0.159815 0.020254
vt 0.161163 0.027878
vt 0.127306 0.991311
vt 0.156264 0.025142
vt 0.157353 0.030647
vt 0.053857 0.001992
vt 0.153539 0.026530
vt 0.152873 0.032102
vt 0.049378 0.001992
vt 0.150518 0.027009
vt 0.148163 0.032102
vt 0.044668 0.001992
vt 0.147498 0.026530
vt 0.143684 0.030647
vt 0.040188 0.001992
vt 0.144773 0.025142
vt 0.139874 0.027878
vt 0.002075 0.998008
vt 0.142610 0.022979
vt 0.137105 0.024068
vt 0.005886 0.998008
vt 0.141222 0.020254
vt 0.135650 0.019589
vt 0.010365 0.998008
vt 0.140743 0.017234
vt 0.135650 0.014879
vt 0.015075 0.998008
vt 0.141222 0.014213
vt 0.137105 0.010399
vt 0.019554 0.998008
vt 0.142610 0.011488
vt 0.139874 0.006589
vt 0.023364 0.998008
vt 0.144773 0.009326
vt 0.143684 0.003821
vt 0.076595 0.997073
vt 0.147498 0.007937
vt 0.148163 0.002365
vt 0.081075 0.997073
vt 0.150518 0.007459
vt 0.152873 0.002365
vt 0.085784 0.997073
vt 0.153539 0.007937
vt 0.157353 0.003821
vt 0.090264 0.997073
vt 0.156264 0.009326
vt 0.161163 0.006589
vt 0.106017 0.991311
vt 0.158426 0.011488
vt 0.163932 0.010399
vt 0.109827 0.991311
vt 0.159815 0.014213
vt 0.165387 0.014879
vt 0.114306 0.991311
vt 0.160293 0.017234
vt 0.165387 0.019589
vt 0.119016 0.991311
vt 0.122981 0.025907
vt 0.120770 0.037765
vt 0.119984 0.025907
vt 0.125468 0.025907
vt 0.060047 0.967397
vt 0.123311 0.037765
vt 0.056971 0.967397
vt 0.058207 0.955539
vt 0.053649 0.967397
vt 0.055219 0.955539
vt 0.050326 0.967397
vt 0.052078 0.955539
vt 0.047251 0.967397
vt 0.003913 0.032603
vt 0.049091 0.955539
vt 0.006400 0.032603
vt 0.006070 0.044462
vt 0.009397 0.032603
vt 0.008612 0.044462
vt 0.012720 0.032603
vt 0.011599 0.044462
vt 0.016042 0.032603
vt 0.014740 0.044462
vt 0.019040 0.032603
vt 0.017727 0.044462
vt 0.021526 0.032603
vt 0.083658 0.031668
vt 0.020269 0.044462
vt 0.086733 0.031668
vt 0.085498 0.043526
vt 0.090056 0.031668
vt 0.088485 0.043526
vt 0.093378 0.031668
vt 0.091626 0.043526
vt 0.096454 0.031668
vt 0.107855 0.025907
vt 0.094614 0.043526
vt 0.110342 0.025907
vt 0.109113 0.037765
vt 0.113339 0.025907
vt 0.111654 0.037765
vt 0.116661 0.025907
vt 0.114641 0.037765
vt 0.117782 0.037765
vt 0.120363 0.058598
vt 0.117975 0.087443
vt 0.117754 0.058598
vt 0.122527 0.058598
vt 0.059217 0.934706
vt 0.120212 0.087443
vt 0.056541 0.934706
vt 0.057140 0.905861
vt 0.053649 0.934706
vt 0.054511 0.905861
vt 0.050757 0.934706
vt 0.051746 0.905861
vt 0.048080 0.934706
vt 0.006854 0.065294
vt 0.049116 0.905861
vt 0.009018 0.065294
vt 0.009169 0.094139
vt 0.011627 0.065294
vt 0.011406 0.094139
vt 0.014519 0.065294
vt 0.014036 0.094139
vt 0.017410 0.065294
vt 0.016801 0.094139
vt 0.020019 0.065294
vt 0.019430 0.094139
vt 0.022183 0.065294
vt 0.084487 0.064359
vt 0.021667 0.094139
vt 0.087164 0.064359
vt 0.085523 0.093204
vt 0.090056 0.064359
vt 0.088152 0.093204
vt 0.092948 0.064359
vt 0.090918 0.093204
vt 0.095624 0.064359
vt 0.107198 0.058598
vt 0.093547 0.093204
vt 0.109362 0.058598
vt 0.107714 0.087443
vt 0.111971 0.058598
vt 0.109951 0.087443
vt 0.114863 0.058598
vt 0.112581 0.087443
vt 0.115346 0.087443
vt 0.119928 0.123339
vt 0.120162 0.162280
vt 0.117525 0.123339
vt 0.121920 0.123339
vt 0.056693 0.869965
vt 0.122365 0.162280
vt 0.054228 0.869965
vt 0.053072 0.831024
vt 0.051566 0.869965
vt 0.050483 0.831024
vt 0.048903 0.869965
vt 0.047761 0.831024
vt 0.046438 0.869965
vt 0.007461 0.130035
vt 0.045171 0.831024
vt 0.009454 0.130035
vt 0.007016 0.168976
vt 0.011856 0.130035
vt 0.009219 0.168976
vt 0.014519 0.130035
vt 0.011808 0.168976
vt 0.017181 0.130035
vt 0.014531 0.168976
vt 0.019584 0.130035
vt 0.017120 0.168976
vt 0.021576 0.130035
vt 0.082845 0.129100
vt 0.019323 0.168976
vt 0.085310 0.129100
vt 0.081578 0.168041
vt 0.087973 0.129100
vt 0.084167 0.168041
vt 0.090635 0.129100
vt 0.086890 0.168041
vt 0.093100 0.129100
vt 0.107805 0.123339
vt 0.089479 0.168041
vt 0.109798 0.123339
vt 0.110059 0.162280
vt 0.112200 0.123339
vt 0.112261 0.162280
vt 0.114863 0.123339
vt 0.114850 0.162280
vt 0.117573 0.162280
vt 0.122013 0.200259
vt 0.120985 0.232229
vt 0.119475 0.200259
vt 0.124118 0.200259
vt 0.051375 0.793045
vt 0.123395 0.232229
vt 0.048770 0.793045
vt 0.047115 0.761075
vt 0.045957 0.793045
vt 0.044282 0.761075
vt 0.043143 0.793045
vt 0.041302 0.761075
vt 0.040539 0.793045
vt 0.005263 0.206955
vt 0.038468 0.761075
vt 0.007368 0.206955
vt 0.005986 0.238925
vt 0.009906 0.206955
vt 0.008396 0.238925
vt 0.012720 0.206955
vt 0.011230 0.238925
vt 0.015533 0.206955
vt 0.014210 0.238925
vt 0.018071 0.206955
vt 0.017043 0.238925
vt 0.020177 0.206955
vt 0.076946 0.206020
vt 0.019454 0.238925
vt 0.079550 0.206020
vt 0.074875 0.237990
vt 0.082364 0.206020
vt 0.077709 0.237990
vt 0.085177 0.206020
vt 0.080689 0.237990
vt 0.087781 0.206020
vt 0.109205 0.200259
vt 0.083522 0.237990
vt 0.111310 0.200259
vt 0.109928 0.232229
vt 0.113848 0.200259
vt 0.112338 0.232229
vt 0.116661 0.200259
vt 0.115172 0.232229
vt 0.118151 0.232229
vt 0.122342 0.253141
vt 0.121144 0.265260
vt 0.119648 0.253141
vt 0.124577 0.253141
vt 0.046099 0.740162
vt 0.123642 0.265260
vt 0.043334 0.740162
vt 0.043268 0.728043
vt 0.040348 0.740162
vt 0.040330 0.728043
vt 0.037362 0.740162
vt 0.037241 0.728043
vt 0.034597 0.740162
vt 0.004805 0.259838
vt 0.034304 0.728043
vt 0.007039 0.259838
vt 0.005739 0.271957
vt 0.009734 0.259838
vt 0.008238 0.271957
vt 0.012720 0.259838
vt 0.011175 0.271957
vt 0.015706 0.259838
vt 0.014264 0.271957
vt 0.018400 0.259838
vt 0.017202 0.271957
vt 0.020635 0.259838
vt 0.071004 0.258903
vt 0.019701 0.271957
vt 0.073769 0.258903
vt 0.070710 0.271022
vt 0.076755 0.258903
vt 0.073648 0.271022
vt 0.079741 0.258903
vt 0.076737 0.271022
vt 0.082506 0.258903
vt 0.108746 0.253141
vt 0.079675 0.271022
vt 0.110981 0.253141
vt 0.109680 0.265260
vt 0.113675 0.253141
vt 0.112179 0.265260
vt 0.116661 0.253141
vt 0.115117 0.265260
vt 0.118206 0.265260
vt 0.122834 0.270849
vt 0.121619 0.273173
vt 0.119907 0.270849
vt 0.122834 0.275496
vt 0.121089 0.279162
vt 0.119907 0.275496
vt 0.125263 0.270849
vt 0.044514 0.722454
vt 0.124383 0.273173
vt 0.125263 0.275496
vt 0.044514 0.717807
vt 0.123557 0.279162
vt 0.041510 0.722454
vt 0.043222 0.720131
vt 0.041510 0.717807
vt 0.042692 0.714141
vt 0.038265 0.722454
vt 0.039973 0.720131
vt 0.038265 0.717807
vt 0.039790 0.714141
vt 0.035020 0.722454
vt 0.036557 0.720131
vt 0.035020 0.717807
vt 0.036739 0.714141
vt 0.032016 0.722454
vt 0.004118 0.277546
vt 0.033307 0.720131
vt 0.032016 0.717807
vt 0.004118 0.282193
vt 0.033838 0.714141
vt 0.006547 0.277546
vt 0.004998 0.279869
vt 0.006547 0.282193
vt 0.005824 0.285859
vt 0.009475 0.277546
vt 0.007762 0.279869
vt 0.009475 0.282193
vt 0.008293 0.285859
vt 0.012720 0.277546
vt 0.011012 0.279869
vt 0.012720 0.282193
vt 0.011194 0.285859
vt 0.015965 0.277546
vt 0.014428 0.279869
vt 0.015965 0.282193
vt 0.014245 0.285859
vt 0.018893 0.277546
vt 0.017677 0.279869
vt 0.018893 0.282193
vt 0.017147 0.285859
vt 0.021321 0.277546
vt 0.068422 0.276610
vt 0.020441 0.279869
vt 0.021321 0.282193
vt 0.068422 0.281258
vt 0.019615 0.285859
vt 0.071427 0.276610
vt 0.069714 0.278934
vt 0.071427 0.281258
vt 0.070244 0.284923
vt 0.074672 0.276610
vt 0.072964 0.278934
vt 0.074672 0.281258
vt 0.073146 0.284923
vt 0.077917 0.276610
vt 0.076380 0.278934
vt 0.077917 0.281258
vt 0.076197 0.284923
vt 0.080921 0.276610
vt 0.108060 0.270849
vt 0.079629 0.278934
vt 0.080921 0.281258
vt 0.108060 0.275496
vt 0.079099 0.284923
vt 0.110489 0.270849
vt 0.108940 0.273173
vt 0.110489 0.275496
vt 0.109766 0.279162
vt 0.113416 0.270849
vt 0.111704 0.273173
vt 0.113416 0.275496
vt 0.112234 0.279162
vt 0.116661 0.270849
vt 0.114953 0.273173
vt 0.116661 0.275496
vt 0.115136 0.279162
vt 0.118370 0.273173
vt 0.118187 0.279162
vt 0.122058 0.285512
vt 0.120730 0.303901
vt 0.119498 0.285512
vt 0.124181 0.285512
vt 0.043728 0.707792
vt 0.122999 0.303901
vt 0.041102 0.707792
vt 0.043255 0.689403
vt 0.038265 0.707792
vt 0.040588 0.689403
vt 0.035428 0.707792
vt 0.037784 0.689403
vt 0.032802 0.707792
vt 0.005200 0.292209
vt 0.035117 0.689403
vt 0.007324 0.292209
vt 0.006382 0.310597
vt 0.009883 0.292209
vt 0.008651 0.310597
vt 0.012720 0.292209
vt 0.011318 0.310597
vt 0.015557 0.292209
vt 0.014122 0.310597
vt 0.018116 0.292209
vt 0.016789 0.310597
vt 0.020239 0.292209
vt 0.069209 0.291273
vt 0.019057 0.310597
vt 0.071835 0.291273
vt 0.071524 0.309662
vt 0.074672 0.291273
vt 0.074191 0.309662
vt 0.077509 0.291273
vt 0.076995 0.309662
vt 0.080135 0.291273
vt 0.109142 0.285512
vt 0.079662 0.309662
vt 0.111265 0.285512
vt 0.110324 0.303901
vt 0.113824 0.285512
vt 0.112593 0.303901
vt 0.116661 0.285512
vt 0.115259 0.303901
vt 0.118064 0.303901
vt 0.122115 0.343683
vt 0.121070 0.382323
vt 0.119528 0.343683
vt 0.124260 0.343683
vt 0.047471 0.649621
vt 0.123529 0.382323
vt 0.044817 0.649621
vt 0.049124 0.610980
vt 0.041951 0.649621
vt 0.046234 0.610980
vt 0.039084 0.649621
vt 0.043196 0.610980
vt 0.036430 0.649621
vt 0.005121 0.350379
vt 0.040306 0.610980
vt 0.007267 0.350379
vt 0.005853 0.389020
vt 0.009853 0.350379
vt 0.008311 0.389020
vt 0.012720 0.350379
vt 0.011201 0.389020
vt 0.015587 0.350379
vt 0.014239 0.389020
vt 0.018173 0.350379
vt 0.017129 0.389020
vt 0.020318 0.350379
vt 0.072837 0.349444
vt 0.019587 0.389020
vt 0.075491 0.349444
vt 0.076713 0.388084
vt 0.078358 0.349444
vt 0.079603 0.388084
vt 0.081224 0.349444
vt 0.082641 0.388084
vt 0.083878 0.349444
vt 0.109063 0.343683
vt 0.085531 0.388084
vt 0.111208 0.343683
vt 0.109794 0.382323
vt 0.113795 0.343683
vt 0.112253 0.382323
vt 0.116661 0.343683
vt 0.115142 0.382323
vt 0.118181 0.382323
vt 0.122455 0.397287
vt 0.121136 0.400411
vt 0.119708 0.397287
vt 0.122455 0.403536
vt 0.121136 0.471406
vt 0.119708 0.403536
vt 0.124735 0.397287
vt 0.051502 0.596017
vt 0.123631 0.400411
vt 0.124735 0.403536
vt 0.051502 0.589767
vt 0.123631 0.471406
vt 0.048682 0.596017
vt 0.050111 0.592892
vt 0.048682 0.589767
vt 0.050111 0.521898
vt 0.045636 0.596017
vt 0.047178 0.592892
vt 0.045636 0.589767
vt 0.047178 0.521898
vt 0.042590 0.596017
vt 0.044094 0.592892
vt 0.042590 0.589767
vt 0.044094 0.521898
vt 0.039771 0.596017
vt 0.004646 0.403983
vt 0.041162 0.592892
vt 0.039771 0.589767
vt 0.004646 0.410233
vt 0.041162 0.521898
vt 0.006926 0.403983
vt 0.005750 0.407108
vt 0.006926 0.410233
vt 0.005750 0.478102
vt 0.009674 0.403983
vt 0.008245 0.407108
vt 0.009674 0.410233
vt 0.008245 0.478102
vt 0.012720 0.403983
vt 0.011178 0.407108
vt 0.012720 0.410233
vt 0.011178 0.478102
vt 0.015766 0.403983
vt 0.014262 0.407108
vt 0.015766 0.410233
vt 0.014262 0.478102
vt 0.018514 0.403983
vt 0.017195 0.407108
vt 0.018514 0.410233
vt 0.017195 0.478102
vt 0.020793 0.403983
vt 0.076178 0.403048
vt 0.019689 0.407108
vt 0.020793 0.410233
vt 0.076178 0.409298
vt 0.019689 0.478102
vt 0.078997 0.403048
vt 0.077569 0.406173
vt 0.078997 0.409298
vt 0.077569 0.477167
vt 0.082043 0.403048
vt 0.080501 0.406173
vt 0.082043 0.409298
vt 0.080501 0.477167
vt 0.085089 0.403048
vt 0.083585 0.406173
vt 0.085089 0.409298
vt 0.083585 0.477167
vt 0.087909 0.403048
vt 0.108588 0.397287
vt 0.086518 0.406173
vt 0.087909 0.409298
vt 0.108588 0.403536
vt 0.086518 0.477167
vt 0.110868 0.397287
vt 0.109692 0.400411
vt 0.110868 0.403536
vt 0.109692 0.471406
vt 0.113615 0.397287
vt 0.112187 0.400411
vt 0.113615 0.403536
vt 0.112187 0.471406
vt 0.116661 0.397287
vt 0.115120 0.400411
vt 0.116661 0.403536
vt 0.115119 0.471406
vt 0.118203 0.400411
vt 0.118203 0.471406
vt 0.122455 0.668764
vt 0.121427 0.872784
vt 0.119707 0.668764
vt 0.124735 0.668764
vt 0.051502 0.324540
vt 0.124084 0.872784
vt 0.048682 0.324540
vt 0.050572 0.120520
vt 0.045636 0.324540
vt 0.047449 0.120520
vt 0.042590 0.324540
vt 0.044165 0.120520
vt 0.039771 0.324540
vt 0.004646 0.675460
vt 0.041042 0.120520
vt 0.006926 0.675460
vt 0.005298 0.879480
vt 0.009674 0.675460
vt 0.007955 0.879480
vt 0.012720 0.675460
vt 0.011078 0.879480
vt 0.015766 0.675460
vt 0.014362 0.879480
vt 0.018514 0.675460
vt 0.017485 0.879480
vt 0.020793 0.675460
vt 0.076178 0.674525
vt 0.020142 0.879480
vt 0.078997 0.674525
vt 0.077449 0.878545
vt 0.082043 0.674525
vt 0.080572 0.878545
vt 0.085089 0.674525
vt 0.083856 0.878545
vt 0.087909 0.674525
vt 0.108588 0.668764
vt 0.086979 0.878545
vt 0.110868 0.668764
vt 0.109239 0.872784
vt 0.113615 0.668764
vt 0.111896 0.872784
vt 0.116661 0.668764
vt 0.115019 0.872784
vt 0.118303 0.872784
vt 0.082726 0.966400
vt 0.080996 0.988841
vt 0.078889 0.966400
vt 0.076728 0.988841
vt 0.075337 0.966400
vt 0.022890 0.967335
vt 0.022864 0.989777
vt 0.020019 0.967335
vt 0.019233 0.989777
vt 0.016557 0.967335
vt 0.014964 0.989777
vt 0.012720 0.967335
vt 0.010476 0.989777
vt 0.008883 0.967335
vt 0.006207 0.989777
vt 0.005421 0.967335
vt 0.002576 0.989777
vt 0.002549 0.967335
vt 0.038930 0.032665
vt 0.040321 0.010223
vt 0.042482 0.032665
vt 0.044590 0.010223
vt 0.046319 0.032665
vt 0.049078 0.010223
vt 0.050156 0.032665
vt 0.053347 0.010223
vt 0.053708 0.032665
vt 0.126832 0.960639
vt 0.126806 0.983080
vt 0.123960 0.960639
vt 0.123174 0.983080
vt 0.120499 0.960639
vt 0.118906 0.983080
vt 0.116661 0.960639
vt 0.114417 0.983080
vt 0.112824 0.960639
vt 0.110148 0.983080
vt 0.109363 0.960639
vt 0.106517 0.983080
vt 0.106491 0.960639
vt 0.090115 0.966400
vt 0.089754 0.988841
vt 0.086563 0.966400
vt 0.085485 0.988841
vt 0.088059 0.996622
vt 0.083419 0.996622
vt 0.078779 0.996622
vt 0.074483 0.996622
vt 0.025019 0.997558
vt 0.021546 0.997558
vt 0.017360 0.997558
vt 0.012720 0.997558
vt 0.008080 0.997558
vt 0.003894 0.997558
vt 0.000421 0.997558
vt 0.038077 0.002443
vt 0.042372 0.002443
vt 0.047012 0.002443
vt 0.051653 0.002443
vt 0.055948 0.002443
vt 0.128960 0.990861
vt 0.125488 0.990861
vt 0.121302 0.990861
vt 0.116661 0.990861
vt 0.112021 0.990861
vt 0.107835 0.990861
vt 0.104363 0.990861
vt 0.092355 0.996622
vn 0.862427 -0.421541 -0.280219
vn 0.846164 -0.313244 -0.431143
vn 0.888540 -0.074350 -0.452734
vn 0.948377 -0.075023 -0.308145
vn 0.733624 -0.421541 -0.533009
vn 0.806737 -0.075023 -0.586129
vn 0.808165 0.045882 -0.587166
vn 0.890068 0.045879 -0.453512
vn 0.950055 0.045882 -0.308691
vn 0.680221 -0.309913 -0.664269
vn 0.706134 -0.072867 -0.704319
vn 0.573239 -0.411636 -0.708486
vn 0.592990 -0.071626 -0.802018
vn 0.586199 0.045733 -0.808875
vn 0.706148 0.045905 -0.706575
vn 0.492039 -0.302824 -0.816208
vn 0.460875 -0.070066 -0.884695
vn 0.403584 -0.405254 -0.820298
vn 0.329894 -0.069074 -0.941488
vn 0.305657 0.044210 -0.951115
vn 0.451484 0.045132 -0.891137
vn 0.261423 -0.293093 -0.919649
vn 0.170740 -0.067188 -0.983023
vn 0.166721 -0.406690 -0.898225
vn 0.028812 -0.066264 -0.997386
vn -0.003794 0.041738 -0.999121
vn 0.152590 0.043010 -0.987353
vn -0.045091 -0.280338 -0.958842
vn -0.142614 -0.064671 -0.987664
vn -0.165152 -0.425889 -0.889575
vn -0.289664 -0.064757 -0.954935
vn -0.311032 0.039557 -0.949576
vn -0.159588 0.040527 -0.986351
vn -0.397449 -0.267267 -0.877840
vn -0.448260 -0.062481 -0.891717
vn -0.505200 -0.429735 -0.748399
vn -0.582664 -0.061904 -0.810352
vn -0.587833 0.038759 -0.808053
vn -0.454838 0.039017 -0.889719
vn -0.673435 -0.258516 -0.692571
vn -0.704947 -0.059376 -0.706770
vn -0.711059 -0.416637 -0.566400
vn -0.804079 -0.057947 -0.591691
vn -0.808880 0.038656 -0.586702
vn -0.706826 0.038720 -0.706327
vn -0.845165 -0.255790 -0.469326
vn -0.887575 -0.058686 -0.456909
vn -0.843841 -0.431980 -0.318318
vn -0.947273 -0.060534 -0.314658
vn -0.950616 0.037809 -0.308057
vn -0.890888 0.038229 -0.452611
vn -0.954185 -0.253568 -0.158854
vn -0.985867 -0.058754 -0.156889
vn -0.904787 -0.425864 -0.000000
vn -0.998298 -0.058327 0.000000
vn -0.999287 0.037755 -0.000000
vn -0.987016 0.037721 -0.156133
vn -0.955929 -0.251548 0.151404
vn -0.986039 -0.057775 0.156173
vn -0.860504 -0.425864 0.279595
vn -0.949437 -0.058327 0.308491
vn -0.950379 0.037755 0.308797
vn -0.986984 0.037753 0.156323
vn -0.858395 -0.253568 0.445939
vn -0.889133 -0.058753 0.453861
vn -0.704174 -0.431980 0.563500
vn -0.803676 -0.060534 0.591981
vn -0.808895 0.037809 0.586736
vn -0.890460 0.037720 0.453496
vn -0.653918 -0.257496 0.711398
vn -0.702396 -0.059419 0.709302
vn -0.474328 -0.420010 0.773695
vn -0.577820 -0.059618 0.813984
vn -0.588473 0.038699 0.807591
vn -0.707526 0.038204 0.705654
vn -0.390903 -0.265231 0.881389
vn -0.447781 -0.061458 0.892029
vn -0.165152 -0.425889 0.889575
vn -0.289664 -0.064757 0.954935
vn -0.311032 0.039557 0.949576
vn -0.455014 0.039049 0.889628
vn -0.045091 -0.280338 0.958842
vn -0.142613 -0.064671 0.987664
vn 0.166721 -0.406690 0.898225
vn 0.028812 -0.066264 0.997386
vn -0.003796 0.041738 0.999121
vn -0.159589 0.040527 0.986351
vn 0.261423 -0.293093 0.919649
vn 0.170740 -0.067188 0.983023
vn 0.403585 -0.405254 0.820298
vn 0.329894 -0.069075 0.941487
vn 0.305660 0.044209 0.951114
vn 0.152588 0.043009 0.987354
vn 0.492040 -0.302823 0.816208
vn 0.460876 -0.070066 0.884694
vn 0.573240 -0.411636 0.708486
vn 0.592990 -0.071626 0.802018
vn 0.586203 0.045734 0.808873
vn 0.451488 0.045132 0.891135
vn 0.680221 -0.309913 0.664269
vn 0.706134 -0.072866 0.704319
vn 0.733624 -0.421541 0.533009
vn 0.806737 -0.075022 0.586129
vn 0.808164 0.045884 0.587167
vn 0.706149 0.045907 0.706573
vn 0.846165 -0.313244 0.431143
vn 0.888540 -0.074350 0.452734
vn 0.862427 -0.421541 0.280219
vn 0.948376 -0.075023 0.308146
vn 0.950055 0.045882 0.308692
vn 0.890067 0.045880 0.453515
vn 0.937981 -0.313244 0.148561
vn 0.984955 -0.074350 0.156001
vn 0.906810 -0.421541 0.000001
vn 0.997182 -0.075023 0.000001
vn 0.998947 0.045882 0.000001
vn 0.986648 0.045879 0.156270
vn 0.937981 -0.313244 -0.148560
vn 0.984955 -0.074350 -0.156000
vn 0.986649 0.045879 -0.156268
vn 0.464880 -0.853100 -0.236867
vn 0.388478 -0.886080 -0.252877
vn 0.437570 -0.887873 -0.142174
vn 0.320105 -0.947373 -0.004203
vn 0.415576 -0.846285 -0.333313
vn 0.384703 -0.878455 -0.283409
vn 0.449928 -0.830249 -0.329015
vn 0.427271 -0.864301 -0.265375
vn 0.475495 -0.819745 -0.319253
vn 0.405133 -0.874853 -0.265516
vn 0.366857 -0.865383 -0.341362
vn 0.242399 -0.939210 -0.243163
vn 0.097854 -0.949577 -0.297874
vn 0.046923 -0.983547 -0.174452
vn -0.085645 -0.969875 -0.228052
vn -0.016361 -0.987977 -0.153733
vn -0.100875 -0.970983 -0.216831
vn -0.021969 -0.993723 -0.109688
vn -0.141196 -0.986609 -0.081644
vn -0.044491 -0.998755 -0.022555
vn -0.159155 -0.986932 0.025207
vn -0.035344 -0.998755 0.035199
vn -0.109056 -0.986609 0.121279
vn 0.024688 -0.992144 0.122638
vn 0.005782 -0.965370 0.260820
vn 0.111702 -0.971730 0.207999
vn 0.143958 -0.935074 0.323902
vn 0.260180 -0.932274 0.251339
vn 0.366857 -0.865383 0.341362
vn 0.405133 -0.874853 0.265516
vn 0.475495 -0.819745 0.319253
vn 0.427272 -0.864301 0.265375
vn 0.449928 -0.830249 0.329015
vn 0.384703 -0.878455 0.283408
vn 0.415576 -0.846286 0.333313
vn 0.388478 -0.886080 0.252877
vn 0.464880 -0.853100 0.236868
vn 0.437570 -0.887873 0.142175
vn 0.515324 -0.853100 0.081619
vn 0.460088 -0.887873 0.000000
vn 0.515324 -0.853100 -0.081618
vn 0.096763 0.994811 -0.031427
vn 0.084130 0.995532 -0.042879
vn 0.013097 0.999892 -0.006679
vn 0.009905 0.999946 -0.003197
vn 0.082292 0.994816 -0.059747
vn 0.008426 0.999946 -0.006125
vn 0.000000 1.000000 0.000001
vn 0.066742 0.995537 -0.066727
vn 0.010392 0.999892 -0.010398
vn 0.059770 0.994819 -0.082232
vn 0.006123 0.999946 -0.008421
vn 0.042830 0.995538 -0.084080
vn 0.006671 0.999892 -0.013075
vn 0.031422 0.994827 -0.096603
vn 0.003220 0.999946 -0.009888
vn 0.014749 0.995545 -0.093125
vn 0.002297 0.999892 -0.014510
vn 0.000039 0.994836 -0.101494
vn 0.000002 0.999946 -0.010411
vn -0.014741 0.995551 -0.093069
vn -0.002301 0.999892 -0.014503
vn -0.031304 0.994845 -0.096458
vn -0.003216 0.999946 -0.009896
vn -0.042758 0.995556 -0.083908
vn -0.006673 0.999892 -0.013081
vn -0.059545 0.994852 -0.082005
vn -0.006118 0.999946 -0.008420
vn -0.066565 0.995560 -0.066560
vn -0.010390 0.999892 -0.010382
vn -0.081929 0.994857 -0.059557
vn -0.008422 0.999946 -0.006116
vn -0.083844 0.995562 -0.042741
vn -0.013090 0.999892 -0.006674
vn -0.096289 0.994861 -0.031313
vn -0.009900 0.999946 -0.003220
vn -0.092924 0.995565 -0.014700
vn -0.014510 0.999892 -0.002287
vn -0.101236 0.994862 0.000008
vn -0.010410 0.999946 0.000004
vn -0.092925 0.995564 0.014713
vn -0.014510 0.999892 0.002292
vn -0.096289 0.994861 0.031323
vn -0.009900 0.999946 0.003242
vn -0.083844 0.995562 0.042736
vn -0.013090 0.999892 0.006706
vn -0.081927 0.994858 0.059551
vn -0.008421 0.999946 0.006119
vn -0.066562 0.995560 0.066562
vn -0.010390 0.999892 0.010359
vn -0.059542 0.994851 0.082014
vn -0.006118 0.999946 0.008413
vn -0.042758 0.995556 0.083908
vn -0.006672 0.999892 0.013089
vn -0.031305 0.994846 0.096447
vn -0.003216 0.999946 0.009898
vn -0.014743 0.995551 0.093066
vn -0.002301 0.999892 0.014502
vn 0.000038 0.994836 0.101494
vn 0.000002 0.999946 0.010414
vn 0.014749 0.995546 0.093118
vn 0.002297 0.999892 0.014516
vn 0.031423 0.994828 0.096587
vn 0.003220 0.999946 0.009890
vn 0.042832 0.995540 0.084055
vn 0.006671 0.999892 0.013069
vn 0.059773 0.994821 0.082204
vn 0.006123 0.999946 0.008407
vn 0.066744 0.995537 0.066726
vn 0.010393 0.999892 0.010381
vn 0.082292 0.994816 0.059738
vn 0.008426 0.999946 0.006106
vn 0.084129 0.995532 0.042868
vn 0.013097 0.999892 0.006672
vn 0.096763 0.994811 0.031438
vn 0.009905 0.999946 0.003198
vn 0.093276 0.995531 0.014762
vn 0.014519 0.999892 0.002256
vn 0.101751 0.994810 -0.000004
vn 0.010415 0.999946 0.000001
vn 0.093277 0.995531 -0.014761
vn 0.014519 0.999892 -0.002259
vn 0.888062 0.074760 -0.453605
vn 0.948288 0.071532 -0.309246
vn 0.806032 0.077744 -0.586744
vn 0.806121 0.075047 -0.586973
vn 0.888439 0.067813 -0.453959
vn 0.948964 0.059966 -0.309630
vn 0.704198 0.080375 -0.705440
vn 0.584951 0.082549 -0.806857
vn 0.584944 0.086965 -0.806398
vn 0.704118 0.081477 -0.705393
vn 0.451307 0.084134 -0.888394
vn 0.306610 0.085095 -0.948024
vn 0.307253 0.094590 -0.946915
vn 0.451576 0.091366 -0.887542
vn 0.154497 0.085413 -0.984294
vn -0.001269 0.085149 -0.996368
vn -0.000000 0.097213 -0.995264
vn 0.155507 0.096550 -0.983105
vn -0.156844 0.084357 -0.984014
vn -0.308427 0.083149 -0.947607
vn -0.307252 0.094590 -0.946915
vn -0.155507 0.096550 -0.983105
vn -0.452476 0.081579 -0.888037
vn -0.585585 0.079683 -0.806685
vn -0.584957 0.086965 -0.806388
vn -0.451580 0.091366 -0.887540
vn -0.704547 0.077429 -0.705421
vn -0.806412 0.074797 -0.586605
vn -0.806128 0.075048 -0.586963
vn -0.704133 0.081477 -0.705379
vn -0.888474 0.071790 -0.453277
vn -0.948590 0.068560 -0.308993
vn -0.948962 0.059967 -0.309637
vn -0.888438 0.067814 -0.453959
vn -0.985431 0.065225 -0.157074
vn -0.998084 0.061867 -0.001082
vn -0.999067 0.043176 -0.001296
vn -0.986169 0.051680 -0.157477
vn -0.986161 0.058505 0.155123
vn -0.949923 0.055232 0.307565
vn -0.951107 0.026324 0.307736
vn -0.987292 0.034647 0.155092
vn -0.890261 0.052117 0.452459
vn -0.808722 0.049285 0.586123
vn -0.809583 0.011079 0.586900
vn -0.891373 0.018395 0.452897
vn -0.707219 0.046798 0.705445
vn -0.588132 0.044712 0.807528
vn -0.588401 -0.001041 0.808568
vn -0.707740 0.004540 0.706459
vn -0.454504 0.043043 0.889704
vn -0.309870 0.041888 0.949856
vn -0.309386 -0.008829 0.950896
vn -0.454501 -0.005540 0.890729
vn -0.157606 0.041291 0.986638
vn -0.001275 0.041280 0.999147
vn -0.000010 -0.011514 0.999934
vn -0.156626 -0.010842 0.987599
vn 0.155266 0.041810 0.986988
vn 0.308110 0.042874 0.950384
vn 0.309395 -0.008829 0.950893
vn 0.156614 -0.010842 0.987600
vn 0.453382 0.044407 0.890209
vn 0.587409 0.046383 0.807960
vn 0.588420 -0.001040 0.808555
vn 0.454525 -0.005539 0.890717
vn 0.706766 0.048728 0.705767
vn 0.808482 0.051431 0.586269
vn 0.809580 0.011079 0.586905
vn 0.707746 0.004541 0.706452
vn 0.890134 0.054434 0.452436
vn 0.949803 0.057696 0.307482
vn 0.951106 0.026323 0.307743
vn 0.891368 0.018395 0.452907
vn 0.986014 0.061114 0.155053
vn 0.997909 0.064624 -0.001130
vn 0.999067 0.043176 -0.001295
vn 0.987292 0.034647 0.155092
vn 0.985221 0.068118 -0.157159
vn 0.986170 0.051679 -0.157472
vn 0.890012 0.054183 -0.452706
vn 0.950157 0.048169 -0.308030
vn 0.808012 0.059468 -0.586158
vn 0.809371 0.037775 -0.586082
vn 0.890998 0.040285 -0.452216
vn 0.950697 0.042090 -0.307251
vn 0.706174 0.063887 -0.705150
vn 0.587034 0.067339 -0.806756
vn 0.588675 0.030880 -0.807779
vn 0.707755 0.034612 -0.705610
vn 0.453495 0.069733 -0.888527
vn 0.308852 0.071018 -0.948455
vn 0.310053 0.022072 -0.950463
vn 0.454994 0.026663 -0.890095
vn 0.156609 0.071152 -0.985094
vn 0.000510 0.070142 -0.997537
vn 0.000775 0.012213 -0.999925
vn 0.157371 0.017212 -0.987390
vn -0.155660 0.068000 -0.985467
vn -0.308060 0.064789 -0.949158
vn -0.308726 0.002277 -0.951148
vn -0.155897 0.007190 -0.987747
vn -0.452970 0.060573 -0.889466
vn -0.586810 0.055467 -0.807823
vn -0.587944 -0.006747 -0.808874
vn -0.453944 -0.002409 -0.891027
vn -0.706261 0.049585 -0.706213
vn -0.808347 0.043083 -0.587128
vn -0.809342 -0.013961 -0.587171
vn -0.707392 -0.010631 -0.706742
vn -0.890531 0.036112 -0.453487
vn -0.950764 0.028852 -0.308569
vn -0.951225 -0.018654 -0.307935
vn -0.891283 -0.016658 -0.453142
vn -0.987528 0.021477 -0.155974
vn -0.999899 0.014177 0.000528
vn -0.999792 -0.020369 0.001397
vn -0.987686 -0.019902 -0.155181
vn -0.987570 0.007129 0.157018
vn -0.950852 0.000513 0.309645
vn -0.950400 -0.018948 0.310453
vn -0.987257 -0.020050 0.157868
vn -0.890677 -0.005512 0.454603
vn -0.808541 -0.010793 0.588341
vn -0.807997 -0.014542 0.589007
vn -0.890159 -0.017098 0.455330
vn -0.706511 -0.015205 0.707539
vn -0.587096 -0.018637 0.809303
vn -0.586594 -0.007591 0.809845
vn -0.705986 -0.011348 0.708135
vn -0.453276 -0.021012 0.891122
vn -0.308321 -0.022265 0.951022
vn -0.307903 0.001217 0.951417
vn -0.452819 -0.003370 0.891596
vn -0.155823 -0.022376 0.987531
vn 0.000501 -0.021334 0.999772
vn 0.000765 0.011019 0.999939
vn -0.155473 0.006051 0.987822
vn 0.156808 -0.019175 0.987443
vn 0.309296 -0.015942 0.950832
vn 0.309251 0.020864 0.950752
vn 0.156938 0.015996 0.987479
vn 0.454177 -0.011722 0.890835
vn 0.587878 -0.006613 0.808923
vn 0.587390 0.029797 0.808756
vn 0.453920 0.025502 0.890677
vn 0.707106 -0.000746 0.707107
vn 0.808925 0.005743 0.587884
vn 0.808063 0.036955 0.587936
vn 0.706407 0.033645 0.707006
vn 0.890821 0.012688 0.454177
vn 0.950759 0.019925 0.309290
vn 0.949892 0.041648 0.309792
vn 0.889898 0.039644 0.454433
vn 0.987253 0.027269 0.156809
vn 0.999403 0.034544 0.000529
vn 0.999056 0.043420 0.001398
vn 0.986583 0.042917 0.157520
vn 0.986928 0.041567 -0.155711
vn 0.987000 0.043142 -0.154823
vn 0.890668 0.035885 -0.453235
vn 0.950302 0.043419 -0.308288
vn 0.809051 0.027508 -0.587094
vn 0.808310 0.038991 -0.587465
vn 0.889855 0.048050 -0.453706
vn 0.949459 0.055767 -0.308898
vn 0.707418 0.018489 -0.706554
vn 0.588281 0.009054 -0.808606
vn 0.587762 0.017759 -0.808839
vn 0.706788 0.028811 -0.706838
vn 0.454562 -0.000566 -0.890715
vn 0.309611 -0.010128 -0.950809
vn 0.309314 -0.005855 -0.950942
vn 0.454162 0.006107 -0.890898
vn 0.157007 -0.019398 -0.987407
vn 0.000578 -0.028141 -0.999604
vn 0.000519 -0.029521 -0.999564
vn 0.156823 -0.017831 -0.987466
vn -0.155820 -0.036145 -0.987124
vn -0.308292 -0.043208 -0.950310
vn -0.307979 -0.050901 -0.950030
vn -0.155717 -0.040637 -0.986966
vn -0.453111 -0.049158 -0.890098
vn -0.586710 -0.053851 -0.808005
vn -0.585835 -0.067906 -0.807581
vn -0.452542 -0.060066 -0.889718
vn -0.705828 -0.057170 -0.706072
vn -0.807554 -0.059036 -0.586831
vn -0.806055 -0.078891 -0.586559
vn -0.704638 -0.074232 -0.705674
vn -0.889433 -0.059405 -0.453189
vn -0.949470 -0.058267 -0.308403
vn -0.947571 -0.082811 -0.308628
vn -0.887690 -0.081773 -0.453122
vn -0.986188 -0.055649 -0.156003
vn -0.998667 -0.051615 0.000293
vn -0.996852 -0.079285 -0.000569
vn -0.984264 -0.081974 -0.156539
vn -0.986572 -0.046262 0.156639
vn -0.950164 -0.039722 0.309209
vn -0.948932 -0.068630 0.307925
vn -0.984996 -0.074800 0.155527
vn -0.890310 -0.032154 0.454218
vn -0.808449 -0.023743 0.588087
vn -0.808022 -0.051845 0.586867
vn -0.889474 -0.060914 0.452908
vn -0.706599 -0.014702 0.707462
vn -0.587257 -0.005250 0.809383
vn -0.587443 -0.030547 0.808689
vn -0.706520 -0.041637 0.706468
vn -0.453414 0.004372 0.891290
vn -0.308376 0.013929 0.951163
vn -0.308708 -0.006836 0.951132
vn -0.453731 -0.018848 0.890939
vn -0.155792 0.023179 0.987518
vn 0.000568 0.031897 0.999491
vn 0.000508 0.016921 0.999857
vn -0.156022 0.005188 0.987740
vn 0.156812 0.039867 0.986824
vn 0.309125 0.046896 0.949865
vn 0.309438 0.038354 0.950146
vn 0.156949 0.028068 0.987208
vn 0.453721 0.052811 0.889578
vn 0.587075 0.057472 0.807490
vn 0.587518 0.055348 0.807316
vn 0.454141 0.047521 0.889662
vn 0.705949 0.060767 0.705651
vn 0.807485 0.062618 0.586555
vn 0.807684 0.066266 0.585880
vn 0.706308 0.061645 0.705216
vn 0.889231 0.062982 0.453102
vn 0.949202 0.061851 0.308529
vn 0.948932 0.070090 0.307596
vn 0.889203 0.069103 0.452264
vn 0.985922 0.059251 0.156356
vn 0.998473 0.055243 0.000296
vn 0.997788 0.066473 -0.000568
vn 0.985419 0.069206 0.155433
vn 0.986516 0.049923 -0.155866
vn 0.985717 0.061958 -0.156602
vn 0.888960 0.065971 -0.453209
vn 0.948486 0.072281 -0.308464
vn 0.807552 0.057747 -0.586963
vn 0.806521 0.075112 -0.586414
vn 0.887753 0.083733 -0.452640
vn 0.947136 0.090032 -0.307941
vn 0.706192 0.047809 -0.706405
vn 0.587311 0.036393 -0.808543
vn 0.586597 0.051775 -0.808222
vn 0.705339 0.064377 -0.705941
vn 0.453815 0.023780 -0.890779
vn 0.308999 0.010279 -0.951007
vn 0.308389 0.022248 -0.951000
vn 0.453191 0.037617 -0.890619
vn 0.156482 -0.003769 -0.987674
vn 0.000101 -0.018015 -0.999838
vn -0.000609 -0.010553 -0.999944
vn 0.155844 0.006056 -0.987763
vn -0.156208 -0.032099 -0.987202
vn -0.308511 -0.045669 -0.950124
vn -0.309277 -0.043325 -0.949985
vn -0.156963 -0.027153 -0.987231
vn -0.453017 -0.058387 -0.889588
vn -0.586147 -0.069939 -0.807181
vn -0.586640 -0.072780 -0.806571
vn -0.453690 -0.058660 -0.889227
vn -0.704652 -0.080042 -0.705024
vn -0.805670 -0.088457 -0.585723
vn -0.805496 -0.096024 -0.584770
vn -0.704845 -0.085333 -0.704210
vn -0.886833 -0.094982 -0.452224
vn -0.946236 -0.099469 -0.307804
vn -0.945249 -0.110869 -0.306941
vn -0.886242 -0.104600 -0.451259
vn -0.982505 -0.101810 -0.155942
vn -0.994789 -0.101955 -0.000314
vn -0.993253 -0.115969 0.000000
vn -0.981185 -0.114686 -0.155314
vn -0.982794 -0.099894 0.155364
vn -0.946776 -0.095680 0.307345
vn -0.945251 -0.110870 0.306934
vn -0.981186 -0.114686 0.155309
vn -0.887544 -0.089401 0.451966
vn -0.806461 -0.081210 0.585684
vn -0.805488 -0.096024 0.584781
vn -0.886242 -0.104600 0.451259
vn -0.705414 -0.071293 0.705201
vn -0.586815 -0.059892 0.807503
vn -0.586624 -0.072778 0.806583
vn -0.704827 -0.085331 0.704228
vn -0.453531 -0.047280 0.889985
vn -0.308844 -0.033773 0.950513
vn -0.309277 -0.043325 0.949984
vn -0.453685 -0.058660 0.889230
vn -0.156359 -0.019704 0.987504
vn 0.000089 -0.005433 0.999985
vn -0.000620 -0.010554 0.999944
vn -0.156966 -0.027153 0.987231
vn 0.156562 0.008685 0.987630
vn 0.309135 0.022291 0.950757
vn 0.308400 0.022249 0.950997
vn 0.155833 0.006055 0.987765
vn 0.453945 0.035044 0.890341
vn 0.587385 0.046624 0.807963
vn 0.586621 0.051777 0.808205
vn 0.453219 0.037620 0.890605
vn 0.706181 0.056750 0.705753
vn 0.807477 0.065176 0.586287
vn 0.806517 0.075112 0.586420
vn 0.705348 0.064378 0.705932
vn 0.888853 0.071705 0.452548
vn 0.948393 0.076183 0.307812
vn 0.947134 0.090032 0.307948
vn 0.887747 0.083732 0.452652
vn 0.984690 0.078508 0.155634
vn 0.996904 0.078624 -0.000314
vn 0.995462 0.095159 0.000001
vn 0.983312 0.093872 0.155837
vn 0.984746 0.076533 -0.156262
vn 0.983313 0.093872 -0.155835
vn 0.886545 0.097006 -0.452359
vn 0.945759 0.104193 -0.307709
vn 0.805497 0.087169 -0.586154
vn 0.807163 0.046603 -0.588486
vn 0.889021 0.056272 -0.454395
vn 0.948878 0.063342 -0.309222
vn 0.704488 0.074910 -0.705751
vn 0.585870 0.060513 -0.808143
vn 0.585810 0.020498 -0.810189
vn 0.705288 0.034586 -0.708077
vn 0.452538 0.044332 -0.890642
vn 0.307745 0.026759 -0.951093
vn 0.306429 -0.012380 -0.951813
vn 0.451764 0.004719 -0.892125
vn 0.155191 0.008245 -0.987850
vn -0.001286 -0.010745 -0.999941
vn -0.002836 -0.048681 -0.998810
vn 0.153630 -0.030321 -0.987663
vn -0.157604 -0.029715 -0.987055
vn -0.309820 -0.048187 -0.949573
vn -0.310468 -0.084695 -0.946803
vn -0.158814 -0.066947 -0.985036
vn -0.454022 -0.065685 -0.888566
vn -0.586672 -0.081782 -0.805685
vn -0.585625 -0.116825 -0.802120
vn -0.453871 -0.101443 -0.885274
vn -0.704486 -0.096078 -0.703184
vn -0.804714 -0.108240 -0.583711
vn -0.801798 -0.142012 -0.580476
vn -0.702476 -0.130439 -0.699652
vn -0.885043 -0.117986 -0.450309
vn -0.943704 -0.125106 -0.306221
vn -0.939373 -0.158018 -0.304316
vn -0.881326 -0.151260 -0.447644
vn -0.979410 -0.129437 -0.154928
vn -0.991397 -0.130893 0.000000
vn -0.986543 -0.163501 -0.000000
vn -0.974690 -0.162117 -0.153942
vn -0.979411 -0.129437 0.154923
vn -0.943707 -0.125106 0.306213
vn -0.939376 -0.158018 0.304307
vn -0.974690 -0.162117 0.153938
vn -0.885043 -0.117986 0.450308
vn -0.804706 -0.108240 0.583723
vn -0.801789 -0.142012 0.580488
vn -0.881327 -0.151261 0.447642
vn -0.704469 -0.096076 0.703202
vn -0.586656 -0.081780 0.805696
vn -0.585609 -0.116823 0.802132
vn -0.702457 -0.130437 0.699671
vn -0.454017 -0.065684 0.888569
vn -0.309820 -0.048187 0.949573
vn -0.310468 -0.084695 0.946803
vn -0.453866 -0.101442 0.885277
vn -0.157606 -0.029715 0.987055
vn -0.001297 -0.010746 0.999941
vn -0.002847 -0.048682 0.998810
vn -0.158817 -0.066947 0.985036
vn 0.155180 0.008244 0.987852
vn 0.307755 0.026760 0.951089
vn 0.306438 -0.012378 0.951810
vn 0.153618 -0.030322 0.987665
vn 0.452566 0.044335 0.890628
vn 0.585893 0.060516 0.808126
vn 0.585833 0.020501 0.810173
vn 0.451791 0.004722 0.892111
vn 0.704498 0.074911 0.705742
vn 0.805493 0.087168 0.586160
vn 0.807160 0.046603 0.588491
vn 0.705298 0.034587 0.708067
vn 0.886538 0.097006 0.452371
vn 0.945756 0.104192 0.307716
vn 0.948876 0.063342 0.309229
vn 0.889015 0.056271 0.454408
vn 0.981819 0.108570 0.155705
vn 0.993927 0.110039 0.000001
vn 0.997610 0.069102 0.000001
vn 0.985357 0.067656 0.156506
vn 0.981820 0.108570 -0.155702
vn 0.985357 0.067656 -0.156504
vn 0.887806 -0.075461 -0.453990
vn 0.948307 -0.071582 -0.309176
vn 0.805253 -0.080779 -0.587403
vn 0.809015 -0.000002 -0.587788
vn 0.891006 0.000002 -0.453993
vn 0.951056 -0.000002 -0.309018
vn 0.874602 0.190998 -0.445636
vn 0.933545 0.191011 -0.303329
vn 0.794120 0.191011 -0.576964
vn 0.801840 0.132904 -0.582571
vn 0.883104 0.132891 -0.449965
vn 0.942620 0.132904 -0.306275
vn 0.702806 -0.087341 -0.706000
vn 0.583010 -0.095030 -0.806889
vn 0.587783 -0.000002 -0.809019
vn 0.707105 0.000002 -0.707108
vn 0.694088 0.190998 -0.694090
vn 0.576961 0.191010 -0.794123
vn 0.582571 0.132904 -0.801840
vn 0.700835 0.132891 -0.700835
vn 0.449018 -0.103588 -0.887498
vn 0.304130 -0.112850 -0.945923
vn 0.309016 -0.000001 -0.951057
vn 0.453988 0.000002 -0.891008
vn 0.445631 0.190998 -0.874604
vn 0.303327 0.191010 -0.933546
vn 0.306276 0.132904 -0.942620
vn 0.449965 0.132891 -0.883104
vn 0.152161 -0.122518 -0.980733
vn -0.003204 -0.132407 -0.991190
vn 0.000003 -0.000002 -1.000000
vn 0.156434 0.000002 -0.987688
vn 0.153555 0.190998 -0.969505
vn 0.000004 0.191009 -0.981588
vn 0.000005 0.132904 -0.991129
vn 0.155049 0.132891 -0.978928
vn -0.157922 -0.142208 -0.977158
vn -0.308321 -0.151739 -0.939103
vn -0.309013 -0.000004 -0.951058
vn -0.156430 0.000000 -0.987689
vn -0.153548 0.190996 -0.969507
vn -0.303323 0.191009 -0.933548
vn -0.306272 0.132904 -0.942621
vn -0.155040 0.132890 -0.978929
vn -0.450586 -0.160711 -0.878148
vn -0.581427 -0.168968 -0.795860
vn -0.587803 -0.000003 -0.809004
vn -0.453993 -0.000001 -0.891005
vn -0.445637 0.190996 -0.874602
vn -0.576984 0.191009 -0.794106
vn -0.582596 0.132904 -0.801822
vn -0.449971 0.132890 -0.883101
vn -0.697618 -0.176266 -0.694449
vn -0.796531 -0.182488 -0.576400
vn -0.809026 0.000001 -0.587773
vn -0.707130 0.000003 -0.707084
vn -0.694114 0.190997 -0.694065
vn -0.794132 0.191010 -0.576948
vn -0.801854 0.132904 -0.582552
vn -0.700864 0.132890 -0.700806
vn -0.875853 -0.187455 -0.444682
vn -0.933827 -0.191099 -0.302403
vn -0.951053 -0.000000 -0.309027
vn -0.891006 0.000005 -0.453992
vn -0.874603 0.190998 -0.445634
vn -0.933542 0.191011 -0.303337
vn -0.942617 0.132904 -0.306285
vn -0.883104 0.132890 -0.449964
vn -0.969135 -0.193303 -0.153010
vn -0.980991 -0.194054 0.000000
vn -1.000000 -0.000002 0.000000
vn -0.987687 0.000002 -0.156442
vn -0.969504 0.190998 -0.153561
vn -0.981588 0.191011 0.000001
vn -0.991129 0.132904 0.000000
vn -0.978927 0.132891 -0.155053
vn -0.969135 -0.193303 0.153005
vn -0.933830 -0.191101 0.302395
vn -0.951056 -0.000002 0.309019
vn -0.987688 0.000002 0.156436
vn -0.969505 0.190998 0.153556
vn -0.933545 0.191011 0.303329
vn -0.942620 0.132904 0.306275
vn -0.978928 0.132890 0.155047
vn -0.875853 -0.187458 0.444680
vn -0.796522 -0.182490 0.576411
vn -0.809016 -0.000002 0.587787
vn -0.891005 0.000002 0.453993
vn -0.874603 0.190998 0.445635
vn -0.794120 0.191011 0.576965
vn -0.801841 0.132904 0.582570
vn -0.883104 0.132890 0.449963
vn -0.697596 -0.176266 0.694471
vn -0.581409 -0.168967 0.795873
vn -0.587782 -0.000002 0.809020
vn -0.707104 0.000002 0.707110
vn -0.694087 0.190998 0.694091
vn -0.576961 0.191010 0.794123
vn -0.582572 0.132904 0.801840
vn -0.700835 0.132890 0.700835
vn -0.450582 -0.160709 0.878151
vn -0.308321 -0.151737 0.939103
vn -0.309015 -0.000003 0.951057
vn -0.453988 0.000002 0.891008
vn -0.445631 0.190997 0.874605
vn -0.303326 0.191010 0.933546
vn -0.306276 0.132904 0.942620
vn -0.449965 0.132891 0.883104
vn -0.157926 -0.142207 0.977157
vn -0.003214 -0.132407 0.991190
vn -0.000009 -0.000001 1.000000
vn -0.156436 0.000002 0.987688
vn -0.153555 0.190998 0.969505
vn -0.000007 0.191010 0.981588
vn -0.000007 0.132904 0.991129
vn -0.155049 0.132891 0.978928
vn 0.152150 -0.122518 0.980734
vn 0.304139 -0.112850 0.945920
vn 0.309024 -0.000001 0.951054
vn 0.156425 0.000003 0.987690
vn 0.153547 0.190999 0.969506
vn 0.303333 0.191012 0.933544
vn 0.306282 0.132905 0.942617
vn 0.155042 0.132891 0.978929
vn 0.449043 -0.103586 0.887486
vn 0.583031 -0.095029 0.806873
vn 0.587804 -0.000003 0.809003
vn 0.454011 0.000001 0.890996
vn 0.445651 0.190998 0.874594
vn 0.576981 0.191009 0.794109
vn 0.582591 0.132903 0.801826
vn 0.449982 0.132891 0.883095
vn 0.702816 -0.087339 0.705990
vn 0.805251 -0.080778 0.587405
vn 0.809015 -0.000001 0.587788
vn 0.707116 0.000001 0.707098
vn 0.694099 0.190996 0.694080
vn 0.794121 0.191009 0.576964
vn 0.801842 0.132903 0.582569
vn 0.700848 0.132889 0.700823
vn 0.887800 -0.075460 0.454001
vn 0.948305 -0.071581 0.309183
vn 0.951054 -0.000001 0.309025
vn 0.891001 0.000003 0.454001
vn 0.874598 0.190998 0.445643
vn 0.933543 0.191011 0.303336
vn 0.942617 0.132904 0.306282
vn 0.883101 0.132890 0.449971
vn 0.985243 -0.069191 0.156556
vn 0.997658 -0.068404 0.000001
vn 1.000000 -0.000002 0.000001
vn 0.987688 0.000002 0.156438
vn 0.969505 0.190999 0.153557
vn 0.981588 0.191011 0.000000
vn 0.991129 0.132904 0.000000
vn 0.978928 0.132891 0.155049
vn 0.985243 -0.069191 -0.156553
vn 0.987688 0.000002 -0.156434
vn 0.969505 0.190998 -0.153555
vn 0.978928 0.132891 -0.155046
vn 0.890631 -0.000189 -0.454728
vn 0.950878 -0.002410 -0.309558
vn 0.808375 0.002850 -0.588661
vn 0.807335 -0.052880 -0.587719
vn 0.889179 -0.058075 -0.453859
vn 0.949083 -0.061879 -0.308890
vn 0.706178 0.006616 -0.708003
vn 0.586541 0.011032 -0.809845
vn 0.586300 -0.038850 -0.809162
vn 0.705559 -0.046419 -0.707129
vn 0.452484 0.015969 -0.891630
vn 0.307275 0.021322 -0.951382
vn 0.307506 -0.021161 -0.951311
vn 0.452533 -0.030361 -0.891231
vn 0.154599 0.026940 -0.987610
vn -0.001842 0.032700 -0.999463
vn -0.001590 -0.001557 -0.999998
vn 0.154889 -0.011480 -0.987865
vn -0.158090 0.038442 -0.986676
vn -0.310383 0.044043 -0.949591
vn -0.310405 0.018019 -0.950434
vn -0.157958 0.008356 -0.987410
vn -0.454892 0.049347 -0.889178
vn -0.588154 0.054243 -0.806928
vn -0.588482 0.035640 -0.807724
vn -0.455081 0.027188 -0.890035
vn -0.706833 0.058594 -0.704949
vn -0.808096 0.062312 -0.585746
vn -0.808586 0.049582 -0.586285
vn -0.707266 0.043165 -0.705629
vn -0.889481 0.065292 -0.452284
vn -0.949062 0.067479 -0.307780
vn -0.949576 0.058510 -0.308029
vn -0.889995 0.054737 -0.452672
vn -0.985391 0.068808 -0.155789
vn -0.997599 0.069258 0.000000
vn -0.998102 0.061582 0.000001
vn -0.985898 0.060810 -0.155908
vn -0.985392 0.068808 0.155782
vn -0.949065 0.067480 0.307769
vn -0.949580 0.058510 0.308017
vn -0.985899 0.060810 0.155901
vn -0.889481 0.065293 0.452283
vn -0.808083 0.062311 0.585764
vn -0.808573 0.049581 0.586303
vn -0.889996 0.054737 0.452671
vn -0.706803 0.058593 0.704980
vn -0.588128 0.054242 0.806947
vn -0.588456 0.035638 0.807743
vn -0.707235 0.043163 0.705660
vn -0.454886 0.049347 0.889182
vn -0.310387 0.044043 0.949589
vn -0.310410 0.018020 0.950432
vn -0.455074 0.027187 0.890038
vn -0.158100 0.038443 0.986675
vn -0.001853 0.032701 0.999463
vn -0.001601 -0.001557 0.999998
vn -0.157968 0.008357 0.987409
vn 0.154592 0.026940 0.987611
vn 0.307282 0.021322 0.951380
vn 0.307512 -0.021161 0.951309
vn 0.154882 -0.011480 0.987866
vn 0.452501 0.015969 0.891621
vn 0.586560 0.011031 0.809831
vn 0.586319 -0.038851 0.809148
vn 0.452550 -0.030363 0.891222
vn 0.706192 0.006616 0.707989
vn 0.808378 0.002849 0.588657
vn 0.807338 -0.052880 0.587716
vn 0.705572 -0.046419 0.707117
vn 0.890627 -0.000189 0.454734
vn 0.950875 -0.002410 0.309566
vn 0.949080 -0.061879 0.308898
vn 0.889176 -0.058075 0.453865
vn 0.987636 -0.003771 0.156718
vn 0.999991 -0.004224 0.000001
vn 0.997887 -0.064978 0.000001
vn 0.985612 -0.064198 0.156357
vn 0.987637 -0.003771 -0.156714
vn 0.985613 -0.064198 -0.156353
vn 0.888664 -0.072234 -0.452834
vn 0.948268 -0.076436 -0.308133
vn 0.807202 -0.066493 -0.586519
vn 0.807818 -0.066272 -0.585695
vn 0.889045 -0.071843 -0.452147
vn 0.948472 -0.075920 -0.307631
vn 0.705826 -0.059346 -0.705895
vn 0.586975 -0.050968 -0.807999
vn 0.588115 -0.051197 -0.807155
vn 0.706691 -0.059333 -0.705030
vn 0.453543 -0.041560 -0.890265
vn 0.308801 -0.031355 -0.950610
vn 0.310380 -0.032134 -0.950069
vn 0.454908 -0.042054 -0.889545
vn 0.156334 -0.020604 -0.987489
vn -0.000066 -0.009576 -0.999954
vn 0.001689 -0.010936 -0.999939
vn 0.158021 -0.021672 -0.987198
vn -0.156495 0.001456 -0.987678
vn -0.309053 0.012215 -0.950966
vn -0.307473 0.010304 -0.951501
vn -0.154804 -0.000185 -0.987945
vn -0.453939 0.022434 -0.890750
vn -0.587560 0.031859 -0.808554
vn -0.586454 0.029479 -0.809446
vn -0.452584 0.020278 -0.891491
vn -0.706599 0.040257 -0.706468
vn -0.808145 0.047419 -0.587072
vn -0.807641 0.044688 -0.587979
vn -0.705804 0.037686 -0.707404
vn -0.889760 0.053178 -0.453320
vn -0.949492 0.057391 -0.308497
vn -0.949482 0.054444 -0.309062
vn -0.889535 0.050321 -0.454088
vn -0.985912 0.059961 -0.156148
vn -0.998149 0.060824 0.000000
vn -0.998328 0.057804 -0.000000
vn -0.986043 0.056959 -0.156442
vn -0.985913 0.059961 0.156141
vn -0.949496 0.057391 0.308485
vn -0.949486 0.054444 0.309050
vn -0.986044 0.056960 0.156436
vn -0.889761 0.053178 0.453319
vn -0.808132 0.047418 0.587090
vn -0.807627 0.044687 0.587998
vn -0.889536 0.050321 0.454085
vn -0.706568 0.040254 0.706499
vn -0.587533 0.031857 0.808573
vn -0.586427 0.029478 0.809465
vn -0.705772 0.037684 0.707436
vn -0.453932 0.022434 0.890754
vn -0.309059 0.012215 0.950965
vn -0.307478 0.010304 0.951499
vn -0.452578 0.020278 0.891494
vn -0.156504 0.001457 0.987676
vn -0.000077 -0.009575 0.999954
vn 0.001678 -0.010935 0.999939
vn -0.154813 -0.000184 0.987944
vn 0.156327 -0.020604 0.987490
vn 0.308807 -0.031356 0.950608
vn 0.310386 -0.032134 0.950067
vn 0.158014 -0.021671 0.987199
vn 0.453560 -0.041561 0.890256
vn 0.586995 -0.050969 0.807985
vn 0.588134 -0.051199 0.807141
vn 0.454925 -0.042056 0.889536
vn 0.705838 -0.059347 0.705883
vn 0.807204 -0.066493 0.586516
vn 0.807820 -0.066272 0.585692
vn 0.706703 -0.059334 0.705018
vn 0.888661 -0.072234 0.452840
vn 0.948265 -0.076436 0.308141
vn 0.948469 -0.075920 0.307640
vn 0.889042 -0.071843 0.452154
vn 0.984599 -0.078997 0.155960
vn 0.996806 -0.079858 0.000001
vn 0.996856 -0.079238 0.000002
vn 0.984688 -0.078403 0.155701
vn 0.984600 -0.078997 -0.155955
vn 0.984689 -0.078403 -0.155696
vn 0.890261 -0.053261 -0.452325
vn 0.949793 -0.056282 -0.307775
vn 0.808921 -0.049133 -0.585861
vn 0.809017 -0.000000 -0.587786
vn 0.891007 0.000000 -0.453989
vn 0.951058 0.000000 -0.309014
vn 0.891007 0.000000 -0.453990
vn 0.951058 0.000000 -0.309013
vn 0.809017 0.000000 -0.587786
vn 0.809017 -0.000000 -0.587786
vn 0.891007 0.000000 -0.453990
vn 0.951058 0.000000 -0.309013
vn 0.707682 -0.043993 -0.705160
vn 0.589033 -0.037969 -0.807217
vn 0.587786 0.000000 -0.809017
vn 0.707107 -0.000000 -0.707106
vn 0.707107 0.000000 -0.707107
vn 0.587785 0.000000 -0.809017
vn 0.587785 -0.000000 -0.809017
vn 0.707107 0.000000 -0.707107
vn 0.455772 -0.031198 -0.889550
vn 0.311239 -0.023855 -0.950032
vn 0.309017 -0.000000 -0.951057
vn 0.453991 0.000000 -0.891006
vn 0.453991 -0.000000 -0.891006
vn 0.309017 -0.000000 -0.951057
vn 0.309017 -0.000000 -0.951057
vn 0.453991 0.000000 -0.891007
vn 0.158877 -0.016109 -0.987167
vn 0.002560 -0.008160 -0.999963
vn 0.000005 0.000000 -1.000000
vn 0.156436 -0.000000 -0.987688
vn 0.156436 -0.000000 -0.987688
vn 0.000005 0.000000 -1.000000
vn 0.000005 -0.000000 -1.000000
vn 0.156436 0.000000 -0.987688
vn -0.153966 -0.000196 -0.988076
vn -0.306695 0.007576 -0.951778
vn -0.309015 0.000001 -0.951057
vn -0.156428 0.000000 -0.987689
vn -0.156428 0.000000 -0.987689
vn -0.309017 0.000000 -0.951056
vn -0.309018 0.000000 -0.951056
vn -0.156428 0.000000 -0.987689
vn -0.451946 0.014972 -0.891920
vn -0.586000 0.021799 -0.810018
vn -0.587811 0.000001 -0.808998
vn -0.454000 0.000001 -0.891002
vn -0.454001 0.000000 -0.891001
vn -0.587808 0.000000 -0.809001
vn -0.587807 0.000000 -0.809001
vn -0.454002 0.000000 -0.891001
vn -0.705600 0.027893 -0.708061
vn -0.807705 0.033095 -0.588657
vn -0.809028 -0.000002 -0.587770
vn -0.707134 -0.000000 -0.707080
vn -0.707129 -0.000000 -0.707085
vn -0.809025 -0.000000 -0.587774
vn -0.809024 -0.000000 -0.587775
vn -0.707128 -0.000000 -0.707086
vn -0.889867 0.037284 -0.454694
vn -0.950035 0.040351 -0.309523
vn -0.951054 -0.000001 -0.309025
vn -0.891006 -0.000002 -0.453992
vn -0.891004 -0.000000 -0.453995
vn -0.951054 -0.000000 -0.309025
vn -0.951054 -0.000000 -0.309025
vn -0.891004 -0.000000 -0.453995
vn -0.986745 0.042223 -0.156689
vn -0.999081 0.042852 -0.000000
vn -1.000000 -0.000000 0.000000
vn -0.987688 -0.000000 -0.156438
vn -0.987688 -0.000000 -0.156437
vn -1.000000 0.000000 0.000000
vn -1.000000 0.000000 0.000000
vn -0.987688 -0.000000 -0.156437
vn -0.986746 0.042223 0.156683
vn -0.950039 0.040351 0.309512
vn -0.951057 -0.000002 0.309015
vn -0.987689 -0.000001 0.156432
vn -0.987689 -0.000000 0.156431
vn -0.951057 -0.000000 0.309015
vn -0.951057 -0.000000 0.309015
vn -0.987689 0.000000 0.156430
vn -0.889868 0.037284 0.454693
vn -0.807691 0.033095 0.588677
vn -0.809012 0.000000 0.587792
vn -0.891005 -0.000001 0.453994
vn -0.891003 -0.000000 0.453997
vn -0.809009 0.000000 0.587796
vn -0.809008 0.000000 0.587798
vn -0.891003 -0.000000 0.453998
vn -0.705568 0.027892 0.708093
vn -0.585974 0.021799 0.810036
vn -0.587786 0.000003 0.809017
vn -0.707102 0.000002 0.707111
vn -0.707098 0.000000 0.707116
vn -0.587785 0.000000 0.809017
vn -0.587785 0.000000 0.809017
vn -0.707097 0.000000 0.707117
vn -0.451941 0.014972 0.891922
vn -0.306701 0.007576 0.951776
vn -0.309024 0.000001 0.951054
vn -0.453998 0.000003 0.891003
vn -0.454001 0.000000 0.891001
vn -0.309027 0.000000 0.951053
vn -0.309028 0.000000 0.951053
vn -0.454003 0.000000 0.891000
vn -0.153975 -0.000196 0.988075
vn 0.002548 -0.008160 0.999964
vn -0.000006 -0.000000 1.000000
vn -0.156438 0.000000 0.987688
vn -0.156439 0.000000 0.987688
vn -0.000006 -0.000000 1.000000
vn -0.000006 -0.000000 1.000000
vn -0.156439 0.000000 0.987688
vn 0.158869 -0.016108 0.987168
vn 0.311246 -0.023855 0.950030
vn 0.309023 0.000000 0.951055
vn 0.156429 -0.000000 0.987689
vn 0.156428 -0.000000 0.987689
vn 0.309023 0.000000 0.951055
vn 0.309023 -0.000000 0.951055
vn 0.156428 0.000000 0.987689
vn 0.455790 -0.031199 0.889540
vn 0.589051 -0.037969 0.807203
vn 0.587805 0.000000 0.809002
vn 0.454008 0.000000 0.890998
vn 0.454008 0.000000 0.890997
vn 0.587805 -0.000000 0.809003
vn 0.587805 -0.000000 0.809003
vn 0.454008 0.000000 0.890998
vn 0.707695 -0.043993 0.705147
vn 0.808922 -0.049133 0.585859
vn 0.809017 -0.000001 0.587785
vn 0.707119 -0.000000 0.707094
vn 0.707118 -0.000000 0.707095
vn 0.809015 -0.000000 0.587789
vn 0.809014 -0.000000 0.587789
vn 0.707118 -0.000000 0.707096
vn 0.890257 -0.053261 0.452333
vn 0.949790 -0.056282 0.307785
vn 0.951054 -0.000002 0.309025
vn 0.891002 -0.000001 0.454000
vn 0.890999 -0.000000 0.454005
vn 0.951053 -0.000000 0.309027
vn 0.951053 -0.000000 0.309028
vn 0.890999 -0.000000 0.454005
vn 0.986080 -0.058123 0.155784
vn 0.998273 -0.058742 0.000001
vn 1.000000 -0.000000 0.000001
vn 0.987688 -0.000001 0.156438
vn 0.987688 -0.000000 0.156438
vn 1.000000 -0.000000 0.000001
vn 1.000000 -0.000000 0.000001
vn 0.987688 -0.000000 0.156438
vn 0.986080 -0.058123 -0.155779
vn 0.987689 0.000000 -0.156432
vn 0.987689 0.000000 -0.156431
vn 0.987689 0.000000 -0.156431
vn 0.891001 -0.002005 -0.453997
vn 0.951054 -0.002031 -0.309018
vn 0.809008 -0.001969 -0.587795
vn 0.808942 -0.011251 -0.587780
vn 0.890935 -0.011453 -0.453986
vn 0.950988 -0.011601 -0.309012
vn 0.707094 -0.001925 -0.707117
vn 0.587770 -0.001874 -0.809026
vn 0.587708 -0.010704 -0.809003
vn 0.707031 -0.010999 -0.707097
vn 0.453973 -0.001816 -0.891014
vn 0.308997 -0.001753 -0.951061
vn 0.308941 -0.010016 -0.951029
vn 0.453913 -0.010374 -0.890985
vn 0.156415 -0.001687 -0.987690
vn -0.000016 -0.001620 -0.999999
vn -0.000062 -0.009253 -0.999957
vn 0.156364 -0.009639 -0.987652
vn -0.156449 -0.001552 -0.987685
vn -0.309037 -0.001486 -0.951049
vn -0.309068 -0.008490 -0.951002
vn -0.156487 -0.008866 -0.987640
vn -0.454019 -0.001424 -0.890991
vn -0.587821 -0.001366 -0.808990
vn -0.587833 -0.007802 -0.808944
vn -0.454040 -0.008132 -0.890944
vn -0.707138 -0.001314 -0.707075
vn -0.809031 -0.001270 -0.587765
vn -0.809026 -0.007256 -0.587728
vn -0.707141 -0.007507 -0.707033
vn -0.891008 -0.001235 -0.453987
vn -0.951055 -0.001209 -0.309018
vn -0.951038 -0.006905 -0.308997
vn -0.890996 -0.007053 -0.453957
vn -0.987688 -0.001193 -0.156433
vn -0.999999 -0.001188 0.000000
vn -0.999977 -0.006785 0.000000
vn -0.987667 -0.006815 -0.156423
vn -0.987689 -0.001193 0.156426
vn -0.951058 -0.001209 0.309009
vn -0.951041 -0.006905 0.308988
vn -0.987668 -0.006815 0.156416
vn -0.891006 -0.001235 0.453989
vn -0.809014 -0.001270 0.587787
vn -0.809010 -0.007256 0.587751
vn -0.890994 -0.007053 0.453960
vn -0.707107 -0.001314 0.707106
vn -0.587798 -0.001366 0.809006
vn -0.587811 -0.007802 0.808961
vn -0.707110 -0.007507 0.707064
vn -0.454020 -0.001424 0.890990
vn -0.309048 -0.001486 0.951045
vn -0.309079 -0.008490 0.950999
vn -0.454041 -0.008132 0.890944
vn -0.156460 -0.001552 0.987683
vn -0.000028 -0.001620 0.999999
vn -0.000073 -0.009253 0.999957
vn -0.156498 -0.008866 0.987639
vn 0.156407 -0.001687 0.987691
vn 0.309003 -0.001753 0.951060
vn 0.308947 -0.010016 0.951027
vn 0.156356 -0.009639 0.987654
vn 0.453990 -0.001816 0.891005
vn 0.587790 -0.001874 0.809012
vn 0.587727 -0.010704 0.808988
vn 0.453931 -0.010374 0.890976
vn 0.707106 -0.001925 0.707105
vn 0.809005 -0.001969 0.587799
vn 0.808940 -0.011251 0.587784
vn 0.707042 -0.010999 0.707086
vn 0.890993 -0.002005 0.454014
vn 0.951049 -0.002031 0.309034
vn 0.950983 -0.011601 0.309027
vn 0.890927 -0.011453 0.454003
vn 0.987685 -0.002046 0.156441
vn 0.999998 -0.002052 0.000001
vn 0.999931 -0.011722 0.000001
vn 0.987619 -0.011692 0.156437
vn 0.987686 -0.002046 -0.156433
vn 0.987620 -0.011692 -0.156430
vn -0.156380 -0.035093 0.987073
vn -0.308889 -0.033608 0.950504
vn -0.000044 -0.036627 0.999329
vn 0.000508 -0.085688 0.996322
vn -0.155414 -0.082131 0.984429
vn -0.307605 -0.078671 0.948256
vn -0.453799 -0.032186 0.890523
vn -0.587530 -0.030884 0.808613
vn -0.452309 -0.075368 0.888671
vn -0.585908 -0.072330 0.807143
vn -0.706803 -0.029714 0.706786
vn -0.808687 -0.028724 0.587537
vn -0.705126 -0.069606 0.705658
vn -0.806996 -0.067290 0.586711
vn -0.890663 -0.027918 0.453806
vn -0.950705 -0.027337 0.308888
vn -0.888989 -0.065414 0.453233
vn -0.949055 -0.064051 0.308533
vn -0.987331 -0.026974 0.156367
vn -0.999639 -0.026859 0.000000
vn -0.985702 -0.063208 0.156196
vn -0.998018 -0.062934 0.000000
vn -0.987330 -0.026974 -0.156374
vn -0.950703 -0.027337 -0.308897
vn -0.985700 -0.063208 -0.156203
vn -0.949052 -0.064050 -0.308541
vn -0.890665 -0.027918 -0.453803
vn -0.808704 -0.028724 -0.587515
vn -0.888991 -0.065413 -0.453229
vn -0.807012 -0.067289 -0.586689
vn -0.706834 -0.029713 -0.706755
vn -0.587552 -0.030884 -0.808597
vn -0.705157 -0.069605 -0.705627
vn -0.585929 -0.072329 -0.807128
vn -0.453797 -0.032186 -0.890524
vn -0.308878 -0.033608 -0.950508
vn -0.452306 -0.075368 -0.888672
vn -0.307594 -0.078672 -0.948260
vn -0.156369 -0.035093 -0.987075
vn -0.000033 -0.036627 -0.999329
vn -0.155403 -0.082131 -0.984431
vn 0.000520 -0.085688 -0.996322
vn 0.156285 -0.038150 -0.986975
vn 0.308740 -0.039648 -0.950320
vn 0.156307 -0.089227 -0.983670
vn 0.308151 -0.092689 -0.946811
vn 0.453578 -0.041058 -0.890270
vn 0.587233 -0.042373 -0.808308
vn 0.452298 -0.095962 -0.886689
vn 0.585234 -0.098991 -0.804799
vn 0.706418 -0.043533 -0.706455
vn 0.808201 -0.044536 -0.587220
vn 0.703695 -0.101678 -0.703189
vn 0.804808 -0.103983 -0.584356
vn 0.890084 -0.045331 -0.453538
vn 0.950051 -0.045925 -0.308698
vn 0.886108 -0.105825 -0.451236
vn 0.945628 -0.107184 -0.307082
vn 0.986630 -0.046276 -0.156269
vn 0.998923 -0.046403 0.000001
vn 0.981924 -0.108002 -0.155437
vn 0.994120 -0.108285 0.000000
vn 0.986629 -0.046276 0.156275
vn 0.950046 -0.045925 0.308713
vn 0.981923 -0.108002 0.155443
vn 0.945623 -0.107184 0.307097
vn 0.890075 -0.045330 0.453554
vn 0.808199 -0.044536 0.587224
vn 0.886100 -0.105824 0.451252
vn 0.804806 -0.103983 0.584359
vn 0.706429 -0.043532 0.706444
vn 0.587252 -0.042373 0.808294
vn 0.703706 -0.101678 0.703178
vn 0.585253 -0.098992 0.804785
vn 0.453595 -0.041059 0.890261
vn 0.308746 -0.039648 0.950318
vn 0.452316 -0.095962 0.886680
vn 0.308158 -0.092690 0.946809
vn 0.156278 -0.038150 0.986976
vn 0.156300 -0.089228 0.983671
vn 0.156664 0.103059 0.982260
vn 0.001077 0.106620 0.994299
vn 0.308463 0.099715 0.945996
vn -0.154419 0.110046 0.981858
vn -0.306049 0.113516 0.945224
vn -0.450031 0.116682 0.885357
vn -0.582847 0.119727 0.803713
vn -0.701236 0.122317 0.702358
vn -0.802321 0.124646 0.583733
vn -0.883628 0.126406 0.450804
vn -0.943153 0.127803 0.306805
vn -0.979466 0.128555 0.155303
vn -0.991659 0.128891 0.000000
vn -0.979465 0.128555 -0.155310
vn -0.943151 0.127804 -0.306811
vn -0.883631 0.126407 -0.450797
vn -0.802337 0.124648 -0.583710
vn -0.701268 0.122319 -0.702326
vn -0.582870 0.119728 -0.803697
vn -0.450030 0.116681 -0.885358
vn -0.306038 0.113514 -0.945228
vn -0.154408 0.110045 -0.981860
vn 0.001089 0.106621 -0.994299
vn 0.156669 0.103058 -0.982260
vn 0.308453 0.099714 -0.945999
vn 0.452741 0.096401 -0.886416
vn 0.585919 0.093475 -0.804961
vn 0.704737 0.090735 -0.703643
vn 0.806217 0.088522 -0.584960
vn 0.887883 0.086612 -0.451843
vn 0.947692 0.085336 -0.307567
vn 0.984188 0.084444 -0.155702
vn 0.996446 0.084239 -0.000001
vn 0.984186 0.084443 0.155713
vn 0.947686 0.085336 0.307586
vn 0.887876 0.086612 0.451857
vn 0.806212 0.088521 0.584967
vn 0.704747 0.090733 0.703633
vn 0.585941 0.093475 0.804944
vn 0.452762 0.096401 0.886405
s 1
g pCylinder1
usemtl phong1SG
f 2095/3035/2095 2757/3801/2096 3077/3461/2097 2760/3805/2098
f 2757/3801/2096 2096/3037/2099 2758/3803/2100 3077/3461/2097
f 3077/3461/2097 2758/3803/2100 2116/3080/2101 2759/3804/2102
f 2760/3805/2098 3077/3461/2097 2759/3804/2102 2115/3079/2103
f 2096/3037/2099 2761/3806/2104 3078/3462/2105 2758/3803/2100
f 2761/3806/2104 2097/3039/2106 2762/3808/2107 3078/3462/2105
f 3078/3462/2105 2762/3808/2107 2117/3081/2108 2763/3810/2109
f 2758/3803/2100 3078/3462/2105 2763/3810/2109 2116/3080/2101
f 2097/3041/2106 2764/3811/2110 3079/3463/2111 2762/3809/2107
f 2764/3811/2110 2098/3042/2112 2765/3813/2113 3079/3463/2111
f 3079/3463/2111 2765/3813/2113 2118/3083/2114 2766/3814/2115
f 2762/3809/2107 3079/3463/2111 2766/3814/2115 2117/3082/2108
f 2098/3042/2112 2767/3815/2116 3080/3464/2117 2765/3813/2113
f 2767/3815/2116 2099/3044/2118 2768/3817/2119 3080/3464/2117
f 3080/3464/2117 2768/3817/2119 2119/3084/2120 2769/3818/2121
f 2765/3813/2113 3080/3464/2117 2769/3818/2121 2118/3083/2114
f 2099/3044/2118 2770/3819/2122 3081/3465/2123 2768/3817/2119
f 2770/3819/2122 2100/3046/2124 2771/3821/2125 3081/3465/2123
f 3081/3465/2123 2771/3821/2125 2120/3085/2126 2772/3822/2127
f 2768/3817/2119 3081/3465/2123 2772/3822/2127 2119/3084/2120
f 2100/3046/2124 2773/3823/2128 3082/3466/2129 2771/3821/2125
f 2773/3823/2128 2101/3048/2130 2774/3825/2131 3082/3466/2129
f 3082/3466/2129 2774/3825/2131 2121/3086/2132 2775/3827/2133
f 2771/3821/2125 3082/3466/2129 2775/3827/2133 2120/3085/2126
f 2101/3050/2130 2776/3828/2134 3083/3467/2135 2774/3826/2131
f 2776/3828/2134 2102/3051/2136 2777/3830/2137 3083/3467/2135
f 3083/3467/2135 2777/3830/2137 2122/3088/2138 2778/3831/2139
f 2774/3826/2131 3083/3467/2135 2778/3831/2139 2121/3087/2132
f 2102/3051/2136 2779/3832/2140 3084/3468/2141 2777/3830/2137
f 2779/3832/2140 2103/3053/2142 2780/3834/2143 3084/3468/2141
f 3084/3468/2141 2780/3834/2143 2123/3089/2144 2781/3835/2145
f 2777/3830/2137 3084/3468/2141 2781/3835/2145 2122/3088/2138
f 2103/3053/2142 2782/3836/2146 3085/3469/2147 2780/3834/2143
f 2782/3836/2146 2104/3055/2148 2783/3838/2149 3085/3469/2147
f 3085/3469/2147 2783/3838/2149 2124/3090/2150 2784/3839/2151
f 2780/3834/2143 3085/3469/2147 2784/3839/2151 2123/3089/2144
f 2104/3055/2148 2785/3840/2152 3086/3470/2153 2783/3838/2149
f 2785/3840/2152 2105/3057/2154 2786/3842/2155 3086/3470/2153
f 3086/3470/2153 2786/3842/2155 2125/3091/2156 2787/3843/2157
f 2783/3838/2149 3086/3470/2153 2787/3843/2157 2124/3090/2150
f 2105/3057/2154 2788/3844/2158 3087/3471/2159 2786/3842/2155
f 2788/3844/2158 2106/3059/2160 2789/3846/2161 3087/3471/2159
f 3087/3471/2159 2789/3846/2161 2126/3092/2162 2790/3847/2163
f 2786/3842/2155 3087/3471/2159 2790/3847/2163 2125/3091/2156
f 2106/3059/2160 2791/3848/2164 3088/3472/2165 2789/3846/2161
f 2791/3848/2164 2107/3061/2166 2792/3850/2167 3088/3472/2165
f 3088/3472/2165 2792/3850/2167 2127/3093/2168 2793/3852/2169
f 2789/3846/2161 3088/3472/2165 2793/3852/2169 2126/3092/2162
f 2107/3063/2166 2794/3853/2170 3089/3473/2171 2792/3851/2167
f 2794/3853/2170 2108/3064/2172 2795/3855/2173 3089/3473/2171
f 3089/3473/2171 2795/3855/2173 2128/3095/2174 2796/3856/2175
f 2792/3851/2167 3089/3473/2171 2796/3856/2175 2127/3094/2168
f 2108/3064/2172 2797/3857/2176 3090/3474/2177 2795/3855/2173
f 2797/3857/2176 2109/3066/2178 2798/3859/2179 3090/3474/2177
f 3090/3474/2177 2798/3859/2179 2129/3096/2180 2799/3860/2181
f 2795/3855/2173 3090/3474/2177 2799/3860/2181 2128/3095/2174
f 2109/3066/2178 2800/3861/2182 3091/3475/2183 2798/3859/2179
f 2800/3861/2182 2110/3068/2184 2801/3863/2185 3091/3475/2183
f 3091/3475/2183 2801/3863/2185 2130/3097/2186 2802/3864/2187
f 2798/3859/2179 3091/3475/2183 2802/3864/2187 2129/3096/2180
f 2110/3068/2184 2803/3865/2188 3092/3476/2189 2801/3863/2185
f 2803/3865/2188 2111/3070/2190 2804/3867/2191 3092/3476/2189
f 3092/3476/2189 2804/3867/2191 2131/3098/2192 2805/3869/2193
f 2801/3863/2185 3092/3476/2189 2805/3869/2193 2130/3097/2186
f 2111/3072/2190 2806/3870/2194 3093/3477/2195 2804/3868/2191
f 2806/3870/2194 2112/3073/2196 2807/3872/2197 3093/3477/2195
f 3093/3477/2195 2807/3872/2197 2132/3100/2198 2808/3873/2199
f 2804/3868/2191 3093/3477/2195 2808/3873/2199 2131/3099/2192
f 2112/3073/2196 2809/3874/2200 3094/3478/2201 2807/3872/2197
f 2809/3874/2200 2113/3075/2202 2810/3876/2203 3094/3478/2201
f 3094/3478/2201 2810/3876/2203 2133/3101/2204 2811/3877/2205
f 2807/3872/2197 3094/3478/2201 2811/3877/2205 2132/3100/2198
f 2113/3075/2202 2812/3878/2206 3095/3479/2207 2810/3876/2203
f 2812/3878/2206 2114/3077/2208 2813/3880/2209 3095/3479/2207
f 3095/3479/2207 2813/3880/2209 2134/3102/2210 2814/3881/2211
f 2810/3876/2203 3095/3479/2207 2814/3881/2211 2133/3101/2204
f 2114/3077/2208 2815/3882/2212 3096/3480/2213 2813/3880/2209
f 2815/3882/2212 2095/3035/2095 2760/3805/2098 3096/3480/2213
f 3096/3480/2213 2760/3805/2098 2115/3079/2103 2816/3884/2214
f 2813/3880/2209 3096/3480/2213 2816/3884/2214 2134/3102/2210
f 2096/3038/2099 2757/3802/2096 3097/3481/2215 2818/3886/2216
f 2095/3036/2095 2817/3885/2217 3097/3481/2215 2757/3802/2096
f 2135/3103/2218 2818/3886/2216 3097/3481/2215 2817/3885/2217
f 2097/3040/2106 2761/3807/2104 3098/3482/2219 2819/3887/2220
f 2096/3038/2099 2818/3886/2216 3098/3482/2219 2761/3807/2104
f 2135/3103/2218 2819/3887/2220 3098/3482/2219 2818/3886/2216
f 2098/3043/2112 2764/3812/2110 3099/3483/2221 2820/3888/2222
f 2097/3040/2106 2819/3887/2220 3099/3483/2221 2764/3812/2110
f 2135/3103/2218 2820/3888/2222 3099/3483/2221 2819/3887/2220
f 2099/3045/2118 2767/3816/2116 3100/3484/2223 2821/3889/2224
f 2098/3043/2112 2820/3888/2222 3100/3484/2223 2767/3816/2116
f 2135/3103/2218 2821/3889/2224 3100/3484/2223 2820/3888/2222
f 2100/3047/2124 2770/3820/2122 3101/3485/2225 2822/3890/2226
f 2099/3045/2118 2821/3889/2224 3101/3485/2225 2770/3820/2122
f 2135/3103/2218 2822/3890/2226 3101/3485/2225 2821/3889/2224
f 2101/3049/2130 2773/3824/2128 3102/3486/2227 2823/3891/2228
f 2100/3047/2124 2822/3890/2226 3102/3486/2227 2773/3824/2128
f 2135/3103/2218 2823/3891/2228 3102/3486/2227 2822/3890/2226
f 2102/3052/2136 2776/3829/2134 3103/3487/2229 2824/3892/2230
f 2101/3049/2130 2823/3891/2228 3103/3487/2229 2776/3829/2134
f 2135/3103/2218 2824/3892/2230 3103/3487/2229 2823/3891/2228
f 2103/3054/2142 2779/3833/2140 3104/3488/2231 2825/3893/2232
f 2102/3052/2136 2824/3892/2230 3104/3488/2231 2779/3833/2140
f 2135/3103/2218 2825/3893/2232 3104/3488/2231 2824/3892/2230
f 2104/3056/2148 2782/3837/2146 3105/3489/2233 2826/3894/2234
f 2103/3054/2142 2825/3893/2232 3105/3489/2233 2782/3837/2146
f 2135/3103/2218 2826/3894/2234 3105/3489/2233 2825/3893/2232
f 2105/3058/2154 2785/3841/2152 3106/3490/2235 2827/3895/2236
f 2104/3056/2148 2826/3894/2234 3106/3490/2235 2785/3841/2152
f 2135/3103/2218 2827/3895/2236 3106/3490/2235 2826/3894/2234
f 2106/3060/2160 2788/3845/2158 3107/3491/2237 2828/3896/2238
f 2105/3058/2154 2827/3895/2236 3107/3491/2237 2788/3845/2158
f 2135/3103/2218 2828/3896/2238 3107/3491/2237 2827/3895/2236
f 2107/3062/2166 2791/3849/2164 3108/3492/2239 2829/3897/2240
f 2106/3060/2160 2828/3896/2238 3108/3492/2239 2791/3849/2164
f 2135/3103/2218 2829/3897/2240 3108/3492/2239 2828/3896/2238
f 2108/3065/2172 2794/3854/2170 3109/3493/2241 2830/3898/2242
f 2107/3062/2166 2829/3897/2240 3109/3493/2241 2794/3854/2170
f 2135/3103/2218 2830/3898/2242 3109/3493/2241 2829/3897/2240
f 2109/3067/2178 2797/3858/2176 3110/3494/2243 2831/3899/2244
f 2108/3065/2172 2830/3898/2242 3110/3494/2243 2797/3858/2176
f 2135/3103/2218 2831/3899/2244 3110/3494/2243 2830/3898/2242
f 2110/3069/2184 2800/3862/2182 3111/3495/2245 2832/3900/2246
f 2109/3067/2178 2831/3899/2244 3111/3495/2245 2800/3862/2182
f 2135/3103/2218 2832/3900/2246 3111/3495/2245 2831/3899/2244
f 2111/3071/2190 2803/3866/2188 3112/3496/2247 2833/3901/2248
f 2110/3069/2184 2832/3900/2246 3112/3496/2247 2803/3866/2188
f 2135/3103/2218 2833/3901/2248 3112/3496/2247 2832/3900/2246
f 2112/3074/2196 2806/3871/2194 3113/3497/2249 2834/3902/2250
f 2111/3071/2190 2833/3901/2248 3113/3497/2249 2806/3871/2194
f 2135/3103/2218 2834/3902/2250 3113/3497/2249 2833/3901/2248
f 2113/3076/2202 2809/3875/2200 3114/3498/2251 2835/3903/2252
f 2112/3074/2196 2834/3902/2250 3114/3498/2251 2809/3875/2200
f 2135/3103/2218 2835/3903/2252 3114/3498/2251 2834/3902/2250
f 2114/3078/2208 2812/3879/2206 3115/3499/2253 2836/3904/2254
f 2113/3076/2202 2835/3903/2252 3115/3499/2253 2812/3879/2206
f 2135/3103/2218 2836/3904/2254 3115/3499/2253 2835/3903/2252
f 2095/3036/2095 2815/3883/2212 3116/3500/2255 2817/3885/2217
f 2114/3078/2208 2836/3904/2254 3116/3500/2255 2815/3883/2212
f 2135/3103/2218 2817/3885/2217 3116/3500/2255 2836/3904/2254
f 2356/3368/2256 2837/3905/2257 3117/3501/2258 2839/3908/2259
f 2357/3370/2260 2838/3907/2261 3117/3501/2258 2837/3905/2257
f 2358/3372/2262 2839/3908/2259 3117/3501/2258 2838/3907/2261
f 2357/3370/2260 2840/3909/2263 3118/3502/2264 2838/3907/2261
f 2359/3373/2265 2841/3911/2266 3118/3502/2264 2840/3909/2263
f 2358/3372/2262 2838/3907/2261 3118/3502/2264 2841/3911/2266
f 2359/3373/2265 2842/3912/2267 3119/3503/2268 2841/3911/2266
f 2360/3376/2269 2843/3914/2270 3119/3503/2268 2842/3912/2267
f 2358/3372/2262 2841/3911/2266 3119/3503/2268 2843/3914/2270
f 2360/3376/2269 2844/3915/2271 3120/3504/2272 2843/3914/2270
f 2361/3378/2273 2845/3917/2274 3120/3504/2272 2844/3915/2271
f 2358/3372/2262 2843/3914/2270 3120/3504/2272 2845/3917/2274
f 2361/3378/2273 2846/3918/2275 3121/3505/2276 2845/3917/2274
f 2362/3380/2277 2847/3920/2278 3121/3505/2276 2846/3918/2275
f 2358/3372/2262 2845/3917/2274 3121/3505/2276 2847/3920/2278
f 2362/3380/2277 2848/3921/2279 3122/3506/2280 2847/3920/2278
f 2363/3382/2281 2849/3923/2282 3122/3506/2280 2848/3921/2279
f 2358/3372/2262 2847/3920/2278 3122/3506/2280 2849/3923/2282
f 2363/3382/2281 2850/3924/2283 3123/3507/2284 2849/3923/2282
f 2364/3385/2285 2851/3926/2286 3123/3507/2284 2850/3924/2283
f 2358/3372/2262 2849/3923/2282 3123/3507/2284 2851/3926/2286
f 2364/3385/2285 2852/3927/2287 3124/3508/2288 2851/3926/2286
f 2365/3387/2289 2853/3929/2290 3124/3508/2288 2852/3927/2287
f 2358/3372/2262 2851/3926/2286 3124/3508/2288 2853/3929/2290
f 2365/3387/2289 2854/3930/2291 3125/3509/2292 2853/3929/2290
f 2366/3389/2293 2855/3932/2294 3125/3509/2292 2854/3930/2291
f 2358/3372/2262 2853/3929/2290 3125/3509/2292 2855/3932/2294
f 2366/3389/2293 2856/3933/2295 3126/3510/2296 2855/3932/2294
f 2367/3391/2297 2857/3935/2298 3126/3510/2296 2856/3933/2295
f 2358/3372/2262 2855/3932/2294 3126/3510/2296 2857/3935/2298
f 2367/3391/2297 2858/3936/2299 3127/3511/2300 2857/3935/2298
f 2368/3393/2301 2859/3938/2302 3127/3511/2300 2858/3936/2299
f 2358/3372/2262 2857/3935/2298 3127/3511/2300 2859/3938/2302
f 2368/3393/2301 2860/3939/2303 3128/3512/2304 2859/3938/2302
f 2369/3395/2305 2861/3941/2306 3128/3512/2304 2860/3939/2303
f 2358/3372/2262 2859/3938/2302 3128/3512/2304 2861/3941/2306
f 2369/3395/2305 2862/3942/2307 3129/3513/2308 2861/3941/2306
f 2370/3398/2309 2863/3944/2310 3129/3513/2308 2862/3942/2307
f 2358/3372/2262 2861/3941/2306 3129/3513/2308 2863/3944/2310
f 2370/3398/2309 2864/3945/2311 3130/3514/2312 2863/3944/2310
f 2371/3400/2313 2865/3947/2314 3130/3514/2312 2864/3945/2311
f 2358/3372/2262 2863/3944/2310 3130/3514/2312 2865/3947/2314
f 2371/3400/2313 2866/3948/2315 3131/3515/2316 2865/3947/2314
f 2372/3402/2317 2867/3950/2318 3131/3515/2316 2866/3948/2315
f 2358/3372/2262 2865/3947/2314 3131/3515/2316 2867/3950/2318
f 2372/3402/2317 2868/3951/2319 3132/3516/2320 2867/3950/2318
f 2373/3404/2321 2869/3953/2322 3132/3516/2320 2868/3951/2319
f 2358/3372/2262 2867/3950/2318 3132/3516/2320 2869/3953/2322
f 2373/3404/2321 2870/3954/2323 3133/3517/2324 2869/3953/2322
f 2374/3407/2325 2871/3956/2326 3133/3517/2324 2870/3954/2323
f 2358/3372/2262 2869/3953/2322 3133/3517/2324 2871/3956/2326
f 2374/3407/2325 2872/3957/2327 3134/3518/2328 2871/3956/2326
f 2375/3409/2329 2873/3959/2330 3134/3518/2328 2872/3957/2327
f 2358/3372/2262 2871/3956/2326 3134/3518/2328 2873/3959/2330
f 2375/3409/2329 2874/3960/2331 3135/3519/2332 2873/3959/2330
f 2376/3411/2333 2875/3962/2334 3135/3519/2332 2874/3960/2331
f 2358/3372/2262 2873/3959/2330 3135/3519/2332 2875/3962/2334
f 2376/3411/2333 2876/3963/2335 3136/3520/2336 2875/3962/2334
f 2356/3368/2256 2839/3908/2259 3136/3520/2336 2876/3963/2335
f 2358/3372/2262 2875/3962/2334 3136/3520/2336 2839/3908/2259
f 2115/3079/2103 2759/3804/2102 3137/3521/2337 2879/3967/2338
f 2759/3804/2102 2116/3080/2101 2877/3965/2339 3137/3521/2337
f 3137/3521/2337 2877/3965/2339 2137/3105/2340 2878/3966/2341
f 2879/3967/2338 3137/3521/2337 2878/3966/2341 2136/3104/2342
f 2116/3080/2101 2763/3810/2109 3138/3522/2343 2877/3965/2339
f 2763/3810/2109 2117/3081/2108 2880/3968/2344 3138/3522/2343
f 3138/3522/2343 2880/3968/2344 2138/3106/2345 2881/3970/2346
f 2877/3965/2339 3138/3522/2343 2881/3970/2346 2137/3105/2340
f 2117/3082/2108 2766/3814/2115 3139/3523/2347 2880/3969/2344
f 2766/3814/2115 2118/3083/2114 2882/3971/2348 3139/3523/2347
f 3139/3523/2347 2882/3971/2348 2139/3108/2349 2883/3972/2350
f 2880/3969/2344 3139/3523/2347 2883/3972/2350 2138/3107/2345
f 2118/3083/2114 2769/3818/2121 3140/3524/2351 2882/3971/2348
f 2769/3818/2121 2119/3084/2120 2884/3973/2352 3140/3524/2351
f 3140/3524/2351 2884/3973/2352 2140/3109/2353 2885/3974/2354
f 2882/3971/2348 3140/3524/2351 2885/3974/2354 2139/3108/2349
f 2119/3084/2120 2772/3822/2127 3141/3525/2355 2884/3973/2352
f 2772/3822/2127 2120/3085/2126 2886/3975/2356 3141/3525/2355
f 3141/3525/2355 2886/3975/2356 2141/3110/2357 2887/3976/2358
f 2884/3973/2352 3141/3525/2355 2887/3976/2358 2140/3109/2353
f 2120/3085/2126 2775/3827/2133 3142/3526/2359 2886/3975/2356
f 2775/3827/2133 2121/3086/2132 2888/3977/2360 3142/3526/2359
f 3142/3526/2359 2888/3977/2360 2142/3111/2361 2889/3979/2362
f 2886/3975/2356 3142/3526/2359 2889/3979/2362 2141/3110/2357
f 2121/3087/2132 2778/3831/2139 3143/3527/2363 2888/3978/2360
f 2778/3831/2139 2122/3088/2138 2890/3980/2364 3143/3527/2363
f 3143/3527/2363 2890/3980/2364 2143/3113/2365 2891/3981/2366
f 2888/3978/2360 3143/3527/2363 2891/3981/2366 2142/3112/2361
f 2122/3088/2138 2781/3835/2145 3144/3528/2367 2890/3980/2364
f 2781/3835/2145 2123/3089/2144 2892/3982/2368 3144/3528/2367
f 3144/3528/2367 2892/3982/2368 2144/3114/2369 2893/3983/2370
f 2890/3980/2364 3144/3528/2367 2893/3983/2370 2143/3113/2365
f 2123/3089/2144 2784/3839/2151 3145/3529/2371 2892/3982/2368
f 2784/3839/2151 2124/3090/2150 2894/3984/2372 3145/3529/2371
f 3145/3529/2371 2894/3984/2372 2145/3115/2373 2895/3985/2374
f 2892/3982/2368 3145/3529/2371 2895/3985/2374 2144/3114/2369
f 2124/3090/2150 2787/3843/2157 3146/3530/2375 2894/3984/2372
f 2787/3843/2157 2125/3091/2156 2896/3986/2376 3146/3530/2375
f 3146/3530/2375 2896/3986/2376 2146/3116/2377 2897/3987/2378
f 2894/3984/2372 3146/3530/2375 2897/3987/2378 2145/3115/2373
f 2125/3091/2156 2790/3847/2163 3147/3531/2379 2896/3986/2376
f 2790/3847/2163 2126/3092/2162 2898/3988/2380 3147/3531/2379
f 3147/3531/2379 2898/3988/2380 2147/3117/2381 2899/3989/2382
f 2896/3986/2376 3147/3531/2379 2899/3989/2382 2146/3116/2377
f 2126/3092/2162 2793/3852/2169 3148/3532/2383 2898/3988/2380
f 2793/3852/2169 2127/3093/2168 2900/3990/2384 3148/3532/2383
f 3148/3532/2383 2900/3990/2384 2148/3118/2385 2901/3992/2386
f 2898/3988/2380 3148/3532/2383 2901/3992/2386 2147/3117/2381
f 2127/3094/2168 2796/3856/2175 3149/3533/2387 2900/3991/2384
f 2796/3856/2175 2128/3095/2174 2902/3993/2388 3149/3533/2387
f 3149/3533/2387 2902/3993/2388 2149/3120/2389 2903/3994/2390
f 2900/3991/2384 3149/3533/2387 2903/3994/2390 2148/3119/2385
f 2128/3095/2174 2799/3860/2181 3150/3534/2391 2902/3993/2388
f 2799/3860/2181 2129/3096/2180 2904/3995/2392 3150/3534/2391
f 3150/3534/2391 2904/3995/2392 2150/3121/2393 2905/3996/2394
f 2902/3993/2388 3150/3534/2391 2905/3996/2394 2149/3120/2389
f 2129/3096/2180 2802/3864/2187 3151/3535/2395 2904/3995/2392
f 2802/3864/2187 2130/3097/2186 2906/3997/2396 3151/3535/2395
f 3151/3535/2395 2906/3997/2396 2151/3122/2397 2907/3998/2398
f 2904/3995/2392 3151/3535/2395 2907/3998/2398 2150/3121/2393
f 2130/3097/2186 2805/3869/2193 3152/3536/2399 2906/3997/2396
f 2805/3869/2193 2131/3098/2192 2908/3999/2400 3152/3536/2399
f 3152/3536/2399 2908/3999/2400 2152/3123/2401 2909/4001/2402
f 2906/3997/2396 3152/3536/2399 2909/4001/2402 2151/3122/2397
f 2131/3099/2192 2808/3873/2199 3153/3537/2403 2908/4000/2400
f 2808/3873/2199 2132/3100/2198 2910/4002/2404 3153/3537/2403
f 3153/3537/2403 2910/4002/2404 2153/3125/2405 2911/4003/2406
f 2908/4000/2400 3153/3537/2403 2911/4003/2406 2152/3124/2401
f 2132/3100/2198 2811/3877/2205 3154/3538/2407 2910/4002/2404
f 2811/3877/2205 2133/3101/2204 2912/4004/2408 3154/3538/2407
f 3154/3538/2407 2912/4004/2408 2154/3126/2409 2913/4005/2410
f 2910/4002/2404 3154/3538/2407 2913/4005/2410 2153/3125/2405
f 2133/3101/2204 2814/3881/2211 3155/3539/2411 2912/4004/2408
f 2814/3881/2211 2134/3102/2210 2914/4006/2412 3155/3539/2411
f 3155/3539/2411 2914/4006/2412 2155/3127/2413 2915/4007/2414
f 2912/4004/2408 3155/3539/2411 2915/4007/2414 2154/3126/2409
f 2134/3102/2210 2816/3884/2214 3156/3540/2415 2914/4006/2412
f 2816/3884/2214 2115/3079/2103 2879/3967/2338 3156/3540/2415
f 3156/3540/2415 2879/3967/2338 2136/3104/2342 2916/4008/2416
f 2914/4006/2412 3156/3540/2415 2916/4008/2416 2155/3127/2413
f 2136/3104/2342 2878/3966/2341 3157/3541/2417 2919/4011/2418
f 2878/3966/2341 2137/3105/2340 2917/4009/2419 3157/3541/2417
f 3157/3541/2417 2917/4009/2419 2157/3129/2420 2918/4010/2421
f 2919/4011/2418 3157/3541/2417 2918/4010/2421 2156/3128/2422
f 2137/3105/2340 2881/3970/2346 3158/3542/2423 2917/4009/2419
f 2881/3970/2346 2138/3106/2345 2920/4012/2424 3158/3542/2423
f 3158/3542/2423 2920/4012/2424 2158/3130/2425 2921/4014/2426
f 2917/4009/2419 3158/3542/2423 2921/4014/2426 2157/3129/2420
f 2138/3107/2345 2883/3972/2350 3159/3543/2427 2920/4013/2424
f 2883/3972/2350 2139/3108/2349 2922/4015/2428 3159/3543/2427
f 3159/3543/2427 2922/4015/2428 2159/3132/2429 2923/4016/2430
f 2920/4013/2424 3159/3543/2427 2923/4016/2430 2158/3131/2425
f 2139/3108/2349 2885/3974/2354 3160/3544/2431 2922/4015/2428
f 2885/3974/2354 2140/3109/2353 2924/4017/2432 3160/3544/2431
f 3160/3544/2431 2924/4017/2432 2160/3133/2433 2925/4018/2434
f 2922/4015/2428 3160/3544/2431 2925/4018/2434 2159/3132/2429
f 2140/3109/2353 2887/3976/2358 3161/3545/2435 2924/4017/2432
f 2887/3976/2358 2141/3110/2357 2926/4019/2436 3161/3545/2435
f 3161/3545/2435 2926/4019/2436 2161/3134/2437 2927/4020/2438
f 2924/4017/2432 3161/3545/2435 2927/4020/2438 2160/3133/2433
f 2141/3110/2357 2889/3979/2362 3162/3546/2439 2926/4019/2436
f 2889/3979/2362 2142/3111/2361 2928/4021/2440 3162/3546/2439
f 3162/3546/2439 2928/4021/2440 2162/3135/2441 2929/4023/2442
f 2926/4019/2436 3162/3546/2439 2929/4023/2442 2161/3134/2437
f 2142/3112/2361 2891/3981/2366 3163/3547/2443 2928/4022/2440
f 2891/3981/2366 2143/3113/2365 2930/4024/2444 3163/3547/2443
f 3163/3547/2443 2930/4024/2444 2163/3137/2445 2931/4025/2446
f 2928/4022/2440 3163/3547/2443 2931/4025/2446 2162/3136/2441
f 2143/3113/2365 2893/3983/2370 3164/3548/2447 2930/4024/2444
f 2893/3983/2370 2144/3114/2369 2932/4026/2448 3164/3548/2447
f 3164/3548/2447 2932/4026/2448 2164/3138/2449 2933/4027/2450
f 2930/4024/2444 3164/3548/2447 2933/4027/2450 2163/3137/2445
f 2144/3114/2369 2895/3985/2374 3165/3549/2451 2932/4026/2448
f 2895/3985/2374 2145/3115/2373 2934/4028/2452 3165/3549/2451
f 3165/3549/2451 2934/4028/2452 2165/3139/2453 2935/4029/2454
f 2932/4026/2448 3165/3549/2451 2935/4029/2454 2164/3138/2449
f 2145/3115/2373 2897/3987/2378 3166/3550/2455 2934/4028/2452
f 2897/3987/2378 2146/3116/2377 2936/4030/2456 3166/3550/2455
f 3166/3550/2455 2936/4030/2456 2166/3140/2457 2937/4031/2458
f 2934/4028/2452 3166/3550/2455 2937/4031/2458 2165/3139/2453
f 2146/3116/2377 2899/3989/2382 3167/3551/2459 2936/4030/2456
f 2899/3989/2382 2147/3117/2381 2938/4032/2460 3167/3551/2459
f 3167/3551/2459 2938/4032/2460 2167/3141/2461 2939/4033/2462
f 2936/4030/2456 3167/3551/2459 2939/4033/2462 2166/3140/2457
f 2147/3117/2381 2901/3992/2386 3168/3552/2463 2938/4032/2460
f 2901/3992/2386 2148/3118/2385 2940/4034/2464 3168/3552/2463
f 3168/3552/2463 2940/4034/2464 2168/3142/2465 2941/4036/2466
f 2938/4032/2460 3168/3552/2463 2941/4036/2466 2167/3141/2461
f 2148/3119/2385 2903/3994/2390 3169/3553/2467 2940/4035/2464
f 2903/3994/2390 2149/3120/2389 2942/4037/2468 3169/3553/2467
f 3169/3553/2467 2942/4037/2468 2169/3144/2469 2943/4038/2470
f 2940/4035/2464 3169/3553/2467 2943/4038/2470 2168/3143/2465
f 2149/3120/2389 2905/3996/2394 3170/3554/2471 2942/4037/2468
f 2905/3996/2394 2150/3121/2393 2944/4039/2472 3170/3554/2471
f 3170/3554/2471 2944/4039/2472 2170/3145/2473 2945/4040/2474
f 2942/4037/2468 3170/3554/2471 2945/4040/2474 2169/3144/2469
f 2150/3121/2393 2907/3998/2398 3171/3555/2475 2944/4039/2472
f 2907/3998/2398 2151/3122/2397 2946/4041/2476 3171/3555/2475
f 3171/3555/2475 2946/4041/2476 2171/3146/2477 2947/4042/2478
f 2944/4039/2472 3171/3555/2475 2947/4042/2478 2170/3145/2473
f 2151/3122/2397 2909/4001/2402 3172/3556/2479 2946/4041/2476
f 2909/4001/2402 2152/3123/2401 2948/4043/2480 3172/3556/2479
f 3172/3556/2479 2948/4043/2480 2172/3147/2481 2949/4045/2482
f 2946/4041/2476 3172/3556/2479 2949/4045/2482 2171/3146/2477
f 2152/3124/2401 2911/4003/2406 3173/3557/2483 2948/4044/2480
f 2911/4003/2406 2153/3125/2405 2950/4046/2484 3173/3557/2483
f 3173/3557/2483 2950/4046/2484 2173/3149/2485 2951/4047/2486
f 2948/4044/2480 3173/3557/2483 2951/4047/2486 2172/3148/2481
f 2153/3125/2405 2913/4005/2410 3174/3558/2487 2950/4046/2484
f 2913/4005/2410 2154/3126/2409 2952/4048/2488 3174/3558/2487
f 3174/3558/2487 2952/4048/2488 2174/3150/2489 2953/4049/2490
f 2950/4046/2484 3174/3558/2487 2953/4049/2490 2173/3149/2485
f 2154/3126/2409 2915/4007/2414 3175/3559/2491 2952/4048/2488
f 2915/4007/2414 2155/3127/2413 2954/4050/2492 3175/3559/2491
f 3175/3559/2491 2954/4050/2492 2175/3151/2493 2955/4051/2494
f 2952/4048/2488 3175/3559/2491 2955/4051/2494 2174/3150/2489
f 2155/3127/2413 2916/4008/2416 3176/3560/2495 2954/4050/2492
f 2916/4008/2416 2136/3104/2342 2919/4011/2418 3176/3560/2495
f 3176/3560/2495 2919/4011/2418 2156/3128/2422 2956/4052/2496
f 2954/4050/2492 3176/3560/2495 2956/4052/2496 2175/3151/2493
f 2156/3128/2422 2918/4010/2421 3177/3561/2497 2959/4055/2498
f 2918/4010/2421 2157/3129/2420 2957/4053/2499 3177/3561/2497
f 3177/3561/2497 2957/4053/2499 2177/3153/2500 2958/4054/2501
f 2959/4055/2498 3177/3561/2497 2958/4054/2501 2176/3152/2502
f 2157/3129/2420 2921/4014/2426 3178/3562/2503 2957/4053/2499
f 2921/4014/2426 2158/3130/2425 2960/4056/2504 3178/3562/2503
f 3178/3562/2503 2960/4056/2504 2178/3154/2505 2961/4058/2506
f 2957/4053/2499 3178/3562/2503 2961/4058/2506 2177/3153/2500
f 2158/3131/2425 2923/4016/2430 3179/3563/2507 2960/4057/2504
f 2923/4016/2430 2159/3132/2429 2962/4059/2508 3179/3563/2507
f 3179/3563/2507 2962/4059/2508 2179/3156/2509 2963/4060/2510
f 2960/4057/2504 3179/3563/2507 2963/4060/2510 2178/3155/2505
f 2159/3132/2429 2925/4018/2434 3180/3564/2511 2962/4059/2508
f 2925/4018/2434 2160/3133/2433 2964/4061/2512 3180/3564/2511
f 3180/3564/2511 2964/4061/2512 2180/3157/2513 2965/4062/2514
f 2962/4059/2508 3180/3564/2511 2965/4062/2514 2179/3156/2509
f 2160/3133/2433 2927/4020/2438 3181/3565/2515 2964/4061/2512
f 2927/4020/2438 2161/3134/2437 2966/4063/2516 3181/3565/2515
f 3181/3565/2515 2966/4063/2516 2181/3158/2517 2967/4064/2518
f 2964/4061/2512 3181/3565/2515 2967/4064/2518 2180/3157/2513
f 2161/3134/2437 2929/4023/2442 3182/3566/2519 2966/4063/2516
f 2929/4023/2442 2162/3135/2441 2968/4065/2520 3182/3566/2519
f 3182/3566/2519 2968/4065/2520 2182/3159/2521 2969/4067/2522
f 2966/4063/2516 3182/3566/2519 2969/4067/2522 2181/3158/2517
f 2162/3136/2441 2931/4025/2446 3183/3567/2523 2968/4066/2520
f 2931/4025/2446 2163/3137/2445 2970/4068/2524 3183/3567/2523
f 3183/3567/2523 2970/4068/2524 2183/3161/2525 2971/4069/2526
f 2968/4066/2520 3183/3567/2523 2971/4069/2526 2182/3160/2521
f 2163/3137/2445 2933/4027/2450 3184/3568/2527 2970/4068/2524
f 2933/4027/2450 2164/3138/2449 2972/4070/2528 3184/3568/2527
f 3184/3568/2527 2972/4070/2528 2184/3162/2529 2973/4071/2530
f 2970/4068/2524 3184/3568/2527 2973/4071/2530 2183/3161/2525
f 2164/3138/2449 2935/4029/2454 3185/3569/2531 2972/4070/2528
f 2935/4029/2454 2165/3139/2453 2974/4072/2532 3185/3569/2531
f 3185/3569/2531 2974/4072/2532 2185/3163/2533 2975/4073/2534
f 2972/4070/2528 3185/3569/2531 2975/4073/2534 2184/3162/2529
f 2165/3139/2453 2937/4031/2458 3186/3570/2535 2974/4072/2532
f 2937/4031/2458 2166/3140/2457 2976/4074/2536 3186/3570/2535
f 3186/3570/2535 2976/4074/2536 2186/3164/2537 2977/4075/2538
f 2974/4072/2532 3186/3570/2535 2977/4075/2538 2185/3163/2533
f 2166/3140/2457 2939/4033/2462 3187/3571/2539 2976/4074/2536
f 2939/4033/2462 2167/3141/2461 2978/4076/2540 3187/3571/2539
f 3187/3571/2539 2978/4076/2540 2187/3165/2541 2979/4077/2542
f 2976/4074/2536 3187/3571/2539 2979/4077/2542 2186/3164/2537
f 2167/3141/2461 2941/4036/2466 3188/3572/2543 2978/4076/2540
f 2941/4036/2466 2168/3142/2465 2980/4078/2544 3188/3572/2543
f 3188/3572/2543 2980/4078/2544 2188/3166/2545 2981/4080/2546
f 2978/4076/2540 3188/3572/2543 2981/4080/2546 2187/3165/2541
f 2168/3143/2465 2943/4038/2470 3189/3573/2547 2980/4079/2544
f 2943/4038/2470 2169/3144/2469 2982/4081/2548 3189/3573/2547
f 3189/3573/2547 2982/4081/2548 2189/3168/2549 2983/4082/2550
f 2980/4079/2544 3189/3573/2547 2983/4082/2550 2188/3167/2545
f 2169/3144/2469 2945/4040/2474 3190/3574/2551 2982/4081/2548
f 2945/4040/2474 2170/3145/2473 2984/4083/2552 3190/3574/2551
f 3190/3574/2551 2984/4083/2552 2190/3169/2553 2985/4084/2554
f 2982/4081/2548 3190/3574/2551 2985/4084/2554 2189/3168/2549
f 2170/3145/2473 2947/4042/2478 3191/3575/2555 2984/4083/2552
f 2947/4042/2478 2171/3146/2477 2986/4085/2556 3191/3575/2555
f 3191/3575/2555 2986/4085/2556 2191/3170/2557 2987/4086/2558
f 2984/4083/2552 3191/3575/2555 2987/4086/2558 2190/3169/2553
f 2171/3146/2477 2949/4045/2482 3192/3576/2559 2986/4085/2556
f 2949/4045/2482 2172/3147/2481 2988/4087/2560 3192/3576/2559
f 3192/3576/2559 2988/4087/2560 2192/3171/2561 2989/4089/2562
f 2986/4085/2556 3192/3576/2559 2989/4089/2562 2191/3170/2557
f 2172/3148/2481 2951/4047/2486 3193/3577/2563 2988/4088/2560
f 2951/4047/2486 2173/3149/2485 2990/4090/2564 3193/3577/2563
f 3193/3577/2563 2990/4090/2564 2193/3173/2565 2991/4091/2566
f 2988/4088/2560 3193/3577/2563 2991/4091/2566 2192/3172/2561
f 2173/3149/2485 2953/4049/2490 3194/3578/2567 2990/4090/2564
f 2953/4049/2490 2174/3150/2489 2992/4092/2568 3194/3578/2567
f 3194/3578/2567 2992/4092/2568 2194/3174/2569 2993/4093/2570
f 2990/4090/2564 3194/3578/2567 2993/4093/2570 2193/3173/2565
f 2174/3150/2489 2955/4051/2494 3195/3579/2571 2992/4092/2568
f 2955/4051/2494 2175/3151/2493 2994/4094/2572 3195/3579/2571
f 3195/3579/2571 2994/4094/2572 2195/3175/2573 2995/4095/2574
f 2992/4092/2568 3195/3579/2571 2995/4095/2574 2194/3174/2569
f 2175/3151/2493 2956/4052/2496 3196/3580/2575 2994/4094/2572
f 2956/4052/2496 2156/3128/2422 2959/4055/2498 3196/3580/2575
f 3196/3580/2575 2959/4055/2498 2176/3152/2502 2996/4096/2576
f 2994/4094/2572 3196/3580/2575 2996/4096/2576 2195/3175/2573
f 2176/3152/2502 2958/4054/2501 3197/3581/2577 2999/4099/2578
f 2958/4054/2501 2177/3153/2500 2997/4097/2579 3197/3581/2577
f 3197/3581/2577 2997/4097/2579 2197/3177/2580 2998/4098/2581
f 2999/4099/2578 3197/3581/2577 2998/4098/2581 2196/3176/2582
f 2177/3153/2500 2961/4058/2506 3198/3582/2583 2997/4097/2579
f 2961/4058/2506 2178/3154/2505 3000/4100/2584 3198/3582/2583
f 3198/3582/2583 3000/4100/2584 2198/3178/2585 3001/4102/2586
f 2997/4097/2579 3198/3582/2583 3001/4102/2586 2197/3177/2580
f 2178/3155/2505 2963/4060/2510 3199/3583/2587 3000/4101/2584
f 2963/4060/2510 2179/3156/2509 3002/4103/2588 3199/3583/2587
f 3199/3583/2587 3002/4103/2588 2199/3180/2589 3003/4104/2590
f 3000/4101/2584 3199/3583/2587 3003/4104/2590 2198/3179/2585
f 2179/3156/2509 2965/4062/2514 3200/3584/2591 3002/4103/2588
f 2965/4062/2514 2180/3157/2513 3004/4105/2592 3200/3584/2591
f 3200/3584/2591 3004/4105/2592 2200/3181/2593 3005/4106/2594
f 3002/4103/2588 3200/3584/2591 3005/4106/2594 2199/3180/2589
f 2180/3157/2513 2967/4064/2518 3201/3585/2595 3004/4105/2592
f 2967/4064/2518 2181/3158/2517 3006/4107/2596 3201/3585/2595
f 3201/3585/2595 3006/4107/2596 2201/3182/2597 3007/4108/2598
f 3004/4105/2592 3201/3585/2595 3007/4108/2598 2200/3181/2593
f 2181/3158/2517 2969/4067/2522 3202/3586/2599 3006/4107/2596
f 2969/4067/2522 2182/3159/2521 3008/4109/2600 3202/3586/2599
f 3202/3586/2599 3008/4109/2600 2202/3183/2601 3009/4111/2602
f 3006/4107/2596 3202/3586/2599 3009/4111/2602 2201/3182/2597
f 2182/3160/2521 2971/4069/2526 3203/3587/2603 3008/4110/2600
f 2971/4069/2526 2183/3161/2525 3010/4112/2604 3203/3587/2603
f 3203/3587/2603 3010/4112/2604 2203/3185/2605 3011/4113/2606
f 3008/4110/2600 3203/3587/2603 3011/4113/2606 2202/3184/2601
f 2183/3161/2525 2973/4071/2530 3204/3588/2607 3010/4112/2604
f 2973/4071/2530 2184/3162/2529 3012/4114/2608 3204/3588/2607
f 3204/3588/2607 3012/4114/2608 2204/3186/2609 3013/4115/2610
f 3010/4112/2604 3204/3588/2607 3013/4115/2610 2203/3185/2605
f 2184/3162/2529 2975/4073/2534 3205/3589/2611 3012/4114/2608
f 2975/4073/2534 2185/3163/2533 3014/4116/2612 3205/3589/2611
f 3205/3589/2611 3014/4116/2612 2205/3187/2613 3015/4117/2614
f 3012/4114/2608 3205/3589/2611 3015/4117/2614 2204/3186/2609
f 2185/3163/2533 2977/4075/2538 3206/3590/2615 3014/4116/2612
f 2977/4075/2538 2186/3164/2537 3016/4118/2616 3206/3590/2615
f 3206/3590/2615 3016/4118/2616 2206/3188/2617 3017/4119/2618
f 3014/4116/2612 3206/3590/2615 3017/4119/2618 2205/3187/2613
f 2186/3164/2537 2979/4077/2542 3207/3591/2619 3016/4118/2616
f 2979/4077/2542 2187/3165/2541 3018/4120/2620 3207/3591/2619
f 3207/3591/2619 3018/4120/2620 2207/3189/2621 3019/4121/2622
f 3016/4118/2616 3207/3591/2619 3019/4121/2622 2206/3188/2617
f 2187/3165/2541 2981/4080/2546 3208/3592/2623 3018/4120/2620
f 2981/4080/2546 2188/3166/2545 3020/4122/2624 3208/3592/2623
f 3208/3592/2623 3020/4122/2624 2208/3190/2625 3021/4124/2626
f 3018/4120/2620 3208/3592/2623 3021/4124/2626 2207/3189/2621
f 2188/3167/2545 2983/4082/2550 3209/3593/2627 3020/4123/2624
f 2983/4082/2550 2189/3168/2549 3022/4125/2628 3209/3593/2627
f 3209/3593/2627 3022/4125/2628 2209/3192/2629 3023/4126/2630
f 3020/4123/2624 3209/3593/2627 3023/4126/2630 2208/3191/2625
f 2189/3168/2549 2985/4084/2554 3210/3594/2631 3022/4125/2628
f 2985/4084/2554 2190/3169/2553 3024/4127/2632 3210/3594/2631
f 3210/3594/2631 3024/4127/2632 2210/3193/2633 3025/4128/2634
f 3022/4125/2628 3210/3594/2631 3025/4128/2634 2209/3192/2629
f 2190/3169/2553 2987/4086/2558 3211/3595/2635 3024/4127/2632
f 2987/4086/2558 2191/3170/2557 3026/4129/2636 3211/3595/2635
f 3211/3595/2635 3026/4129/2636 2211/3194/2637 3027/4130/2638
f 3024/4127/2632 3211/3595/2635 3027/4130/2638 2210/3193/2633
f 2191/3170/2557 2989/4089/2562 3212/3596/2639 3026/4129/2636
f 2989/4089/2562 2192/3171/2561 3028/4131/2640 3212/3596/2639
f 3212/3596/2639 3028/4131/2640 2212/3195/2641 3029/4133/2642
f 3026/4129/2636 3212/3596/2639 3029/4133/2642 2211/3194/2637
f 2192/3172/2561 2991/4091/2566 3213/3597/2643 3028/4132/2640
f 2991/4091/2566 2193/3173/2565 3030/4134/2644 3213/3597/2643
f 3213/3597/2643 3030/4134/2644 2213/3197/2645 3031/4135/2646
f 3028/4132/2640 3213/3597/2643 3031/4135/2646 2212/3196/2641
f 2193/3173/2565 2993/4093/2570 3214/3598/2647 3030/4134/2644
f 2993/4093/2570 2194/3174/2569 3032/4136/2648 3214/3598/2647
f 3214/3598/2647 3032/4136/2648 2214/3198/2649 3033/4137/2650
f 3030/4134/2644 3214/3598/2647 3033/4137/2650 2213/3197/2645
f 2194/3174/2569 2995/4095/2574 3215/3599/2651 3032/4136/2648
f 2995/4095/2574 2195/3175/2573 3034/4138/2652 3215/3599/2651
f 3215/3599/2651 3034/4138/2652 2215/3199/2653 3035/4139/2654
f 3032/4136/2648 3215/3599/2651 3035/4139/2654 2214/3198/2649
f 2195/3175/2573 2996/4096/2576 3216/3600/2655 3034/4138/2652
f 2996/4096/2576 2176/3152/2502 2999/4099/2578 3216/3600/2655
f 3216/3600/2655 2999/4099/2578 2196/3176/2582 3036/4140/2656
f 3034/4138/2652 3216/3600/2655 3036/4140/2656 2215/3199/2653
f 2196/3176/2582 2998/4098/2581 3217/3601/2657 3039/4143/2658
f 2998/4098/2581 2197/3177/2580 3037/4141/2659 3217/3601/2657
f 3217/3601/2657 3037/4141/2659 2217/3201/2660 3038/4142/2661
f 3039/4143/2658 3217/3601/2657 3038/4142/2661 2216/3200/2662
f 2197/3177/2580 3001/4102/2586 3218/3602/2663 3037/4141/2659
f 3001/4102/2586 2198/3178/2585 3040/4144/2664 3218/3602/2663
f 3218/3602/2663 3040/4144/2664 2218/3202/2665 3041/4146/2666
f 3037/4141/2659 3218/3602/2663 3041/4146/2666 2217/3201/2660
f 2198/3179/2585 3003/4104/2590 3219/3603/2667 3040/4145/2664
f 3003/4104/2590 2199/3180/2589 3042/4147/2668 3219/3603/2667
f 3219/3603/2667 3042/4147/2668 2219/3204/2669 3043/4148/2670
f 3040/4145/2664 3219/3603/2667 3043/4148/2670 2218/3203/2665
f 2199/3180/2589 3005/4106/2594 3220/3604/2671 3042/4147/2668
f 3005/4106/2594 2200/3181/2593 3044/4149/2672 3220/3604/2671
f 3220/3604/2671 3044/4149/2672 2220/3205/2673 3045/4150/2674
f 3042/4147/2668 3220/3604/2671 3045/4150/2674 2219/3204/2669
f 2200/3181/2593 3007/4108/2598 3221/3605/2675 3044/4149/2672
f 3007/4108/2598 2201/3182/2597 3046/4151/2676 3221/3605/2675
f 3221/3605/2675 3046/4151/2676 2221/3206/2677 3047/4152/2678
f 3044/4149/2672 3221/3605/2675 3047/4152/2678 2220/3205/2673
f 2201/3182/2597 3009/4111/2602 3222/3606/2679 3046/4151/2676
f 3009/4111/2602 2202/3183/2601 3048/4153/2680 3222/3606/2679
f 3222/3606/2679 3048/4153/2680 2222/3207/2681 3049/4155/2682
f 3046/4151/2676 3222/3606/2679 3049/4155/2682 2221/3206/2677
f 2202/3184/2601 3011/4113/2606 3223/3607/2683 3048/4154/2680
f 3011/4113/2606 2203/3185/2605 3050/4156/2684 3223/3607/2683
f 3223/3607/2683 3050/4156/2684 2223/3209/2685 3051/4157/2686
f 3048/4154/2680 3223/3607/2683 3051/4157/2686 2222/3208/2681
f 2203/3185/2605 3013/4115/2610 3224/3608/2687 3050/4156/2684
f 3013/4115/2610 2204/3186/2609 3052/4158/2688 3224/3608/2687
f 3224/3608/2687 3052/4158/2688 2224/3210/2689 3053/4159/2690
f 3050/4156/2684 3224/3608/2687 3053/4159/2690 2223/3209/2685
f 2204/3186/2609 3015/4117/2614 3225/3609/2691 3052/4158/2688
f 3015/4117/2614 2205/3187/2613 3054/4160/2692 3225/3609/2691
f 3225/3609/2691 3054/4160/2692 2225/3211/2693 3055/4161/2694
f 3052/4158/2688 3225/3609/2691 3055/4161/2694 2224/3210/2689
f 2205/3187/2613 3017/4119/2618 3226/3610/2695 3054/4160/2692
f 3017/4119/2618 2206/3188/2617 3056/4162/2696 3226/3610/2695
f 3226/3610/2695 3056/4162/2696 2226/3212/2697 3057/4163/2698
f 3054/4160/2692 3226/3610/2695 3057/4163/2698 2225/3211/2693
f 2206/3188/2617 3019/4121/2622 3227/3611/2699 3056/4162/2696
f 3019/4121/2622 2207/3189/2621 3058/4164/2700 3227/3611/2699
f 3227/3611/2699 3058/4164/2700 2227/3213/2701 3059/4165/2702
f 3056/4162/2696 3227/3611/2699 3059/4165/2702 2226/3212/2697
f 2207/3189/2621 3021/4124/2626 3228/3612/2703 3058/4164/2700
f 3021/4124/2626 2208/3190/2625 3060/4166/2704 3228/3612/2703
f 3228/3612/2703 3060/4166/2704 2228/3214/2705 3061/4168/2706
f 3058/4164/2700 3228/3612/2703 3061/4168/2706 2227/3213/2701
f 2208/3191/2625 3023/4126/2630 3229/3613/2707 3060/4167/2704
f 3023/4126/2630 2209/3192/2629 3062/4169/2708 3229/3613/2707
f 3229/3613/2707 3062/4169/2708 2229/3216/2709 3063/4170/2710
f 3060/4167/2704 3229/3613/2707 3063/4170/2710 2228/3215/2705
f 2209/3192/2629 3025/4128/2634 3230/3614/2711 3062/4169/2708
f 3025/4128/2634 2210/3193/2633 3064/4171/2712 3230/3614/2711
f 3230/3614/2711 3064/4171/2712 2230/3217/2713 3065/4172/2714
f 3062/4169/2708 3230/3614/2711 3065/4172/2714 2229/3216/2709
f 2210/3193/2633 3027/4130/2638 3231/3615/2715 3064/4171/2712
f 3027/4130/2638 2211/3194/2637 3066/4173/2716 3231/3615/2715
f 3231/3615/2715 3066/4173/2716 2231/3218/2717 3067/4174/2718
f 3064/4171/2712 3231/3615/2715 3067/4174/2718 2230/3217/2713
f 2211/3194/2637 3029/4133/2642 3232/3616/2719 3066/4173/2716
f 3029/4133/2642 2212/3195/2641 3068/4175/2720 3232/3616/2719
f 3232/3616/2719 3068/4175/2720 2232/3219/2721 3069/4177/2722
f 3066/4173/2716 3232/3616/2719 3069/4177/2722 2231/3218/2717
f 2212/3196/2641 3031/4135/2646 3233/3617/2723 3068/4176/2720
f 3031/4135/2646 2213/3197/2645 3070/4178/2724 3233/3617/2723
f 3233/3617/2723 3070/4178/2724 2233/3221/2725 3071/4179/2726
f 3068/4176/2720 3233/3617/2723 3071/4179/2726 2232/3220/2721
f 2213/3197/2645 3033/4137/2650 3234/3618/2727 3070/4178/2724
f 3033/4137/2650 2214/3198/2649 3072/4180/2728 3234/3618/2727
f 3234/3618/2727 3072/4180/2728 2234/3222/2729 3073/4181/2730
f 3070/4178/2724 3234/3618/2727 3073/4181/2730 2233/3221/2725
f 2214/3198/2649 3035/4139/2654 3235/3619/2731 3072/4180/2728
f 3035/4139/2654 2215/3199/2653 3074/4182/2732 3235/3619/2731
f 3235/3619/2731 3074/4182/2732 2235/3223/2733 3075/4183/2734
f 3072/4180/2728 3235/3619/2731 3075/4183/2734 2234/3222/2729
f 2215/3199/2653 3036/4140/2656 3236/3620/2735 3074/4182/2732
f 3036/4140/2656 2196/3176/2582 3039/4143/2658 3236/3620/2735
f 3236/3620/2735 3039/4143/2658 2216/3200/2662 3076/4184/2736
f 3074/4182/2732 3236/3620/2735 3076/4184/2736 2235/3223/2733
f 2216/3200/2662 3038/4142/2661 3237/3621/2737 2419/4187/2738
f 3038/4142/2661 2217/3201/2660 2417/4185/2739 3237/3621/2737
f 3237/3621/2737 2417/4185/2739 2238/3226/2740 2418/4186/2741
f 2419/4187/2738 3237/3621/2737 2418/4186/2741 2236/3224/2742
f 2236/3224/2742 2418/4186/2741 3238/3622/2743 2422/4190/2744
f 2418/4186/2741 2238/3226/2740 2420/4188/2745 3238/3622/2743
f 3238/3622/2743 2420/4188/2745 2239/3227/2746 2421/4189/2747
f 2422/4190/2744 3238/3622/2743 2421/4189/2747 2237/3225/2748
f 2217/3201/2660 3041/4146/2666 3239/3623/2749 2417/4185/2739
f 3041/4146/2666 2218/3202/2665 2423/4191/2750 3239/3623/2749
f 3239/3623/2749 2423/4191/2750 2240/3228/2751 2424/4193/2752
f 2417/4185/2739 3239/3623/2749 2424/4193/2752 2238/3226/2740
f 2238/3226/2740 2424/4193/2752 3240/3624/2753 2420/4188/2745
f 2424/4193/2752 2240/3228/2751 2425/4194/2754 3240/3624/2753
f 3240/3624/2753 2425/4194/2754 2241/3230/2755 2426/4196/2756
f 2420/4188/2745 3240/3624/2753 2426/4196/2756 2239/3227/2746
f 2218/3203/2665 3043/4148/2670 3241/3625/2757 2423/4192/2750
f 3043/4148/2670 2219/3204/2669 2427/4197/2758 3241/3625/2757
f 3241/3625/2757 2427/4197/2758 2242/3232/2759 2428/4198/2760
f 2423/4192/2750 3241/3625/2757 2428/4198/2760 2240/3229/2751
f 2240/3229/2751 2428/4198/2760 3242/3626/2761 2425/4195/2754
f 2428/4198/2760 2242/3232/2759 2429/4199/2762 3242/3626/2761
f 3242/3626/2761 2429/4199/2762 2243/3233/2763 2430/4200/2764
f 2425/4195/2754 3242/3626/2761 2430/4200/2764 2241/3231/2755
f 2219/3204/2669 3045/4150/2674 3243/3627/2765 2427/4197/2758
f 3045/4150/2674 2220/3205/2673 2431/4201/2766 3243/3627/2765
f 3243/3627/2765 2431/4201/2766 2244/3234/2767 2432/4202/2768
f 2427/4197/2758 3243/3627/2765 2432/4202/2768 2242/3232/2759
f 2242/3232/2759 2432/4202/2768 3244/3628/2769 2429/4199/2762
f 2432/4202/2768 2244/3234/2767 2433/4203/2770 3244/3628/2769
f 3244/3628/2769 2433/4203/2770 2245/3235/2771 2434/4204/2772
f 2429/4199/2762 3244/3628/2769 2434/4204/2772 2243/3233/2763
f 2220/3205/2673 3047/4152/2678 3245/3629/2773 2431/4201/2766
f 3047/4152/2678 2221/3206/2677 2435/4205/2774 3245/3629/2773
f 3245/3629/2773 2435/4205/2774 2246/3236/2775 2436/4206/2776
f 2431/4201/2766 3245/3629/2773 2436/4206/2776 2244/3234/2767
f 2244/3234/2767 2436/4206/2776 3246/3630/2777 2433/4203/2770
f 2436/4206/2776 2246/3236/2775 2437/4207/2778 3246/3630/2777
f 3246/3630/2777 2437/4207/2778 2247/3237/2779 2438/4208/2780
f 2433/4203/2770 3246/3630/2777 2438/4208/2780 2245/3235/2771
f 2221/3206/2677 3049/4155/2682 3247/3631/2781 2435/4205/2774
f 3049/4155/2682 2222/3207/2681 2439/4209/2782 3247/3631/2781
f 3247/3631/2781 2439/4209/2782 2248/3238/2783 2440/4211/2784
f 2435/4205/2774 3247/3631/2781 2440/4211/2784 2246/3236/2775
f 2246/3236/2775 2440/4211/2784 3248/3632/2785 2437/4207/2778
f 2440/4211/2784 2248/3238/2783 2441/4212/2786 3248/3632/2785
f 3248/3632/2785 2441/4212/2786 2249/3240/2787 2442/4214/2788
f 2437/4207/2778 3248/3632/2785 2442/4214/2788 2247/3237/2779
f 2222/3208/2681 3051/4157/2686 3249/3633/2789 2439/4210/2782
f 3051/4157/2686 2223/3209/2685 2443/4215/2790 3249/3633/2789
f 3249/3633/2789 2443/4215/2790 2250/3242/2791 2444/4216/2792
f 2439/4210/2782 3249/3633/2789 2444/4216/2792 2248/3239/2783
f 2248/3239/2783 2444/4216/2792 3250/3634/2793 2441/4213/2786
f 2444/4216/2792 2250/3242/2791 2445/4217/2794 3250/3634/2793
f 3250/3634/2793 2445/4217/2794 2251/3243/2795 2446/4218/2796
f 2441/4213/2786 3250/3634/2793 2446/4218/2796 2249/3241/2787
f 2223/3209/2685 3053/4159/2690 3251/3635/2797 2443/4215/2790
f 3053/4159/2690 2224/3210/2689 2447/4219/2798 3251/3635/2797
f 3251/3635/2797 2447/4219/2798 2252/3244/2799 2448/4220/2800
f 2443/4215/2790 3251/3635/2797 2448/4220/2800 2250/3242/2791
f 2250/3242/2791 2448/4220/2800 3252/3636/2801 2445/4217/2794
f 2448/4220/2800 2252/3244/2799 2449/4221/2802 3252/3636/2801
f 3252/3636/2801 2449/4221/2802 2253/3245/2803 2450/4222/2804
f 2445/4217/2794 3252/3636/2801 2450/4222/2804 2251/3243/2795
f 2224/3210/2689 3055/4161/2694 3253/3637/2805 2447/4219/2798
f 3055/4161/2694 2225/3211/2693 2451/4223/2806 3253/3637/2805
f 3253/3637/2805 2451/4223/2806 2254/3246/2807 2452/4224/2808
f 2447/4219/2798 3253/3637/2805 2452/4224/2808 2252/3244/2799
f 2252/3244/2799 2452/4224/2808 3254/3638/2809 2449/4221/2802
f 2452/4224/2808 2254/3246/2807 2453/4225/2810 3254/3638/2809
f 3254/3638/2809 2453/4225/2810 2255/3247/2811 2454/4226/2812
f 2449/4221/2802 3254/3638/2809 2454/4226/2812 2253/3245/2803
f 2225/3211/2693 3057/4163/2698 3255/3639/2813 2451/4223/2806
f 3057/4163/2698 2226/3212/2697 2455/4227/2814 3255/3639/2813
f 3255/3639/2813 2455/4227/2814 2256/3248/2815 2456/4228/2816
f 2451/4223/2806 3255/3639/2813 2456/4228/2816 2254/3246/2807
f 2254/3246/2807 2456/4228/2816 3256/3640/2817 2453/4225/2810
f 2456/4228/2816 2256/3248/2815 2457/4229/2818 3256/3640/2817
f 3256/3640/2817 2457/4229/2818 2257/3249/2819 2458/4230/2820
f 2453/4225/2810 3256/3640/2817 2458/4230/2820 2255/3247/2811
f 2226/3212/2697 3059/4165/2702 3257/3641/2821 2455/4227/2814
f 3059/4165/2702 2227/3213/2701 2459/4231/2822 3257/3641/2821
f 3257/3641/2821 2459/4231/2822 2258/3250/2823 2460/4232/2824
f 2455/4227/2814 3257/3641/2821 2460/4232/2824 2256/3248/2815
f 2256/3248/2815 2460/4232/2824 3258/3642/2825 2457/4229/2818
f 2460/4232/2824 2258/3250/2823 2461/4233/2826 3258/3642/2825
f 3258/3642/2825 2461/4233/2826 2259/3251/2827 2462/4234/2828
f 2457/4229/2818 3258/3642/2825 2462/4234/2828 2257/3249/2819
f 2227/3213/2701 3061/4168/2706 3259/3643/2829 2459/4231/2822
f 3061/4168/2706 2228/3214/2705 2463/4235/2830 3259/3643/2829
f 3259/3643/2829 2463/4235/2830 2260/3252/2831 2464/4237/2832
f 2459/4231/2822 3259/3643/2829 2464/4237/2832 2258/3250/2823
f 2258/3250/2823 2464/4237/2832 3260/3644/2833 2461/4233/2826
f 2464/4237/2832 2260/3252/2831 2465/4238/2834 3260/3644/2833
f 3260/3644/2833 2465/4238/2834 2261/3254/2835 2466/4240/2836
f 2461/4233/2826 3260/3644/2833 2466/4240/2836 2259/3251/2827
f 2228/3215/2705 3063/4170/2710 3261/3645/2837 2463/4236/2830
f 3063/4170/2710 2229/3216/2709 2467/4241/2838 3261/3645/2837
f 3261/3645/2837 2467/4241/2838 2262/3256/2839 2468/4242/2840
f 2463/4236/2830 3261/3645/2837 2468/4242/2840 2260/3253/2831
f 2260/3253/2831 2468/4242/2840 3262/3646/2841 2465/4239/2834
f 2468/4242/2840 2262/3256/2839 2469/4243/2842 3262/3646/2841
f 3262/3646/2841 2469/4243/2842 2263/3257/2843 2470/4244/2844
f 2465/4239/2834 3262/3646/2841 2470/4244/2844 2261/3255/2835
f 2229/3216/2709 3065/4172/2714 3263/3647/2845 2467/4241/2838
f 3065/4172/2714 2230/3217/2713 2471/4245/2846 3263/3647/2845
f 3263/3647/2845 2471/4245/2846 2264/3258/2847 2472/4246/2848
f 2467/4241/2838 3263/3647/2845 2472/4246/2848 2262/3256/2839
f 2262/3256/2839 2472/4246/2848 3264/3648/2849 2469/4243/2842
f 2472/4246/2848 2264/3258/2847 2473/4247/2850 3264/3648/2849
f 3264/3648/2849 2473/4247/2850 2265/3259/2851 2474/4248/2852
f 2469/4243/2842 3264/3648/2849 2474/4248/2852 2263/3257/2843
f 2230/3217/2713 3067/4174/2718 3265/3649/2853 2471/4245/2846
f 3067/4174/2718 2231/3218/2717 2475/4249/2854 3265/3649/2853
f 3265/3649/2853 2475/4249/2854 2266/3260/2855 2476/4250/2856
f 2471/4245/2846 3265/3649/2853 2476/4250/2856 2264/3258/2847
f 2264/3258/2847 2476/4250/2856 3266/3650/2857 2473/4247/2850
f 2476/4250/2856 2266/3260/2855 2477/4251/2858 3266/3650/2857
f 3266/3650/2857 2477/4251/2858 2267/3261/2859 2478/4252/2860
f 2473/4247/2850 3266/3650/2857 2478/4252/2860 2265/3259/2851
f 2231/3218/2717 3069/4177/2722 3267/3651/2861 2475/4249/2854
f 3069/4177/2722 2232/3219/2721 2479/4253/2862 3267/3651/2861
f 3267/3651/2861 2479/4253/2862 2268/3262/2863 2480/4255/2864
f 2475/4249/2854 3267/3651/2861 2480/4255/2864 2266/3260/2855
f 2266/3260/2855 2480/4255/2864 3268/3652/2865 2477/4251/2858
f 2480/4255/2864 2268/3262/2863 2481/4256/2866 3268/3652/2865
f 3268/3652/2865 2481/4256/2866 2269/3264/2867 2482/4258/2868
f 2477/4251/2858 3268/3652/2865 2482/4258/2868 2267/3261/2859
f 2232/3220/2721 3071/4179/2726 3269/3653/2869 2479/4254/2862
f 3071/4179/2726 2233/3221/2725 2483/4259/2870 3269/3653/2869
f 3269/3653/2869 2483/4259/2870 2270/3266/2871 2484/4260/2872
f 2479/4254/2862 3269/3653/2869 2484/4260/2872 2268/3263/2863
f 2268/3263/2863 2484/4260/2872 3270/3654/2873 2481/4257/2866
f 2484/4260/2872 2270/3266/2871 2485/4261/2874 3270/3654/2873
f 3270/3654/2873 2485/4261/2874 2271/3267/2875 2486/4262/2876
f 2481/4257/2866 3270/3654/2873 2486/4262/2876 2269/3265/2867
f 2233/3221/2725 3073/4181/2730 3271/3655/2877 2483/4259/2870
f 3073/4181/2730 2234/3222/2729 2487/4263/2878 3271/3655/2877
f 3271/3655/2877 2487/4263/2878 2272/3268/2879 2488/4264/2880
f 2483/4259/2870 3271/3655/2877 2488/4264/2880 2270/3266/2871
f 2270/3266/2871 2488/4264/2880 3272/3656/2881 2485/4261/2874
f 2488/4264/2880 2272/3268/2879 2489/4265/2882 3272/3656/2881
f 3272/3656/2881 2489/4265/2882 2273/3269/2883 2490/4266/2884
f 2485/4261/2874 3272/3656/2881 2490/4266/2884 2271/3267/2875
f 2234/3222/2729 3075/4183/2734 3273/3657/2885 2487/4263/2878
f 3075/4183/2734 2235/3223/2733 2491/4267/2886 3273/3657/2885
f 3273/3657/2885 2491/4267/2886 2274/3270/2887 2492/4268/2888
f 2487/4263/2878 3273/3657/2885 2492/4268/2888 2272/3268/2879
f 2272/3268/2879 2492/4268/2888 3274/3658/2889 2489/4265/2882
f 2492/4268/2888 2274/3270/2887 2493/4269/2890 3274/3658/2889
f 3274/3658/2889 2493/4269/2890 2275/3271/2891 2494/4270/2892
f 2489/4265/2882 3274/3658/2889 2494/4270/2892 2273/3269/2883
f 2235/3223/2733 3076/4184/2736 3275/3659/2893 2491/4267/2886
f 3076/4184/2736 2216/3200/2662 2419/4187/2738 3275/3659/2893
f 3275/3659/2893 2419/4187/2738 2236/3224/2742 2495/4271/2894
f 2491/4267/2886 3275/3659/2893 2495/4271/2894 2274/3270/2887
f 2274/3270/2887 2495/4271/2894 3276/3660/2895 2493/4269/2890
f 2495/4271/2894 2236/3224/2742 2422/4190/2744 3276/3660/2895
f 3276/3660/2895 2422/4190/2744 2237/3225/2748 2496/4272/2896
f 2493/4269/2890 3276/3660/2895 2496/4272/2896 2275/3271/2891
f 2237/3225/2748 2421/4189/2747 3277/3661/2897 2499/4275/2898
f 2421/4189/2747 2239/3227/2746 2497/4273/2899 3277/3661/2897
f 3277/3661/2897 2497/4273/2899 2277/3273/2900 2498/4274/2901
f 2499/4275/2898 3277/3661/2897 2498/4274/2901 2276/3272/2902
f 2239/3227/2746 2426/4196/2756 3278/3662/2903 2497/4273/2899
f 2426/4196/2756 2241/3230/2755 2500/4276/2904 3278/3662/2903
f 3278/3662/2903 2500/4276/2904 2278/3274/2905 2501/4278/2906
f 2497/4273/2899 3278/3662/2903 2501/4278/2906 2277/3273/2900
f 2241/3231/2755 2430/4200/2764 3279/3663/2907 2500/4277/2904
f 2430/4200/2764 2243/3233/2763 2502/4279/2908 3279/3663/2907
f 3279/3663/2907 2502/4279/2908 2279/3276/2909 2503/4280/2910
f 2500/4277/2904 3279/3663/2907 2503/4280/2910 2278/3275/2905
f 2243/3233/2763 2434/4204/2772 3280/3664/2911 2502/4279/2908
f 2434/4204/2772 2245/3235/2771 2504/4281/2912 3280/3664/2911
f 3280/3664/2911 2504/4281/2912 2280/3277/2913 2505/4282/2914
f 2502/4279/2908 3280/3664/2911 2505/4282/2914 2279/3276/2909
f 2245/3235/2771 2438/4208/2780 3281/3665/2915 2504/4281/2912
f 2438/4208/2780 2247/3237/2779 2506/4283/2916 3281/3665/2915
f 3281/3665/2915 2506/4283/2916 2281/3278/2917 2507/4284/2918
f 2504/4281/2912 3281/3665/2915 2507/4284/2918 2280/3277/2913
f 2247/3237/2779 2442/4214/2788 3282/3666/2919 2506/4283/2916
f 2442/4214/2788 2249/3240/2787 2508/4285/2920 3282/3666/2919
f 3282/3666/2919 2508/4285/2920 2282/3279/2921 2509/4287/2922
f 2506/4283/2916 3282/3666/2919 2509/4287/2922 2281/3278/2917
f 2249/3241/2787 2446/4218/2796 3283/3667/2923 2508/4286/2920
f 2446/4218/2796 2251/3243/2795 2510/4288/2924 3283/3667/2923
f 3283/3667/2923 2510/4288/2924 2283/3281/2925 2511/4289/2926
f 2508/4286/2920 3283/3667/2923 2511/4289/2926 2282/3280/2921
f 2251/3243/2795 2450/4222/2804 3284/3668/2927 2510/4288/2924
f 2450/4222/2804 2253/3245/2803 2512/4290/2928 3284/3668/2927
f 3284/3668/2927 2512/4290/2928 2284/3282/2929 2513/4291/2930
f 2510/4288/2924 3284/3668/2927 2513/4291/2930 2283/3281/2925
f 2253/3245/2803 2454/4226/2812 3285/3669/2931 2512/4290/2928
f 2454/4226/2812 2255/3247/2811 2514/4292/2932 3285/3669/2931
f 3285/3669/2931 2514/4292/2932 2285/3283/2933 2515/4293/2934
f 2512/4290/2928 3285/3669/2931 2515/4293/2934 2284/3282/2929
f 2255/3247/2811 2458/4230/2820 3286/3670/2935 2514/4292/2932
f 2458/4230/2820 2257/3249/2819 2516/4294/2936 3286/3670/2935
f 3286/3670/2935 2516/4294/2936 2286/3284/2937 2517/4295/2938
f 2514/4292/2932 3286/3670/2935 2517/4295/2938 2285/3283/2933
f 2257/3249/2819 2462/4234/2828 3287/3671/2939 2516/4294/2936
f 2462/4234/2828 2259/3251/2827 2518/4296/2940 3287/3671/2939
f 3287/3671/2939 2518/4296/2940 2287/3285/2941 2519/4297/2942
f 2516/4294/2936 3287/3671/2939 2519/4297/2942 2286/3284/2937
f 2259/3251/2827 2466/4240/2836 3288/3672/2943 2518/4296/2940
f 2466/4240/2836 2261/3254/2835 2520/4298/2944 3288/3672/2943
f 3288/3672/2943 2520/4298/2944 2288/3286/2945 2521/4300/2946
f 2518/4296/2940 3288/3672/2943 2521/4300/2946 2287/3285/2941
f 2261/3255/2835 2470/4244/2844 3289/3673/2947 2520/4299/2944
f 2470/4244/2844 2263/3257/2843 2522/4301/2948 3289/3673/2947
f 3289/3673/2947 2522/4301/2948 2289/3288/2949 2523/4302/2950
f 2520/4299/2944 3289/3673/2947 2523/4302/2950 2288/3287/2945
f 2263/3257/2843 2474/4248/2852 3290/3674/2951 2522/4301/2948
f 2474/4248/2852 2265/3259/2851 2524/4303/2952 3290/3674/2951
f 3290/3674/2951 2524/4303/2952 2290/3289/2953 2525/4304/2954
f 2522/4301/2948 3290/3674/2951 2525/4304/2954 2289/3288/2949
f 2265/3259/2851 2478/4252/2860 3291/3675/2955 2524/4303/2952
f 2478/4252/2860 2267/3261/2859 2526/4305/2956 3291/3675/2955
f 3291/3675/2955 2526/4305/2956 2291/3290/2957 2527/4306/2958
f 2524/4303/2952 3291/3675/2955 2527/4306/2958 2290/3289/2953
f 2267/3261/2859 2482/4258/2868 3292/3676/2959 2526/4305/2956
f 2482/4258/2868 2269/3264/2867 2528/4307/2960 3292/3676/2959
f 3292/3676/2959 2528/4307/2960 2292/3291/2961 2529/4309/2962
f 2526/4305/2956 3292/3676/2959 2529/4309/2962 2291/3290/2957
f 2269/3265/2867 2486/4262/2876 3293/3677/2963 2528/4308/2960
f 2486/4262/2876 2271/3267/2875 2530/4310/2964 3293/3677/2963
f 3293/3677/2963 2530/4310/2964 2293/3293/2965 2531/4311/2966
f 2528/4308/2960 3293/3677/2963 2531/4311/2966 2292/3292/2961
f 2271/3267/2875 2490/4266/2884 3294/3678/2967 2530/4310/2964
f 2490/4266/2884 2273/3269/2883 2532/4312/2968 3294/3678/2967
f 3294/3678/2967 2532/4312/2968 2294/3294/2969 2533/4313/2970
f 2530/4310/2964 3294/3678/2967 2533/4313/2970 2293/3293/2965
f 2273/3269/2883 2494/4270/2892 3295/3679/2971 2532/4312/2968
f 2494/4270/2892 2275/3271/2891 2534/4314/2972 3295/3679/2971
f 3295/3679/2971 2534/4314/2972 2295/3295/2973 2535/4315/2974
f 2532/4312/2968 3295/3679/2971 2535/4315/2974 2294/3294/2969
f 2275/3271/2891 2496/4272/2896 3296/3680/2975 2534/4314/2972
f 2496/4272/2896 2237/3225/2748 2499/4275/2898 3296/3680/2975
f 3296/3680/2975 2499/4275/2898 2276/3272/2902 2536/4316/2976
f 2534/4314/2972 3296/3680/2975 2536/4316/2976 2295/3295/2973
f 2276/3272/2902 2498/4274/2901 3297/3681/2977 2539/4319/2978
f 2498/4274/2901 2277/3273/2900 2537/4317/2979 3297/3681/2977
f 3297/3681/2977 2537/4317/2979 2297/3297/2980 2538/4318/2981
f 2539/4319/2978 3297/3681/2977 2538/4318/2981 2296/3296/2982
f 2277/3273/2900 2501/4278/2906 3298/3682/2983 2537/4317/2979
f 2501/4278/2906 2278/3274/2905 2540/4320/2984 3298/3682/2983
f 3298/3682/2983 2540/4320/2984 2298/3298/2985 2541/4322/2986
f 2537/4317/2979 3298/3682/2983 2541/4322/2986 2297/3297/2980
f 2278/3275/2905 2503/4280/2910 3299/3683/2987 2540/4321/2984
f 2503/4280/2910 2279/3276/2909 2542/4323/2988 3299/3683/2987
f 3299/3683/2987 2542/4323/2988 2299/3300/2989 2543/4324/2990
f 2540/4321/2984 3299/3683/2987 2543/4324/2990 2298/3299/2985
f 2279/3276/2909 2505/4282/2914 3300/3684/2991 2542/4323/2988
f 2505/4282/2914 2280/3277/2913 2544/4325/2992 3300/3684/2991
f 3300/3684/2991 2544/4325/2992 2300/3301/2993 2545/4326/2994
f 2542/4323/2988 3300/3684/2991 2545/4326/2994 2299/3300/2989
f 2280/3277/2913 2507/4284/2918 3301/3685/2995 2544/4325/2992
f 2507/4284/2918 2281/3278/2917 2546/4327/2996 3301/3685/2995
f 3301/3685/2995 2546/4327/2996 2301/3302/2997 2547/4328/2998
f 2544/4325/2992 3301/3685/2995 2547/4328/2998 2300/3301/2993
f 2281/3278/2917 2509/4287/2922 3302/3686/2999 2546/4327/2996
f 2509/4287/2922 2282/3279/2921 2548/4329/3000 3302/3686/2999
f 3302/3686/2999 2548/4329/3000 2302/3303/3001 2549/4331/3002
f 2546/4327/2996 3302/3686/2999 2549/4331/3002 2301/3302/2997
f 2282/3280/2921 2511/4289/2926 3303/3687/3003 2548/4330/3000
f 2511/4289/2926 2283/3281/2925 2550/4332/3004 3303/3687/3003
f 3303/3687/3003 2550/4332/3004 2303/3305/3005 2551/4333/3006
f 2548/4330/3000 3303/3687/3003 2551/4333/3006 2302/3304/3001
f 2283/3281/2925 2513/4291/2930 3304/3688/3007 2550/4332/3004
f 2513/4291/2930 2284/3282/2929 2552/4334/3008 3304/3688/3007
f 3304/3688/3007 2552/4334/3008 2304/3306/3009 2553/4335/3010
f 2550/4332/3004 3304/3688/3007 2553/4335/3010 2303/3305/3005
f 2284/3282/2929 2515/4293/2934 3305/3689/3011 2552/4334/3008
f 2515/4293/2934 2285/3283/2933 2554/4336/3012 3305/3689/3011
f 3305/3689/3011 2554/4336/3012 2305/3307/3013 2555/4337/3014
f 2552/4334/3008 3305/3689/3011 2555/4337/3014 2304/3306/3009
f 2285/3283/2933 2517/4295/2938 3306/3690/3015 2554/4336/3012
f 2517/4295/2938 2286/3284/2937 2556/4338/3016 3306/3690/3015
f 3306/3690/3015 2556/4338/3016 2306/3308/3017 2557/4339/3018
f 2554/4336/3012 3306/3690/3015 2557/4339/3018 2305/3307/3013
f 2286/3284/2937 2519/4297/2942 3307/3691/3019 2556/4338/3016
f 2519/4297/2942 2287/3285/2941 2558/4340/3020 3307/3691/3019
f 3307/3691/3019 2558/4340/3020 2307/3309/3021 2559/4341/3022
f 2556/4338/3016 3307/3691/3019 2559/4341/3022 2306/3308/3017
f 2287/3285/2941 2521/4300/2946 3308/3692/3023 2558/4340/3020
f 2521/4300/2946 2288/3286/2945 2560/4342/3024 3308/3692/3023
f 3308/3692/3023 2560/4342/3024 2308/3310/3025 2561/4344/3026
f 2558/4340/3020 3308/3692/3023 2561/4344/3026 2307/3309/3021
f 2288/3287/2945 2523/4302/2950 3309/3693/3027 2560/4343/3024
f 2523/4302/2950 2289/3288/2949 2562/4345/3028 3309/3693/3027
f 3309/3693/3027 2562/4345/3028 2309/3312/3029 2563/4346/3030
f 2560/4343/3024 3309/3693/3027 2563/4346/3030 2308/3311/3025
f 2289/3288/2949 2525/4304/2954 3310/3694/3031 2562/4345/3028
f 2525/4304/2954 2290/3289/2953 2564/4347/3032 3310/3694/3031
f 3310/3694/3031 2564/4347/3032 2310/3313/3033 2565/4348/3034
f 2562/4345/3028 3310/3694/3031 2565/4348/3034 2309/3312/3029
f 2290/3289/2953 2527/4306/2958 3311/3695/3035 2564/4347/3032
f 2527/4306/2958 2291/3290/2957 2566/4349/3036 3311/3695/3035
f 3311/3695/3035 2566/4349/3036 2311/3314/3037 2567/4350/3038
f 2564/4347/3032 3311/3695/3035 2567/4350/3038 2310/3313/3033
f 2291/3290/2957 2529/4309/2962 3312/3696/3039 2566/4349/3036
f 2529/4309/2962 2292/3291/2961 2568/4351/3040 3312/3696/3039
f 3312/3696/3039 2568/4351/3040 2312/3315/3041 2569/4353/3042
f 2566/4349/3036 3312/3696/3039 2569/4353/3042 2311/3314/3037
f 2292/3292/2961 2531/4311/2966 3313/3697/3043 2568/4352/3040
f 2531/4311/2966 2293/3293/2965 2570/4354/3044 3313/3697/3043
f 3313/3697/3043 2570/4354/3044 2313/3317/3045 2571/4355/3046
f 2568/4352/3040 3313/3697/3043 2571/4355/3046 2312/3316/3041
f 2293/3293/2965 2533/4313/2970 3314/3698/3047 2570/4354/3044
f 2533/4313/2970 2294/3294/2969 2572/4356/3048 3314/3698/3047
f 3314/3698/3047 2572/4356/3048 2314/3318/3049 2573/4357/3050
f 2570/4354/3044 3314/3698/3047 2573/4357/3050 2313/3317/3045
f 2294/3294/2969 2535/4315/2974 3315/3699/3051 2572/4356/3048
f 2535/4315/2974 2295/3295/2973 2574/4358/3052 3315/3699/3051
f 3315/3699/3051 2574/4358/3052 2315/3319/3053 2575/4359/3054
f 2572/4356/3048 3315/3699/3051 2575/4359/3054 2314/3318/3049
f 2295/3295/2973 2536/4316/2976 3316/3700/3055 2574/4358/3052
f 2536/4316/2976 2276/3272/2902 2539/4319/2978 3316/3700/3055
f 3316/3700/3055 2539/4319/2978 2296/3296/2982 2576/4360/3056
f 2574/4358/3052 3316/3700/3055 2576/4360/3056 2315/3319/3053
f 2296/3296/2982 2538/4318/2981 3317/3701/3057 2579/4363/3058
f 2538/4318/2981 2297/3297/2980 2577/4361/3059 3317/3701/3057
f 3317/3701/3057 2577/4361/3059 2318/3322/3060 2578/4362/3061
f 2579/4363/3058 3317/3701/3057 2578/4362/3061 2316/3320/3062
f 2316/3320/3062 2578/4362/3061 3318/3702/3063 2582/4366/3064
f 2578/4362/3061 2318/3322/3060 2580/4364/3065 3318/3702/3063
f 3318/3702/3063 2580/4364/3065 2319/3323/3066 2581/4365/3067
f 2582/4366/3064 3318/3702/3063 2581/4365/3067 2317/3321/3068
f 2297/3297/2980 2541/4322/2986 3319/3703/3069 2577/4361/3059
f 2541/4322/2986 2298/3298/2985 2583/4367/3070 3319/3703/3069
f 3319/3703/3069 2583/4367/3070 2320/3324/3071 2584/4369/3072
f 2577/4361/3059 3319/3703/3069 2584/4369/3072 2318/3322/3060
f 2318/3322/3060 2584/4369/3072 3320/3704/3073 2580/4364/3065
f 2584/4369/3072 2320/3324/3071 2585/4370/3074 3320/3704/3073
f 3320/3704/3073 2585/4370/3074 2321/3326/3075 2586/4372/3076
f 2580/4364/3065 3320/3704/3073 2586/4372/3076 2319/3323/3066
f 2298/3299/2985 2543/4324/2990 3321/3705/3077 2583/4368/3070
f 2543/4324/2990 2299/3300/2989 2587/4373/3078 3321/3705/3077
f 3321/3705/3077 2587/4373/3078 2322/3328/3079 2588/4374/3080
f 2583/4368/3070 3321/3705/3077 2588/4374/3080 2320/3325/3071
f 2320/3325/3071 2588/4374/3080 3322/3706/3081 2585/4371/3074
f 2588/4374/3080 2322/3328/3079 2589/4375/3082 3322/3706/3081
f 3322/3706/3081 2589/4375/3082 2323/3329/3083 2590/4376/3084
f 2585/4371/3074 3322/3706/3081 2590/4376/3084 2321/3327/3075
f 2299/3300/2989 2545/4326/2994 3323/3707/3085 2587/4373/3078
f 2545/4326/2994 2300/3301/2993 2591/4377/3086 3323/3707/3085
f 3323/3707/3085 2591/4377/3086 2324/3330/3087 2592/4378/3088
f 2587/4373/3078 3323/3707/3085 2592/4378/3088 2322/3328/3079
f 2322/3328/3079 2592/4378/3088 3324/3708/3089 2589/4375/3082
f 2592/4378/3088 2324/3330/3087 2593/4379/3090 3324/3708/3089
f 3324/3708/3089 2593/4379/3090 2325/3331/3091 2594/4380/3092
f 2589/4375/3082 3324/3708/3089 2594/4380/3092 2323/3329/3083
f 2300/3301/2993 2547/4328/2998 3325/3709/3093 2591/4377/3086
f 2547/4328/2998 2301/3302/2997 2595/4381/3094 3325/3709/3093
f 3325/3709/3093 2595/4381/3094 2326/3332/3095 2596/4382/3096
f 2591/4377/3086 3325/3709/3093 2596/4382/3096 2324/3330/3087
f 2324/3330/3087 2596/4382/3096 3326/3710/3097 2593/4379/3090
f 2596/4382/3096 2326/3332/3095 2597/4383/3098 3326/3710/3097
f 3326/3710/3097 2597/4383/3098 2327/3333/3099 2598/4384/3100
f 2593/4379/3090 3326/3710/3097 2598/4384/3100 2325/3331/3091
f 2301/3302/2997 2549/4331/3002 3327/3711/3101 2595/4381/3094
f 2549/4331/3002 2302/3303/3001 2599/4385/3102 3327/3711/3101
f 3327/3711/3101 2599/4385/3102 2328/3334/3103 2600/4387/3104
f 2595/4381/3094 3327/3711/3101 2600/4387/3104 2326/3332/3095
f 2326/3332/3095 2600/4387/3104 3328/3712/3105 2597/4383/3098
f 2600/4387/3104 2328/3334/3103 2601/4388/3106 3328/3712/3105
f 3328/3712/3105 2601/4388/3106 2329/3336/3107 2602/4390/3108
f 2597/4383/3098 3328/3712/3105 2602/4390/3108 2327/3333/3099
f 2302/3304/3001 2551/4333/3006 3329/3713/3109 2599/4386/3102
f 2551/4333/3006 2303/3305/3005 2603/4391/3110 3329/3713/3109
f 3329/3713/3109 2603/4391/3110 2330/3338/3111 2604/4392/3112
f 2599/4386/3102 3329/3713/3109 2604/4392/3112 2328/3335/3103
f 2328/3335/3103 2604/4392/3112 3330/3714/3113 2601/4389/3106
f 2604/4392/3112 2330/3338/3111 2605/4393/3114 3330/3714/3113
f 3330/3714/3113 2605/4393/3114 2331/3339/3115 2606/4394/3116
f 2601/4389/3106 3330/3714/3113 2606/4394/3116 2329/3337/3107
f 2303/3305/3005 2553/4335/3010 3331/3715/3117 2603/4391/3110
f 2553/4335/3010 2304/3306/3009 2607/4395/3118 3331/3715/3117
f 3331/3715/3117 2607/4395/3118 2332/3340/3119 2608/4396/3120
f 2603/4391/3110 3331/3715/3117 2608/4396/3120 2330/3338/3111
f 2330/3338/3111 2608/4396/3120 3332/3716/3121 2605/4393/3114
f 2608/4396/3120 2332/3340/3119 2609/4397/3122 3332/3716/3121
f 3332/3716/3121 2609/4397/3122 2333/3341/3123 2610/4398/3124
f 2605/4393/3114 3332/3716/3121 2610/4398/3124 2331/3339/3115
f 2304/3306/3009 2555/4337/3014 3333/3717/3125 2607/4395/3118
f 2555/4337/3014 2305/3307/3013 2611/4399/3126 3333/3717/3125
f 3333/3717/3125 2611/4399/3126 2334/3342/3127 2612/4400/3128
f 2607/4395/3118 3333/3717/3125 2612/4400/3128 2332/3340/3119
f 2332/3340/3119 2612/4400/3128 3334/3718/3129 2609/4397/3122
f 2612/4400/3128 2334/3342/3127 2613/4401/3130 3334/3718/3129
f 3334/3718/3129 2613/4401/3130 2335/3343/3131 2614/4402/3132
f 2609/4397/3122 3334/3718/3129 2614/4402/3132 2333/3341/3123
f 2305/3307/3013 2557/4339/3018 3335/3719/3133 2611/4399/3126
f 2557/4339/3018 2306/3308/3017 2615/4403/3134 3335/3719/3133
f 3335/3719/3133 2615/4403/3134 2336/3344/3135 2616/4404/3136
f 2611/4399/3126 3335/3719/3133 2616/4404/3136 2334/3342/3127
f 2334/3342/3127 2616/4404/3136 3336/3720/3137 2613/4401/3130
f 2616/4404/3136 2336/3344/3135 2617/4405/3138 3336/3720/3137
f 3336/3720/3137 2617/4405/3138 2337/3345/3139 2618/4406/3140
f 2613/4401/3130 3336/3720/3137 2618/4406/3140 2335/3343/3131
f 2306/3308/3017 2559/4341/3022 3337/3721/3141 2615/4403/3134
f 2559/4341/3022 2307/3309/3021 2619/4407/3142 3337/3721/3141
f 3337/3721/3141 2619/4407/3142 2338/3346/3143 2620/4408/3144
f 2615/4403/3134 3337/3721/3141 2620/4408/3144 2336/3344/3135
f 2336/3344/3135 2620/4408/3144 3338/3722/3145 2617/4405/3138
f 2620/4408/3144 2338/3346/3143 2621/4409/3146 3338/3722/3145
f 3338/3722/3145 2621/4409/3146 2339/3347/3147 2622/4410/3148
f 2617/4405/3138 3338/3722/3145 2622/4410/3148 2337/3345/3139
f 2307/3309/3021 2561/4344/3026 3339/3723/3149 2619/4407/3142
f 2561/4344/3026 2308/3310/3025 2623/4411/3150 3339/3723/3149
f 3339/3723/3149 2623/4411/3150 2340/3348/3151 2624/4413/3152
f 2619/4407/3142 3339/3723/3149 2624/4413/3152 2338/3346/3143
f 2338/3346/3143 2624/4413/3152 3340/3724/3153 2621/4409/3146
f 2624/4413/3152 2340/3348/3151 2625/4414/3154 3340/3724/3153
f 3340/3724/3153 2625/4414/3154 2341/3350/3155 2626/4416/3156
f 2621/4409/3146 3340/3724/3153 2626/4416/3156 2339/3347/3147
f 2308/3311/3025 2563/4346/3030 3341/3725/3157 2623/4412/3150
f 2563/4346/3030 2309/3312/3029 2627/4417/3158 3341/3725/3157
f 3341/3725/3157 2627/4417/3158 2342/3352/3159 2628/4418/3160
f 2623/4412/3150 3341/3725/3157 2628/4418/3160 2340/3349/3151
f 2340/3349/3151 2628/4418/3160 3342/3726/3161 2625/4415/3154
f 2628/4418/3160 2342/3352/3159 2629/4419/3162 3342/3726/3161
f 3342/3726/3161 2629/4419/3162 2343/3353/3163 2630/4420/3164
f 2625/4415/3154 3342/3726/3161 2630/4420/3164 2341/3351/3155
f 2309/3312/3029 2565/4348/3034 3343/3727/3165 2627/4417/3158
f 2565/4348/3034 2310/3313/3033 2631/4421/3166 3343/3727/3165
f 3343/3727/3165 2631/4421/3166 2344/3354/3167 2632/4422/3168
f 2627/4417/3158 3343/3727/3165 2632/4422/3168 2342/3352/3159
f 2342/3352/3159 2632/4422/3168 3344/3728/3169 2629/4419/3162
f 2632/4422/3168 2344/3354/3167 2633/4423/3170 3344/3728/3169
f 3344/3728/3169 2633/4423/3170 2345/3355/3171 2634/4424/3172
f 2629/4419/3162 3344/3728/3169 2634/4424/3172 2343/3353/3163
f 2310/3313/3033 2567/4350/3038 3345/3729/3173 2631/4421/3166
f 2567/4350/3038 2311/3314/3037 2635/4425/3174 3345/3729/3173
f 3345/3729/3173 2635/4425/3174 2346/3356/3175 2636/4426/3176
f 2631/4421/3166 3345/3729/3173 2636/4426/3176 2344/3354/3167
f 2344/3354/3167 2636/4426/3176 3346/3730/3177 2633/4423/3170
f 2636/4426/3176 2346/3356/3175 2637/4427/3178 3346/3730/3177
f 3346/3730/3177 2637/4427/3178 2347/3357/3179 2638/4428/3180
f 2633/4423/3170 3346/3730/3177 2638/4428/3180 2345/3355/3171
f 2311/3314/3037 2569/4353/3042 3347/3731/3181 2635/4425/3174
f 2569/4353/3042 2312/3315/3041 2639/4429/3182 3347/3731/3181
f 3347/3731/3181 2639/4429/3182 2348/3358/3183 2640/4431/3184
f 2635/4425/3174 3347/3731/3181 2640/4431/3184 2346/3356/3175
f 2346/3356/3175 2640/4431/3184 3348/3732/3185 2637/4427/3178
f 2640/4431/3184 2348/3358/3183 2641/4432/3186 3348/3732/3185
f 3348/3732/3185 2641/4432/3186 2349/3360/3187 2642/4434/3188
f 2637/4427/3178 3348/3732/3185 2642/4434/3188 2347/3357/3179
f 2312/3316/3041 2571/4355/3046 3349/3733/3189 2639/4430/3182
f 2571/4355/3046 2313/3317/3045 2643/4435/3190 3349/3733/3189
f 3349/3733/3189 2643/4435/3190 2350/3362/3191 2644/4436/3192
f 2639/4430/3182 3349/3733/3189 2644/4436/3192 2348/3359/3183
f 2348/3359/3183 2644/4436/3192 3350/3734/3193 2641/4433/3186
f 2644/4436/3192 2350/3362/3191 2645/4437/3194 3350/3734/3193
f 3350/3734/3193 2645/4437/3194 2351/3363/3195 2646/4438/3196
f 2641/4433/3186 3350/3734/3193 2646/4438/3196 2349/3361/3187
f 2313/3317/3045 2573/4357/3050 3351/3735/3197 2643/4435/3190
f 2573/4357/3050 2314/3318/3049 2647/4439/3198 3351/3735/3197
f 3351/3735/3197 2647/4439/3198 2352/3364/3199 2648/4440/3200
f 2643/4435/3190 3351/3735/3197 2648/4440/3200 2350/3362/3191
f 2350/3362/3191 2648/4440/3200 3352/3736/3201 2645/4437/3194
f 2648/4440/3200 2352/3364/3199 2649/4441/3202 3352/3736/3201
f 3352/3736/3201 2649/4441/3202 2353/3365/3203 2650/4442/3204
f 2645/4437/3194 3352/3736/3201 2650/4442/3204 2351/3363/3195
f 2314/3318/3049 2575/4359/3054 3353/3737/3205 2647/4439/3198
f 2575/4359/3054 2315/3319/3053 2651/4443/3206 3353/3737/3205
f 3353/3737/3205 2651/4443/3206 2354/3366/3207 2652/4444/3208
f 2647/4439/3198 3353/3737/3205 2652/4444/3208 2352/3364/3199
f 2352/3364/3199 2652/4444/3208 3354/3738/3209 2649/4441/3202
f 2652/4444/3208 2354/3366/3207 2653/4445/3210 3354/3738/3209
f 3354/3738/3209 2653/4445/3210 2355/3367/3211 2654/4446/3212
f 2649/4441/3202 3354/3738/3209 2654/4446/3212 2353/3365/3203
f 2315/3319/3053 2576/4360/3056 3355/3739/3213 2651/4443/3206
f 2576/4360/3056 2296/3296/2982 2579/4363/3058 3355/3739/3213
f 3355/3739/3213 2579/4363/3058 2316/3320/3062 2655/4447/3214
f 2651/4443/3206 3355/3739/3213 2655/4447/3214 2354/3366/3207
f 2354/3366/3207 2655/4447/3214 3356/3740/3215 2653/4445/3210
f 2655/4447/3214 2316/3320/3062 2582/4366/3064 3356/3740/3215
f 3356/3740/3215 2582/4366/3064 2317/3321/3068 2656/4448/3216
f 2653/4445/3210 3356/3740/3215 2656/4448/3216 2355/3367/3211
f 2317/3321/3068 2581/4365/3067 3357/3741/3217 2659/4451/3218
f 2581/4365/3067 2319/3323/3066 2657/4449/3219 3357/3741/3217
f 3357/3741/3217 2657/4449/3219 2390/3429/3220 2658/4450/3221
f 2659/4451/3218 3357/3741/3217 2658/4450/3221 2391/3430/3222
f 2319/3323/3066 2586/4372/3076 3358/3742/3223 2657/4449/3219
f 2586/4372/3076 2321/3326/3075 2660/4452/3224 3358/3742/3223
f 3358/3742/3223 2660/4452/3224 2389/3427/3225 2661/4454/3226
f 2657/4449/3219 3358/3742/3223 2661/4454/3226 2390/3429/3220
f 2321/3327/3075 2590/4376/3084 3359/3743/3227 2660/4453/3224
f 2590/4376/3084 2323/3329/3083 2662/4455/3228 3359/3743/3227
f 3359/3743/3227 2662/4455/3228 2388/3426/3229 2663/4456/3230
f 2660/4453/3224 3359/3743/3227 2663/4456/3230 2389/3428/3225
f 2323/3329/3083 2594/4380/3092 3360/3744/3231 2662/4455/3228
f 2594/4380/3092 2325/3331/3091 2664/4457/3232 3360/3744/3231
f 3360/3744/3231 2664/4457/3232 2387/3425/3233 2665/4458/3234
f 2662/4455/3228 3360/3744/3231 2665/4458/3234 2388/3426/3229
f 2325/3331/3091 2598/4384/3100 3361/3745/3235 2664/4457/3232
f 2598/4384/3100 2327/3333/3099 2666/4459/3236 3361/3745/3235
f 3361/3745/3235 2666/4459/3236 2386/3424/3237 2667/4460/3238
f 2664/4457/3232 3361/3745/3235 2667/4460/3238 2387/3425/3233
f 2327/3333/3099 2602/4390/3108 3362/3746/3239 2666/4459/3236
f 2602/4390/3108 2329/3336/3107 2668/4461/3240 3362/3746/3239
f 3362/3746/3239 2668/4461/3240 2385/3422/3241 2669/4463/3242
f 2666/4459/3236 3362/3746/3239 2669/4463/3242 2386/3424/3237
f 2329/3337/3107 2606/4394/3116 3363/3747/3243 2668/4462/3240
f 2606/4394/3116 2331/3339/3115 2670/4464/3244 3363/3747/3243
f 3363/3747/3243 2670/4464/3244 2384/3421/3245 2671/4465/3246
f 2668/4462/3240 3363/3747/3243 2671/4465/3246 2385/3423/3241
f 2331/3339/3115 2610/4398/3124 3364/3748/3247 2670/4464/3244
f 2610/4398/3124 2333/3341/3123 2672/4466/3248 3364/3748/3247
f 3364/3748/3247 2672/4466/3248 2383/3420/3249 2673/4467/3250
f 2670/4464/3244 3364/3748/3247 2673/4467/3250 2384/3421/3245
f 2333/3341/3123 2614/4402/3132 3365/3749/3251 2672/4466/3248
f 2614/4402/3132 2335/3343/3131 2674/4468/3252 3365/3749/3251
f 3365/3749/3251 2674/4468/3252 2382/3419/3253 2675/4469/3254
f 2672/4466/3248 3365/3749/3251 2675/4469/3254 2383/3420/3249
f 2335/3343/3131 2618/4406/3140 3366/3750/3255 2674/4468/3252
f 2618/4406/3140 2337/3345/3139 2676/4470/3256 3366/3750/3255
f 3366/3750/3255 2676/4470/3256 2381/3418/3257 2677/4471/3258
f 2674/4468/3252 3366/3750/3255 2677/4471/3258 2382/3419/3253
f 2337/3345/3139 2622/4410/3148 3367/3751/3259 2676/4470/3256
f 2622/4410/3148 2339/3347/3147 2678/4472/3260 3367/3751/3259
f 3367/3751/3259 2678/4472/3260 2380/3417/3261 2679/4473/3262
f 2676/4470/3256 3367/3751/3259 2679/4473/3262 2381/3418/3257
f 2339/3347/3147 2626/4416/3156 3368/3752/3263 2678/4472/3260
f 2626/4416/3156 2341/3350/3155 2680/4474/3264 3368/3752/3263
f 3368/3752/3263 2680/4474/3264 2379/3415/3265 2681/4476/3266
f 2678/4472/3260 3368/3752/3263 2681/4476/3266 2380/3417/3261
f 2341/3351/3155 2630/4420/3164 3369/3753/3267 2680/4475/3264
f 2630/4420/3164 2343/3353/3163 2682/4477/3268 3369/3753/3267
f 3369/3753/3267 2682/4477/3268 2378/3414/3269 2683/4478/3270
f 2680/4475/3264 3369/3753/3267 2683/4478/3270 2379/3416/3265
f 2343/3353/3163 2634/4424/3172 3370/3754/3271 2682/4477/3268
f 2634/4424/3172 2345/3355/3171 2684/4479/3272 3370/3754/3271
f 3370/3754/3271 2684/4479/3272 2377/3413/3273 2685/4480/3274
f 2682/4477/3268 3370/3754/3271 2685/4480/3274 2378/3414/3269
f 2345/3355/3171 2638/4428/3180 3371/3755/3275 2684/4479/3272
f 2638/4428/3180 2347/3357/3179 2686/4481/3276 3371/3755/3275
f 3371/3755/3275 2686/4481/3276 2396/3436/3277 2687/4482/3278
f 2684/4479/3272 3371/3755/3275 2687/4482/3278 2377/3413/3273
f 2347/3357/3179 2642/4434/3188 3372/3756/3279 2686/4481/3276
f 2642/4434/3188 2349/3360/3187 2688/4483/3280 3372/3756/3279
f 3372/3756/3279 2688/4483/3280 2395/3434/3281 2689/4485/3282
f 2686/4481/3276 3372/3756/3279 2689/4485/3282 2396/3436/3277
f 2349/3361/3187 2646/4438/3196 3373/3757/3283 2688/4484/3280
f 2646/4438/3196 2351/3363/3195 2690/4486/3284 3373/3757/3283
f 3373/3757/3283 2690/4486/3284 2394/3433/3285 2691/4487/3286
f 2688/4484/3280 3373/3757/3283 2691/4487/3286 2395/3435/3281
f 2351/3363/3195 2650/4442/3204 3374/3758/3287 2690/4486/3284
f 2650/4442/3204 2353/3365/3203 2692/4488/3288 3374/3758/3287
f 3374/3758/3287 2692/4488/3288 2393/3432/3289 2693/4489/3290
f 2690/4486/3284 3374/3758/3287 2693/4489/3290 2394/3433/3285
f 2353/3365/3203 2654/4446/3212 3375/3759/3291 2692/4488/3288
f 2654/4446/3212 2355/3367/3211 2694/4490/3292 3375/3759/3291
f 3375/3759/3291 2694/4490/3292 2392/3431/3293 2695/4491/3294
f 2692/4488/3288 3375/3759/3291 2695/4491/3294 2393/3432/3289
f 2355/3367/3211 2656/4448/3216 3376/3760/3295 2694/4490/3292
f 2656/4448/3216 2317/3321/3068 2659/4451/3218 3376/3760/3295
f 3376/3760/3295 2659/4451/3218 2391/3430/3222 2696/4492/3296
f 2694/4490/3292 3376/3760/3295 2696/4492/3296 2392/3431/3293
f 2378/3414/3269 2685/4480/3274 3377/3761/3297 2699/4495/3298
f 2685/4480/3274 2377/3413/3273 2697/4493/3299 3377/3761/3297
f 3377/3761/3297 2697/4493/3299 2398/3438/3300 2698/4494/3301
f 2699/4495/3298 3377/3761/3297 2698/4494/3301 2399/3439/3302
f 2379/3416/3265 2683/4478/3270 3378/3762/3303 2701/4497/3304
f 2683/4478/3270 2378/3414/3269 2699/4495/3298 3378/3762/3303
f 3378/3762/3303 2699/4495/3298 2399/3439/3302 2700/4496/3305
f 2701/4497/3304 3378/3762/3303 2700/4496/3305 2400/3440/3306
f 2380/3417/3261 2681/4476/3266 3379/3763/3307 2703/4500/3308
f 2681/4476/3266 2379/3415/3265 2701/4498/3304 3379/3763/3307
f 3379/3763/3307 2701/4498/3304 2400/3441/3306 2702/4499/3309
f 2703/4500/3308 3379/3763/3307 2702/4499/3309 2401/3442/3310
f 2381/3418/3257 2679/4473/3262 3380/3764/3311 2705/4502/3312
f 2679/4473/3262 2380/3417/3261 2703/4500/3308 3380/3764/3311
f 3380/3764/3311 2703/4500/3308 2401/3442/3310 2704/4501/3313
f 2705/4502/3312 3380/3764/3311 2704/4501/3313 2402/3443/3314
f 2382/3419/3253 2677/4471/3258 3381/3765/3315 2707/4504/3316
f 2677/4471/3258 2381/3418/3257 2705/4502/3312 3381/3765/3315
f 3381/3765/3315 2705/4502/3312 2402/3443/3314 2706/4503/3317
f 2707/4504/3316 3381/3765/3315 2706/4503/3317 2403/3444/3318
f 2383/3420/3249 2675/4469/3254 3382/3766/3319 2709/4506/3320
f 2675/4469/3254 2382/3419/3253 2707/4504/3316 3382/3766/3319
f 3382/3766/3319 2707/4504/3316 2403/3444/3318 2708/4505/3321
f 2709/4506/3320 3382/3766/3319 2708/4505/3321 2404/3445/3322
f 2384/3421/3245 2673/4467/3250 3383/3767/3323 2711/4508/3324
f 2673/4467/3250 2383/3420/3249 2709/4506/3320 3383/3767/3323
f 3383/3767/3323 2709/4506/3320 2404/3445/3322 2710/4507/3325
f 2711/4508/3324 3383/3767/3323 2710/4507/3325 2405/3446/3326
f 2385/3423/3241 2671/4465/3246 3384/3768/3327 2713/4510/3328
f 2671/4465/3246 2384/3421/3245 2711/4508/3324 3384/3768/3327
f 3384/3768/3327 2711/4508/3324 2405/3446/3326 2712/4509/3329
f 2713/4510/3328 3384/3768/3327 2712/4509/3329 2406/3447/3330
f 2386/3424/3237 2669/4463/3242 3385/3769/3331 2715/4513/3332
f 2669/4463/3242 2385/3422/3241 2713/4511/3328 3385/3769/3331
f 3385/3769/3331 2713/4511/3328 2406/3448/3330 2714/4512/3333
f 2715/4513/3332 3385/3769/3331 2714/4512/3333 2407/3449/3334
f 2387/3425/3233 2667/4460/3238 3386/3770/3335 2717/4515/3336
f 2667/4460/3238 2386/3424/3237 2715/4513/3332 3386/3770/3335
f 3386/3770/3335 2715/4513/3332 2407/3449/3334 2716/4514/3337
f 2717/4515/3336 3386/3770/3335 2716/4514/3337 2408/3450/3338
f 2388/3426/3229 2665/4458/3234 3387/3771/3339 2719/4517/3340
f 2665/4458/3234 2387/3425/3233 2717/4515/3336 3387/3771/3339
f 3387/3771/3339 2717/4515/3336 2408/3450/3338 2718/4516/3341
f 2719/4517/3340 3387/3771/3339 2718/4516/3341 2409/3451/3342
f 2389/3428/3225 2663/4456/3230 3388/3772/3343 2721/4519/3344
f 2663/4456/3230 2388/3426/3229 2719/4517/3340 3388/3772/3343
f 3388/3772/3343 2719/4517/3340 2409/3451/3342 2720/4518/3345
f 2721/4519/3344 3388/3772/3343 2720/4518/3345 2410/3452/3346
f 2390/3429/3220 2661/4454/3226 3389/3773/3347 2723/4522/3348
f 2661/4454/3226 2389/3427/3225 2721/4520/3344 3389/3773/3347
f 3389/3773/3347 2721/4520/3344 2410/3453/3346 2722/4521/3349
f 2723/4522/3348 3389/3773/3347 2722/4521/3349 2411/3454/3350
f 2391/3430/3222 2658/4450/3221 3390/3774/3351 2725/4524/3352
f 2658/4450/3221 2390/3429/3220 2723/4522/3348 3390/3774/3351
f 3390/3774/3351 2723/4522/3348 2411/3454/3350 2724/4523/3353
f 2725/4524/3352 3390/3774/3351 2724/4523/3353 2412/3455/3354
f 2392/3431/3293 2696/4492/3296 3391/3775/3355 2727/4526/3356
f 2696/4492/3296 2391/3430/3222 2725/4524/3352 3391/3775/3355
f 3391/3775/3355 2725/4524/3352 2412/3455/3354 2726/4525/3357
f 2727/4526/3356 3391/3775/3355 2726/4525/3357 2413/3456/3358
f 2393/3432/3289 2695/4491/3294 3392/3776/3359 2729/4528/3360
f 2695/4491/3294 2392/3431/3293 2727/4526/3356 3392/3776/3359
f 3392/3776/3359 2727/4526/3356 2413/3456/3358 2728/4527/3361
f 2729/4528/3360 3392/3776/3359 2728/4527/3361 2414/3457/3362
f 2394/3433/3285 2693/4489/3290 3393/3777/3363 2731/4530/3364
f 2693/4489/3290 2393/3432/3289 2729/4528/3360 3393/3777/3363
f 3393/3777/3363 2729/4528/3360 2414/3457/3362 2730/4529/3365
f 2731/4530/3364 3393/3777/3363 2730/4529/3365 2415/3458/3366
f 2395/3435/3281 2691/4487/3286 3394/3778/3367 2733/4532/3368
f 2691/4487/3286 2394/3433/3285 2731/4530/3364 3394/3778/3367
f 3394/3778/3367 2731/4530/3364 2415/3458/3366 2732/4531/3369
f 2733/4532/3368 3394/3778/3367 2732/4531/3369 2416/3459/3370
f 2396/3436/3277 2689/4485/3282 3395/3779/3371 2735/4535/3372
f 2689/4485/3282 2395/3434/3281 2733/4533/3368 3395/3779/3371
f 3395/3779/3371 2733/4533/3368 2416/3460/3370 2734/4534/3373
f 2735/4535/3372 3395/3779/3371 2734/4534/3373 2397/3437/3374
f 2377/3413/3273 2687/4482/3278 3396/3780/3375 2697/4493/3299
f 2687/4482/3278 2396/3436/3277 2735/4535/3372 3396/3780/3375
f 3396/3780/3375 2735/4535/3372 2397/3437/3374 2736/4536/3376
f 2697/4493/3299 3396/3780/3375 2736/4536/3376 2398/3438/3300
f 2398/3438/3300 2736/4536/3376 3397/3781/3377 2738/4538/3378
f 2736/4536/3376 2397/3437/3374 2737/4537/3379 3397/3781/3377
f 3397/3781/3377 2737/4537/3379 2372/3403/2317 2866/3949/2315
f 2738/4538/3378 3397/3781/3377 2866/3949/2315 2371/3401/2313
f 2399/3439/3302 2698/4494/3301 3398/3782/3380 2739/4539/3381
f 2698/4494/3301 2398/3438/3300 2738/4538/3378 3398/3782/3380
f 3398/3782/3380 2738/4538/3378 2371/3401/2313 2864/3946/2311
f 2739/4539/3381 3398/3782/3380 2864/3946/2311 2370/3399/2309
f 2400/3440/3306 2700/4496/3305 3399/3783/3382 2740/4540/3383
f 2700/4496/3305 2399/3439/3302 2739/4539/3381 3399/3783/3382
f 3399/3783/3382 2739/4539/3381 2370/3399/2309 2862/3943/2307
f 2740/4540/3383 3399/3783/3382 2862/3943/2307 2369/3397/2305
f 2401/3442/3310 2702/4499/3309 3400/3784/3384 2741/4542/3385
f 2702/4499/3309 2400/3441/3306 2740/4541/3383 3400/3784/3384
f 3400/3784/3384 2740/4541/3383 2369/3396/2305 2860/3940/2303
f 2741/4542/3385 3400/3784/3384 2860/3940/2303 2368/3394/2301
f 2402/3443/3314 2704/4501/3313 3401/3785/3386 2742/4543/3387
f 2704/4501/3313 2401/3442/3310 2741/4542/3385 3401/3785/3386
f 3401/3785/3386 2741/4542/3385 2368/3394/2301 2858/3937/2299
f 2742/4543/3387 3401/3785/3386 2858/3937/2299 2367/3392/2297
f 2403/3444/3318 2706/4503/3317 3402/3786/3388 2743/4544/3389
f 2706/4503/3317 2402/3443/3314 2742/4543/3387 3402/3786/3388
f 3402/3786/3388 2742/4543/3387 2367/3392/2297 2856/3934/2295
f 2743/4544/3389 3402/3786/3388 2856/3934/2295 2366/3390/2293
f 2404/3445/3322 2708/4505/3321 3403/3787/3390 2744/4545/3391
f 2708/4505/3321 2403/3444/3318 2743/4544/3389 3403/3787/3390
f 3403/3787/3390 2743/4544/3389 2366/3390/2293 2854/3931/2291
f 2744/4545/3391 3403/3787/3390 2854/3931/2291 2365/3388/2289
f 2405/3446/3326 2710/4507/3325 3404/3788/3392 2745/4546/3393
f 2710/4507/3325 2404/3445/3322 2744/4545/3391 3404/3788/3392
f 3404/3788/3392 2744/4545/3391 2365/3388/2289 2852/3928/2287
f 2745/4546/3393 3404/3788/3392 2852/3928/2287 2364/3386/2285
f 2406/3447/3330 2712/4509/3329 3405/3789/3394 2746/4547/3395
f 2712/4509/3329 2405/3446/3326 2745/4546/3393 3405/3789/3394
f 3405/3789/3394 2745/4546/3393 2364/3386/2285 2850/3925/2283
f 2746/4547/3395 3405/3789/3394 2850/3925/2283 2363/3384/2281
f 2407/3449/3334 2714/4512/3333 3406/3790/3396 2747/4549/3397
f 2714/4512/3333 2406/3448/3330 2746/4548/3395 3406/3790/3396
f 3406/3790/3396 2746/4548/3395 2363/3383/2281 2848/3922/2279
f 2747/4549/3397 3406/3790/3396 2848/3922/2279 2362/3381/2277
f 2408/3450/3338 2716/4514/3337 3407/3791/3398 2748/4550/3399
f 2716/4514/3337 2407/3449/3334 2747/4549/3397 3407/3791/3398
f 3407/3791/3398 2747/4549/3397 2362/3381/2277 2846/3919/2275
f 2748/4550/3399 3407/3791/3398 2846/3919/2275 2361/3379/2273
f 2409/3451/3342 2718/4516/3341 3408/3792/3400 2749/4551/3401
f 2718/4516/3341 2408/3450/3338 2748/4550/3399 3408/3792/3400
f 3408/3792/3400 2748/4550/3399 2361/3379/2273 2844/3916/2271
f 2749/4551/3401 3408/3792/3400 2844/3916/2271 2360/3377/2269
f 2410/3452/3346 2720/4518/3345 3409/3793/3402 2750/4552/3403
f 2720/4518/3345 2409/3451/3342 2749/4551/3401 3409/3793/3402
f 3409/3793/3402 2749/4551/3401 2360/3377/2269 2842/3913/2267
f 2750/4552/3403 3409/3793/3402 2842/3913/2267 2359/3375/2265
f 2411/3454/3350 2722/4521/3349 3410/3794/3404 2751/4554/3405
f 2722/4521/3349 2410/3453/3346 2750/4553/3403 3410/3794/3404
f 3410/3794/3404 2750/4553/3403 2359/3374/2265 2840/3910/2263
f 2751/4554/3405 3410/3794/3404 2840/3910/2263 2357/3371/2260
f 2412/3455/3354 2724/4523/3353 3411/3795/3406 2752/4555/3407
f 2724/4523/3353 2411/3454/3350 2751/4554/3405 3411/3795/3406
f 3411/3795/3406 2751/4554/3405 2357/3371/2260 2837/3906/2257
f 2752/4555/3407 3411/3795/3406 2837/3906/2257 2356/3369/2256
f 2413/3456/3358 2726/4525/3357 3412/3796/3408 2753/4556/3409
f 2726/4525/3357 2412/3455/3354 2752/4555/3407 3412/3796/3408
f 3412/3796/3408 2752/4555/3407 2356/3369/2256 2876/3964/2335
f 2753/4556/3409 3412/3796/3408 2876/3964/2335 2376/3412/2333
f 2414/3457/3362 2728/4527/3361 3413/3797/3410 2754/4557/3411
f 2728/4527/3361 2413/3456/3358 2753/4556/3409 3413/3797/3410
f 3413/3797/3410 2753/4556/3409 2376/3412/2333 2874/3961/2331
f 2754/4557/3411 3413/3797/3410 2874/3961/2331 2375/3410/2329
f 2415/3458/3366 2730/4529/3365 3414/3798/3412 2755/4558/3413
f 2730/4529/3365 2414/3457/3362 2754/4557/3411 3414/3798/3412
f 3414/3798/3412 2754/4557/3411 2375/3410/2329 2872/3958/2327
f 2755/4558/3413 3414/3798/3412 2872/3958/2327 2374/3408/2325
f 2416/3459/3370 2732/4531/3369 3415/3799/3414 2756/4559/3415
f 2732/4531/3369 2415/3458/3366 2755/4558/3413 3415/3799/3414
f 3415/3799/3414 2755/4558/3413 2374/3408/2325 2870/3955/2323
f 2756/4559/3415 3415/3799/3414 2870/3955/2323 2373/3406/2321
f 2397/3437/3374 2734/4534/3373 3416/3800/3416 2737/4537/3379
f 2734/4534/3373 2416/3460/3370 2756/4560/3415 3416/3800/3416
f 3416/3800/3416 2756/4560/3415 2373/3405/2321 2868/3952/2319
f 2737/4537/3379 3416/3800/3416 2868/3952/2319 2372/3403/2317