
g default
v -2.098573000000002 10.698498 0.15181099999999503
v -2.4589229999999986 10.888317 -0.3692190000000011
v -3.2761169999999993 11.076740000000001 -1.3417570000000012
v -4.153829999999999 11.264225000000003 -2.1339030000000037
v -5.034289999999999 11.434578000000002 -2.628015000000005
v -5.916105000000002 11.596480999999997 -2.9750719999999973
v -6.7982470000000035 11.756351000000002 -3.286833999999999
v -7.6816359999999975 11.908442999999998 -3.4633019999999988
v -8.566870000000002 12.049038000000003 -3.4397730000000024
v -9.453026000000001 12.183883999999999 -3.3162420000000026
v -10.341253000000002 12.305813 -2.968012999999999
v -11.230446 12.421719000000003 -2.5150759999999934
v -12.121428000000002 12.526470000000003 -1.868025000000003
v -13.013973 12.621479 -1.051563999999999
v -13.906095 12.719124 -0.2809859999999986
v -14.807703000000004 12.757626000000002 0.24202999999999975
v -15.564810999999999 12.439320000000002 0.4898950000000042
v -2.1058889999999977 10.652884999999998 0.9451779999999985
v -2.4759540000000015 10.782134999999997 1.4778170000000017
v -3.3110829999999964 10.858730000000001 2.450355000000002
v -4.203403999999999 10.955139000000003 3.2425010000000043
v -5.092976999999998 11.06868 3.736614000000003
v -5.9811929999999975 11.190674000000001 4.083669999999998
v -6.869084000000001 11.314697000000002 4.395432
v -7.755727 11.446499000000003 4.571900999999997
v -8.640528000000003 11.589801999999999 4.548371000000003
v -9.524405000000002 11.73885 4.424842999999996
v -10.406210000000002 11.900813999999997 4.076611999999997
v -11.28705 12.068806000000002 3.6236750000000058
v -12.1661 12.247951999999998 2.9766230000000036
v -13.043588999999997 12.436836 2.1601619999999997
v -13.921498 12.623085000000003 1.3895839999999993
v -14.813600999999998 12.720852 0.8816520000000025
v -15.566828999999998 12.426735 0.7088820000000027
v -2.1379809999999964 10.452801000000001 0.9333799999999997
v -2.519278 10.51202 1.4618889999999993
v -3.354407000000002 10.588614999999997 2.4344269999999995
v -4.246727999999997 10.685023999999999 3.226573000000002
v -5.1362999999999985 10.798565000000004 3.7206860000000006
v -6.024517000000003 10.920558999999997 4.0677419999999955
v -6.912407999999999 11.044581999999998 4.379503999999997
v -7.799050999999999 11.176383999999999 4.5559729999999945
v -8.683851000000004 11.319687000000002 4.532443000000001
v -9.567729 11.468735000000002 4.408913999999996
v -10.449533000000002 11.630702999999997 4.060683999999995
v -11.330373999999999 11.798690999999998 3.6077470000000034
v -12.209423000000001 11.977837000000001 2.960695000000001
v -13.086911999999998 12.166721000000003 2.1442339999999973
v -13.964821999999998 12.35297 1.3736559999999969
v -14.853166000000002 12.474173999999998 0.8671049999999951
v -15.583655999999998 12.321831000000003 0.7026960000000031
v -2.1306650000000005 10.498413 0.14001299999999617
v -2.502246999999997 10.618201999999997 -0.38514700000000346
v -3.31944 10.806624999999997 -1.3576850000000036
v -4.197153 10.99411 -2.1498320000000035
v -5.0776129999999995 11.164467000000002 -2.6439440000000047
v -5.959429 11.326366 -2.991000999999997
v -6.841571000000002 11.486237000000003 -3.302762999999999
v -7.724958999999998 11.638331999999998 -3.479230000000001
v -8.610193000000002 11.778922999999999 -3.455701000000005
v -9.496349000000002 11.913769000000002 -3.3321710000000024
v -10.384577 12.035697999999996 -2.983941999999999
v -11.273769000000001 12.151608000000003 -2.5310049999999933
v -12.164751000000003 12.256355 -1.8839530000000053
v -13.057296999999998 12.351363999999997 -1.0674920000000014
v -13.949418000000001 12.449008999999997 -0.296914000000001
v -14.847268 12.510944000000002 0.22748300000000654
v -15.581636000000003 12.334415 0.4837090000000046
v -14.887794 12.258274 0.5334789999999998
v -13.998114000000001 12.145401 0.5232989999999944
v -13.113098 12.003456 0.5232989999999944
v -12.228081000000003 11.861507000000003 0.5232989999999944
v -11.343064999999996 11.719558999999997 0.5232989999999944
v -10.458049000000003 11.57761 0.5232989999999944
v -9.573033000000002 11.435665 0.5232989999999944
v -8.688015999999998 11.293716000000003 0.5232989999999944
v -7.802999 11.151767999999997 0.5232989999999944
v -6.9179829999999995 11.009822999999997 0.5232989999999944
v -6.032966999999999 10.867874 0.5232989999999944
v -5.147950999999999 10.725924999999997 0.5232989999999944
v -4.262934000000001 10.583981000000001 0.5232989999999944
v -3.3779169999999965 10.442031999999998 0.5232989999999944
v -2.551755 10.309525 0.5232989999999944
v -1.9903210000000016 10.208317000000001 0.5226569999999953
v -2.044595000000001 9.869923 0.5027019999999993
v -2.609521000000001 9.949371 0.5020609999999976
v -3.435682 10.081879 0.5020609999999976
v -4.320698999999998 10.223827 0.5020609999999976
v -5.205714999999998 10.365775999999997 0.5020609999999976
v -6.090730999999998 10.507720999999997 0.5020609999999976
v -6.975748000000003 10.64967 0.5020609999999976
v -7.860764000000003 10.791618 0.5020609999999976
v -8.745781000000001 10.933563 0.5020609999999976
v -9.630797000000001 11.075512000000003 0.5020609999999976
v -10.515813999999999 11.217461 0.5020609999999976
v -11.40083 11.359406 0.5020609999999976
v -12.285846 11.501354 0.5020609999999976
v -13.170862999999997 11.643303000000003 0.5020609999999976
v -14.055878999999997 11.785248000000003 0.5020609999999976
v -14.941004 11.926516999999997 0.5139159999999947
v -15.713385000000002 12.063254999999998 0.5860210000000023
v -15.692833 12.191391000000003 0.5935779999999937
v -11.345083000000002 11.706978 2.165107000000006
v -10.462294 11.551144 2.406672999999998
v -9.578991000000002 11.398521000000002 2.5923959999999937
v -8.694581 11.252785000000003 2.6582769999999982
v -7.80968 11.110115 2.6708260000000053
v -6.923796000000003 10.973579 2.5767100000000056
v -6.037245999999996 10.841189999999997 2.410437999999999
v -5.150523999999997 10.709885 2.2253410000000002
v -4.263077000000003 10.583084 1.9618150000000014
v -3.374164999999998 10.465431000000002 1.5393360000000058
v -2.543219999999998 10.362740000000002 1.0206500000000034
v -2.0197100000000034 10.232613 0.6971709999999973
v -2.066557000000003 9.940528999999998 0.6799469999999985
v -2.600985999999999 10.002589999999998 0.9994120000000066
v -3.4319300000000013 10.105277999999998 1.5180979999999948
v -4.320841999999999 10.222935 1.9405780000000021
v -5.208287999999996 10.349730999999998 2.204104000000001
v -6.0950109999999995 10.481037 2.3892000000000024
v -6.981560999999999 10.613430000000001 2.5554719999999946
v -7.867445000000004 10.749961999999996 2.649589000000006
v -8.752346000000003 10.892631999999999 2.637039999999999
v -9.636755 11.038367999999998 2.5711589999999944
v -10.520059000000003 11.19099 2.385435000000001
v -11.402847999999999 11.346825000000003 2.143868999999995
v -12.284680999999999 11.508614000000001 1.7987760000000037
v -13.165683999999999 11.675593999999997 1.3633300000000048
v -14.046909 11.841171000000003 0.9523539999999997
v -14.930548000000002 11.991711000000002 0.6889039999999937
v -15.70816 12.095829000000002 0.6369839999999982
v -15.687951999999996 12.221828000000002 0.6444139999999976
v -14.877406 12.323039999999999 0.7084420000000051
v -13.989143999999996 12.201321 0.9735919999999965
v -13.107919000000003 12.035747999999998 1.3845680000000016
v -12.226916000000003 11.868766999999998 1.820013000000003
v -11.314895 11.895203000000002 -1.1088929999999948
v -10.42765 11.767142999999997 -1.3504590000000007
v -9.540922000000002 11.635871999999999 -1.536182999999994
v -8.655296999999997 11.497711000000002 -1.6020639999999986
v -7.770164000000001 11.356487000000001 -1.6146130000000056
v -6.886015999999998 11.209128999999997 -1.5204959999999943
v -6.002533 11.057620999999997 -1.354224000000002
v -5.119224000000003 10.905033000000003 -1.1691280000000006
v -4.236637000000002 10.747936000000003 -0.9056020000000018
v -3.3555160000000015 10.581699 -0.4831219999999945
v -2.534137000000001 10.419373 0.03556399999999371
v -2.0165229999999994 10.252479999999998 0.35156700000000285
v -2.063369999999999 9.960396000000003 0.33434300000000405
v -2.5919019999999975 10.059218999999999 0.014325999999996952
v -3.413280999999998 10.22155 -0.5043600000000055
v -4.294401999999998 10.387782999999999 -0.9268390000000011
v -5.176988999999999 10.54488 -1.1903659999999974
v -6.0602969999999985 10.697471999999998 -1.3754619999999989
v -6.943781000000001 10.848976 -1.5417340000000053
v -7.8279289999999975 10.996333999999997 -1.635850000000005
v -8.713062 11.137562000000003 -1.6233009999999979
v -9.598686 11.275719000000002 -1.5574199999999934
v -10.485415000000003 11.40699 -1.3716969999999975
v -11.372658999999999 11.535052999999998 -1.1301310000000058
v -12.260857000000001 11.657158000000003 -0.7850370000000026
v -13.149889000000002 11.774071 -0.34959200000000124
v -14.038694 11.892391000000003 0.06138400000000388
v -14.927402 12.011322 0.3477720000000062
v -15.707257999999996 12.101447999999998 0.5392310000000009
v -15.68705 12.227448000000003 0.5466610000000003
v -14.87426 12.342650999999996 0.36731000000000336
v -13.980929000000003 12.252544 0.08262200000000064
v -13.092123999999998 12.134224000000003 -0.3283540000000045
v -12.203091999999998 12.017311 -0.7638000000000034
v -1.1012290000000036 9.974899 0.5174350000000061
v -1.1271029999999982 9.813583000000001 0.5079219999999935
v -1.2148150000000015 9.972625999999998 0.6124760000000009
v -1.2360490000000013 9.840237000000002 0.6046690000000012
v -1.213047000000003 9.983654000000001 0.4206879999999984
v -1.2342810000000028 9.851264999999998 0.4128809999999987
v -12.667464000000002 11.951968999999998 1.6073099999999982
v -12.234037 11.824371 1.1692520000000002
v -11.785573 11.790534999999998 0.5232989999999944
v -11.786127 11.787083000000003 2.006364000000005
v -11.350612999999996 11.672504000000004 1.3417989999999946
v -10.900558000000004 11.648586000000002 0.5232989999999944
v -10.903772000000004 11.628540000000001 2.2949880000000036
v -10.466709999999999 11.523612999999997 1.4625819999999976
v -10.015540999999999 11.506638000000002 0.5232989999999944
v -10.020746000000003 11.474181999999999 2.510829000000001
v -9.582549999999998 11.376323999999997 1.5554439999999943
v -9.130524999999999 11.364688999999998 0.5232989999999944
v -9.136887999999999 11.325020000000002 2.6363170000000054
v -8.697837 11.232483000000002 1.588384000000005
v -8.245507000000003 11.222743999999999 0.5232989999999944
v -8.252217000000002 11.180908000000002 2.673963999999998
v -7.812877999999998 11.090176 1.5946590000000072
v -7.360490999999996 11.080795000000002 0.5232989999999944
v -7.366854000000004 11.041125999999998 2.6363170000000054
v -6.927427999999999 10.950935000000001 1.5476010000000002
v -6.475473999999998 10.938847000000003 0.5232989999999944
v -6.480564999999999 10.907116000000002 2.498279999999994
v -6.041645000000003 10.813766000000001 1.4644640000000066
v -5.590457999999998 10.796902000000003 0.5232989999999944
v -5.593927999999998 10.775269000000002 2.322595000000007
v -5.155776000000003 10.677143000000001 1.3719159999999988
v -4.705441999999998 10.654952999999999 0.5232989999999944
v -4.7069449999999975 10.645584 2.1092649999999935
v -4.269543999999996 10.542766999999998 1.2401530000000065
v -3.8204259999999977 10.513004000000002 0.5232989999999944
v -3.8188049999999976 10.523117 1.7704449999999952
v -3.3825799999999973 10.412964000000002 1.0289140000000003
v -2.935409 10.371056000000003 0.5232989999999944
v -2.9291979999999995 10.409785999999997 1.2726729999999975
v -2.554026999999998 10.295364 0.7695709999999991
v -2.285812 10.266869 0.5232989999999944
v -2.275551 10.330849 0.8334629999999947
v -1.9911719999999988 10.203007 0.6150219999999962
v -0.972247000000003 9.871479 0.512677999999994
v -1.101778000000003 9.971488999999998 0.5768060000000048
v -1.1151300000000006 9.888233 0.6171470000000028
v -1.1276510000000002 9.810169000000002 0.5672930000000065
v -2.3333159999999964 9.970695 0.812224999999998
v -2.6117909999999966 9.935211000000002 0.7483330000000024
v -2.3435769999999962 9.906714999999998 0.5020609999999976
v -2.045447000000003 9.864612999999999 0.5950670000000002
v -2.986963000000003 10.049633 1.2514350000000007
v -3.440344000000003 10.052810999999998 1.0076760000000036
v -2.9931739999999962 10.010905999999999 0.5020609999999976
v -3.8765690000000035 10.162964000000002 1.7492069999999984
v -4.327309 10.182617 1.2189149999999955
v -3.878191000000001 10.152855000000002 0.5020609999999976
v -4.764710000000001 10.285431000000003 2.0880269999999967
v -5.213540000000002 10.316989999999997 1.350678000000002
v -4.763207000000001 10.294800000000002 0.5020609999999976
v -5.651693000000002 10.415115 2.3013579999999934
v -6.099409000000001 10.453617000000001 1.4432259999999957
v -5.6482230000000015 10.436748999999999 0.5020609999999976
v -6.538328999999997 10.546962999999998 2.4770419999999973
v -6.985193000000002 10.590781999999997 1.5263630000000035
v -6.533239000000002 10.578696999999998 0.5020609999999976
v -7.424618000000002 10.680973000000002 2.6150789999999944
v -7.870643000000001 10.730021999999998 1.5734209999999962
v -7.4182559999999995 10.720641999999998 0.5020609999999976
v -8.309981 10.820754999999998 2.6527260000000012
v -8.755601999999996 10.872334000000002 1.567145999999994
v -8.303272 10.862591000000002 0.5020609999999976
v -9.194651999999998 10.964869999999998 2.6150789999999944
v -9.640315000000001 11.016174 1.5342059999999975
v -9.188290000000002 11.004539000000001 0.5020609999999976
v -10.078510999999999 11.114029000000002 2.4895910000000043
v -10.524473999999998 11.16346 1.4413440000000008
v -10.073306000000002 11.146484000000001 0.5020609999999976
v -10.961537 11.268386999999997 2.273750000000007
v -11.408377999999999 11.312351 1.3205609999999979
v -10.958322000000003 11.288432999999998 0.5020609999999976
v -11.843891999999997 11.426929000000001 1.985125999999994
v -12.291801 11.464222 1.148015000000001
v -11.843338000000003 11.430382000000002 0.5020609999999976
v -12.725228000000001 11.591819999999998 1.5860720000000015
v -13.174810999999998 11.618687000000001 0.9302919999999943
v -12.728353999999996 11.572330000000001 0.5020609999999976
v -13.606195 11.759017999999998 1.1468619999999987
v -14.057932000000001 11.772446000000002 0.724804000000006
v -13.613371 11.714275 0.5020609999999976
v -14.487970000000004 11.921162000000002 0.7954929999999933
v -14.941789999999997 11.921612000000003 0.5991980000000012
v -14.498385999999996 11.856223999999997 0.5020609999999976
v -15.375807000000002 12.045535999999998 0.6452120000000008
v -15.713610000000003 12.061852000000002 0.6104600000000033
v -15.383841000000004 11.995444999999997 0.5494779999999935
v -15.816122 12.130187999999997 0.6008170000000064
v -15.812016999999997 12.155780999999998 0.6367879999999957
v -15.693058 12.189987000000002 0.6180159999999972
v -15.344293999999998 12.242016 0.5640180000000043
v -15.336534 12.290394 0.6596509999999967
v -11.313400000000001 11.904518000000003 2.9980309999999974
v -10.431725 11.741740999999998 3.3603800000000064
v -9.549277000000004 11.583778000000002 3.638964999999999
v -8.665171999999998 11.436146 3.7377869999999973
v -7.780327999999997 11.293118 3.7566110000000066
v -6.894010999999999 11.159286000000002 3.6154360000000025
v -6.006694000000003 11.031677000000002 3.3660270000000025
v -5.119118 10.905693 3.0883819999999957
v -4.230456000000004 10.786472000000003 2.6930930000000046
v -3.3395969999999977 10.680954 2.059375000000003
v -2.506261000000002 10.593178000000002 1.2813450000000017
v -2.0880269999999967 10.506743999999998 0.8237940000000066
v -1.9541290000000018 10.102867000000003 0.6823480000000046
v -2.1313499999999976 10.236629 0.8078650000000067
v -2.5640259999999984 10.233024999999998 1.260107000000005
v -3.3973610000000036 10.320801000000003 2.038137000000006
v -4.288221 10.426319 2.6718549999999937
v -5.176883000000004 10.545540000000003 3.067143999999999
v -6.064458000000002 10.671523999999998 3.3447900000000033
v -6.951774999999998 10.799132999999998 3.5941980000000058
v -7.838093000000001 10.932963999999998 3.7353729999999956
v -8.722937000000002 11.075996000000004 3.7165490000000005
v -9.607042 11.223624999999998 3.617727000000002
v -10.489488999999999 11.381588 3.3391419999999954
v -11.371164999999998 11.544364999999999 2.9767930000000007
v -12.251407 11.716071999999997 2.459152000000003
v -13.130402000000004 11.895572999999999 1.8059829999999977
v -14.009732 12.072960000000002 1.1895200000000017
v -14.895246 12.211807 0.7874549999999942
v -15.691360000000003 12.200569000000002 0.6676819999999992
v -15.672179999999997 12.320160000000001 0.6747340000000008
v -14.842309999999998 12.541854999999998 0.8069169999999986
v -13.951966999999996 12.433112999999999 1.2107579999999984
v -13.072637 12.255726000000003 1.8272209999999944
v -12.193641999999997 12.076225 2.48039
v -11.335518999999998 11.766613 -0.2952010000000058
v -10.449387999999999 11.631611 -0.4159839999999946
v -9.563516 11.495002999999997 -0.5088460000000055
v -8.678195000000002 11.354950000000002 -0.5417860000000019
v -7.793120000000002 11.213363999999999 -0.5480600000000067
v -6.908538 11.068707000000003 -0.5010029999999972
v -6.0242879999999985 10.921982 -0.4178660000000036
v -5.140126000000002 10.774715 -0.3253179999999958
v -4.256323999999999 10.625191000000001 -0.19355500000000347
v -3.3732550000000003 10.4711 0.017684000000002698
v -2.549484999999997 10.323681 0.2770270000000039
v -1.9894689999999997 10.213627000000002 0.43029199999999435
v -1.1132040000000032 9.900246000000003 0.4082089999999994
v -1.1006830000000036 9.97831 0.45806299999999567
v -1.1265560000000008 9.816994000000001 0.44854999999999734
v -2.6072500000000005 9.963531000000003 0.25578899999999294
v -2.0437439999999967 9.875233000000001 0.4103379999999959
v -3.4310200000000037 10.110947000000003 -0.0035529999999965867
v -4.314089000000003 10.265037999999997 -0.21479300000000023
v -5.197890000000001 10.414561999999997 -0.34655600000000675
v -6.082053000000002 10.561829000000003 -0.4391040000000004
v -6.966302999999996 10.708556999999999 -0.5222399999999965
v -7.850884999999998 10.853209999999997 -0.5692980000000034
v -8.735959999999999 10.994796999999998 -0.5630239999999986
v -9.621280999999996 11.134853 -0.5300840000000022
v -10.507153000000002 11.271458000000003 -0.43722200000000555
v -11.393282999999997 11.406464 -0.3164390000000026
v -12.279888999999997 11.538494 -0.1438919999999939
v -13.166913999999998 11.667923000000002 0.07383099999999843
v -14.053823999999999 11.798054 0.279319000000001
v -14.940217000000004 11.931418999999998 0.4286330000000049
v -15.713160000000002 12.064663000000003 0.5615829999999988
v -15.692608 12.192794999999997 0.569139000000007
v -14.887006999999997 12.263176000000001 0.4481959999999958
v -13.996059000000002 12.158206999999997 0.30055699999999774
v -13.10915 12.028075999999999 0.09506799999999771
v -12.222124 11.898643 -0.12265399999999715
v -1.5245680000000021 10.058289000000002 0.6345599999999934
v -1.518023999999997 10.099086999999997 0.5207319999999953
v -1.557420999999998 9.853451 0.6224809999999934
v -1.561829000000003 9.825969999999998 0.5046260000000018
v -1.5224309999999974 10.071606000000003 0.4028770000000037
v -1.5552849999999978 9.866768 0.39079800000000375
v -2.1962159999999997 10.825488999999997 -0.018242000000000758
v -2.4926359999999974 10.678123 -0.19628400000000568
v -2.269919999999999 10.365958999999997 0.22275100000000236
v -2.0827910000000003 10.539391000000002 0.2559580000000068
v -2.8382190000000023 10.977020000000003 -0.8417620000000028
v -3.3116229999999973 10.855362 -0.9743140000000068
v -2.9154669999999996 10.495392000000002 -0.2164590000000004
v -3.7146299999999997 11.172623000000002 -1.7750850000000042
v -4.190797000000003 11.033741 -1.6080319999999944
v -3.795893999999997 10.665958000000003 -0.7142309999999981
v -4.5937880000000035 11.351092999999999 -2.410370999999998
v -5.072167999999998 11.198417999999997 -2.003321999999997
v -4.677785999999998 10.827385 -1.0530509999999964
v -5.475116 11.516036999999997 -2.8103669999999994
v -5.954624000000003 11.356323000000003 -2.2809660000000065
v -5.560834999999997 10.981594000000001 -1.266381999999993
v -6.357095000000001 11.676921999999998 -3.1397759999999977
v -6.837341000000002 11.512611 -2.530376000000004
v -6.444231000000002 11.133643999999997 -1.442065999999997
v -7.239725 11.833751999999997 -3.398596999999995
v -7.721055 11.662674000000003 -2.6715499999999963
v -7.327975000000002 11.283527 -1.5801040000000057
v -8.124090000000002 11.979754999999997 -3.469184999999996
v -8.606245999999999 11.803539 -2.6527269999999987
v -8.212643999999997 11.427639 -1.617750000000001
v -9.009757999999998 12.117645000000003 -3.3985959999999977
v -9.492173999999999 11.939804000000002 -2.5539030000000054
v -9.098008 11.567425 -1.580102999999994
v -9.896943999999998 12.246066999999996 -3.1633039999999966
v -10.379759 12.065739 -2.275318999999996
v -9.984181 11.702156000000002 -1.454615000000004
v -10.785691999999997 12.36475 -2.7586040000000054
v -11.268117000000004 12.186852000000002 -1.9129700000000014
v -10.871188000000004 11.831696 -1.2387740000000065
v -11.675697999999997 12.475582000000003 -2.2174329999999998
v -12.157905 12.299042 -1.3953290000000038
v -11.758865 11.957050000000002 -0.9501499999999936
v -12.567613999999999 12.574516000000003 -1.4692059999999998
v -13.048945000000003 12.403435000000002 -0.7421609999999959
v -12.647562 12.076054 -0.5510969999999986
v -13.460223999999997 12.669117 -0.6456869999999952
v -13.939644000000001 12.509945000000002 -0.1256970000000024
v -13.536628 12.192757 -0.11188599999999838
v -14.351315 12.77319 0.013129000000006386
v -14.837591000000003 12.571274000000003 0.2952200000000005
v -14.424883000000001 12.314498999999998 0.239483000000007
v -15.287078999999999 12.59874 0.411090999999999
v -15.670828 12.328586999999999 0.528103999999999
v -15.334828000000002 12.301025000000003 0.47471799999999575
v -2.206774000000003 10.759659 1.1268409999999989
v -2.4851069999999993 10.725067000000003 1.5362279999999942
v -2.2500980000000013 10.489544000000002 1.1109129999999965
v -2.0711569999999995 10.611919 0.9060690000000022
v -2.8639650000000003 10.816502 1.950361000000001
v -3.320833999999998 10.797935000000003 2.573601999999994
v -2.907288000000001 10.546387000000003 1.934432000000001
v -3.757587000000001 10.904792999999998 2.883683000000005
v -4.213642 10.891308000000002 3.418559000000002
v -3.8009109999999993 10.634678000000001 2.867754000000005
v -4.648462000000002 11.010216 3.5189689999999985
v -5.103518000000001 11.002955999999998 3.945611999999997
v -4.691785000000003 10.740101000000003 3.503040999999996
v -5.537165999999999 11.129165999999998 3.918965
v -5.991946999999996 11.123623000000002 4.315805999999995
v -5.5804899999999975 10.859051000000001 3.9030369999999976
v -6.425220000000003 11.252178 4.248374999999996
v -6.8800310000000025 11.246448999999998 4.648352000000003
v -6.468542999999997 10.982062999999997 4.232446999999993
v -7.312623000000002 11.379246000000002 4.507194999999996
v -7.766781999999999 11.377575 4.8365849999999995
v -7.355946000000003 11.109130999999998 4.4912669999999935
v -8.19829 11.517136 4.577782999999997
v -8.651567 11.520966000000001 4.811487
v -8.241613000000001 11.247020999999997 4.561854999999994
v -9.082656 11.663139000000001 4.507194999999996
v -9.53537 11.670485999999997 4.679721999999998
v -9.125979000000001 11.393028000000001 4.491265999999996
v -9.965502999999998 11.818615000000001 4.271904000000006
v -10.416960000000003 11.83379 4.308276000000006
v -10.008826 11.548499999999997 4.2559750000000065
v -10.846786999999999 11.983829 3.867202000000006
v -11.297522999999998 12.003512999999998 3.8251439999999945
v -10.890110999999997 11.713718 3.8512740000000036
v -11.726813 12.156886999999998 3.3260310000000004
v -12.176172999999999 12.185142999999997 3.134955000000005
v -11.770136999999998 11.886772 3.3101020000000005
v -12.604931 12.34185 2.5778040000000004
v -13.053161000000003 12.377155000000002 2.264062999999993
v -12.648254000000001 12.071734999999997 2.561875999999998
v -13.482353000000003 12.531143 1.7542849999999959
v -13.930596000000001 12.566357000000004 1.4421130000000062
v -13.525677000000002 12.261028000000003 1.7383569999999935
v -14.361294000000001 12.710963999999997 1.0954689999999943
v -14.821584999999999 12.67107 0.9001090000000005
v -14.404617000000002 12.440849 1.079541000000006
v -15.290275999999999 12.578803999999998 0.7578400000000016
v -15.664363999999999 12.368893 0.697819999999993
v -15.318565 12.402424000000003 0.747439
v -2.3276850000000024 10.005806 0.2015130000000056
v -2.550401000000001 10.317970000000003 -0.21752200000000244
v -2.2395390000000006 10.555374 -0.03417100000000062
v -2.126114000000001 10.269275999999998 0.24002900000000693
v -2.973232000000003 10.135241999999998 -0.23769699999999716
v -3.3693880000000007 10.495209000000003 -0.9955520000000035
v -2.881542000000003 10.706904999999999 -0.8576910000000026
v -3.853658000000003 10.305805 -0.7354689999999948
v -4.248562 10.673588000000002 -1.6292700000000053
v -3.7579530000000005 10.902512000000002 -1.7910130000000066
v -4.7355500000000035 10.467236 -1.0742889999999932
v -5.129933000000001 10.838264000000002 -2.0245589999999964
v -4.637112000000002 11.080978000000002 -2.426299
v -5.618599000000003 10.621445000000001 -1.2876190000000065
v -6.012388999999999 10.99617 -2.3022040000000032
v -5.518439000000001 11.245925999999997 -2.8262959999999993
v -6.501995999999998 10.773491 -1.4633039999999937
v -6.895105999999998 11.152458000000003 -2.5516130000000032
v -6.400418000000002 11.406807 -3.1557049999999975
v -7.385739000000001 10.923374000000003 -1.601341000000005
v -7.778819999999996 11.302520999999999 -2.6927880000000073
v -7.283048000000001 11.563637 -3.414525999999995
v -8.270409 11.06749 -1.6389879999999977
v -8.664009999999998 11.443385999999997 -2.673963999999998
v -8.167414 11.709640999999998 -3.4851129999999984
v -9.155772999999996 11.207272000000003 -1.601341000000005
v -9.549939000000002 11.579650999999998 -2.575141000000002
v -9.053082000000003 11.847529999999999 -3.414524
v -10.041945999999996 11.342002999999998 -1.4758530000000007
v -10.437522999999999 11.705585 -2.296557000000007
v -9.940268000000003 11.975952 -3.1792329999999964
v -10.928953 11.471542 -1.2600120000000032
v -11.325881000000003 11.826701999999997 -1.9342079999999982
v -10.829015999999996 12.094634999999997 -2.7745319999999936
v -11.816630000000004 11.596896999999998 -0.9713880000000046
v -12.215670000000003 11.938889000000003 -1.4165670000000006
v -11.719022000000002 12.205466999999999 -2.233361000000002
v -12.705326 11.715904000000002 -0.5723339999999979
v -13.106709000000002 12.043284999999997 -0.7633979999999951
v -12.610937 12.304400999999999 -1.4851340000000022
v -13.594392999999997 11.832602999999999 -0.13312399999999514
v -13.997408999999998 12.149791999999998 -0.14693499999999915
v -13.503548000000002 12.399006 -0.6616149999999976
v -14.482647999999998 11.954349999999998 0.21824499999999603
v -14.890528000000003 12.241225999999997 0.2757569999999987
v -14.394638 12.503078000000002 -0.0027999999999934744
v -15.374102 12.056168 0.4602789999999999
v -15.690007999999999 12.208995999999999 0.5210519999999974
v -15.315369000000004 12.422359 0.4006899999999973
v -2.466940000000001 10.838332999999999 -0.4339429999999993
v -2.064523000000001 10.653286000000001 0.18660099999999602
v -3.283535999999998 11.030479 -1.471316999999999
v -4.160761999999998 11.221004 -2.3162729999999954
v -5.040917999999998 11.393253000000001 -2.8433260000000047
v -5.922521000000003 11.55648 -3.2135200000000026
v -6.8044709999999995 11.717548 -3.546065999999996
v -7.687750999999999 11.870319000000002 -3.7343000000000046
v -8.573 12.010821999999997 -3.7092010000000073
v -9.459231000000003 12.145195000000001 -3.577436000000006
v -10.347672000000003 12.265788999999998 -3.20599
v -11.237144 12.379959 -2.722858000000002
v -12.128523999999999 12.482227000000002 -2.0326689999999985
v -13.021571000000002 12.574108000000003 -1.1617779999999982
v -13.914164999999997 12.668804000000002 -0.33982799999999713
v -14.815292999999997 12.710296999999997 0.21784599999999443
v -15.662639999999996 12.379638999999997 0.510901000000004
v -15.811384000000004 12.159728999999999 0.5680949999999996
v -1.9510890000000032 10.121825999999999 0.35262699999999825
v -14.440621 12.216377000000001 0.5232989999999944
v -14.888579 12.253368000000002 0.6187620000000038
v -14.430205999999998 12.281315 0.8167310000000043
v -14.000166999999998 12.132598999999999 0.7460410000000053
v -13.555605999999997 12.074429000000002 0.5232989999999944
v -13.548429999999996 12.119166999999997 1.168098999999998
v -13.117047 11.978836000000001 0.9515300000000053
v -12.670589 11.932479999999998 0.5232989999999944
v -2.2292810000000003 10.619328000000003 0.08449699999999893
v -2.8728029999999976 10.761391000000003 -0.5743190000000027
v -3.750936000000003 10.946266000000001 -1.3209760000000017
v -4.6312659999999966 11.117427999999997 -1.8292059999999992
v -5.513331000000001 11.277774999999998 -2.149203
v -6.395916999999997 11.434871999999999 -2.4127299999999963
v -7.279024999999997 11.588726000000001 -2.6197870000000023
v -8.163519999999998 11.733916999999998 -2.676255999999995
v -9.049058000000002 11.872619999999998 -2.619784999999993
v -9.935810000000004 12.003746 -2.4315519999999964
v -10.823812000000004 12.127082999999999 -2.107791000000006
v -11.71282 12.244140999999999 -1.6748549999999938
v -12.603355 12.351672999999998 -1.076273999999998
v -13.494447000000001 12.455745999999998 -0.41745799999999633
v -14.384321999999997 12.567390000000003 0.1095940000000013
v -15.308565999999999 12.464770999999999 0.43798400000000015
v -2.215710999999999 10.703938 1.1618540000000053
v -2.8734079999999977 10.757621999999998 2.040274999999994
v -3.7676039999999986 10.842339000000003 3.0358190000000036
v -4.658869000000003 10.945328000000003 3.7134570000000053
v -5.547818999999997 11.062744000000002 4.1401209999999935
v -6.436076 11.184494 4.491489999999999
v -7.323636999999998 11.310569999999998 4.767566000000002
v -8.209347999999999 11.448189 4.842859000000004
v -9.093671 11.594467000000002 4.767565000000005
v -9.976374 11.750839 4.516587000000001
v -10.857409000000004 11.917610000000003 4.084906000000004
v -11.737102999999998 12.092739000000002 3.5076569999999947
v -12.614759 12.280571000000002 2.709547999999998
v -13.491675999999998 12.473019 1.8311280000000068
v -14.370212000000002 12.655365000000003 1.1283909999999935
v -15.295777999999999 12.544497999999997 0.7674149999999997
v -2.287044999999999 10.259174000000002 0.06325900000000217
v -2.930568000000001 10.401237000000002 -0.5955569999999994
v -3.8087000000000018 10.586112999999997 -1.3422139999999985
v -4.6890300000000025 10.757278 -1.8504429999999985
v -5.571095 10.917622000000001 -2.1704399999999993
v -6.453682000000001 11.074717999999997 -2.433967999999993
v -7.336788999999996 11.228572999999997 -2.6410240000000016
v -8.221285000000002 11.373764000000001 -2.697494000000006
v -9.106822999999999 11.512466000000003 -2.641023000000004
v -9.993575 11.643593000000003 -2.452789999999993
v -10.881577 11.766930000000002 -2.1290290000000027
v -11.770584 11.883986999999998 -1.6960930000000047
v -12.661119999999997 11.991523999999998 -1.0975119999999947
v -13.552211999999997 12.095592000000003 -0.4386959999999931
v -14.442087 12.207241000000003 0.08835700000000202
v -15.347015999999996 12.22504 0.423846999999995
v -2.2044479999999993 10.774155 -0.05956799999999873
v -2.845945999999998 10.928843999999998 -0.9379890000000017
v -3.721783000000002 11.128028999999998 -1.933532999999997
v -4.600551000000003 11.308933000000003 -2.6111719999999963
v -5.481633000000002 11.475409999999997 -3.037835000000001
v -6.363408999999997 11.637554000000002 -3.389205000000004
v -7.24588 11.795375999999997 -3.665280999999993
v -8.130201999999997 11.941654 -3.740573999999995
v -9.015912999999998 12.079268999999996 -3.6652780000000007
v -9.903244 12.206791000000003 -3.4143009999999947
v -10.792241000000004 12.323920999999999 -2.982619999999997
v -11.682579000000004 12.432682 -2.4053710000000024
v -12.574955000000003 12.528744000000003 -1.6072620000000057
v -13.468071000000002 12.620193 -0.7288420000000002
v -14.359566999999998 12.721741000000002 -0.02610599999999863
v -15.292367999999996 12.565762 0.39754899999999793
v -15.797960000000003 12.243423 0.5557989999999933
v -2.0532150000000016 10.392688999999997 0.30603200000000186
v -14.441952 12.208080000000002 0.6676109999999937
v -13.558557 12.05603 0.8432949999999977
v -12.675564999999999 11.901459000000003 1.0629009999999965
v -11.792389 11.748043000000003 1.2624279999999999
v -10.908704 11.597797 1.4067390000000017
v -10.024681999999999 11.449646000000001 1.5146600000000063
v -9.140243999999996 11.304091999999997 1.5774040000000014
v -8.255400999999999 11.161059999999999 1.596226999999999
v -7.370210999999998 11.020195000000001 1.5774040000000014
v -6.484558 10.882213999999998 1.508385000000004
v -5.598731999999998 10.745316000000003 1.420542999999995
v -4.712732000000003 10.609504999999999 1.3138780000000025
v -3.8261540000000025 10.477291000000001 1.1444680000000034
v -2.938842000000001 10.349654999999998 0.8955820000000045
v -2.287219999999998 10.258091 0.6759770000000032
v -0.9727729999999966 9.868198 0.569775000000007
v -2.3449839999999966 9.897942 0.6547390000000064
v -2.9966069999999974 9.989502000000002 0.8743439999999936
v -3.8839180000000013 10.117142000000001 1.1232300000000066
v -4.770496999999999 10.249352000000002 1.2926400000000058
v -5.656495999999997 10.385162000000001 1.3993049999999982
v -6.542322999999996 10.522064 1.4871480000000048
v -7.4279750000000035 10.660046000000001 1.5561660000000046
v -8.313166000000002 10.800911 1.5749890000000022
v -9.198008999999999 10.943939 1.5561660000000046
v -10.082447000000002 11.089492999999997 1.4934219999999954
v -10.966467999999999 11.237644000000003 1.3855020000000025
v -11.850152999999999 11.387889999999999 1.2411900000000031
v -12.733330000000002 11.541308999999998 1.0416629999999998
v -13.616321999999997 11.695877000000003 0.8220570000000009
v -14.499717000000004 11.847926999999999 0.646372999999997
v -15.384267000000001 11.992786000000002 0.595712000000006
v -15.816279999999999 12.129199999999997 0.617990000000006
v -15.344720000000002 12.239356999999998 0.6102510000000052
v -10.872687999999997 11.822346000000003 3.192852000000002
v -9.990656999999999 11.661785000000002 3.5166130000000067
v -9.107376000000002 11.509014 3.704847000000001
v -8.222878999999999 11.363822999999996 3.7613170000000054
v -7.337342999999997 11.225116999999997 3.704847000000001
v -6.450417000000002 11.095078 3.4977910000000065
v -5.5629709999999974 10.968277 3.2342629999999986
v -4.675004000000001 10.844729999999998 2.9142669999999953
v -3.7853020000000015 10.731997999999997 2.4060369999999978
v -2.8933999999999997 10.632976999999997 1.6593790000000013
v -2.237727999999997 10.566662 1.0005639999999971
v -2.057380000000002 10.366717999999999 0.7577909999999974
v -2.295492000000003 10.206508999999997 0.9793260000000004
v -2.951165000000003 10.272823000000002 1.638142000000002
v -3.8430660000000003 10.371845 2.384799000000001
v -4.732768999999998 10.484577000000002 2.8930289999999985
v -5.620736000000001 10.608128 3.2130259999999993
v -6.508181999999998 10.734924 3.476551999999998
v -7.395107000000003 10.864967 3.683609000000004
v -8.280644000000002 11.00367 3.7400789999999944
v -9.165140999999998 11.148860999999997 3.683609000000004
v -10.048422000000002 11.301631999999998 3.495375999999993
v -10.930453 11.462195999999999 3.1716150000000027
v -11.811476999999996 11.629032000000002 2.738677999999993
v -12.690973 11.805393000000002 2.1400969999999973
v -13.569915000000002 11.985214 1.4812809999999956
v -14.450069999999997 12.157459000000003 0.954228999999998
v -15.349574000000004 12.209091 0.7012459999999976
v -15.79891 12.237499 0.6588390000000004
v -15.311124 12.448822 0.7153830000000028
v -14.392305999999998 12.517612 0.9754659999999973
v -13.512151000000003 12.345367000000003 1.5025190000000066
v -12.633209 12.165543 2.161334999999994
v -11.753712 11.989184999999999 2.759916000000004
v -10.892410999999996 11.699375000000003 -0.3601409999999987
v -10.0064 11.563633000000003 -0.4680620000000033
v -9.120805000000004 11.425293000000003 -0.5308059999999983
v -8.235613999999998 11.284424000000001 -0.5496289999999959
v -7.350771000000002 11.141399 -0.5308059999999983
v -6.4663910000000016 10.99548 -0.46178700000000106
v -5.582185000000003 10.848484 -0.3739450000000062
v -4.698152999999998 10.700401 -0.2672799999999995
v -3.814698 10.548717000000003 -0.09787000000000035
v -2.931975999999999 10.39246 0.15101599999999848
v -2.284404000000002 10.275646000000002 0.37062099999999987
v -0.9717199999999977 9.874760000000002 0.45558099999999513
v -2.342168000000001 9.915492999999998 0.3493830000000031
v -2.989741000000002 10.032310000000003 0.12977800000000173
v -3.8724630000000033 10.188564 -0.1191079999999971
v -4.755916999999997 10.340248000000003 -0.2885179999999963
v -5.639949999999999 10.488331000000002 -0.39518300000000295
v -6.524155999999998 10.635326 -0.4830249999999978
v -7.408535999999998 10.781246000000003 -0.5520439999999951
v -8.293379000000002 10.924270999999997 -0.5708670000000069
v -9.17857 11.06514 -0.5520439999999951
v -10.064163999999998 11.203479999999999 -0.48930000000000007
v -10.950175999999999 11.339222 -0.38137899999999547
v -11.836523 11.472873999999997 -0.23706699999999614
v -12.723379000000001 11.603352000000001 -0.03754100000000449
v -13.610419999999998 11.732674000000003 0.18206499999999437
v -14.497055000000003 11.864521000000003 0.3577489999999983
v -15.383414000000002 11.9981 0.5032450000000068
v -15.815964000000001 12.131172 0.583642999999995
v -15.343867000000003 12.244670999999997 0.5177850000000035
v -14.439290999999997 12.224670000000003 0.3789869999999951
v -13.552655000000001 12.092827 0.20330300000000534
v -12.665613999999998 11.963501 -0.016302999999993517
v -11.778757999999996 11.833027000000001 -0.21582899999999938
v -1.5186339999999987 10.095284 0.5869270000000029
v -1.5411459999999977 9.954918 0.6450690000000066
v -1.5624380000000002 9.822166000000003 0.5708209999999951
v -1.5387050000000002 9.970139000000003 0.38028900000000476
v -1.5174129999999977 10.102890000000002 0.45453700000000197
v -1.5612179999999967 9.829773000000003 0.43843099999999424
vt 0.980829 0.998008
vt 0.392947 0.001992
vt 0.964845 0.998008
vt 0.376963 0.001992
vt 0.935470 0.998008
vt 0.347588 0.001992
vt 0.913438 0.998008
vt 0.325556 0.001992
vt 0.900478 0.998008
vt 0.312597 0.001992
vt 0.617515 0.001993
vt 0.632095 0.001993
vt 0.303525 0.001992
vt 0.646675 0.001993
vt 0.294453 0.001992
vt 0.433223 0.657735
vt 0.661254 0.001993
vt 0.447802 0.657735
vt 0.675834 0.001993
vt 0.462382 0.657735
vt 0.690414 0.001993
vt 0.476961 0.657735
vt 0.498292 0.657735
vt 0.704994 0.001993
vt 0.508661 0.657735
vt 0.719572 0.001993
vt 0.520583 0.657735
vt 0.734152 0.001993
vt 0.538468 0.657735
vt 0.748732 0.001993
vt 0.561796 0.657735
vt 0.763312 0.001993
vt 0.583826 0.657735
vt 0.777891 0.001993
vt 0.598083 0.657735
vt 0.792471 0.437605
vt 0.606532 0.222122
vt 0.005854 0.001992
vt 0.793442 0.998008
vt 0.021837 0.001992
vt 0.809426 0.998008
vt 0.051212 0.001992
vt 0.838801 0.998008
vt 0.073244 0.001992
vt 0.860834 0.998008
vt 0.086203 0.001992
vt 0.873791 0.998008
vt 0.800200 0.571600
vt 0.095275 0.001992
vt 0.814780 0.571600
vt 0.104347 0.001992
vt 0.829360 0.571600
vt 0.140928 0.001993
vt 0.155507 0.001993
vt 0.843939 0.571600
vt 0.170087 0.001993
vt 0.858519 0.571600
vt 0.184667 0.001993
vt 0.873098 0.571600
vt 0.199247 0.001993
vt 0.887678 0.571600
vt 0.213825 0.001993
vt 0.902257 0.571600
vt 0.228405 0.001993
vt 0.916837 0.571600
vt 0.242985 0.001993
vt 0.931417 0.571600
vt 0.257565 0.001993
vt 0.945996 0.571600
vt 0.272144 0.001993
vt 0.960576 0.571600
vt 0.286724 0.437605
vt 0.975156 0.135986
vt 0.610081 0.222122
vt 0.008320 0.277310
vt 0.021921 0.258915
vt 0.047031 0.258915
vt 0.067483 0.258915
vt 0.086203 0.235266
vt 0.111768 0.235265
vt 0.095275 0.235266
vt 0.126348 0.235267
vt 0.104347 0.235266
vt 0.140928 0.235267
vt 0.155507 0.258917
vt 0.170087 0.258917
vt 0.184667 0.258917
vt 0.199246 0.258917
vt 0.213825 0.258917
vt 0.228405 0.258917
vt 0.242985 0.258916
vt 0.257565 0.258915
vt 0.272144 0.291105
vt 0.286724 0.506026
vt 0.610081 0.153702
vt 0.390481 0.277310
vt 0.376879 0.258915
vt 0.351769 0.258915
vt 0.331317 0.258915
vt 0.312597 0.235266
vt 0.404063 0.424462
vt 0.418643 0.424462
vt 0.303525 0.235266
vt 0.433223 0.424462
vt 0.294453 0.235266
vt 0.447802 0.400812
vt 0.462382 0.400812
vt 0.476961 0.424462
vt 0.498292 0.424460
vt 0.491541 0.424462
vt 0.508661 0.424460
vt 0.526611 0.400811
vt 0.543318 0.400811
vt 0.564397 0.400811
vt 0.584292 0.400813
vt 0.598083 0.424463
vt 0.879843 0.998008
vt 0.894423 0.727247
vt 0.606532 0.153702
vt 0.546931 0.661674
vt 0.605858 0.235264
vt 0.546931 0.676254
vt 0.546930 0.690833
vt 0.546930 0.705413
vt 0.546931 0.719993
vt 0.546930 0.734572
vt 0.546931 0.749151
vt 0.546930 0.763731
vt 0.546931 0.778311
vt 0.546931 0.792890
vt 0.546930 0.807470
vt 0.546931 0.822049
vt 0.546931 0.836629
vt 0.546931 0.851209
vt 0.546931 0.864819
vt 0.546931 0.872612
vt 0.779613 0.575537
vt 0.664435 0.887192
vt 0.779613 0.808811
vt 0.664435 0.879402
vt 0.664435 0.865791
vt 0.664435 0.851210
vt 0.664435 0.836633
vt 0.664435 0.822052
vt 0.664435 0.807472
vt 0.664435 0.792895
vt 0.664435 0.778314
vt 0.664435 0.763733
vt 0.664435 0.749153
vt 0.664435 0.734575
vt 0.664435 0.719995
vt 0.664435 0.705418
vt 0.664435 0.690838
vt 0.664129 0.676257
vt 0.661989 0.661676
vt 0.608306 0.001992
vt 0.608000 0.095753
vt 0.589568 0.719993
vt 0.902257 0.149130
vt 0.595529 0.734572
vt 0.887678 0.149130
vt 0.600714 0.749151
vt 0.873098 0.149130
vt 0.602009 0.763731
vt 0.858519 0.149130
vt 0.602657 0.778311
vt 0.843939 0.149130
vt 0.600065 0.792890
vt 0.829360 0.149130
vt 0.595529 0.807471
vt 0.814780 0.149130
vt 0.590994 0.822049
vt 0.800200 0.149130
vt 0.829731 0.575538
vt 0.584514 0.836629
vt 0.823251 0.575538
vt 0.573498 0.851209
vt 0.812234 0.575538
vt 0.558810 0.865789
vt 0.797548 0.575538
vt 0.550818 0.872612
vt 0.789554 0.575538
vt 0.001965 0.424462
vt 0.769673 0.575537
vt 0.783500 0.575537
vt 0.660545 0.887192
vt 0.783500 0.808811
vt 0.769673 0.808810
vt 0.001965 0.657737
vt 0.652554 0.880372
vt 0.009957 0.657737
vt 0.637868 0.865791
vt 0.024645 0.657737
vt 0.626850 0.851210
vt 0.035661 0.657737
vt 0.620370 0.836633
vt 0.042141 0.657737
vt 0.111768 0.657735
vt 0.615838 0.822052
vt 0.126348 0.657735
vt 0.611300 0.807471
vt 0.140928 0.657735
vt 0.608710 0.792895
vt 0.155507 0.657735
vt 0.609358 0.778314
vt 0.170087 0.657735
vt 0.610653 0.763733
vt 0.184667 0.657735
vt 0.615838 0.749152
vt 0.199247 0.657735
vt 0.621800 0.734576
vt 0.213825 0.657735
vt 0.630740 0.719995
vt 0.228405 0.657735
vt 0.642405 0.705419
vt 0.242985 0.657735
vt 0.653417 0.690838
vt 0.257565 0.657735
vt 0.660545 0.676257
vt 0.272144 0.657735
vt 0.661101 0.661676
vt 0.286724 0.657735
vt 0.609194 0.001992
vt 0.609194 0.088128
vt 0.975156 0.001992
vt 0.550818 0.661674
vt 0.609745 0.235264
vt 0.960576 0.149130
vt 0.557947 0.676254
vt 0.945996 0.149130
vt 0.568962 0.690833
vt 0.931417 0.149130
vt 0.580625 0.705413
vt 0.916837 0.149130
vt 0.719572 0.424463
vt 0.504294 0.719993
vt 0.704994 0.424463
vt 0.498332 0.734572
vt 0.690414 0.424463
vt 0.493148 0.749151
vt 0.675834 0.424463
vt 0.491852 0.763731
vt 0.661254 0.424463
vt 0.491204 0.778311
vt 0.646675 0.424463
vt 0.493796 0.792890
vt 0.632095 0.424463
vt 0.498332 0.807471
vt 0.944542 0.575538
vt 0.617515 0.424463
vt 0.502868 0.822049
vt 0.951022 0.575538
vt 0.509348 0.836629
vt 0.962037 0.575538
vt 0.520363 0.851209
vt 0.976724 0.575538
vt 0.535051 0.865789
vt 0.984717 0.575538
vt 0.543042 0.872612
vt 0.775725 0.575537
vt 0.744916 0.808810
vt 0.396834 0.424463
vt 0.396834 0.657736
vt 0.744916 0.575536
vt 0.775725 0.808811
vt 0.668325 0.887192
vt 0.388843 0.657736
vt 0.676315 0.880372
vt 0.374155 0.657736
vt 0.691002 0.865791
vt 0.363140 0.657736
vt 0.702019 0.851210
vt 0.356660 0.657736
vt 0.708499 0.836633
vt 0.404063 0.001992
vt 0.418643 0.001992
vt 0.713032 0.822052
vt 0.433223 0.001992
vt 0.717569 0.807471
vt 0.447802 0.001992
vt 0.720159 0.792895
vt 0.462382 0.001992
vt 0.719512 0.778314
vt 0.476961 0.001992
vt 0.718217 0.763733
vt 0.491541 0.001992
vt 0.713032 0.749152
vt 0.557258 0.001992
vt 0.563220 0.001992
vt 0.707070 0.734576
vt 0.572163 0.001992
vt 0.698129 0.719995
vt 0.583826 0.001992
vt 0.686465 0.705419
vt 0.594843 0.001992
vt 0.675452 0.690838
vt 0.601970 0.001992
vt 0.668325 0.676257
vt 0.879843 0.575539
vt 0.894423 0.575537
vt 0.662871 0.661676
vt 0.607419 0.001992
vt 0.792471 0.571600
vt 0.607419 0.088128
vt 0.777891 0.424463
vt 0.601970 0.235264
vt 0.543042 0.661674
vt 0.763312 0.424463
vt 0.535915 0.676254
vt 0.748732 0.424463
vt 0.524899 0.690833
vt 0.734152 0.424463
vt 0.513235 0.705413
vt 0.779613 0.639930
vt 0.779613 0.744417
vt 0.782561 0.631911
vt 0.750969 0.631912
vt 0.782561 0.752436
vt 0.750969 0.752435
vt 0.776664 0.631911
vt 0.726213 0.752436
vt 0.776664 0.752436
vt 0.726213 0.631910
vt 0.976779 0.786773
vt 0.959769 0.786773
vt 0.940492 0.786773
vt 0.927370 0.786773
vt 0.624805 0.213228
vt 0.639385 0.213228
vt 0.653965 0.213228
vt 0.668544 0.213228
vt 0.683124 0.213228
vt 0.697704 0.213228
vt 0.712283 0.213228
vt 0.726862 0.213228
vt 0.741442 0.213228
vt 0.756022 0.213228
vt 0.770602 0.213228
vt 0.785181 0.358915
vt 0.013845 0.118629
vt 0.036524 0.118629
vt 0.062228 0.118629
vt 0.079724 0.118629
vt 0.090739 0.118629
vt 0.099811 0.118629
vt 0.148218 0.118630
vt 0.162797 0.118630
vt 0.177377 0.118630
vt 0.191957 0.118630
vt 0.206536 0.118630
vt 0.221115 0.118630
vt 0.235695 0.118630
vt 0.250275 0.118630
vt 0.264855 0.118629
vt 0.279434 0.295222
vt 0.388897 0.446501
vt 0.371887 0.446501
vt 0.352610 0.446501
vt 0.339488 0.446501
vt 0.411353 0.213227
vt 0.425933 0.213227
vt 0.440512 0.213227
vt 0.455092 0.213227
vt 0.469672 0.213227
vt 0.484251 0.213227
vt 0.537431 0.213226
vt 0.548609 0.213226
vt 0.564063 0.213226
vt 0.581072 0.213227
vt 0.594680 0.213227
vt 0.887133 0.719083
vt 0.384955 0.118629
vt 0.362275 0.118629
vt 0.336572 0.118629
vt 0.319076 0.118629
vt 0.308061 0.118629
vt 0.298989 0.118629
vt 0.440512 0.541099
vt 0.455092 0.541099
vt 0.469672 0.541099
vt 0.503477 0.541098
vt 0.514622 0.541098
vt 0.529526 0.541098
vt 0.550132 0.541098
vt 0.572811 0.541098
vt 0.590954 0.541099
vt 0.602307 0.364505
vt 0.606975 0.116486
vt 0.394891 0.329864
vt 0.550656 0.668964
vt 0.555192 0.683544
vt 0.560862 0.698123
vt 0.566014 0.712703
vt 0.569739 0.727282
vt 0.572526 0.741862
vt 0.574146 0.756441
vt 0.574632 0.771021
vt 0.574146 0.785600
vt 0.572364 0.800180
vt 0.570096 0.814760
vt 0.567342 0.829339
vt 0.562968 0.843919
vt 0.556542 0.858499
vt 0.550872 0.869200
vt 0.781087 0.692174
vt 0.660492 0.883782
vt 0.654823 0.873081
vt 0.648397 0.858500
vt 0.644023 0.843921
vt 0.641269 0.829343
vt 0.639002 0.814762
vt 0.637220 0.800183
vt 0.636734 0.785605
vt 0.637220 0.771024
vt 0.638840 0.756443
vt 0.641627 0.741864
vt 0.645352 0.727285
vt 0.650504 0.712707
vt 0.656173 0.698128
vt 0.660708 0.683547
vt 0.662017 0.668966
vt 0.608750 0.045060
vt 0.608276 0.161696
vt 0.894968 0.360365
vt 0.880388 0.360365
vt 0.865809 0.360365
vt 0.851229 0.360365
vt 0.836649 0.360365
vt 0.822070 0.360365
vt 0.807490 0.360365
vt 0.846902 0.786773
vt 0.833780 0.786773
vt 0.814502 0.786773
vt 0.797492 0.786773
vt 0.003910 0.329864
vt 0.009903 0.446501
vt 0.026913 0.446501
vt 0.046191 0.446501
vt 0.059312 0.446501
vt 0.119058 0.446501
vt 0.133638 0.446501
vt 0.148218 0.446501
vt 0.162797 0.446501
vt 0.177377 0.446501
vt 0.191957 0.446501
vt 0.206536 0.446501
vt 0.221115 0.446501
vt 0.235695 0.446501
vt 0.250275 0.446501
vt 0.264855 0.446500
vt 0.279434 0.514190
vt 0.609637 0.116486
vt 0.967866 0.214677
vt 0.953286 0.360365
vt 0.938706 0.360365
vt 0.924127 0.360365
vt 0.909547 0.360365
vt 0.524122 0.727282
vt 0.521335 0.741862
vt 0.519715 0.756441
vt 0.519229 0.771021
vt 0.519715 0.785600
vt 0.521497 0.800180
vt 0.523765 0.814760
vt 0.526519 0.829339
vt 0.530893 0.843919
vt 0.537319 0.858499
vt 0.542989 0.869200
vt 0.778138 0.692174
vt 0.668377 0.883782
vt 0.674047 0.873081
vt 0.680473 0.858500
vt 0.684847 0.843921
vt 0.687600 0.829343
vt 0.689868 0.814762
vt 0.691649 0.800183
vt 0.692135 0.785605
vt 0.691649 0.771024
vt 0.690029 0.756443
vt 0.687243 0.741864
vt 0.683517 0.727285
vt 0.678366 0.712707
vt 0.672697 0.698128
vt 0.668162 0.683547
vt 0.664405 0.668966
vt 0.607863 0.045060
vt 0.605888 0.161696
vt 0.543205 0.668964
vt 0.538669 0.683544
vt 0.532999 0.698123
vt 0.527848 0.712703
vt 0.781322 0.603724
vt 0.760321 0.692173
vt 0.781322 0.780623
vt 0.735565 0.692173
vt 0.777904 0.603724
vt 0.777904 0.780623
vt 0.972837 0.998008
vt 0.384955 0.001992
vt 0.969529 0.786773
vt 0.980720 0.575538
vt 0.539047 0.869200
vt 0.982773 0.786773
vt 0.394891 0.213227
vt 0.950158 0.998008
vt 0.362275 0.001992
vt 0.949442 0.786773
vt 0.969380 0.575538
vt 0.527707 0.858499
vt 0.924454 0.998008
vt 0.336572 0.001992
vt 0.933081 0.786773
vt 0.956530 0.575538
vt 0.514856 0.843919
vt 0.906958 0.998008
vt 0.319076 0.001992
vt 0.922510 0.786773
vt 0.617515 0.213228
vt 0.947782 0.575538
vt 0.506108 0.829339
vt 0.624805 0.001993
vt 0.308061 0.001992
vt 0.632095 0.213228
vt 0.624805 0.424463
vt 0.500600 0.814760
vt 0.639385 0.001993
vt 0.298989 0.001992
vt 0.646675 0.213228
vt 0.639385 0.424463
vt 0.496064 0.800180
vt 0.653965 0.001993
vt 0.440512 0.657735
vt 0.661254 0.213228
vt 0.653965 0.424463
vt 0.492500 0.785600
vt 0.668544 0.001993
vt 0.455092 0.657735
vt 0.675834 0.213228
vt 0.668544 0.424463
vt 0.491528 0.771021
vt 0.683124 0.001993
vt 0.469672 0.657735
vt 0.690414 0.213228
vt 0.683124 0.424463
vt 0.492500 0.756441
vt 0.697704 0.001993
vt 0.503477 0.657735
vt 0.704993 0.213228
vt 0.697704 0.424463
vt 0.495740 0.741862
vt 0.712283 0.001993
vt 0.514622 0.657735
vt 0.719572 0.213228
vt 0.712283 0.424463
vt 0.501313 0.727282
vt 0.726862 0.001993
vt 0.529526 0.657735
vt 0.734152 0.213228
vt 0.726862 0.424463
vt 0.508765 0.712703
vt 0.741442 0.001993
vt 0.550132 0.657735
vt 0.748732 0.213228
vt 0.741442 0.424463
vt 0.519067 0.698123
vt 0.756022 0.001993
vt 0.572811 0.657735
vt 0.763312 0.213228
vt 0.756022 0.424463
vt 0.530407 0.683544
vt 0.770602 0.001993
vt 0.590954 0.657735
vt 0.777891 0.249650
vt 0.770602 0.424463
vt 0.539479 0.668964
vt 0.785181 0.219799
vt 0.602307 0.439929
vt 0.792471 0.504602
vt 0.606975 0.155125
vt 0.785181 0.498031
vt 0.604695 0.161696
vt 0.013845 0.001992
vt 0.801434 0.998008
vt 0.023511 0.118629
vt 0.012860 0.258916
vt 0.007366 0.171438
vt 0.036524 0.001992
vt 0.824114 0.998008
vt 0.050294 0.118629
vt 0.034122 0.258915
vt 0.062228 0.001992
vt 0.849817 0.998008
vt 0.072110 0.118629
vt 0.058219 0.258915
vt 0.079724 0.001992
vt 0.867312 0.998008
vt 0.085717 0.118629
vt 0.074621 0.258915
vt 0.090739 0.001992
vt 0.807490 0.571600
vt 0.095275 0.118629
vt 0.090739 0.235266
vt 0.119058 0.235266
vt 0.099811 0.001992
vt 0.822070 0.571600
vt 0.104347 0.118629
vt 0.140928 0.118630
vt 0.099811 0.235266
vt 0.133638 0.235267
vt 0.148218 0.001993
vt 0.836649 0.571600
vt 0.155507 0.118630
vt 0.148218 0.258917
vt 0.162797 0.001993
vt 0.851229 0.571600
vt 0.170087 0.118630
vt 0.162797 0.258917
vt 0.177377 0.001993
vt 0.865809 0.571600
vt 0.184667 0.118630
vt 0.177377 0.258917
vt 0.191957 0.001993
vt 0.880388 0.571600
vt 0.199246 0.118630
vt 0.191957 0.258917
vt 0.206536 0.001993
vt 0.894968 0.571600
vt 0.213825 0.118630
vt 0.206536 0.258917
vt 0.221115 0.001993
vt 0.909547 0.571600
vt 0.228405 0.118630
vt 0.221115 0.258917
vt 0.235695 0.001993
vt 0.924127 0.571600
vt 0.242985 0.118630
vt 0.235695 0.258917
vt 0.250275 0.001993
vt 0.938706 0.571600
vt 0.257565 0.118629
vt 0.250275 0.258916
vt 0.264855 0.001993
vt 0.953286 0.571600
vt 0.272144 0.162777
vt 0.264855 0.258915
vt 0.279434 0.219799
vt 0.967866 0.353793
vt 0.286724 0.471816
vt 0.610081 0.187912
vt 0.279434 0.387676
vt 0.392839 0.657736
vt 0.672320 0.883782
vt 0.381647 0.446501
vt 0.385940 0.258915
vt 0.393392 0.417342
vt 0.381499 0.657736
vt 0.683659 0.873081
vt 0.361560 0.446501
vt 0.364678 0.258915
vt 0.368647 0.657736
vt 0.696511 0.858500
vt 0.345198 0.446501
vt 0.340582 0.258915
vt 0.359900 0.657736
vt 0.705259 0.843921
vt 0.334628 0.446501
vt 0.404063 0.213227
vt 0.324179 0.258915
vt 0.411353 0.001992
vt 0.710765 0.829343
vt 0.418643 0.213227
vt 0.411353 0.424462
vt 0.308061 0.235266
vt 0.425933 0.001992
vt 0.715300 0.814762
vt 0.433223 0.213227
vt 0.425933 0.424462
vt 0.298989 0.235266
vt 0.440512 0.001992
vt 0.718864 0.800183
vt 0.447802 0.213227
vt 0.440512 0.400812
vt 0.455092 0.001992
vt 0.719835 0.785605
vt 0.462382 0.213227
vt 0.455092 0.400812
vt 0.469672 0.001992
vt 0.718864 0.771024
vt 0.476961 0.213227
vt 0.469672 0.400812
vt 0.484251 0.001992
vt 0.715624 0.756443
vt 0.491541 0.213227
vt 0.532960 0.213226
vt 0.484251 0.424462
vt 0.503477 0.424460
vt 0.560239 0.001992
vt 0.710051 0.741864
vt 0.542461 0.213226
vt 0.520324 0.400811
vt 0.567692 0.001992
vt 0.702600 0.727285
vt 0.555826 0.213226
vt 0.534296 0.400811
vt 0.577994 0.001992
vt 0.692297 0.712707
vt 0.572689 0.213226
vt 0.553615 0.400811
vt 0.589334 0.001992
vt 0.680958 0.698128
vt 0.588605 0.213227
vt 0.574876 0.400812
vt 0.598407 0.001992
vt 0.671888 0.683547
vt 0.600026 0.213227
vt 0.879843 0.786773
vt 0.591886 0.400813
vt 0.887133 0.575538
vt 0.665598 0.668966
vt 0.894423 0.651392
vt 0.606975 0.077847
vt 0.887133 0.862627
vt 0.602307 0.289082
vt 0.375289 0.118629
vt 0.391435 0.171438
vt 0.348506 0.118629
vt 0.326690 0.118629
vt 0.313083 0.118629
vt 0.303525 0.118629
vt 0.294453 0.118629
vt 0.433223 0.541099
vt 0.447802 0.541099
vt 0.462382 0.541099
vt 0.476961 0.541099
vt 0.498292 0.541098
vt 0.508855 0.541098
vt 0.521328 0.541098
vt 0.539149 0.541098
vt 0.561634 0.541098
vt 0.582854 0.541099
vt 0.597357 0.496950
vt 0.605586 0.214204
vt 0.607419 0.062917
vt 0.396834 0.541099
vt 0.744916 0.692173
vt 0.546931 0.668964
vt 0.548874 0.661674
vt 0.607801 0.235264
vt 0.554382 0.668964
vt 0.953286 0.149130
vt 0.552682 0.676254
vt 0.546931 0.683544
vt 0.563454 0.683544
vt 0.938706 0.149130
vt 0.557987 0.690833
vt 0.546930 0.698123
vt 0.574793 0.698123
vt 0.924127 0.149130
vt 0.563608 0.705413
vt 0.546931 0.712703
vt 0.585097 0.712703
vt 0.909547 0.149130
vt 0.568063 0.719993
vt 0.546931 0.727282
vt 0.592548 0.727282
vt 0.894968 0.149130
vt 0.571181 0.734572
vt 0.546931 0.741862
vt 0.598121 0.741862
vt 0.880388 0.149130
vt 0.573579 0.749151
vt 0.546931 0.756441
vt 0.601361 0.756441
vt 0.865809 0.149130
vt 0.574429 0.763731
vt 0.546931 0.771021
vt 0.602333 0.771021
vt 0.851229 0.149130
vt 0.574591 0.778311
vt 0.546931 0.785600
vt 0.601361 0.785600
vt 0.836649 0.149130
vt 0.573376 0.792890
vt 0.546930 0.800180
vt 0.597797 0.800180
vt 0.822070 0.149130
vt 0.571230 0.807470
vt 0.546931 0.814760
vt 0.593261 0.814760
vt 0.807490 0.149130
vt 0.568841 0.822049
vt 0.546931 0.829339
vt 0.587754 0.829339
vt 0.826491 0.575538
vt 0.565439 0.836629
vt 0.546931 0.843919
vt 0.579006 0.843919
vt 0.817743 0.575538
vt 0.559985 0.851209
vt 0.546931 0.858499
vt 0.566154 0.858499
vt 0.804891 0.575538
vt 0.553289 0.864819
vt 0.546931 0.869200
vt 0.554814 0.869200
vt 0.793551 0.575538
vt 0.548874 0.872612
vt 0.781556 0.575537
vt 0.779613 0.692173
vt 0.781146 0.639930
vt 0.782561 0.692174
vt 0.750969 0.692173
vt 0.781146 0.744417
vt 0.656549 0.883782
vt 0.005961 0.657737
vt 0.658076 0.879402
vt 0.664435 0.883782
vt 0.662490 0.887192
vt 0.781556 0.808811
vt 0.645211 0.873081
vt 0.017301 0.657737
vt 0.651380 0.865791
vt 0.664435 0.873081
vt 0.632359 0.858500
vt 0.030153 0.657737
vt 0.645926 0.851210
vt 0.664435 0.858500
vt 0.623610 0.843921
vt 0.038901 0.657737
vt 0.642524 0.836633
vt 0.664435 0.843921
vt 0.618104 0.829343
vt 0.119058 0.657735
vt 0.640136 0.822052
vt 0.664435 0.829343
vt 0.613569 0.814762
vt 0.133638 0.657735
vt 0.637989 0.807472
vt 0.664435 0.814762
vt 0.610005 0.800183
vt 0.148218 0.657735
vt 0.636775 0.792894
vt 0.664435 0.800183
vt 0.609034 0.785605
vt 0.162797 0.657735
vt 0.636937 0.778314
vt 0.664435 0.785605
vt 0.610005 0.771024
vt 0.177377 0.657735
vt 0.637787 0.763733
vt 0.664435 0.771024
vt 0.613245 0.756443
vt 0.191957 0.657735
vt 0.640185 0.749153
vt 0.664435 0.756443
vt 0.618819 0.741864
vt 0.206536 0.657735
vt 0.643303 0.734575
vt 0.664435 0.741864
vt 0.626270 0.727285
vt 0.221115 0.657735
vt 0.647758 0.719995
vt 0.664435 0.727285
vt 0.636573 0.712707
vt 0.235695 0.657735
vt 0.653379 0.705418
vt 0.664435 0.712707
vt 0.647911 0.698128
vt 0.250275 0.657735
vt 0.658683 0.690838
vt 0.664435 0.698128
vt 0.656981 0.683547
vt 0.264855 0.657735
vt 0.661926 0.676257
vt 0.664435 0.683547
vt 0.660823 0.668966
vt 0.279434 0.657735
vt 0.661545 0.661676
vt 0.608750 0.001992
vt 0.663211 0.668966
vt 0.608306 0.045060
vt 0.609194 0.062917
vt 0.608631 0.095753
vt 0.607082 0.161696
vt 0.609469 0.161696
vt 0.967866 0.075561
vt 0.902257 0.360365
vt 0.887678 0.360365
vt 0.873098 0.360365
vt 0.858519 0.360365
vt 0.843939 0.360365
vt 0.829360 0.360365
vt 0.814780 0.360365
vt 0.800200 0.360365
vt 0.851761 0.786773
vt 0.841192 0.786773
vt 0.824829 0.786773
vt 0.804742 0.786773
vt 0.791498 0.786773
vt 0.003910 0.213227
vt 0.001965 0.541099
vt 0.769673 0.692173
vt 0.005408 0.417342
vt 0.017153 0.446501
vt 0.037240 0.446501
vt 0.053602 0.446501
vt 0.064172 0.446501
vt 0.111768 0.446500
vt 0.126348 0.446501
vt 0.140928 0.446501
vt 0.155507 0.446501
vt 0.170087 0.446501
vt 0.184667 0.446501
vt 0.199246 0.446501
vt 0.213825 0.446501
vt 0.228405 0.446501
vt 0.242985 0.446501
vt 0.257565 0.446500
vt 0.272144 0.463423
vt 0.286724 0.581881
vt 0.609637 0.077847
vt 0.609637 0.155125
vt 0.975156 0.068989
vt 0.960576 0.323943
vt 0.945996 0.360365
vt 0.931417 0.360365
vt 0.916837 0.360365
vt 0.525798 0.719993
vt 0.522680 0.734572
vt 0.520282 0.749151
vt 0.519432 0.763731
vt 0.519270 0.778311
vt 0.520485 0.792890
vt 0.522631 0.807470
vt 0.525021 0.822049
vt 0.528423 0.836629
vt 0.533876 0.851209
vt 0.540572 0.864819
vt 0.544986 0.872612
vt 0.777669 0.575537
vt 0.776664 0.692174
vt 0.726213 0.692173
vt 0.778080 0.639930
vt 0.778080 0.744417
vt 0.670794 0.879402
vt 0.666380 0.887192
vt 0.777669 0.808811
vt 0.677489 0.865791
vt 0.682943 0.851210
vt 0.686345 0.836633
vt 0.688734 0.822052
vt 0.690880 0.807472
vt 0.692095 0.792894
vt 0.691933 0.778314
vt 0.691083 0.763733
vt 0.688685 0.749153
vt 0.685566 0.734575
vt 0.681112 0.719995
vt 0.675490 0.705418
vt 0.670186 0.690838
vt 0.666331 0.676257
vt 0.662430 0.661676
vt 0.607863 0.001992
vt 0.607369 0.095753
vt 0.603914 0.235264
vt 0.544986 0.661674
vt 0.541180 0.676254
vt 0.535874 0.690833
vt 0.530253 0.705413
vt 0.783031 0.603724
vt 0.760321 0.603724
vt 0.779613 0.603724
vt 0.760321 0.780622
vt 0.783031 0.780624
vt 0.779613 0.780623
vt 0.735565 0.780623
vt 0.776195 0.603724
vt 0.735565 0.603723
vt 0.776195 0.780624
vn -0.315648 0.640046 0.700506
vn -0.476517 0.655613 0.585750
vn -0.533124 0.495984 0.685404
vn -0.417020 0.369314 0.830483
vn -0.346413 0.800952 0.488338
vn -0.456984 0.646743 0.610647
vn -0.235420 0.816174 0.527672
vn -0.314704 0.666946 0.675385
vn 0.043938 0.924843 0.377803
vn -0.187824 0.900561 0.392062
vn -0.328531 0.774228 0.540961
vn -0.070092 0.945525 0.317914
vn -0.211663 0.854619 0.474156
vn -0.049624 0.930703 0.362394
vn -0.128481 0.892476 0.432412
vn 0.000229 0.961314 0.275454
vn -0.113850 0.899210 0.422444
vn 0.049743 0.967459 0.248090
vn -0.038545 0.921347 0.386826
vn 0.053078 0.957447 0.283685
vn 0.010372 0.949408 0.313875
vn 0.077953 0.969308 0.233165
vn 0.015997 0.932032 0.362023
vn 0.094251 0.970025 0.223984
vn 0.049075 0.937699 0.343966
vn 0.101676 0.963143 0.249035
vn 0.083565 0.961099 0.263259
vn 0.103412 0.970640 0.217175
vn 0.067615 0.941574 0.329949
vn 0.106721 0.971470 0.211795
vn 0.076036 0.945013 0.318071
vn 0.116352 0.966302 0.229615
vn 0.111697 0.964716 0.238427
vn 0.113117 0.972525 0.203471
vn 0.083248 0.947789 0.307841
vn 0.123099 0.972780 0.196332
vn 0.096963 0.949143 0.299542
vn 0.126722 0.967790 0.217542
vn 0.119850 0.967436 0.222942
vn 0.134752 0.972249 0.191244
vn 0.115396 0.948923 0.293649
vn 0.147668 0.971047 0.187780
vn 0.137343 0.946969 0.290495
vn 0.147419 0.966154 0.211694
vn 0.136133 0.967377 0.213655
vn 0.158256 0.968916 0.190149
vn 0.156267 0.944253 0.289770
vn 0.164245 0.967228 0.193631
vn 0.165629 0.942307 0.290902
vn 0.162011 0.964003 0.210834
vn 0.157227 0.964842 0.210619
vn 0.170062 0.966579 0.191841
vn 0.176428 0.939488 0.293658
vn 0.181931 0.964463 0.191607
vn 0.199909 0.933205 0.298605
vn 0.180065 0.959257 0.217721
vn 0.167646 0.962460 0.213464
vn 0.198984 0.959352 0.200122
vn 0.224984 0.924843 0.306671
vn 0.211761 0.954390 0.210468
vn 0.240139 0.917062 0.318326
vn 0.200617 0.952183 0.230435
vn 0.192980 0.955560 0.222854
vn 0.219513 0.951011 0.217699
vn 0.255942 0.907436 0.333248
vn 0.234565 0.945023 0.227839
vn 0.284360 0.891733 0.352068
vn 0.225315 0.939989 0.256231
vn 0.209420 0.947492 0.241664
vn 0.260104 0.933949 0.245121
vn 0.322954 0.867968 0.377269
vn 0.292797 0.917341 0.269731
vn 0.369710 0.832798 0.412022
vn 0.274252 0.912383 0.303880
vn 0.246902 0.928991 0.275707
vn 0.338004 0.889336 0.307952
vn 0.418723 0.782838 0.460256
vn 0.385148 0.848309 0.363362
vn 0.460078 0.714662 0.526864
vn 0.332575 0.852202 0.403913
vn 0.303988 0.888293 0.344278
vn 0.429148 0.786550 0.444039
vn 0.484830 0.622193 0.614667
vn 0.454413 0.693934 0.558539
vn 0.474960 0.503134 0.721989
vn 0.362147 0.705968 0.608653
vn 0.355995 0.795599 0.490194
vn 0.411390 0.584213 0.699609
vn 0.411636 0.371863 0.832030
vn 0.289418 0.476638 0.830093
vn 0.304692 0.264346 0.915032
vn 0.243619 0.439188 0.864733
vn 0.327485 0.574483 0.750149
vn 0.154748 0.388764 0.908249
vn 0.214715 0.203709 0.955196
vn 0.056412 0.362458 0.930292
vn 0.146144 0.189894 0.970867
vn 0.106836 0.316118 0.942685
vn 0.165965 0.357166 0.919178
vn -0.303395 0.716434 -0.628231
vn -0.466353 0.718916 -0.515436
vn 0.802241 -0.144066 0.579357
vn 0.889274 -0.155748 0.430040
vn -0.338220 0.852007 -0.399614
vn 0.776345 -0.146132 0.613134
vn 0.657952 -0.472073 0.586726
vn 0.721646 -0.369070 0.585674
vn 0.776428 -0.301543 0.553382
vn -0.181533 0.939756 -0.289663
vn 0.752076 -0.145229 0.642877
vn -0.065234 0.975801 -0.208703
vn 0.711314 -0.148641 0.686978
vn 0.469720 -0.695346 0.543927
vn 0.573791 -0.590220 0.567807
vn 0.004282 0.986545 -0.163435
vn 0.649286 -0.146880 0.746227
vn 0.053277 0.989462 -0.134636
vn 0.561719 -0.142015 0.815049
vn 0.237333 -0.833774 0.498492
vn 0.352251 -0.778523 0.519443
vn 0.081202 0.989559 -0.119077
vn 0.469654 -0.131291 0.873034
vn 0.097324 0.989202 -0.109576
vn 0.398771 -0.120548 0.909093
vn 0.076687 -0.886107 0.457092
vn 0.140685 -0.867166 0.477735
vn 0.106360 0.989023 -0.102575
vn 0.355503 -0.112904 0.927831
vn 0.109573 0.989226 -0.097082
vn 0.342632 -0.108844 0.933143
vn 0.022434 -0.907433 0.419598
vn 0.039302 -0.898139 0.437953
vn 0.115808 0.989314 -0.088575
vn 0.322530 -0.108734 0.940293
vn 0.125654 0.988740 -0.081270
vn 0.267705 -0.104013 0.957870
vn -0.022340 -0.918565 0.394638
vn 0.007541 -0.914130 0.405351
vn 0.137217 0.987616 -0.076067
vn 0.181511 -0.093816 0.978904
vn 0.150072 0.986012 -0.072522
vn 0.066599 -0.078690 0.994672
vn -0.113652 -0.916226 0.384205
vn -0.063635 -0.919700 0.387430
vn 0.160702 0.984155 -0.074922
vn -0.036295 -0.058596 0.997622
vn 0.166751 0.982872 -0.078466
vn -0.089097 -0.046173 0.994952
vn -0.178666 -0.906919 0.381544
vn -0.157155 -0.910909 0.381507
vn 0.172538 0.982015 -0.076660
vn -0.146027 -0.041183 0.988423
vn 0.184402 0.979873 -0.076448
vn -0.258918 -0.025679 0.965558
vn -0.255184 -0.882091 0.395976
vn -0.203002 -0.899143 0.387726
vn 0.201610 0.975755 -0.085175
vn -0.369922 -0.000248 0.929063
vn 0.214584 0.971997 -0.095788
vn -0.423783 0.014327 0.905650
vn -0.340430 -0.842162 0.418176
vn -0.309375 -0.860892 0.403921
vn 0.222475 0.969459 -0.103218
vn -0.459651 0.019118 0.887894
vn 0.237715 0.964658 -0.113694
vn -0.521459 0.030122 0.852744
vn -0.422191 -0.780462 0.461121
vn -0.370418 -0.818524 0.439100
vn 0.263576 0.955613 -0.131650
vn -0.589667 0.046378 0.806313
vn 0.296740 0.941898 -0.157396
vn -0.644911 0.060672 0.761846
vn -0.553140 -0.656143 0.513335
vn -0.486479 -0.726808 0.484860
vn 0.342669 0.918408 -0.197751
vn -0.680714 0.072696 0.728933
vn 0.390862 0.883954 -0.256618
vn -0.686886 0.076673 0.722710
vn -0.640390 -0.482044 0.597942
vn -0.609413 -0.572170 0.548851
vn 0.436397 0.831807 -0.343008
vn -0.665412 0.072775 0.742920
vn 0.463861 0.752896 -0.466884
vn -0.609171 0.059644 0.790793
vn -0.597213 -0.301355 0.743318
vn -0.640094 -0.389419 0.662294
vn 0.414112 0.661443 -0.625304
vn -0.511466 0.044839 0.858133
vn 0.240656 0.581516 -0.777126
vn -0.382172 0.017418 0.923927
vn -0.335272 -0.191892 0.922372
vn -0.497730 -0.229325 0.836466
vn 0.023465 0.518117 -0.854988
vn -0.244428 -0.028796 0.969240
vn -0.115374 0.488885 -0.864685
vn -0.228032 -0.025879 0.973310
vn -0.112183 -0.171076 0.978850
vn -0.182157 -0.183866 0.965926
vn 0.255172 -0.430267 -0.865885
vn 0.360377 -0.643713 -0.675101
vn 0.599308 -0.423886 -0.679080
vn 0.615187 -0.230436 -0.753952
vn 0.235414 -0.816177 -0.527670
vn 0.510410 -0.582159 -0.632907
vn 0.669125 -0.402426 -0.624760
vn 0.732679 -0.300287 -0.610745
vn 0.786787 -0.236963 -0.569925
vn 0.128479 -0.892476 -0.432411
vn 0.391864 -0.714140 -0.580040
vn 0.049625 -0.930705 -0.362389
vn 0.275042 -0.806094 -0.523989
vn 0.480373 -0.628932 -0.611299
vn 0.584753 -0.521870 -0.621060
vn -0.010370 -0.949409 -0.313873
vn 0.168233 -0.863154 -0.476091
vn -0.053081 -0.957447 -0.283685
vn 0.081681 -0.893686 -0.441197
vn 0.247337 -0.771407 -0.586306
vn 0.362565 -0.714240 -0.598672
vn -0.083565 -0.961099 -0.263261
vn 0.016331 -0.909644 -0.415069
vn -0.101675 -0.963143 -0.249035
vn -0.023970 -0.918374 -0.394987
vn 0.086010 -0.827969 -0.554138
vn 0.150357 -0.806857 -0.571292
vn -0.111700 -0.964715 -0.238427
vn -0.046709 -0.924231 -0.378967
vn -0.116350 -0.966302 -0.229617
vn -0.057181 -0.929217 -0.365084
vn 0.031106 -0.853398 -0.520330
vn 0.048296 -0.842076 -0.537192
vn -0.119849 -0.967436 -0.222942
vn -0.065653 -0.932986 -0.353873
vn -0.126722 -0.967790 -0.217542
vn -0.082168 -0.935033 -0.344908
vn -0.014115 -0.867267 -0.497643
vn 0.015954 -0.861667 -0.507223
vn -0.136132 -0.967378 -0.213656
vn -0.104688 -0.935101 -0.338565
vn -0.147421 -0.966154 -0.211693
vn -0.131673 -0.932853 -0.335331
vn -0.105600 -0.866042 -0.488692
vn -0.055533 -0.869177 -0.491372
vn -0.157230 -0.964841 -0.210617
vn -0.155049 -0.929765 -0.333913
vn -0.162009 -0.964003 -0.210836
vn -0.166505 -0.927531 -0.334609
vn -0.170665 -0.857034 -0.486174
vn -0.149149 -0.861024 -0.486201
vn -0.167645 -0.962460 -0.213464
vn -0.179800 -0.923628 -0.338502
vn -0.180065 -0.959257 -0.217721
vn -0.208792 -0.915178 -0.344753
vn -0.246932 -0.830632 -0.499074
vn -0.194892 -0.848574 -0.491873
vn -0.192979 -0.955560 -0.222854
vn -0.239050 -0.904567 -0.353006
vn -0.200617 -0.952183 -0.230434
vn -0.256814 -0.894705 -0.365444
vn -0.331795 -0.788337 -0.518110
vn -0.300990 -0.808605 -0.505533
vn -0.209424 -0.947492 -0.241662
vn -0.275887 -0.881772 -0.382577
vn -0.225315 -0.939988 -0.256232
vn -0.309852 -0.860923 -0.403489
vn -0.412822 -0.722033 -0.555200
vn -0.361421 -0.762425 -0.536733
vn -0.246898 -0.928991 -0.275712
vn -0.354646 -0.830209 -0.430091
vn -0.274256 -0.912381 -0.303883
vn -0.407287 -0.785642 -0.465709
vn -0.542916 -0.592410 -0.595224
vn -0.476718 -0.665945 -0.573810
vn -0.303989 -0.888292 -0.344278
vn -0.459025 -0.725131 -0.513304
vn -0.332571 -0.852201 -0.403918
vn -0.498638 -0.646417 -0.577499
vn -0.628781 -0.409674 -0.660910
vn -0.598617 -0.504864 -0.621909
vn -0.355993 -0.795598 -0.490197
vn -0.516707 -0.545999 -0.659469
vn -0.362147 -0.705966 -0.608656
vn -0.496226 -0.425748 -0.756636
vn -0.583132 -0.213560 -0.783804
vn -0.627402 -0.310284 -0.714206
vn -0.341670 -0.572204 -0.745549
vn -0.433198 -0.297379 -0.850826
vn -0.298927 -0.426682 -0.853572
vn -0.349129 -0.194277 -0.916714
vn -0.397171 -0.067824 -0.915235
vn -0.498144 -0.126727 -0.857784
vn -0.266363 -0.324819 -0.907493
vn -0.286912 -0.138391 -0.947908
vn -0.279548 -0.258253 -0.924748
vn -0.278649 -0.096618 -0.955521
vn -0.289504 -0.023525 -0.956888
vn -0.319545 -0.043259 -0.946583
vn 0.812904 -0.077578 -0.577208
vn 0.897193 -0.106383 -0.428635
vn 0.787630 -0.075729 -0.611477
vn 0.763922 -0.071398 -0.641347
vn 0.723978 -0.069690 -0.686294
vn 0.663045 -0.061085 -0.746083
vn 0.576752 -0.048275 -0.815491
vn 0.485757 -0.030882 -0.873548
vn 0.415539 -0.016007 -0.909435
vn 0.372623 -0.006209 -0.927962
vn 0.359841 -0.001565 -0.933012
vn 0.339872 -0.000609 -0.940471
vn 0.285376 0.006158 -0.958396
vn 0.199568 0.018778 -0.979704
vn 0.084954 0.035736 -0.995744
vn -0.017890 0.056146 -0.998262
vn -0.070745 0.068239 -0.995158
vn -0.127793 0.072502 -0.989147
vn -0.241101 0.085412 -0.966734
vn -0.352777 0.106614 -0.929614
vn -0.407080 0.118464 -0.905678
vn -0.443286 0.121222 -0.888146
vn -0.505736 0.128194 -0.853111
vn -0.574797 0.139097 -0.806387
vn -0.630872 0.148253 -0.761591
vn -0.667281 0.156468 -0.728185
vn -0.673566 0.159713 -0.721665
vn -0.651719 0.158131 -0.741794
vn -0.594596 0.150512 -0.789811
vn -0.510098 0.144522 -0.847888
vn -0.434229 0.131580 -0.891141
vn -0.370367 0.104521 -0.922986
vn -0.390392 0.112618 -0.913735
vn -0.707520 0.176546 -0.684286
vn -0.780784 0.136363 -0.609739
vn 0.779813 -0.119654 -0.614471
vn 0.223871 0.017912 -0.974454
vn 0.158098 0.985711 0.058121
vn 0.133635 0.989326 0.058097
vn 0.184333 0.962188 -0.200539
vn 0.207601 0.970993 -0.118639
vn 0.048103 0.997170 0.057768
vn 0.081267 0.947264 -0.309979
vn 0.174607 0.556882 -0.812032
vn 0.322445 0.663950 -0.674685
vn 0.372527 0.770677 -0.516992
vn 0.158100 0.985711 0.058131
vn 0.158096 0.985711 0.058129
vn 0.200324 0.977368 -0.067992
vn 0.192802 0.980520 -0.037532
vn 0.364103 0.846153 -0.389172
vn 0.339040 0.892520 -0.297422
vn 0.158095 0.985712 0.058124
vn 0.158099 0.985711 0.058126
vn 0.186006 0.982372 -0.018624
vn 0.179870 0.983669 -0.006564
vn 0.309328 0.921570 -0.234573
vn 0.278826 0.940905 -0.192233
vn 0.158099 0.985711 0.058125
vn 0.158100 0.985711 0.058125
vn 0.174650 0.984629 0.001571
vn 0.170679 0.985301 0.007034
vn 0.250946 0.954204 -0.162854
vn 0.228994 0.962920 -0.142644
vn 0.158098 0.985711 0.058126
vn 0.158098 0.985711 0.058126
vn 0.167824 0.985755 0.011042
vn 0.166238 0.985985 0.014070
vn 0.212825 0.968722 -0.127605
vn 0.203812 0.972104 -0.116076
vn 0.158098 0.985711 0.058126
vn 0.158097 0.985711 0.058127
vn 0.164858 0.986186 0.016085
vn 0.162621 0.986534 0.017462
vn 0.196032 0.974599 -0.108302
vn 0.183024 0.977696 -0.103017
vn 0.158098 0.985711 0.058128
vn 0.158098 0.985711 0.058126
vn 0.160511 0.986859 0.018602
vn 0.159549 0.987001 0.019299
vn 0.170526 0.980403 -0.098650
vn 0.164837 0.981641 -0.095967
vn 0.158097 0.985711 0.058127
vn 0.158098 0.985711 0.058127
vn 0.158741 0.987131 0.019356
vn 0.157106 0.987398 0.019068
vn 0.160053 0.982454 -0.095742
vn 0.150267 0.983891 -0.096840
vn 0.158100 0.985711 0.058126
vn 0.158097 0.985711 0.058127
vn 0.155224 0.987705 0.018545
vn 0.153668 0.987967 0.017514
vn 0.139013 0.985344 -0.098856
vn 0.129672 0.986209 -0.102843
vn 0.158096 0.985711 0.058126
vn 0.158098 0.985711 0.058126
vn 0.152536 0.988167 0.016084
vn 0.151974 0.988281 0.014321
vn 0.122905 0.986484 -0.108373
vn 0.119532 0.986125 -0.115194
vn 0.158098 0.985711 0.058126
vn 0.158097 0.985711 0.058128
vn 0.151252 0.988423 0.011966
vn 0.149635 0.988700 0.009089
vn 0.115042 0.985564 -0.124213
vn 0.105216 0.985228 -0.135116
vn 0.158099 0.985711 0.058125
vn 0.158098 0.985711 0.058125
vn 0.146676 0.989171 0.005154
vn 0.141609 0.989922 -0.000682
vn 0.087374 0.984846 -0.149813
vn 0.057274 0.983591 -0.171078
vn 0.158098 0.985711 0.058125
vn 0.158098 0.985711 0.058123
vn 0.134312 0.990892 -0.009628
vn 0.123617 0.992016 -0.024964
vn 0.015133 0.979111 -0.202764
vn -0.043941 0.966152 -0.254203
vn 0.158097 0.985711 0.058129
vn 0.158099 0.985711 0.058127
vn 0.108104 0.992898 -0.049672
vn 0.082848 0.992338 -0.091663
vn -0.121455 0.936281 -0.329586
vn -0.226541 0.871511 -0.434911
vn 0.210008 0.975976 0.058022
vn 0.172814 0.983238 0.058125
vn 0.105123 0.984786 -0.138371
vn 0.221269 0.975166 0.009526
vn -0.302942 0.740276 -0.600181
vn 0.049896 0.962002 -0.268444
vn 0.071889 -0.995808 -0.056557
vn 0.987380 -0.158369 -0.000030
vn 0.819470 -0.163792 0.549218
vn 0.106020 -0.947123 0.302849
vn 0.379705 0.923379 0.056523
vn 0.390348 0.825622 0.407403
vn 0.168965 0.378651 0.909986
vn 0.191869 -0.088406 0.977431
vn 0.025772 -0.514130 0.857325
vn 0.239673 -0.526928 0.815416
vn 0.348588 -0.717218 0.603394
vn -0.045978 -0.982585 0.180035
vn -0.057739 -0.958407 0.279505
vn 0.226542 -0.871512 0.434908
vn -0.082847 -0.992338 0.091657
vn -0.158099 -0.985711 -0.058130
vn -0.143345 -0.987965 -0.058118
vn -0.105744 -0.992699 -0.058019
vn 0.121456 -0.936283 0.329579
vn -0.108102 -0.992899 0.049666
vn 0.043939 -0.966152 0.254205
vn -0.123620 -0.992016 0.024960
vn -0.158099 -0.985711 -0.058130
vn -0.158097 -0.985711 -0.058132
vn -0.015137 -0.979110 0.202768
vn -0.134315 -0.990892 0.009629
vn -0.057274 -0.983592 0.171076
vn -0.141606 -0.989923 0.000682
vn -0.158096 -0.985712 -0.058124
vn -0.158099 -0.985711 -0.058124
vn -0.087372 -0.984847 0.149810
vn -0.146674 -0.989172 -0.005155
vn -0.105217 -0.985227 0.135117
vn -0.149635 -0.988700 -0.009089
vn -0.158098 -0.985711 -0.058126
vn -0.158099 -0.985711 -0.058124
vn -0.115043 -0.985564 0.124216
vn -0.151253 -0.988423 -0.011964
vn -0.119532 -0.986125 0.115196
vn -0.151977 -0.988280 -0.014320
vn -0.158099 -0.985711 -0.058125
vn -0.158096 -0.985711 -0.058126
vn -0.122906 -0.986483 0.108373
vn -0.152535 -0.988167 -0.016080
vn -0.129674 -0.986209 0.102843
vn -0.153667 -0.987968 -0.017511
vn -0.158098 -0.985711 -0.058127
vn -0.158098 -0.985711 -0.058126
vn -0.139011 -0.985344 0.098857
vn -0.155224 -0.987705 -0.018546
vn -0.150266 -0.983891 0.096841
vn -0.157106 -0.987398 -0.019068
vn -0.158097 -0.985711 -0.058128
vn -0.158098 -0.985711 -0.058128
vn -0.160056 -0.982454 0.095740
vn -0.158742 -0.987130 -0.019354
vn -0.164838 -0.981641 0.095963
vn -0.159549 -0.987001 -0.019300
vn -0.158099 -0.985711 -0.058126
vn -0.158097 -0.985711 -0.058125
vn -0.170525 -0.980403 0.098650
vn -0.160511 -0.986859 -0.018605
vn -0.183022 -0.977697 0.103016
vn -0.162619 -0.986535 -0.017463
vn -0.158096 -0.985711 -0.058127
vn -0.158099 -0.985711 -0.058127
vn -0.196031 -0.974599 0.108299
vn -0.164857 -0.986186 -0.016086
vn -0.203813 -0.972105 0.116074
vn -0.166239 -0.985985 -0.014069
vn -0.158098 -0.985711 -0.058125
vn -0.158097 -0.985711 -0.058126
vn -0.212825 -0.968722 0.127603
vn -0.167823 -0.985755 -0.011041
vn -0.228994 -0.962920 0.142642
vn -0.170679 -0.985302 -0.007032
vn -0.158099 -0.985711 -0.058125
vn -0.158097 -0.985711 -0.058124
vn -0.250946 -0.954203 0.162855
vn -0.174652 -0.984629 -0.001567
vn -0.278830 -0.940904 0.192236
vn -0.179874 -0.983668 0.006564
vn -0.158099 -0.985711 -0.058125
vn -0.158101 -0.985711 -0.058125
vn -0.309328 -0.921571 0.234572
vn -0.186006 -0.982372 0.018621
vn -0.339038 -0.892524 0.297413
vn -0.192799 -0.980520 0.037534
vn -0.158096 -0.985712 -0.058126
vn -0.158098 -0.985711 -0.058125
vn -0.364104 -0.846153 0.389171
vn -0.200324 -0.977367 0.068002
vn -0.372525 -0.770677 0.516993
vn -0.207601 -0.970991 0.118649
vn -0.158099 -0.985711 -0.058130
vn -0.158095 -0.985711 -0.058131
vn -0.337050 -0.661236 0.670197
vn -0.207703 -0.957692 0.199213
vn -0.234683 -0.545124 0.804837
vn -0.186114 -0.932858 0.308444
vn -0.158096 -0.985712 -0.058124
vn -0.158100 -0.985711 -0.058129
vn -0.130670 -0.458742 0.878909
vn -0.160257 -0.892859 0.420858
vn -0.109615 -0.398380 0.910647
vn -0.208494 -0.837034 0.505870
vn -0.270846 -0.960894 -0.057670
vn -0.172310 -0.983328 -0.058093
vn -0.197064 0.978879 0.054424
vn -0.987370 0.158431 0.000096
vn -0.927636 -0.107513 0.357677
vn -0.189968 0.868166 -0.458477
vn -0.724669 0.047389 0.687466
vn -0.067832 0.443802 -0.893554
vn -0.063178 0.996391 0.056689
vn -0.052702 0.912825 -0.404936
vn 0.024206 0.485221 -0.874057
vn 0.261067 0.939374 -0.222309
vn 0.244978 0.947244 -0.206674
vn 0.289842 0.925901 -0.242277
vn 0.229601 0.953656 -0.194485
vn 0.204378 0.961063 -0.185977
vn 0.180805 0.966763 -0.180776
vn 0.169949 0.969260 -0.177913
vn 0.160569 0.971072 -0.176739
vn 0.141662 0.973872 -0.177495
vn 0.119771 0.976199 -0.180805
vn 0.101444 0.977113 -0.186973
vn 0.087889 0.976732 -0.195626
vn 0.080873 0.975155 -0.206233
vn 0.072673 0.973109 -0.218579
vn 0.054396 0.970886 -0.233284
vn 0.021660 0.967359 -0.252481
vn -0.032401 0.959643 -0.279347
vn -0.107017 0.941814 -0.318643
vn -0.203815 0.903548 -0.376909
vn -0.319352 0.831465 -0.454621
vn -0.446366 0.712939 -0.540810
vn -0.520958 0.571820 -0.633739
vn -0.402074 0.462490 -0.790215
vn 0.205904 -0.094108 0.974037
vn 0.768515 -0.190102 0.610938
vn 0.601467 -0.315964 0.733760
vn 0.587170 -0.499545 0.636935
vn 0.499308 -0.651388 0.571301
vn 0.381892 -0.776313 0.501495
vn 0.266215 -0.861118 0.433134
vn 0.160363 -0.912201 0.377059
vn 0.074503 -0.938441 0.337310
vn 0.009664 -0.951231 0.308327
vn -0.030255 -0.957562 0.286637
vn -0.052689 -0.961520 0.269636
vn -0.062902 -0.964870 0.255086
vn -0.071161 -0.967321 0.243364
vn -0.087502 -0.968310 0.233921
vn -0.109902 -0.967627 0.227198
vn -0.136830 -0.964995 0.223747
vn -0.160180 -0.961738 0.222265
vn -0.171646 -0.959587 0.223002
vn -0.185017 -0.956142 0.227070
vn -0.214126 -0.948434 0.233716
vn -0.244539 -0.938808 0.242571
vn -0.262543 -0.930417 0.255727
vn -0.281939 -0.919512 0.273875
vn -0.316303 -0.901161 0.296415
vn -0.361618 -0.873650 0.325529
vn -0.414945 -0.833404 0.365046
vn -0.467615 -0.778691 0.418302
vn -0.508483 -0.707809 0.490359
vn -0.528166 -0.617427 0.582945
vn -0.509599 -0.509125 0.693614
vn -0.430596 -0.399351 0.809386
vn -0.282566 -0.320185 0.904234
vn -0.145954 -0.279860 0.948881
vn -0.101614 -0.244486 0.964314
vn -0.626672 0.079997 0.775167
vn -0.036680 0.332559 -0.942369
vn 0.071069 0.342931 -0.936668
vn 0.237459 0.388747 -0.890218
vn 0.408845 0.470917 -0.781718
vn 0.487618 0.582050 -0.650727
vn 0.495386 0.688016 -0.530309
vn 0.468928 0.769843 -0.432954
vn 0.426284 0.829981 -0.359741
vn 0.376338 0.874137 -0.307011
vn 0.328916 0.905141 -0.269321
vn 0.166957 0.980349 0.105078
vn 0.165427 0.980926 0.102067
vn 0.169737 0.979437 0.109057
vn 0.164082 0.981359 0.100062
vn 0.161871 0.981864 0.098692
vn 0.159782 0.982320 0.097560
vn 0.158836 0.982542 0.096867
vn 0.158027 0.982678 0.096811
vn 0.156384 0.982912 0.097096
vn 0.154498 0.983159 0.097616
vn 0.152921 0.983303 0.098643
vn 0.151760 0.983339 0.100066
vn 0.151166 0.983251 0.101819
vn 0.150402 0.983122 0.104161
vn 0.148735 0.983069 0.107020
vn 0.145698 0.983091 0.110927
vn 0.140522 0.983174 0.116716
vn 0.133068 0.983119 0.125577
vn 0.122094 0.982489 0.140742
vn 0.106125 0.980551 0.165097
vn 0.080099 0.975210 0.206278
vn 0.101522 0.962331 0.252216
vn 0.220380 0.969598 0.106359
vn 0.042067 -0.412512 -0.909980
vn 0.209886 0.023977 -0.977432
vn 0.829576 -0.100685 -0.549242
vn 0.112566 -0.906299 -0.407371
vn 0.185263 0.480279 -0.857327
vn 0.396892 0.866441 -0.302915
vn -0.041629 -0.955432 -0.292261
vn -0.051580 -0.920005 -0.388497
vn -0.080106 -0.975210 -0.206273
vn -0.106122 -0.980551 -0.165096
vn -0.122091 -0.982489 -0.140745
vn -0.133066 -0.983119 -0.125579
vn -0.140522 -0.983174 -0.116717
vn -0.145699 -0.983091 -0.110928
vn -0.148735 -0.983069 -0.107018
vn -0.150402 -0.983122 -0.104160
vn -0.151166 -0.983250 -0.101820
vn -0.151761 -0.983339 -0.100068
vn -0.152920 -0.983303 -0.098644
vn -0.154497 -0.983159 -0.097616
vn -0.156385 -0.982912 -0.097096
vn -0.158027 -0.982678 -0.096812
vn -0.158836 -0.982542 -0.096867
vn -0.159783 -0.982319 -0.097559
vn -0.161870 -0.981864 -0.098694
vn -0.164081 -0.981359 -0.100062
vn -0.165427 -0.980926 -0.102066
vn -0.166959 -0.980349 -0.105078
vn -0.169737 -0.979436 -0.109059
vn -0.173609 -0.978138 -0.114483
vn -0.178683 -0.976246 -0.122544
vn -0.184593 -0.973570 -0.134487
vn -0.191042 -0.969555 -0.153184
vn -0.198007 -0.962925 -0.183216
vn -0.204358 -0.950779 -0.232932
vn -0.210559 -0.925489 -0.314858
vn -0.216455 -0.879986 -0.422814
vn -0.231873 -0.825779 -0.514125
vn -0.307776 -0.762953 -0.568486
vn -0.936406 -0.047406 -0.347702
vn -0.101737 0.834468 0.541584
vn 0.019188 0.862792 0.505195
vn 0.113970 0.897795 0.425411
vn 0.187347 0.929983 0.316280
vn 0.204355 0.950782 0.232923
vn 0.198007 0.962926 0.183212
vn 0.191047 0.969554 0.153184
vn 0.184594 0.973570 0.134484
vn 0.178679 0.976246 0.122544
vn 0.173610 0.978138 0.114479
vn 0.265361 0.947755 0.177042
vn 0.250348 0.966428 0.057814
vn 0.199388 0.425588 0.882677
vn 0.077252 -0.076210 0.994095
vn 0.019973 -0.453157 0.891207
vn -0.056502 -0.960917 0.271009
vn -0.064446 -0.996244 -0.057828
vn 0.095588 0.038127 -0.994691
vn 0.036825 -0.348063 -0.936748
vn 0.215134 0.523741 -0.824265
vn 0.267571 0.961517 -0.062375
vn -0.050498 -0.923475 -0.380320
s 1
g pCube3
usemtl phong2SG
f 1/379/1 351/876/2 525/702/3
f 1/379/1 525/702/3 354/881/4
f 351/876/2 2/381/5 352/878/6
f 351/876/2 352/878/6 525/702/3
f 525/702/3 352/878/6 147/634/7
f 525/702/3 147/634/7 353/879/8
f 354/881/4 525/702/3 353/879/8
f 354/881/4 353/879/8 148/636/9
f 2/381/5 355/883/10 526/703/11
f 2/381/5 526/703/11 352/878/6
f 355/883/10 3/383/12 356/885/13
f 355/883/10 356/885/13 526/703/11
f 526/703/11 356/885/13 146/632/14
f 526/703/11 146/632/14 357/886/15
f 352/878/6 526/703/11 357/886/15
f 352/878/6 357/886/15 147/634/7
f 3/383/12 358/888/16 527/704/17
f 3/383/12 527/704/17 356/885/13
f 358/888/16 4/385/18 359/890/19
f 358/888/16 359/890/19 527/704/17
f 527/704/17 359/890/19 145/630/20
f 527/704/17 145/630/20 360/891/21
f 356/885/13 527/704/17 360/891/21
f 356/885/13 360/891/21 146/632/14
f 4/385/18 361/893/22 528/705/23
f 4/385/18 528/705/23 359/890/19
f 361/893/22 5/387/24 362/895/25
f 361/893/22 362/895/25 528/705/23
f 528/705/23 362/895/25 144/627/26
f 528/705/23 144/627/26 363/897/27
f 359/890/19 528/705/23 363/897/27
f 359/890/19 363/897/27 145/630/20
f 5/389/24 364/899/28 529/706/29
f 5/389/24 529/706/29 362/896/25
f 364/899/28 6/390/30 365/901/31
f 364/899/28 365/901/31 529/706/29
f 529/706/29 365/901/31 143/625/32
f 529/706/29 143/625/32 366/902/33
f 362/896/25 529/706/29 366/902/33
f 362/896/25 366/902/33 144/628/26
f 6/390/30 367/904/34 530/707/35
f 6/390/30 530/707/35 365/901/31
f 367/904/34 7/392/36 368/906/37
f 367/904/34 368/906/37 530/707/35
f 530/707/35 368/906/37 142/623/38
f 530/707/35 142/623/38 369/907/39
f 365/901/31 530/707/35 369/907/39
f 365/901/31 369/907/39 143/625/32
f 7/392/36 370/909/40 531/708/41
f 7/392/36 531/708/41 368/906/37
f 370/909/40 8/395/42 371/911/43
f 370/909/40 371/911/43 531/708/41
f 531/708/41 371/911/43 141/621/44
f 531/708/41 141/621/44 372/912/45
f 368/906/37 531/708/41 372/912/45
f 368/906/37 372/912/45 142/623/38
f 8/395/42 373/914/46 532/709/47
f 8/395/42 532/709/47 371/911/43
f 373/914/46 9/397/48 374/916/49
f 373/914/46 374/916/49 532/709/47
f 532/709/47 374/916/49 140/619/50
f 532/709/47 140/619/50 375/917/51
f 371/911/43 532/709/47 375/917/51
f 371/911/43 375/917/51 141/621/44
f 9/397/48 376/919/52 533/710/53
f 9/397/48 533/710/53 374/916/49
f 376/919/52 10/399/54 377/921/55
f 376/919/52 377/921/55 533/710/53
f 533/710/53 377/921/55 139/617/56
f 533/710/53 139/617/56 378/922/57
f 374/916/49 533/710/53 378/922/57
f 374/916/49 378/922/57 140/619/50
f 10/399/54 379/924/58 534/711/59
f 10/399/54 534/711/59 377/921/55
f 379/924/58 11/402/60 380/926/61
f 379/924/58 380/926/61 534/711/59
f 534/711/59 380/926/61 138/615/62
f 534/711/59 138/615/62 381/927/63
f 377/921/55 534/711/59 381/927/63
f 377/921/55 381/927/63 139/617/56
f 11/402/60 382/929/64 535/712/65
f 11/402/60 535/712/65 380/926/61
f 382/929/64 12/404/66 383/931/67
f 382/929/64 383/931/67 535/712/65
f 535/712/65 383/931/67 137/613/68
f 535/712/65 137/613/68 384/932/69
f 380/926/61 535/712/65 384/932/69
f 380/926/61 384/932/69 138/615/62
f 12/404/66 385/934/70 536/713/71
f 12/404/66 536/713/71 383/931/67
f 385/934/70 13/406/72 386/936/73
f 385/934/70 386/936/73 536/713/71
f 536/713/71 386/936/73 170/690/74
f 536/713/71 170/690/74 387/937/75
f 383/931/67 536/713/71 387/937/75
f 383/931/67 387/937/75 137/613/68
f 13/406/72 388/939/76 537/714/77
f 13/406/72 537/714/77 386/936/73
f 388/939/76 14/408/78 389/941/79
f 388/939/76 389/941/79 537/714/77
f 537/714/77 389/941/79 169/688/80
f 537/714/77 169/688/80 390/942/81
f 386/936/73 537/714/77 390/942/81
f 386/936/73 390/942/81 170/690/74
f 14/408/78 391/944/82 538/715/83
f 14/408/78 538/715/83 389/941/79
f 391/944/82 15/410/84 392/946/85
f 391/944/82 392/946/85 538/715/83
f 538/715/83 392/946/85 168/686/86
f 538/715/83 168/686/86 393/947/87
f 389/941/79 538/715/83 393/947/87
f 389/941/79 393/947/87 169/688/80
f 15/410/84 394/949/88 539/716/89
f 15/410/84 539/716/89 392/946/85
f 394/949/88 16/412/90 395/951/91
f 394/949/88 395/951/91 539/716/89
f 539/716/89 395/951/91 167/683/92
f 539/716/89 167/683/92 396/952/93
f 392/946/85 539/716/89 396/952/93
f 392/946/85 396/952/93 168/686/86
f 16/412/90 397/954/94 540/717/95
f 16/412/90 540/717/95 395/951/91
f 397/954/94 17/414/96 398/956/97
f 397/954/94 398/956/97 540/717/95
f 540/717/95 398/956/97 166/681/98
f 540/717/95 166/681/98 399/958/99
f 395/951/91 540/717/95 399/958/99
f 395/951/91 399/958/99 167/683/92
f 18/416/100 400/960/101 541/718/102
f 18/416/100 541/718/102 403/964/103
f 400/960/101 19/418/104 401/962/105
f 400/960/101 401/962/105 541/718/102
f 541/718/102 401/962/105 36/454/106
f 541/718/102 36/454/106 402/963/107
f 403/964/103 541/718/102 402/963/107
f 403/964/103 402/963/107 35/453/108
f 19/418/104 404/965/109 542/719/110
f 19/418/104 542/719/110 401/962/105
f 404/965/109 20/420/111 405/967/112
f 404/965/109 405/967/112 542/719/110
f 542/719/110 405/967/112 37/455/113
f 542/719/110 37/455/113 406/968/114
f 401/962/105 542/719/110 406/968/114
f 401/962/105 406/968/114 36/454/106
f 20/420/111 407/969/115 543/720/116
f 20/420/111 543/720/116 405/967/112
f 407/969/115 21/422/117 408/971/118
f 407/969/115 408/971/118 543/720/116
f 543/720/116 408/971/118 38/456/119
f 543/720/116 38/456/119 409/972/120
f 405/967/112 543/720/116 409/972/120
f 405/967/112 409/972/120 37/455/113
f 21/422/117 410/973/121 544/721/122
f 21/422/117 544/721/122 408/971/118
f 410/973/121 22/424/123 411/975/124
f 410/973/121 411/975/124 544/721/122
f 544/721/122 411/975/124 39/457/125
f 544/721/122 39/457/125 412/976/126
f 408/971/118 544/721/122 412/976/126
f 408/971/118 412/976/126 38/456/119
f 22/424/123 413/977/127 545/722/128
f 22/424/123 545/722/128 411/975/124
f 413/977/127 23/427/129 414/979/130
f 413/977/127 414/979/130 545/722/128
f 545/722/128 414/979/130 40/459/131
f 545/722/128 40/459/131 415/980/132
f 411/975/124 545/722/128 415/980/132
f 411/975/124 415/980/132 39/457/125
f 23/427/129 416/982/133 546/723/134
f 23/427/129 546/723/134 414/979/130
f 416/982/133 24/429/135 417/984/136
f 416/982/133 417/984/136 546/723/134
f 546/723/134 417/984/136 41/461/137
f 546/723/134 41/461/137 418/986/138
f 414/979/130 546/723/134 418/986/138
f 414/979/130 418/986/138 40/459/131
f 24/431/135 419/988/139 547/724/140
f 24/431/135 547/724/140 417/985/136
f 419/988/139 25/432/141 420/990/142
f 419/988/139 420/990/142 547/724/140
f 547/724/140 420/990/142 42/463/143
f 547/724/140 42/463/143 421/991/144
f 417/985/136 547/724/140 421/991/144
f 417/985/136 421/991/144 41/462/137
f 25/432/141 422/992/145 548/725/146
f 25/432/141 548/725/146 420/990/142
f 422/992/145 26/434/147 423/994/148
f 422/992/145 423/994/148 548/725/146
f 548/725/146 423/994/148 43/464/149
f 548/725/146 43/464/149 424/995/150
f 420/990/142 548/725/146 424/995/150
f 420/990/142 424/995/150 42/463/143
f 26/434/147 425/996/151 549/726/152
f 26/434/147 549/726/152 423/994/148
f 425/996/151 27/436/153 426/998/154
f 425/996/151 426/998/154 549/726/152
f 549/726/152 426/998/154 44/465/155
f 549/726/152 44/465/155 427/999/156
f 423/994/148 549/726/152 427/999/156
f 423/994/148 427/999/156 43/464/149
f 27/436/153 428/1000/157 550/727/158
f 27/436/153 550/727/158 426/998/154
f 428/1000/157 28/438/159 429/1002/160
f 428/1000/157 429/1002/160 550/727/158
f 550/727/158 429/1002/160 45/466/161
f 550/727/158 45/466/161 430/1003/162
f 426/998/154 550/727/158 430/1003/162
f 426/998/154 430/1003/162 44/465/155
f 28/438/159 431/1004/163 551/728/164
f 28/438/159 551/728/164 429/1002/160
f 431/1004/163 29/440/165 432/1006/166
f 431/1004/163 432/1006/166 551/728/164
f 551/728/164 432/1006/166 46/467/167
f 551/728/164 46/467/167 433/1007/168
f 429/1002/160 551/728/164 433/1007/168
f 429/1002/160 433/1007/168 45/466/161
f 29/440/165 434/1008/169 552/729/170
f 29/440/165 552/729/170 432/1006/166
f 434/1008/169 30/442/171 435/1010/172
f 434/1008/169 435/1010/172 552/729/170
f 552/729/170 435/1010/172 47/468/173
f 552/729/170 47/468/173 436/1011/174
f 432/1006/166 552/729/170 436/1011/174
f 432/1006/166 436/1011/174 46/467/167
f 30/442/171 437/1012/175 553/730/176
f 30/442/171 553/730/176 435/1010/172
f 437/1012/175 31/444/177 438/1014/178
f 437/1012/175 438/1014/178 553/730/176
f 553/730/176 438/1014/178 48/469/179
f 553/730/176 48/469/179 439/1015/180
f 435/1010/172 553/730/176 439/1015/180
f 435/1010/172 439/1015/180 47/468/173
f 31/444/177 440/1016/181 554/731/182
f 31/444/177 554/731/182 438/1014/178
f 440/1016/181 32/446/183 441/1018/184
f 440/1016/181 441/1018/184 554/731/182
f 554/731/182 441/1018/184 49/470/185
f 554/731/182 49/470/185 442/1019/186
f 438/1014/178 554/731/182 442/1019/186
f 438/1014/178 442/1019/186 48/469/179
f 32/446/183 443/1020/187 555/732/188
f 32/446/183 555/732/188 441/1018/184
f 443/1020/187 33/448/189 444/1022/190
f 443/1020/187 444/1022/190 555/732/188
f 555/732/188 444/1022/190 50/471/191
f 555/732/188 50/471/191 445/1023/192
f 441/1018/184 555/732/188 445/1023/192
f 441/1018/184 445/1023/192 49/470/185
f 33/448/189 446/1024/193 556/733/194
f 33/448/189 556/733/194 444/1022/190
f 446/1024/193 34/450/195 447/1026/196
f 446/1024/193 447/1026/196 556/733/194
f 556/733/194 447/1026/196 51/472/197
f 556/733/194 51/472/197 448/1028/198
f 444/1022/190 556/733/194 448/1028/198
f 444/1022/190 448/1028/198 50/471/191
f 149/641/199 449/1029/200 557/734/201
f 149/641/199 557/734/201 452/1033/202
f 449/1029/200 150/645/203 450/1031/204
f 449/1029/200 450/1031/204 557/734/201
f 557/734/201 450/1031/204 53/475/205
f 557/734/201 53/475/205 451/1032/206
f 452/1033/202 557/734/201 451/1032/206
f 452/1033/202 451/1032/206 52/474/207
f 150/645/203 453/1034/208 558/735/209
f 150/645/203 558/735/209 450/1031/204
f 453/1034/208 151/647/210 454/1036/211
f 453/1034/208 454/1036/211 558/735/209
f 558/735/209 454/1036/211 54/476/212
f 558/735/209 54/476/212 455/1037/213
f 450/1031/204 558/735/209 455/1037/213
f 450/1031/204 455/1037/213 53/475/205
f 151/647/210 456/1038/214 559/736/215
f 151/647/210 559/736/215 454/1036/211
f 456/1038/214 152/649/216 457/1040/217
f 456/1038/214 457/1040/217 559/736/215
f 559/736/215 457/1040/217 55/477/218
f 559/736/215 55/477/218 458/1041/219
f 454/1036/211 559/736/215 458/1041/219
f 454/1036/211 458/1041/219 54/476/212
f 152/649/216 459/1042/220 560/737/221
f 152/649/216 560/737/221 457/1040/217
f 459/1042/220 153/651/222 460/1044/223
f 459/1042/220 460/1044/223 560/737/221
f 560/737/221 460/1044/223 56/478/224
f 560/737/221 56/478/224 461/1046/225
f 457/1040/217 560/737/221 461/1046/225
f 457/1040/217 461/1046/225 55/477/218
f 153/653/222 462/1047/226 561/738/227
f 153/653/222 561/738/227 460/1045/223
f 462/1047/226 154/654/228 463/1049/229
f 462/1047/226 463/1049/229 561/738/227
f 561/738/227 463/1049/229 57/480/230
f 561/738/227 57/480/230 464/1050/231
f 460/1045/223 561/738/227 464/1050/231
f 460/1045/223 464/1050/231 56/479/224
f 154/654/228 465/1052/232 562/739/233
f 154/654/228 562/739/233 463/1049/229
f 465/1052/232 155/656/234 466/1054/235
f 465/1052/232 466/1054/235 562/739/233
f 562/739/233 466/1054/235 58/482/236
f 562/739/233 58/482/236 467/1055/237
f 463/1049/229 562/739/233 467/1055/237
f 463/1049/229 467/1055/237 57/480/230
f 155/656/234 468/1057/238 563/740/239
f 155/656/234 563/740/239 466/1054/235
f 468/1057/238 156/658/240 469/1059/241
f 468/1057/238 469/1059/241 563/740/239
f 563/740/239 469/1059/241 59/484/242
f 563/740/239 59/484/242 470/1060/243
f 466/1054/235 563/740/239 470/1060/243
f 466/1054/235 470/1060/243 58/482/236
f 156/658/240 471/1061/244 564/741/245
f 156/658/240 564/741/245 469/1059/241
f 471/1061/244 157/660/246 472/1063/247
f 471/1061/244 472/1063/247 564/741/245
f 564/741/245 472/1063/247 60/485/248
f 564/741/245 60/485/248 473/1064/249
f 469/1059/241 564/741/245 473/1064/249
f 469/1059/241 473/1064/249 59/484/242
f 157/660/246 474/1065/250 565/742/251
f 157/660/246 565/742/251 472/1063/247
f 474/1065/250 158/662/252 475/1067/253
f 474/1065/250 475/1067/253 565/742/251
f 565/742/251 475/1067/253 61/486/254
f 565/742/251 61/486/254 476/1068/255
f 472/1063/247 565/742/251 476/1068/255
f 472/1063/247 476/1068/255 60/485/248
f 158/662/252 477/1069/256 566/743/257
f 158/662/252 566/743/257 475/1067/253
f 477/1069/256 159/664/258 478/1071/259
f 477/1069/256 478/1071/259 566/743/257
f 566/743/257 478/1071/259 62/488/260
f 566/743/257 62/488/260 479/1073/261
f 475/1067/253 566/743/257 479/1073/261
f 475/1067/253 479/1073/261 61/486/254
f 159/666/258 480/1075/262 567/744/263
f 159/666/258 567/744/263 478/1072/259
f 480/1075/262 160/667/264 481/1077/265
f 480/1075/262 481/1077/265 567/744/263
f 567/744/263 481/1077/265 63/490/266
f 567/744/263 63/490/266 482/1078/267
f 478/1072/259 567/744/263 482/1078/267
f 478/1072/259 482/1078/267 62/489/260
f 160/667/264 483/1079/268 568/745/269
f 160/667/264 568/745/269 481/1077/265
f 483/1079/268 161/669/270 484/1081/271
f 483/1079/268 484/1081/271 568/745/269
f 568/745/269 484/1081/271 64/491/272
f 568/745/269 64/491/272 485/1082/273
f 481/1077/265 568/745/269 485/1082/273
f 481/1077/265 485/1082/273 63/490/266
f 161/669/270 486/1083/274 569/746/275
f 161/669/270 569/746/275 484/1081/271
f 486/1083/274 162/671/276 487/1085/277
f 486/1083/274 487/1085/277 569/746/275
f 569/746/275 487/1085/277 65/492/278
f 569/746/275 65/492/278 488/1086/279
f 484/1081/271 569/746/275 488/1086/279
f 484/1081/271 488/1086/279 64/491/272
f 162/671/276 489/1087/280 570/747/281
f 162/671/276 570/747/281 487/1085/277
f 489/1087/280 163/673/282 490/1089/283
f 489/1087/280 490/1089/283 570/747/281
f 570/747/281 490/1089/283 66/493/284
f 570/747/281 66/493/284 491/1090/285
f 487/1085/277 570/747/281 491/1090/285
f 487/1085/277 491/1090/285 65/492/278
f 163/673/282 492/1091/286 571/748/287
f 163/673/282 571/748/287 490/1089/283
f 492/1091/286 164/675/288 493/1093/289
f 492/1091/286 493/1093/289 571/748/287
f 571/748/287 493/1093/289 67/494/290
f 571/748/287 67/494/290 494/1095/291
f 490/1089/283 571/748/287 494/1095/291
f 490/1089/283 494/1095/291 66/493/284
f 164/677/288 495/1096/292 572/749/293
f 164/677/288 572/749/293 493/1094/289
f 495/1096/292 165/678/294 496/1098/295
f 495/1096/292 496/1098/295 572/749/293
f 572/749/293 496/1098/295 68/496/296
f 572/749/293 68/496/296 497/1100/297
f 493/1094/289 572/749/293 497/1100/297
f 493/1094/289 497/1100/297 67/495/290
f 52/474/207 451/1032/206 573/750/298
f 52/474/207 573/750/298 499/1103/299
f 451/1032/206 53/475/205 498/1102/300
f 451/1032/206 498/1102/300 573/750/298
f 573/750/298 498/1102/300 2/382/5
f 573/750/298 2/382/5 351/877/2
f 499/1103/299 573/750/298 351/877/2
f 499/1103/299 351/877/2 1/380/1
f 53/475/205 455/1037/213 574/751/301
f 53/475/205 574/751/301 498/1102/300
f 455/1037/213 54/476/212 500/1104/302
f 455/1037/213 500/1104/302 574/751/301
f 574/751/301 500/1104/302 3/384/12
f 574/751/301 3/384/12 355/884/10
f 498/1102/300 574/751/301 355/884/10
f 498/1102/300 355/884/10 2/382/5
f 54/476/212 458/1041/219 575/752/303
f 54/476/212 575/752/303 500/1104/302
f 458/1041/219 55/477/218 501/1105/304
f 458/1041/219 501/1105/304 575/752/303
f 575/752/303 501/1105/304 4/386/18
f 575/752/303 4/386/18 358/889/16
f 500/1104/302 575/752/303 358/889/16
f 500/1104/302 358/889/16 3/384/12
f 55/477/218 461/1046/225 576/753/305
f 55/477/218 576/753/305 501/1105/304
f 461/1046/225 56/478/224 502/1106/306
f 461/1046/225 502/1106/306 576/753/305
f 576/753/305 502/1106/306 5/388/24
f 576/753/305 5/388/24 361/894/22
f 501/1105/304 576/753/305 361/894/22
f 501/1105/304 361/894/22 4/386/18
f 56/478/224 464/1051/231 577/754/307
f 56/478/224 577/754/307 502/1106/306
f 464/1051/231 57/481/230 503/1107/308
f 464/1051/231 503/1107/308 577/754/307
f 577/754/307 503/1107/308 6/391/30
f 577/754/307 6/391/30 364/900/28
f 502/1106/306 577/754/307 364/900/28
f 502/1106/306 364/900/28 5/388/24
f 57/481/230 467/1056/237 578/755/309
f 57/481/230 578/755/309 503/1107/308
f 467/1056/237 58/483/236 504/1108/310
f 467/1056/237 504/1108/310 578/755/309
f 578/755/309 504/1108/310 7/393/36
f 578/755/309 7/393/36 367/905/34
f 503/1107/308 578/755/309 367/905/34
f 503/1107/308 367/905/34 6/391/30
f 58/482/236 470/1060/243 579/756/311
f 58/482/236 579/756/311 504/1109/310
f 470/1060/243 59/484/242 505/1110/312
f 470/1060/243 505/1110/312 579/756/311
f 579/756/311 505/1110/312 8/396/42
f 579/756/311 8/396/42 370/910/40
f 504/1109/310 579/756/311 370/910/40
f 504/1109/310 370/910/40 7/394/36
f 59/484/242 473/1064/249 580/757/313
f 59/484/242 580/757/313 505/1110/312
f 473/1064/249 60/485/248 506/1111/314
f 473/1064/249 506/1111/314 580/757/313
f 580/757/313 506/1111/314 9/398/48
f 580/757/313 9/398/48 373/915/46
f 505/1110/312 580/757/313 373/915/46
f 505/1110/312 373/915/46 8/396/42
f 60/485/248 476/1068/255 581/758/315
f 60/485/248 581/758/315 506/1111/314
f 476/1068/255 61/486/254 507/1112/316
f 476/1068/255 507/1112/316 581/758/315
f 581/758/315 507/1112/316 10/400/54
f 581/758/315 10/400/54 376/920/52
f 506/1111/314 581/758/315 376/920/52
f 506/1111/314 376/920/52 9/398/48
f 61/487/254 479/1074/261 582/759/317
f 61/487/254 582/759/317 507/1113/316
f 479/1074/261 62/489/260 508/1114/318
f 479/1074/261 508/1114/318 582/759/317
f 582/759/317 508/1114/318 11/403/60
f 582/759/317 11/403/60 379/925/58
f 507/1113/316 582/759/317 379/925/58
f 507/1113/316 379/925/58 10/401/54
f 62/489/260 482/1078/267 583/760/319
f 62/489/260 583/760/319 508/1114/318
f 482/1078/267 63/490/266 509/1115/320
f 482/1078/267 509/1115/320 583/760/319
f 583/760/319 509/1115/320 12/405/66
f 583/760/319 12/405/66 382/930/64
f 508/1114/318 583/760/319 382/930/64
f 508/1114/318 382/930/64 11/403/60
f 63/490/266 485/1082/273 584/761/321
f 63/490/266 584/761/321 509/1115/320
f 485/1082/273 64/491/272 510/1116/322
f 485/1082/273 510/1116/322 584/761/321
f 584/761/321 510/1116/322 13/407/72
f 584/761/321 13/407/72 385/935/70
f 509/1115/320 584/761/321 385/935/70
f 509/1115/320 385/935/70 12/405/66
f 64/491/272 488/1086/279 585/762/323
f 64/491/272 585/762/323 510/1116/322
f 488/1086/279 65/492/278 511/1117/324
f 488/1086/279 511/1117/324 585/762/323
f 585/762/323 511/1117/324 14/409/78
f 585/762/323 14/409/78 388/940/76
f 510/1116/322 585/762/323 388/940/76
f 510/1116/322 388/940/76 13/407/72
f 65/492/278 491/1090/285 586/763/325
f 65/492/278 586/763/325 511/1117/324
f 491/1090/285 66/493/284 512/1118/326
f 491/1090/285 512/1118/326 586/763/325
f 586/763/325 512/1118/326 15/411/84
f 586/763/325 15/411/84 391/945/82
f 511/1117/324 586/763/325 391/945/82
f 511/1117/324 391/945/82 14/409/78
f 66/493/284 494/1095/291 587/764/327
f 66/493/284 587/764/327 512/1118/326
f 494/1095/291 67/494/290 513/1119/328
f 494/1095/291 513/1119/328 587/764/327
f 587/764/327 513/1119/328 16/413/90
f 587/764/327 16/413/90 394/950/88
f 512/1118/326 587/764/327 394/950/88
f 512/1118/326 394/950/88 15/411/84
f 67/494/290 497/1101/297 588/765/329
f 67/494/290 588/765/329 513/1119/328
f 497/1101/297 68/497/296 514/1120/330
f 497/1101/297 514/1120/330 588/765/329
f 588/765/329 514/1120/330 17/415/96
f 588/765/329 17/415/96 397/955/94
f 513/1119/328 588/765/329 397/955/94
f 513/1119/328 397/955/94 16/413/90
f 17/415/96 514/1120/330 589/766/331
f 17/415/96 589/766/331 398/957/97
f 514/1120/330 68/497/296 496/1099/295
f 514/1120/330 496/1099/295 589/766/331
f 589/766/331 496/1099/295 165/680/294
f 589/766/331 165/680/294 515/1121/332
f 398/957/97 589/766/331 515/1121/332
f 398/957/97 515/1121/332 166/682/98
f 52/474/207 499/1103/299 590/767/333
f 52/474/207 590/767/333 452/1033/202
f 499/1103/299 1/380/1 354/882/4
f 499/1103/299 354/882/4 590/767/333
f 590/767/333 354/882/4 148/640/9
f 590/767/333 148/640/9 516/1122/334
f 452/1033/202 590/767/333 516/1122/334
f 452/1033/202 516/1122/334 149/641/199
f 70/500/335 517/1124/336 591/768/337
f 70/500/335 591/768/337 520/1129/338
f 517/1124/336 69/498/339 518/1125/340
f 517/1124/336 518/1125/340 591/768/337
f 591/768/337 518/1125/340 133/604/341
f 591/768/337 133/604/341 519/1127/342
f 520/1129/338 591/768/337 519/1127/342
f 520/1129/338 519/1127/342 134/607/343
f 71/501/344 521/1130/345 592/769/346
f 71/501/344 592/769/346 523/1133/347
f 521/1130/345 70/500/335 520/1129/338
f 521/1130/345 520/1129/338 592/769/346
f 592/769/346 520/1129/338 134/607/343
f 592/769/346 134/607/343 522/1131/348
f 523/1133/347 592/769/346 522/1131/348
f 523/1133/347 522/1131/348 135/609/349
f 72/502/350 524/1134/351 593/770/352
f 72/502/350 593/770/352 178/1137/353
f 524/1134/351 71/501/344 523/1133/347
f 524/1134/351 523/1133/347 593/770/352
f 593/770/352 523/1133/347 135/609/349
f 593/770/352 135/609/349 177/1135/354
f 178/1137/353 593/770/352 177/1135/354
f 178/1137/353 177/1135/354 136/611/355
f 73/503/356 179/1138/357 594/771/358
f 73/503/356 594/771/358 181/1141/359
f 179/1138/357 72/502/350 178/1137/353
f 179/1138/357 178/1137/353 594/771/358
f 594/771/358 178/1137/353 136/611/355
f 594/771/358 136/611/355 180/1139/360
f 181/1141/359 594/771/358 180/1139/360
f 181/1141/359 180/1139/360 103/536/361
f 74/504/362 182/1142/363 595/772/364
f 74/504/362 595/772/364 184/1145/365
f 182/1142/363 73/503/356 181/1141/359
f 182/1142/363 181/1141/359 595/772/364
f 595/772/364 181/1141/359 103/536/361
f 595/772/364 103/536/361 183/1143/366
f 184/1145/365 595/772/364 183/1143/366
f 184/1145/365 183/1143/366 104/538/367
f 75/505/368 185/1146/369 596/773/370
f 75/505/368 596/773/370 187/1149/371
f 185/1146/369 74/504/362 184/1145/365
f 185/1146/369 184/1145/365 596/773/370
f 596/773/370 184/1145/365 104/538/367
f 596/773/370 104/538/367 186/1147/372
f 187/1149/371 596/773/370 186/1147/372
f 187/1149/371 186/1147/372 105/540/373
f 76/506/374 188/1150/375 597/774/376
f 76/506/374 597/774/376 190/1153/377
f 188/1150/375 75/505/368 187/1149/371
f 188/1150/375 187/1149/371 597/774/376
f 597/774/376 187/1149/371 105/540/373
f 597/774/376 105/540/373 189/1151/378
f 190/1153/377 597/774/376 189/1151/378
f 190/1153/377 189/1151/378 106/542/379
f 77/507/380 191/1154/381 598/775/382
f 77/507/380 598/775/382 193/1157/383
f 191/1154/381 76/506/374 190/1153/377
f 191/1154/381 190/1153/377 598/775/382
f 598/775/382 190/1153/377 106/542/379
f 598/775/382 106/542/379 192/1155/384
f 193/1157/383 598/775/382 192/1155/384
f 193/1157/383 192/1155/384 107/544/385
f 78/508/386 194/1158/387 599/776/388
f 78/508/386 599/776/388 196/1161/389
f 194/1158/387 77/507/380 193/1157/383
f 194/1158/387 193/1157/383 599/776/388
f 599/776/388 193/1157/383 107/544/385
f 599/776/388 107/544/385 195/1159/390
f 196/1161/389 599/776/388 195/1159/390
f 196/1161/389 195/1159/390 108/546/391
f 79/509/392 197/1162/393 600/777/394
f 79/509/392 600/777/394 199/1165/395
f 197/1162/393 78/508/386 196/1161/389
f 197/1162/393 196/1161/389 600/777/394
f 600/777/394 196/1161/389 108/546/391
f 600/777/394 108/546/391 198/1163/396
f 199/1165/395 600/777/394 198/1163/396
f 199/1165/395 198/1163/396 109/548/397
f 80/510/398 200/1166/399 601/778/400
f 80/510/398 601/778/400 202/1169/401
f 200/1166/399 79/509/392 199/1165/395
f 200/1166/399 199/1165/395 601/778/400
f 601/778/400 199/1165/395 109/548/397
f 601/778/400 109/548/397 201/1167/402
f 202/1169/401 601/778/400 201/1167/402
f 202/1169/401 201/1167/402 110/550/403
f 81/511/404 203/1170/405 602/779/406
f 81/511/404 602/779/406 205/1173/407
f 203/1170/405 80/510/398 202/1169/401
f 203/1170/405 202/1169/401 602/779/406
f 602/779/406 202/1169/401 110/550/403
f 602/779/406 110/550/403 204/1171/408
f 205/1173/407 602/779/406 204/1171/408
f 205/1173/407 204/1171/408 111/553/409
f 82/512/410 206/1174/411 603/780/412
f 82/512/410 603/780/412 208/1177/413
f 206/1174/411 81/511/404 205/1173/407
f 206/1174/411 205/1173/407 603/780/412
f 603/780/412 205/1173/407 111/553/409
f 603/780/412 111/553/409 207/1175/414
f 208/1177/413 603/780/412 207/1175/414
f 208/1177/413 207/1175/414 112/555/415
f 83/513/416 209/1178/417 604/781/418
f 83/513/416 604/781/418 211/1181/419
f 209/1178/417 82/512/410 208/1177/413
f 209/1178/417 208/1177/413 604/781/418
f 604/781/418 208/1177/413 112/555/415
f 604/781/418 112/555/415 210/1179/420
f 211/1181/419 604/781/418 210/1179/420
f 211/1181/419 210/1179/420 113/557/421
f 84/514/422 212/1182/423 605/782/424
f 84/514/422 605/782/424 214/1185/425
f 212/1182/423 83/513/416 211/1181/419
f 212/1182/423 211/1181/419 605/782/424
f 605/782/424 211/1181/419 113/557/421
f 605/782/424 113/557/421 213/1183/426
f 214/1185/425 605/782/424 213/1183/426
f 214/1185/425 213/1183/426 114/559/427
f 172/693/428 215/1187/429 606/783/430
f 172/693/428 606/783/430 218/1191/431
f 215/1187/429 171/692/432 216/1188/433
f 215/1187/429 216/1188/433 606/783/430
f 606/783/430 216/1188/433 173/694/434
f 606/783/430 173/694/434 217/1189/435
f 218/1191/431 606/783/430 217/1189/435
f 218/1191/431 217/1189/435 174/696/436
f 115/564/437 219/1192/438 607/784/439
f 115/564/437 607/784/439 222/1196/440
f 219/1192/438 116/568/441 220/1194/442
f 219/1192/438 220/1194/442 607/784/439
f 607/784/439 220/1194/442 86/518/443
f 607/784/439 86/518/443 221/1195/444
f 222/1196/440 607/784/439 221/1195/444
f 222/1196/440 221/1195/444 85/516/445
f 116/568/441 223/1198/446 608/785/447
f 116/568/441 608/785/447 220/1194/442
f 223/1198/446 117/570/448 224/1200/449
f 223/1198/446 224/1200/449 608/785/447
f 608/785/447 224/1200/449 87/519/450
f 608/785/447 87/519/450 225/1201/451
f 220/1194/442 608/785/447 225/1201/451
f 220/1194/442 225/1201/451 86/518/443
f 117/570/448 226/1202/452 609/786/453
f 117/570/448 609/786/453 224/1200/449
f 226/1202/452 118/572/454 227/1204/455
f 226/1202/452 227/1204/455 609/786/453
f 609/786/453 227/1204/455 88/520/456
f 609/786/453 88/520/456 228/1205/457
f 224/1200/449 609/786/453 228/1205/457
f 224/1200/449 228/1205/457 87/519/450
f 118/572/454 229/1206/458 610/787/459
f 118/572/454 610/787/459 227/1204/455
f 229/1206/458 119/574/460 230/1208/461
f 229/1206/458 230/1208/461 610/787/459
f 610/787/459 230/1208/461 89/521/462
f 610/787/459 89/521/462 231/1209/463
f 227/1204/455 610/787/459 231/1209/463
f 227/1204/455 231/1209/463 88/520/456
f 119/574/460 232/1210/464 611/788/465
f 119/574/460 611/788/465 230/1208/461
f 232/1210/464 120/577/466 233/1212/467
f 232/1210/464 233/1212/467 611/788/465
f 611/788/465 233/1212/467 90/522/468
f 611/788/465 90/522/468 234/1213/469
f 230/1208/461 611/788/465 234/1213/469
f 230/1208/461 234/1213/469 89/521/462
f 120/577/466 235/1214/470 612/789/471
f 120/577/466 612/789/471 233/1212/467
f 235/1214/470 121/579/472 236/1216/473
f 235/1214/470 236/1216/473 612/789/471
f 612/789/471 236/1216/473 91/523/474
f 612/789/471 91/523/474 237/1217/475
f 233/1212/467 612/789/471 237/1217/475
f 233/1212/467 237/1217/475 90/522/468
f 121/579/472 238/1218/476 613/790/477
f 121/579/472 613/790/477 236/1216/473
f 238/1218/476 122/581/478 239/1220/479
f 238/1218/476 239/1220/479 613/790/477
f 613/790/477 239/1220/479 92/524/480
f 613/790/477 92/524/480 240/1221/481
f 236/1216/473 613/790/477 240/1221/481
f 236/1216/473 240/1221/481 91/523/474
f 122/581/478 241/1222/482 614/791/483
f 122/581/478 614/791/483 239/1220/479
f 241/1222/482 123/583/484 242/1224/485
f 241/1222/482 242/1224/485 614/791/483
f 614/791/483 242/1224/485 93/525/486
f 614/791/483 93/525/486 243/1225/487
f 239/1220/479 614/791/483 243/1225/487
f 239/1220/479 243/1225/487 92/524/480
f 123/583/484 244/1226/488 615/792/489
f 123/583/484 615/792/489 242/1224/485
f 244/1226/488 124/585/490 245/1228/491
f 244/1226/488 245/1228/491 615/792/489
f 615/792/489 245/1228/491 94/526/492
f 615/792/489 94/526/492 246/1229/493
f 242/1224/485 615/792/489 246/1229/493
f 242/1224/485 246/1229/493 93/525/486
f 124/585/490 247/1230/494 616/793/495
f 124/585/490 616/793/495 245/1228/491
f 247/1230/494 125/587/496 248/1232/497
f 247/1230/494 248/1232/497 616/793/495
f 616/793/495 248/1232/497 95/527/498
f 616/793/495 95/527/498 249/1233/499
f 245/1228/491 616/793/495 249/1233/499
f 245/1228/491 249/1233/499 94/526/492
f 125/587/496 250/1234/500 617/794/501
f 125/587/496 617/794/501 248/1232/497
f 250/1234/500 126/589/502 251/1236/503
f 250/1234/500 251/1236/503 617/794/501
f 617/794/501 251/1236/503 96/528/504
f 617/794/501 96/528/504 252/1237/505
f 248/1232/497 617/794/501 252/1237/505
f 248/1232/497 252/1237/505 95/527/498
f 126/589/502 253/1238/506 618/795/507
f 126/589/502 618/795/507 251/1236/503
f 253/1238/506 127/591/508 254/1240/509
f 253/1238/506 254/1240/509 618/795/507
f 618/795/507 254/1240/509 97/529/510
f 618/795/507 97/529/510 255/1241/511
f 251/1236/503 618/795/507 255/1241/511
f 251/1236/503 255/1241/511 96/528/504
f 127/591/508 256/1242/512 619/796/513
f 127/591/508 619/796/513 254/1240/509
f 256/1242/512 128/593/514 257/1244/515
f 256/1242/512 257/1244/515 619/796/513
f 619/796/513 257/1244/515 98/530/516
f 619/796/513 98/530/516 258/1245/517
f 254/1240/509 619/796/513 258/1245/517
f 254/1240/509 258/1245/517 97/529/510
f 128/593/514 259/1246/518 620/797/519
f 128/593/514 620/797/519 257/1244/515
f 259/1246/518 129/595/520 260/1248/521
f 259/1246/518 260/1248/521 620/797/519
f 620/797/519 260/1248/521 99/531/522
f 620/797/519 99/531/522 261/1249/523
f 257/1244/515 620/797/519 261/1249/523
f 257/1244/515 261/1249/523 98/530/516
f 129/595/520 262/1250/524 621/798/525
f 129/595/520 621/798/525 260/1248/521
f 262/1250/524 130/597/526 263/1252/527
f 262/1250/524 263/1252/527 621/798/525
f 621/798/525 263/1252/527 100/532/528
f 621/798/525 100/532/528 264/1253/529
f 260/1248/521 621/798/525 264/1253/529
f 260/1248/521 264/1253/529 99/531/522
f 130/597/526 265/1254/530 622/799/531
f 130/597/526 622/799/531 263/1252/527
f 265/1254/530 131/599/532 266/1256/533
f 265/1254/530 266/1256/533 622/799/531
f 622/799/531 266/1256/533 101/533/534
f 622/799/531 101/533/534 267/1258/535
f 263/1252/527 622/799/531 267/1258/535
f 263/1252/527 267/1258/535 100/532/528
f 102/535/536 268/1259/537 623/800/538
f 102/535/536 623/800/538 270/1261/539
f 268/1259/537 101/534/534 266/1257/533
f 268/1259/537 266/1257/533 623/800/538
f 623/800/538 266/1257/533 131/601/532
f 623/800/538 131/601/532 269/1260/540
f 270/1261/539 623/800/538 269/1260/540
f 270/1261/539 269/1260/540 132/602/541
f 69/499/339 271/1262/542 624/801/543
f 69/499/339 624/801/543 518/1126/340
f 271/1262/542 102/535/536 270/1261/539
f 271/1262/542 270/1261/539 624/801/543
f 624/801/543 270/1261/539 132/602/541
f 624/801/543 132/602/541 272/1263/544
f 518/1126/340 624/801/543 272/1263/544
f 518/1126/340 272/1263/544 133/605/341
f 104/539/367 183/1144/366 625/802/545
f 104/539/367 625/802/545 274/1266/546
f 183/1144/366 103/537/361 273/1265/547
f 183/1144/366 273/1265/547 625/802/545
f 625/802/545 273/1265/547 29/441/165
f 625/802/545 29/441/165 431/1005/163
f 274/1266/546 625/802/545 431/1005/163
f 274/1266/546 431/1005/163 28/439/159
f 105/541/373 186/1148/372 626/803/548
f 105/541/373 626/803/548 275/1267/549
f 186/1148/372 104/539/367 274/1266/546
f 186/1148/372 274/1266/546 626/803/548
f 626/803/548 274/1266/546 28/439/159
f 626/803/548 28/439/159 428/1001/157
f 275/1267/549 626/803/548 428/1001/157
f 275/1267/549 428/1001/157 27/437/153
f 106/543/379 189/1152/378 627/804/550
f 106/543/379 627/804/550 276/1268/551
f 189/1152/378 105/541/373 275/1267/549
f 189/1152/378 275/1267/549 627/804/550
f 627/804/550 275/1267/549 27/437/153
f 627/804/550 27/437/153 425/997/151
f 276/1268/551 627/804/550 425/997/151
f 276/1268/551 425/997/151 26/435/147
f 107/545/385 192/1156/384 628/805/552
f 107/545/385 628/805/552 277/1269/553
f 192/1156/384 106/543/379 276/1268/551
f 192/1156/384 276/1268/551 628/805/552
f 628/805/552 276/1268/551 26/435/147
f 628/805/552 26/435/147 422/993/145
f 277/1269/553 628/805/552 422/993/145
f 277/1269/553 422/993/145 25/433/141
f 108/547/391 195/1160/390 629/806/554
f 108/547/391 629/806/554 278/1270/555
f 195/1160/390 107/545/385 277/1269/553
f 195/1160/390 277/1269/553 629/806/554
f 629/806/554 277/1269/553 25/433/141
f 629/806/554 25/433/141 419/989/139
f 278/1270/555 629/806/554 419/989/139
f 278/1270/555 419/989/139 24/430/135
f 109/549/397 198/1164/396 630/807/556
f 109/549/397 630/807/556 279/1271/557
f 198/1164/396 108/547/391 278/1270/555
f 198/1164/396 278/1270/555 630/807/556
f 630/807/556 278/1270/555 24/430/135
f 630/807/556 24/430/135 416/983/133
f 279/1271/557 630/807/556 416/983/133
f 279/1271/557 416/983/133 23/428/129
f 110/551/403 201/1168/402 631/808/558
f 110/551/403 631/808/558 280/1272/559
f 201/1168/402 109/549/397 279/1271/557
f 201/1168/402 279/1271/557 631/808/558
f 631/808/558 279/1271/557 23/428/129
f 631/808/558 23/428/129 413/978/127
f 280/1272/559 631/808/558 413/978/127
f 280/1272/559 413/978/127 22/426/123
f 111/554/409 204/1172/408 632/809/560
f 111/554/409 632/809/560 281/1274/561
f 204/1172/408 110/552/403 280/1273/559
f 204/1172/408 280/1273/559 632/809/560
f 632/809/560 280/1273/559 22/425/123
f 632/809/560 22/425/123 410/974/121
f 281/1274/561 632/809/560 410/974/121
f 281/1274/561 410/974/121 21/423/117
f 112/556/415 207/1176/414 633/810/562
f 112/556/415 633/810/562 282/1275/563
f 207/1176/414 111/554/409 281/1274/561
f 207/1176/414 281/1274/561 633/810/562
f 633/810/562 281/1274/561 21/423/117
f 633/810/562 21/423/117 407/970/115
f 282/1275/563 633/810/562 407/970/115
f 282/1275/563 407/970/115 20/421/111
f 113/558/421 210/1180/420 634/811/564
f 113/558/421 634/811/564 283/1276/565
f 210/1180/420 112/556/415 282/1275/563
f 210/1180/420 282/1275/563 634/811/564
f 634/811/564 282/1275/563 20/421/111
f 634/811/564 20/421/111 404/966/109
f 283/1276/565 634/811/564 404/966/109
f 283/1276/565 404/966/109 19/419/104
f 114/560/427 213/1184/426 635/812/566
f 114/560/427 635/812/566 284/1277/567
f 213/1184/426 113/558/421 283/1276/565
f 213/1184/426 283/1276/565 635/812/566
f 635/812/566 283/1276/565 19/419/104
f 635/812/566 19/419/104 400/961/101
f 284/1277/567 635/812/566 400/961/101
f 284/1277/567 400/961/101 18/417/100
f 115/567/437 285/1279/568 636/813/569
f 115/567/437 636/813/569 286/1281/570
f 285/1279/568 114/561/427 284/1278/567
f 285/1279/568 284/1278/567 636/813/569
f 636/813/569 284/1278/567 18/416/100
f 636/813/569 18/416/100 403/964/103
f 286/1281/570 636/813/569 403/964/103
f 286/1281/570 403/964/103 35/453/108
f 35/453/108 402/963/107 637/814/571
f 35/453/108 637/814/571 286/1281/570
f 402/963/107 36/454/106 287/1282/572
f 402/963/107 287/1282/572 637/814/571
f 637/814/571 287/1282/572 116/569/441
f 637/814/571 116/569/441 219/1193/438
f 286/1281/570 637/814/571 219/1193/438
f 286/1281/570 219/1193/438 115/567/437
f 36/454/106 406/968/114 638/815/573
f 36/454/106 638/815/573 287/1282/572
f 406/968/114 37/455/113 288/1283/574
f 406/968/114 288/1283/574 638/815/573
f 638/815/573 288/1283/574 117/571/448
f 638/815/573 117/571/448 223/1199/446
f 287/1282/572 638/815/573 223/1199/446
f 287/1282/572 223/1199/446 116/569/441
f 37/455/113 409/972/120 639/816/575
f 37/455/113 639/816/575 288/1283/574
f 409/972/120 38/456/119 289/1284/576
f 409/972/120 289/1284/576 639/816/575
f 639/816/575 289/1284/576 118/573/454
f 639/816/575 118/573/454 226/1203/452
f 288/1283/574 639/816/575 226/1203/452
f 288/1283/574 226/1203/452 117/571/448
f 38/456/119 412/976/126 640/817/577
f 38/456/119 640/817/577 289/1284/576
f 412/976/126 39/457/125 290/1285/578
f 412/976/126 290/1285/578 640/817/577
f 640/817/577 290/1285/578 119/575/460
f 640/817/577 119/575/460 229/1207/458
f 289/1284/576 640/817/577 229/1207/458
f 289/1284/576 229/1207/458 118/573/454
f 39/458/125 415/981/132 641/818/579
f 39/458/125 641/818/579 290/1286/578
f 415/981/132 40/460/131 291/1287/580
f 415/981/132 291/1287/580 641/818/579
f 641/818/579 291/1287/580 120/578/466
f 641/818/579 120/578/466 232/1211/464
f 290/1286/578 641/818/579 232/1211/464
f 290/1286/578 232/1211/464 119/576/460
f 40/460/131 418/987/138 642/819/581
f 40/460/131 642/819/581 291/1287/580
f 418/987/138 41/462/137 292/1288/582
f 418/987/138 292/1288/582 642/819/581
f 642/819/581 292/1288/582 121/580/472
f 642/819/581 121/580/472 235/1215/470
f 291/1287/580 642/819/581 235/1215/470
f 291/1287/580 235/1215/470 120/578/466
f 41/462/137 421/991/144 643/820/583
f 41/462/137 643/820/583 292/1288/582
f 421/991/144 42/463/143 293/1289/584
f 421/991/144 293/1289/584 643/820/583
f 643/820/583 293/1289/584 122/582/478
f 643/820/583 122/582/478 238/1219/476
f 292/1288/582 643/820/583 238/1219/476
f 292/1288/582 238/1219/476 121/580/472
f 42/463/143 424/995/150 644/821/585
f 42/463/143 644/821/585 293/1289/584
f 424/995/150 43/464/149 294/1290/586
f 424/995/150 294/1290/586 644/821/585
f 644/821/585 294/1290/586 123/584/484
f 644/821/585 123/584/484 241/1223/482
f 293/1289/584 644/821/585 241/1223/482
f 293/1289/584 241/1223/482 122/582/478
f 43/464/149 427/999/156 645/822/587
f 43/464/149 645/822/587 294/1290/586
f 427/999/156 44/465/155 295/1291/588
f 427/999/156 295/1291/588 645/822/587
f 645/822/587 295/1291/588 124/586/490
f 645/822/587 124/586/490 244/1227/488
f 294/1290/586 645/822/587 244/1227/488
f 294/1290/586 244/1227/488 123/584/484
f 44/465/155 430/1003/162 646/823/589
f 44/465/155 646/823/589 295/1291/588
f 430/1003/162 45/466/161 296/1292/590
f 430/1003/162 296/1292/590 646/823/589
f 646/823/589 296/1292/590 125/588/496
f 646/823/589 125/588/496 247/1231/494
f 295/1291/588 646/823/589 247/1231/494
f 295/1291/588 247/1231/494 124/586/490
f 45/466/161 433/1007/168 647/824/591
f 45/466/161 647/824/591 296/1292/590
f 433/1007/168 46/467/167 297/1293/592
f 433/1007/168 297/1293/592 647/824/591
f 647/824/591 297/1293/592 126/590/502
f 647/824/591 126/590/502 250/1235/500
f 296/1292/590 647/824/591 250/1235/500
f 296/1292/590 250/1235/500 125/588/496
f 46/467/167 436/1011/174 648/825/593
f 46/467/167 648/825/593 297/1293/592
f 436/1011/174 47/468/173 298/1294/594
f 436/1011/174 298/1294/594 648/825/593
f 648/825/593 298/1294/594 127/592/508
f 648/825/593 127/592/508 253/1239/506
f 297/1293/592 648/825/593 253/1239/506
f 297/1293/592 253/1239/506 126/590/502
f 47/468/173 439/1015/180 649/826/595
f 47/468/173 649/826/595 298/1294/594
f 439/1015/180 48/469/179 299/1295/596
f 439/1015/180 299/1295/596 649/826/595
f 649/826/595 299/1295/596 128/594/514
f 649/826/595 128/594/514 256/1243/512
f 298/1294/594 649/826/595 256/1243/512
f 298/1294/594 256/1243/512 127/592/508
f 48/469/179 442/1019/186 650/827/597
f 48/469/179 650/827/597 299/1295/596
f 442/1019/186 49/470/185 300/1296/598
f 442/1019/186 300/1296/598 650/827/597
f 650/827/597 300/1296/598 129/596/520
f 650/827/597 129/596/520 259/1247/518
f 299/1295/596 650/827/597 259/1247/518
f 299/1295/596 259/1247/518 128/594/514
f 49/470/185 445/1023/192 651/828/599
f 49/470/185 651/828/599 300/1296/598
f 445/1023/192 50/471/191 301/1297/600
f 445/1023/192 301/1297/600 651/828/599
f 651/828/599 301/1297/600 130/598/526
f 651/828/599 130/598/526 262/1251/524
f 300/1296/598 651/828/599 262/1251/524
f 300/1296/598 262/1251/524 129/596/520
f 50/471/191 448/1028/198 652/829/601
f 50/471/191 652/829/601 301/1297/600
f 448/1028/198 51/472/197 302/1298/602
f 448/1028/198 302/1298/602 652/829/601
f 652/829/601 302/1298/602 131/600/532
f 652/829/601 131/600/532 265/1255/530
f 301/1297/600 652/829/601 265/1255/530
f 301/1297/600 265/1255/530 130/598/526
f 132/602/541 269/1260/540 653/830/603
f 132/602/541 653/830/603 303/1300/604
f 269/1260/540 131/601/532 302/1299/602
f 269/1260/540 302/1299/602 653/830/603
f 653/830/603 302/1299/602 51/473/197
f 653/830/603 51/473/197 447/1027/196
f 303/1300/604 653/830/603 447/1027/196
f 303/1300/604 447/1027/196 34/452/195
f 133/606/341 272/1264/544 654/831/605
f 133/606/341 654/831/605 304/1302/606
f 272/1264/544 132/603/541 303/1301/604
f 272/1264/544 303/1301/604 654/831/605
f 654/831/605 303/1301/604 34/451/195
f 654/831/605 34/451/195 446/1025/193
f 304/1302/606 654/831/605 446/1025/193
f 304/1302/606 446/1025/193 33/449/189
f 134/608/343 519/1128/342 655/832/607
f 134/608/343 655/832/607 305/1303/608
f 519/1128/342 133/606/341 304/1302/606
f 519/1128/342 304/1302/606 655/832/607
f 655/832/607 304/1302/606 33/449/189
f 655/832/607 33/449/189 443/1021/187
f 305/1303/608 655/832/607 443/1021/187
f 305/1303/608 443/1021/187 32/447/183
f 135/610/349 522/1132/348 656/833/609
f 135/610/349 656/833/609 306/1304/610
f 522/1132/348 134/608/343 305/1303/608
f 522/1132/348 305/1303/608 656/833/609
f 656/833/609 305/1303/608 32/447/183
f 656/833/609 32/447/183 440/1017/181
f 306/1304/610 656/833/609 440/1017/181
f 306/1304/610 440/1017/181 31/445/177
f 136/612/355 177/1136/354 657/834/611
f 136/612/355 657/834/611 307/1305/612
f 177/1136/354 135/610/349 306/1304/610
f 177/1136/354 306/1304/610 657/834/611
f 657/834/611 306/1304/610 31/445/177
f 657/834/611 31/445/177 437/1013/175
f 307/1305/612 657/834/611 437/1013/175
f 307/1305/612 437/1013/175 30/443/171
f 103/537/361 180/1140/360 658/835/613
f 103/537/361 658/835/613 273/1265/547
f 180/1140/360 136/612/355 307/1305/612
f 180/1140/360 307/1305/612 658/835/613
f 658/835/613 307/1305/612 30/443/171
f 658/835/613 30/443/171 434/1009/169
f 273/1265/547 658/835/613 434/1009/169
f 273/1265/547 434/1009/169 29/441/165
f 138/616/62 384/933/69 659/836/614
f 138/616/62 659/836/614 309/1307/615
f 384/933/69 137/614/68 308/1306/616
f 384/933/69 308/1306/616 659/836/614
f 659/836/614 308/1306/616 73/503/356
f 659/836/614 73/503/356 182/1142/363
f 309/1307/615 659/836/614 182/1142/363
f 309/1307/615 182/1142/363 74/504/362
f 139/618/56 381/928/63 660/837/617
f 139/618/56 660/837/617 310/1308/618
f 381/928/63 138/616/62 309/1307/615
f 381/928/63 309/1307/615 660/837/617
f 660/837/617 309/1307/615 74/504/362
f 660/837/617 74/504/362 185/1146/369
f 310/1308/618 660/837/617 185/1146/369
f 310/1308/618 185/1146/369 75/505/368
f 140/620/50 378/923/57 661/838/619
f 140/620/50 661/838/619 311/1309/620
f 378/923/57 139/618/56 310/1308/618
f 378/923/57 310/1308/618 661/838/619
f 661/838/619 310/1308/618 75/505/368
f 661/838/619 75/505/368 188/1150/375
f 311/1309/620 661/838/619 188/1150/375
f 311/1309/620 188/1150/375 76/506/374
f 141/622/44 375/918/51 662/839/621
f 141/622/44 662/839/621 312/1310/622
f 375/918/51 140/620/50 311/1309/620
f 375/918/51 311/1309/620 662/839/621
f 662/839/621 311/1309/620 76/506/374
f 662/839/621 76/506/374 191/1154/381
f 312/1310/622 662/839/621 191/1154/381
f 312/1310/622 191/1154/381 77/507/380
f 142/624/38 372/913/45 663/840/623
f 142/624/38 663/840/623 313/1311/624
f 372/913/45 141/622/44 312/1310/622
f 372/913/45 312/1310/622 663/840/623
f 663/840/623 312/1310/622 77/507/380
f 663/840/623 77/507/380 194/1158/387
f 313/1311/624 663/840/623 194/1158/387
f 313/1311/624 194/1158/387 78/508/386
f 143/626/32 369/908/39 664/841/625
f 143/626/32 664/841/625 314/1312/626
f 369/908/39 142/624/38 313/1311/624
f 369/908/39 313/1311/624 664/841/625
f 664/841/625 313/1311/624 78/508/386
f 664/841/625 78/508/386 197/1162/393
f 314/1312/626 664/841/625 197/1162/393
f 314/1312/626 197/1162/393 79/509/392
f 144/629/26 366/903/33 665/842/627
f 144/629/26 665/842/627 315/1313/628
f 366/903/33 143/626/32 314/1312/626
f 366/903/33 314/1312/626 665/842/627
f 665/842/627 314/1312/626 79/509/392
f 665/842/627 79/509/392 200/1166/399
f 315/1313/628 665/842/627 200/1166/399
f 315/1313/628 200/1166/399 80/510/398
f 145/631/20 363/898/27 666/843/629
f 145/631/20 666/843/629 316/1314/630
f 363/898/27 144/629/26 315/1313/628
f 363/898/27 315/1313/628 666/843/629
f 666/843/629 315/1313/628 80/510/398
f 666/843/629 80/510/398 203/1170/405
f 316/1314/630 666/843/629 203/1170/405
f 316/1314/630 203/1170/405 81/511/404
f 146/633/14 360/892/21 667/844/631
f 146/633/14 667/844/631 317/1315/632
f 360/892/21 145/631/20 316/1314/630
f 360/892/21 316/1314/630 667/844/631
f 667/844/631 316/1314/630 81/511/404
f 667/844/631 81/511/404 206/1174/411
f 317/1315/632 667/844/631 206/1174/411
f 317/1315/632 206/1174/411 82/512/410
f 147/635/7 357/887/15 668/845/633
f 147/635/7 668/845/633 318/1316/634
f 357/887/15 146/633/14 317/1315/632
f 357/887/15 317/1315/632 668/845/633
f 668/845/633 317/1315/632 82/512/410
f 668/845/633 82/512/410 209/1178/417
f 318/1316/634 668/845/633 209/1178/417
f 318/1316/634 209/1178/417 83/513/416
f 148/637/9 353/880/8 669/846/635
f 148/637/9 669/846/635 319/1317/636
f 353/880/8 147/635/7 318/1316/634
f 353/880/8 318/1316/634 669/846/635
f 669/846/635 318/1316/634 83/513/416
f 669/846/635 83/513/416 212/1182/423
f 319/1317/636 669/846/635 212/1182/423
f 319/1317/636 212/1182/423 84/514/422
f 176/700/637 320/1319/638 670/847/639
f 176/700/637 670/847/639 322/1322/640
f 320/1319/638 175/698/641 321/1321/642
f 320/1319/638 321/1321/642 670/847/639
f 670/847/639 321/1321/642 171/692/432
f 670/847/639 171/692/432 215/1187/429
f 322/1322/640 670/847/639 215/1187/429
f 322/1322/640 215/1187/429 172/693/428
f 85/516/445 221/1195/444 671/848/643
f 85/516/445 671/848/643 324/1324/644
f 221/1195/444 86/518/443 323/1323/645
f 221/1195/444 323/1323/645 671/848/643
f 671/848/643 323/1323/645 150/646/203
f 671/848/643 150/646/203 449/1030/200
f 324/1324/644 671/848/643 449/1030/200
f 324/1324/644 449/1030/200 149/644/199
f 86/518/443 225/1201/451 672/849/646
f 86/518/443 672/849/646 323/1323/645
f 225/1201/451 87/519/450 325/1326/647
f 225/1201/451 325/1326/647 672/849/646
f 672/849/646 325/1326/647 151/648/210
f 672/849/646 151/648/210 453/1035/208
f 323/1323/645 672/849/646 453/1035/208
f 323/1323/645 453/1035/208 150/646/203
f 87/519/450 228/1205/457 673/850/648
f 87/519/450 673/850/648 325/1326/647
f 228/1205/457 88/520/456 326/1327/649
f 228/1205/457 326/1327/649 673/850/648
f 673/850/648 326/1327/649 152/650/216
f 673/850/648 152/650/216 456/1039/214
f 325/1326/647 673/850/648 456/1039/214
f 325/1326/647 456/1039/214 151/648/210
f 88/520/456 231/1209/463 674/851/650
f 88/520/456 674/851/650 326/1327/649
f 231/1209/463 89/521/462 327/1328/651
f 231/1209/463 327/1328/651 674/851/650
f 674/851/650 327/1328/651 153/652/222
f 674/851/650 153/652/222 459/1043/220
f 326/1327/649 674/851/650 459/1043/220
f 326/1327/649 459/1043/220 152/650/216
f 89/521/462 234/1213/469 675/852/652
f 89/521/462 675/852/652 327/1328/651
f 234/1213/469 90/522/468 328/1329/653
f 234/1213/469 328/1329/653 675/852/652
f 675/852/652 328/1329/653 154/655/228
f 675/852/652 154/655/228 462/1048/226
f 327/1328/651 675/852/652 462/1048/226
f 327/1328/651 462/1048/226 153/652/222
f 90/522/468 237/1217/475 676/853/654
f 90/522/468 676/853/654 328/1329/653
f 237/1217/475 91/523/474 329/1330/655
f 237/1217/475 329/1330/655 676/853/654
f 676/853/654 329/1330/655 155/657/234
f 676/853/654 155/657/234 465/1053/232
f 328/1329/653 676/853/654 465/1053/232
f 328/1329/653 465/1053/232 154/655/228
f 91/523/474 240/1221/481 677/854/656
f 91/523/474 677/854/656 329/1330/655
f 240/1221/481 92/524/480 330/1331/657
f 240/1221/481 330/1331/657 677/854/656
f 677/854/656 330/1331/657 156/659/240
f 677/854/656 156/659/240 468/1058/238
f 329/1330/655 677/854/656 468/1058/238
f 329/1330/655 468/1058/238 155/657/234
f 92/524/480 243/1225/487 678/855/658
f 92/524/480 678/855/658 330/1331/657
f 243/1225/487 93/525/486 331/1332/659
f 243/1225/487 331/1332/659 678/855/658
f 678/855/658 331/1332/659 157/661/246
f 678/855/658 157/661/246 471/1062/244
f 330/1331/657 678/855/658 471/1062/244
f 330/1331/657 471/1062/244 156/659/240
f 93/525/486 246/1229/493 679/856/660
f 93/525/486 679/856/660 331/1332/659
f 246/1229/493 94/526/492 332/1333/661
f 246/1229/493 332/1333/661 679/856/660
f 679/856/660 332/1333/661 158/663/252
f 679/856/660 158/663/252 474/1066/250
f 331/1332/659 679/856/660 474/1066/250
f 331/1332/659 474/1066/250 157/661/246
f 94/526/492 249/1233/499 680/857/662
f 94/526/492 680/857/662 332/1333/661
f 249/1233/499 95/527/498 333/1334/663
f 249/1233/499 333/1334/663 680/857/662
f 680/857/662 333/1334/663 159/665/258
f 680/857/662 159/665/258 477/1070/256
f 332/1333/661 680/857/662 477/1070/256
f 332/1333/661 477/1070/256 158/663/252
f 95/527/498 252/1237/505 681/858/664
f 95/527/498 681/858/664 333/1334/663
f 252/1237/505 96/528/504 334/1335/665
f 252/1237/505 334/1335/665 681/858/664
f 681/858/664 334/1335/665 160/668/264
f 681/858/664 160/668/264 480/1076/262
f 333/1334/663 681/858/664 480/1076/262
f 333/1334/663 480/1076/262 159/665/258
f 96/528/504 255/1241/511 682/859/666
f 96/528/504 682/859/666 334/1335/665
f 255/1241/511 97/529/510 335/1336/667
f 255/1241/511 335/1336/667 682/859/666
f 682/859/666 335/1336/667 161/670/270
f 682/859/666 161/670/270 483/1080/268
f 334/1335/665 682/859/666 483/1080/268
f 334/1335/665 483/1080/268 160/668/264
f 97/529/510 258/1245/517 683/860/668
f 97/529/510 683/860/668 335/1336/667
f 258/1245/517 98/530/516 336/1337/669
f 258/1245/517 336/1337/669 683/860/668
f 683/860/668 336/1337/669 162/672/276
f 683/860/668 162/672/276 486/1084/274
f 335/1336/667 683/860/668 486/1084/274
f 335/1336/667 486/1084/274 161/670/270
f 98/530/516 261/1249/523 684/861/670
f 98/530/516 684/861/670 336/1337/669
f 261/1249/523 99/531/522 337/1338/671
f 261/1249/523 337/1338/671 684/861/670
f 684/861/670 337/1338/671 163/674/282
f 684/861/670 163/674/282 489/1088/280
f 336/1337/669 684/861/670 489/1088/280
f 336/1337/669 489/1088/280 162/672/276
f 99/531/522 264/1253/529 685/862/672
f 99/531/522 685/862/672 337/1338/671
f 264/1253/529 100/532/528 338/1339/673
f 264/1253/529 338/1339/673 685/862/672
f 685/862/672 338/1339/673 164/676/288
f 685/862/672 164/676/288 492/1092/286
f 337/1338/671 685/862/672 492/1092/286
f 337/1338/671 492/1092/286 163/674/282
f 100/532/528 267/1258/535 686/863/674
f 100/532/528 686/863/674 338/1339/673
f 267/1258/535 101/533/534 339/1340/675
f 267/1258/535 339/1340/675 686/863/674
f 686/863/674 339/1340/675 165/679/294
f 686/863/674 165/679/294 495/1097/292
f 338/1339/673 686/863/674 495/1097/292
f 338/1339/673 495/1097/292 164/676/288
f 166/682/98 515/1121/332 687/864/676
f 166/682/98 687/864/676 340/1342/677
f 515/1121/332 165/680/294 339/1341/675
f 515/1121/332 339/1341/675 687/864/676
f 687/864/676 339/1341/675 101/534/534
f 687/864/676 101/534/534 268/1259/537
f 340/1342/677 687/864/676 268/1259/537
f 340/1342/677 268/1259/537 102/535/536
f 167/684/92 399/959/99 688/865/678
f 167/684/92 688/865/678 341/1343/679
f 399/959/99 166/682/98 340/1342/677
f 399/959/99 340/1342/677 688/865/678
f 688/865/678 340/1342/677 102/535/536
f 688/865/678 102/535/536 271/1262/542
f 341/1343/679 688/865/678 271/1262/542
f 341/1343/679 271/1262/542 69/499/339
f 168/687/86 396/953/93 689/866/680
f 168/687/86 689/866/680 342/1345/681
f 396/953/93 167/685/92 341/1344/679
f 396/953/93 341/1344/679 689/866/680
f 689/866/680 341/1344/679 69/498/339
f 689/866/680 69/498/339 517/1124/336
f 342/1345/681 689/866/680 517/1124/336
f 342/1345/681 517/1124/336 70/500/335
f 169/689/80 393/948/87 690/867/682
f 169/689/80 690/867/682 343/1346/683
f 393/948/87 168/687/86 342/1345/681
f 393/948/87 342/1345/681 690/867/682
f 690/867/682 342/1345/681 70/500/335
f 690/867/682 70/500/335 521/1130/345
f 343/1346/683 690/867/682 521/1130/345
f 343/1346/683 521/1130/345 71/501/344
f 170/691/74 390/943/81 691/868/684
f 170/691/74 691/868/684 344/1347/685
f 390/943/81 169/689/80 343/1346/683
f 390/943/81 343/1346/683 691/868/684
f 691/868/684 343/1346/683 71/501/344
f 691/868/684 71/501/344 524/1134/351
f 344/1347/685 691/868/684 524/1134/351
f 344/1347/685 524/1134/351 72/502/350
f 137/614/68 387/938/75 692/869/686
f 137/614/68 692/869/686 308/1306/616
f 387/938/75 170/691/74 344/1347/685
f 387/938/75 344/1347/685 692/869/686
f 692/869/686 344/1347/685 72/502/350
f 692/869/686 72/502/350 179/1138/357
f 308/1306/616 692/869/686 179/1138/357
f 308/1306/616 179/1138/357 73/503/356
f 84/515/422 214/1186/425 693/870/687
f 84/515/422 693/870/687 346/1350/688
f 214/1186/425 114/563/427 345/1348/689
f 214/1186/425 345/1348/689 693/870/687
f 693/870/687 345/1348/689 173/694/434
f 693/870/687 173/694/434 216/1188/433
f 346/1350/688 693/870/687 216/1188/433
f 346/1350/688 216/1188/433 171/692/432
f 114/562/427 285/1280/568 694/871/690
f 114/562/427 694/871/690 345/1349/689
f 285/1280/568 115/566/437 347/1351/691
f 285/1280/568 347/1351/691 694/871/690
f 694/871/690 347/1351/691 174/697/436
f 694/871/690 174/697/436 217/1190/435
f 345/1349/689 694/871/690 217/1190/435
f 345/1349/689 217/1190/435 173/695/434
f 115/565/437 222/1197/440 695/872/692
f 115/565/437 695/872/692 347/1352/691
f 222/1197/440 85/517/445 348/1353/693
f 222/1197/440 348/1353/693 695/872/692
f 695/872/692 348/1353/693 172/693/428
f 695/872/692 172/693/428 218/1191/431
f 347/1352/691 695/872/692 218/1191/431
f 347/1352/691 218/1191/431 174/696/436
f 149/642/199 516/1123/334 696/873/694
f 149/642/199 696/873/694 350/1356/695
f 516/1123/334 148/639/9 349/1354/696
f 516/1123/334 349/1354/696 696/873/694
f 696/873/694 349/1354/696 175/699/641
f 696/873/694 175/699/641 320/1320/638
f 350/1356/695 696/873/694 320/1320/638
f 350/1356/695 320/1320/638 176/701/637
f 148/638/9 319/1318/636 697/874/697
f 148/638/9 697/874/697 349/1355/696
f 319/1318/636 84/515/422 346/1350/688
f 319/1318/636 346/1350/688 697/874/697
f 697/874/697 346/1350/688 171/692/432
f 697/874/697 171/692/432 321/1321/642
f 349/1355/696 697/874/697 321/1321/642
f 349/1355/696 321/1321/642 175/698/641
f 85/517/445 324/1325/644 698/875/698
f 85/517/445 698/875/698 348/1353/693
f 324/1325/644 149/643/199 350/1357/695
f 324/1325/644 350/1357/695 698/875/698
f 698/875/698 350/1357/695 176/700/637
f 698/875/698 176/700/637 322/1322/640
f 348/1353/693 698/875/698 322/1322/640
f 348/1353/693 322/1322/640 172/693/428
