
g default
v 58.299066 48.985416 80.409414
v 58.348459 49.54966 80.068029
v 58.251176 50.588806 79.31979
v 58.028048 51.594688 78.710339
v 57.662974 52.472515 78.330185
v 57.227862 53.287159 78.063171
v 56.775939 54.086636 77.823312
v 56.259579 54.82798 77.687542
v 55.647964 55.483383 77.705645
v 54.988722 56.095821 77.800686
v 54.222461 56.611717 78.068602
v 53.406331 57.082615 78.417077
v 52.497748 57.470108 78.914897
v 51.508479 57.784805 79.543055
v 50.541064 58.119221 80.135913
v 49.647192000000004 58.519985 80.494111
v 48.811581000000004 58.705048 80.435207
v 57.921204 48.64452 81.019804
v 57.46876 48.756027 81.489078
v 56.445083 48.959408 82.237317
v 55.467394999999996 49.284557 82.846768
v 54.631653 49.737762 83.226922
v 53.865951 50.254158 83.493936
v 53.117059 50.785713 83.733796
v 52.432603 51.375408 83.869565
v 51.843402 52.051037 83.851462
v 51.301827 52.769634 83.756423
v 50.867274 53.584778 83.488506
v 50.48259 54.444916 83.140031
v 50.190358 55.388458 82.64221
v 49.978809999999996 56.404793 82.014052
v 49.745412 57.401413 81.421194
v 49.342555000000004 58.245152 80.986215
v 48.707282 58.610954 80.603689
v 57.805445 48.540089 80.889819
v 57.312485 48.615044 81.313597
v 56.288808 48.818424 82.061836
v 55.31112 49.14357 82.671288
v 54.475378 49.596779 83.051442
v 53.709676 50.113171 83.318456
v 52.960784000000004 50.64473 83.558315
v 52.276328 51.234421 83.694085
v 51.687127000000004 51.910053 83.67598100000001
v 51.145553 52.628647 83.580942
v 50.710999 53.44379 83.313025
v 50.326313999999996 54.303928 82.96455
v 50.034083 55.247471 82.46673
v 49.822536 56.263805 81.838572
v 49.589135999999996 57.260426 81.245714
v 49.199838 58.116398 80.825958
v 48.646589 58.556198 80.535537
v 58.183307 48.880981 80.279428
v 58.192183 49.408676 79.892549
v 58.094901 50.447819 79.14431
v 57.871773 51.453701 78.534858
v 57.5067 52.331532 78.154704
v 57.071587 53.146172 77.88769
v 56.619664 53.945648 77.647831
v 56.103304 54.686993 77.512062
v 55.49169 55.342396 77.530165
v 54.832447 55.954838 77.625205
v 54.066186 56.47073 77.893121
v 53.250056 56.941628 78.241596
v 52.341473 57.329121 78.739417
v 51.352204 57.643822 79.367574
v 50.384789 57.978233 79.960432
v 49.504475 58.391232 80.333854
v 48.750887 58.650291 80.367056
v 49.21661 58.131531 80.427702
v 49.839090999999996 57.485928 80.437029
v 50.439499 56.820408 80.437029
v 51.039907 56.154892 80.437029
v 51.640314000000004 55.489372 80.437029
v 52.240722 54.823856 80.437029
v 52.841129 54.15834 80.437029
v 53.441537 53.492821 80.437029
v 54.041945 52.827301 80.437029
v 54.642353 52.161785 80.437029
v 55.242761 51.496265 80.437029
v 55.843168 50.83075 80.437029
v 56.443576 50.165234 80.437029
v 57.043983 49.499714 80.437029
v 57.604463 48.878456 80.437029
v 57.980238 48.449272 80.429961
v 57.784461 48.272652 80.210123
v 57.396096 48.690472 80.203055
v 56.835617 49.311733 80.203055
v 56.235209 49.977249 80.203055
v 55.634801 50.642769 80.203055
v 55.034394 51.308285 80.203055
v 54.433986 51.973804 80.203055
v 53.833579 52.63932 80.203055
v 53.233171 53.30484 80.203055
v 52.632763 53.970356 80.203055
v 52.032355 54.635876 80.203055
v 51.431948 55.301392 80.203055
v 50.831541 55.966911 80.203055
v 50.231133 56.632427 80.203055
v 49.630725 57.297943 80.203055
v 49.024672 57.95837 80.212176
v 48.475057 58.518814 80.277697
v 48.549189999999996 58.585693 80.36094
v 50.907821 54.828541 81.749451
v 51.393176 54.059227 81.935304
v 51.905128 53.313911 82.078193
v 52.474158 52.620083 82.12888
v 53.068589 51.949173 82.138535
v 53.713822 51.324097 82.066125
v 54.393422 50.730022 81.9382
v 55.081986 50.144035 81.795793
v 55.807905 49.591751 81.593045
v 56.609529 49.107765 81.268003
v 57.417047 48.709377 80.868943
v 57.892714 48.414577 80.581766
v 57.723729 48.262127 80.392013
v 57.20868 48.521393 80.634969
v 56.401163 48.919785 81.034029
v 55.599538 49.40377 81.359071
v 54.873619 49.956055 81.561819
v 54.185055 50.542038 81.704226
v 53.505455 51.136116 81.832151
v 52.860223 51.761192 81.904561
v 52.265791 52.432102 81.894906
v 51.696761 53.125931 81.844219
v 51.18481 53.871246 81.70133
v 50.699453 54.64056 81.515477
v 50.263407 55.454357 81.249973
v 49.870391 56.30698 80.914956
v 49.465722 57.149082 80.598764
v 48.986827 57.924229 80.392127
v 48.472248 58.516281 80.338287
v 48.545145 58.582047 80.420142
v 49.178517 58.097164 80.607376
v 49.674088 57.337063 80.832738
v 50.078756999999996 56.494961 81.14893000000001
v 50.471773 55.642338 81.483947
v 52.467148 56.235317 79.230542
v 53.182608 55.673595 79.04469
v 53.871471 55.087875 78.9018
v 54.503257 54.450668 78.851113
v 55.109642 53.790543 78.841458
v 55.665224 53.084587 78.913868
v 56.18644 52.347626 79.041793
v 56.69869 51.602573 79.1842
v 57.173587 50.823826 79.386948
v 57.572778 49.976776 79.71199
v 57.88622 49.132648 80.11105
v 58.057317 48.563076 80.315869
v 57.888332 48.410622 80.126117
v 57.677853 48.944668 79.877076
v 57.364412 49.788795 79.478016
v 56.96522 50.635841 79.152974
v 56.490324 51.414593 78.950226
v 55.978074 52.159641 78.807819
v 55.456858 52.896606 78.679894
v 54.901276 53.602562 78.607485
v 54.29489 54.262688 78.617139
v 53.663105 54.899895 78.667826
v 52.974242000000004 55.485615 78.810716
v 52.258782 56.047337 78.996568
v 51.494015 56.564571 79.262072
v 50.686214 57.042988 79.59709
v 49.890069 57.531918 79.913281
v 49.1493 58.070805 80.129672
v 48.518806 58.558285 80.263079
v 48.591702 58.62405 80.344934
v 49.34099 58.24374 80.344921
v 50.098435 57.719898 80.147255
v 50.894581 57.230968 79.831064
v 51.702381 56.752552 79.496046
v 58.541822 47.723801 80.372441
v 58.448491 47.639603 80.26764
v 58.412897 47.758053 80.436822
v 58.336303 47.688953 80.350815
v 58.50424 47.840462 80.289267
v 58.427646 47.771362 80.20326
v 50.272874 56.066494 81.3203
v 50.732255 55.877338 80.934005
v 51.340111 55.822132 80.437029
v 50.683222 55.229511 81.627319
v 51.250482 55.13768 81.066756
v 51.940517 55.156616 80.437029
v 51.146164999999996 54.439976 81.849377
v 51.793364 54.420265 81.159683
v 52.540926 54.491096 80.437029
v 51.643772999999996 53.681717 82.015438
v 52.349543 53.714844 81.231128
v 53.141333 53.825581 80.437029
v 52.184413 52.96228 82.111984
v 52.934263 53.035175 81.256471
v 53.741742 53.160061 80.437029
v 52.766891 52.280582 82.140948
v 53.531682 52.366959 81.261298
v 54.342149 52.494545 80.437029
v 53.385229 51.631245 82.111985
v 54.154502 51.721664 81.225093
v 54.942557 51.829025 80.437029
v 54.051381 51.025036 82.005783
v 54.794506 51.091869 81.161131
v 55.542964 51.163509 80.437029
v 54.735463 50.435009 81.870617
v 55.438992 50.466118 81.089928
v 56.143372 50.49799 80.437029
v 55.437474 49.861153 81.706487
v 56.102155 49.857216 80.988554
v 56.743779 49.832474 80.437029
v 56.199253999999996 49.341221 81.445811
v 56.803171 49.282463 80.826033
v 57.344187 49.166954 80.437029
v 57.036738 48.889587 81.062841
v 57.48717 48.772636 80.626503
v 57.784883 48.678471 80.437029
v 57.686619 48.589821 80.724927
v 57.936247 48.409588 80.501024
v 58.591436 47.574982 80.320041
v 58.513544 47.698292 80.41812
v 58.4454 47.636814 80.400416
v 58.420213 47.614094 80.313319
v 57.478253 48.40184 80.490954
v 57.278802999999996 48.584656 80.392529
v 57.576516 48.49049 80.203055
v 57.740469 48.232964 80.281186
v 56.828372 48.701607 80.828867
v 56.594805 49.094482 80.592059
v 57.135821 48.978973 80.203055
v 55.990887 49.15324 81.211837
v 55.893788 49.669235 80.75458
v 56.535413 49.644493 80.203055
v 55.229108 49.673172 81.472514
v 55.230625 50.278137 80.855954
v 55.935005000000004 50.310009 80.203055
v 54.527096 50.247028 81.636643
v 54.58614 50.903889 80.927157
v 55.334598 50.975529 80.203055
v 53.843014 50.837055 81.771809
v 53.946136 51.533684 80.99112
v 54.73419 51.641045 80.203055
v 53.176863 51.44326 81.878011
v 53.323316 52.178978 81.027324
v 54.133783 52.306564 80.203055
v 52.558525 52.092602 81.906975
v 52.725896 52.847195 81.022497
v 53.533375 52.97208 80.203055
v 51.976047 52.774296 81.878011
v 52.141177 53.526863 80.997154
v 52.932967 53.6376 80.203055
v 51.435406 53.493736 81.781464
v 51.584997 54.232285 80.925709
v 52.332559 54.303116 80.203055
v 50.937799 54.251995 81.615403
v 51.042115 54.949699 80.832782
v 51.732151 54.968636 80.203055
v 50.474855 55.041531 81.393345
v 50.523889 55.689358 80.700031
v 51.131744 55.634151 80.203055
v 50.064507 55.878513 81.086326
v 50.027176 56.448429 80.532522
v 50.531337 56.299667 80.203055
v 49.673285 56.73275 80.748412
v 49.524639 57.20224 80.374426
v 49.930929 56.965187 80.203055
v 49.240228 57.549244 80.47808
v 48.984054 57.921722 80.27779
v 49.330522 57.630703 80.203055
v 48.695544999999996 58.265038 80.346671
v 48.463417 58.508312 80.296499
v 48.70753 58.275848 80.239537
v 48.423211 58.62294 80.319215
v 48.422803 58.62257 80.36355
v 48.537549999999996 58.575195 80.379742
v 48.850183 58.404545 80.399721
v 48.837209 58.392841 80.505745
v 50.659498 54.604515 82.53808
v 51.087328 53.783302 82.81686
v 51.555053 52.998085 83.031194
v 52.108394 52.290104 83.107224
v 52.699836 51.616497 83.121707
v 53.367482 51.011639 83.013092
v 54.086678 50.453289 82.821204
v 54.81932 49.90707 82.607594
v 55.607995 49.4114 82.303471
v 56.510228 49.018177 81.815909
v 57.441264 48.731224 81.217318
v 57.917664 48.586407 80.838089
v 57.886123 48.293747 80.499848
v 57.761389 48.445419 80.662608
v 57.232898 48.543243 80.983344
v 56.301861 48.830196 81.581935
v 55.399629 49.223419 82.069497
v 54.610954 49.71909 82.37362
v 53.878311 50.265305 82.58723
v 53.159115 50.823658 82.779117
v 52.49147 51.428513 82.887733
v 51.900027 52.102123 82.87325
v 51.346685 52.810101 82.79722
v 50.878962 53.595322 82.582886
v 50.451132 54.416534 82.304106
v 50.097265 55.30447 81.90585
v 49.807945000000004 56.250645 81.403324
v 49.501145 57.181042 80.929037
v 49.076383 58.00502 80.603913
v 48.52202 58.561184 80.426048
v 48.591208 58.623604 80.503738
v 49.267331999999996 58.177288 80.818329
v 49.709513 57.369026 81.163011
v 50.016313 56.438625 81.637298
v 50.305632 55.492451 82.139824
v 52.030146 55.841064 79.807302
v 52.68808 55.227448 79.714376
v 53.332715 54.601833 79.642931
v 53.948812000000004 53.950466 79.617588
v 54.552208 53.287643 79.61276
v 55.130203 52.601906 79.648965
v 55.691015 51.900665 79.712928
v 56.247344 51.195385 79.784131
v 56.784996 50.473248 79.885505
v 57.284796 49.716965 80.048026
v 57.721756 48.984272 80.247556
v 58.024229 48.48896 80.358899
v 58.544912 47.726589 80.239666
v 58.570098 47.749313 80.326763
v 58.476767 47.665112 80.221962
v 57.51339 48.796291 80.013582
v 57.828452 48.312336 80.139061
v 57.076429 49.528984 79.814052
v 56.57663 50.285267 79.651531
v 56.038978 51.007404 79.550157
v 55.482649 51.712685 79.478954
v 54.921836 52.413925 79.414991
v 54.343842 53.099663 79.378786
v 53.740446 53.762486 79.383614
v 53.124349 54.413853 79.408957
v 52.479713000000004 55.039467 79.480402
v 51.821779 55.653084 79.573328
v 51.139193 56.244465 79.70608
v 50.435088 56.816433 79.873589
v 49.736813 57.39365 80.031685
v 49.06529 57.995014 80.146562
v 48.486695 58.529316 80.258895
v 48.560828 58.596195 80.342138
v 49.257228 58.168175 80.362088
v 49.945178999999996 57.581631 80.265659
v 50.643455 57.004414 80.107563
v 51.347559000000004 56.432446 79.940054
v 58.210396 48.00555 80.475702
v 58.28532 48.073143 80.408757
v 58.091887 47.898636 80.34263
v 58.127308 47.930592 80.231326
v 58.320741 48.105099 80.297453
v 58.202232 47.998184 80.164381
v 58.361717 49.198872 80.338059
v 58.145024 49.366131 80.080479
v 57.977486999999996 48.852234 80.255066
v 58.188111 48.830395 80.401214
v 58.313244 50.041206 79.70447
v 57.955101 50.321693 79.481888
v 57.745976999999996 49.529434 79.917152
v 58.157355 51.107754 78.986402
v 57.656518 51.259506 78.994326
v 57.382646 50.408836 79.534182
v 57.859519 52.046242 78.497633
v 57.244377 52.094875 78.690203
v 56.94361 51.21994 79.273506
v 57.449621 52.883633 78.189889
v 56.776206 52.879688 78.476593
v 56.444807 51.977119 79.109376
v 57.006103 53.690685 77.936453
v 56.294585 53.652374 78.284705
v 55.928073 52.718124 78.97421
v 56.528965 54.467415 77.737324
v 55.761416 54.378551 78.17609
v 55.39341 53.442955 78.868008
v 55.962177 55.163265 77.683017
v 55.152043 55.03598 78.190572
v 54.810932 54.124649 78.839045
v 55.328148999999996 55.79845 77.737326
v 54.504568 55.659035 78.266604
v 54.192594 54.773991 78.868009
v 54.615677 56.362869 77.918351
v 53.771478 56.204853 78.480937
v 53.532419 55.38559 78.964555
v 53.822521 56.854496 78.229714
v 52.998491 56.714676 78.759717
v 52.829211 55.958363 79.130616
v 52.964366 57.287483 78.646074
v 52.151545 57.157772 79.157973
v 52.091339 56.499863 79.352674
v 52.007596 57.6315 79.221735
v 51.240047000000004 57.542637 79.660499
v 51.300872 56.993916 79.659693
v 51.014966 57.943169 79.855324
v 50.346034 57.943272 80.134786
v 50.491279 57.470718 79.997607
v 50.10078 58.325607 80.362195
v 49.511041 58.397156 80.424646
v 49.723523 57.985256 80.267939
v 49.133373 58.66003 80.491603
v 48.661044000000004 58.686604 80.390926
v 48.925288 58.472301 80.363463
v 57.816341 48.706852 81.219048
v 57.408469 48.701637 81.501673
v 57.660066 48.565865 81.043568
v 57.944928 48.611 80.967581
v 56.983423 48.841488 81.852638
v 56.353913 48.877155 82.299795
v 56.827147 48.7005 81.677157
v 55.938496 49.105972 82.570705
v 55.351072 49.179611 82.949877
v 55.78222 48.964989 82.395225
v 55.035516 49.49852 83.059474
v 54.499642 49.618668 83.355374
v 54.879241 49.357536 82.883993
v 54.2446 49.992168 83.367218
v 53.72292 50.125118 83.640189
v 54.088325 49.851181 83.191737
v 53.487302 50.516148 83.620655
v 52.964128 50.647747 83.896039
v 53.331028 50.37516 83.445174
v 52.763625 51.070454 83.819783
v 52.27407 51.232384 84.040859
v 52.60735 50.929466 83.644302
v 52.129598 51.705639 83.87409
v 51.685615999999996 51.908688 84.021549
v 51.973323 51.564655 83.69861
v 51.562809 52.401489 83.819782
v 51.147964 52.630821 83.920174
v 51.406534 52.260502 83.644301
v 51.074465000000004 53.168106 83.638757
v 50.724467000000004 53.45594 83.634396
v 50.918189999999996 53.027119 83.463276
v 50.666807 54.007519 83.327393
v 50.354164 54.329052 83.26269
v 50.510532 53.866531 83.151912
v 50.324146 54.905563 82.911033
v 50.082478 55.29113 82.731681
v 50.167871 54.764576 82.735553
v 50.080102 55.892578 82.335372
v 49.896854 56.330853 82.061646
v 49.923827 55.751595 82.159891
v 49.871916999999996 56.911949 81.701783
v 49.687922 57.349545 81.429264
v 49.715642 56.770962 81.526303
v 49.585288 57.860542 81.194912
v 49.30431 58.210648 80.971075
v 49.429012 57.719559 81.019432
v 48.968225000000004 58.51104 80.758381
v 48.610479 58.640987 80.55165
v 48.86618 58.418976 80.643795
v 57.76912 48.664249 80.021092
v 57.936657 49.178146 79.846505
v 58.205442 49.057884 80.162578
v 58.031836 48.689407 80.225734
v 57.53761 49.341454 79.683178
v 57.746735 50.133713 79.247914
v 58.156969 49.900219 79.528989
v 57.174279 50.220856 79.300209
v 57.448152 51.071526 78.760352
v 58.00108 50.966766 78.810921
v 56.735243 51.03196 79.039532
v 57.036011 51.906895 78.456229
v 57.703244 51.905254 78.322153
v 56.23644 51.789139 78.875402
v 56.567839 52.691708 78.242619
v 57.293346 52.742645 78.014409
v 55.719707 52.530144 78.740236
v 56.086219 53.464394 78.050731
v 56.849828 53.549702 77.760972
v 55.185043 53.254974 78.634035
v 55.55305 54.190571 77.942116
v 56.37269 54.326431 77.561844
v 54.602566 53.936668 78.605071
v 54.943675999999996 54.848 77.956599
v 55.805902 55.022278 77.507536
v 53.984227 54.58601 78.634035
v 54.296200999999996 55.471054 78.03263
v 55.171874 55.657463 77.561845
v 53.324052 55.197609 78.730582
v 53.563111 56.016872 78.246963
v 54.459403 56.221886 77.742871
v 52.620845 55.770382 78.896642
v 52.790124 56.526695 78.525743
v 53.666245 56.713509 78.054234
v 51.882973 56.311882 79.1187
v 51.943178 56.969791 78.923999
v 52.808091 57.146496 78.470593
v 51.092505 56.805935 79.425719
v 51.031681 57.354652 79.426525
v 51.851321 57.490517 79.046255
v 50.282911999999996 57.282738 79.763633
v 50.137668 57.755291 79.900812
v 50.858691 57.802181 79.679843
v 49.515157 57.797276 80.033965
v 49.320092 58.224888 80.21023
v 49.944506000000004 58.18462 80.186714
v 48.783625 58.344498 80.20439
v 48.591857 58.624184 80.313235
v 49.031328 58.56797 80.377018
v 58.346815 49.54818 79.985888
v 58.287593 48.920143 80.414046
v 58.280411 50.615177 79.187766
v 58.082436 51.643757 78.537685
v 57.733051 52.53574 78.132187
v 57.308959 53.360321 77.84737200000001
v 56.866934 54.168728 77.591522
v 56.356178 54.915127 77.446701
v 55.743816 55.569859 77.466012
v 55.080651 56.178761 77.567387
v 54.303334 56.684677 77.853165
v 53.472820999999996 57.142601 78.224871
v 52.543694 57.511555 78.75588
v 51.528501 57.802872 79.425915
v 50.536619 58.115211 80.058297
v 49.629255 58.503807 80.446164
v 48.699505 58.721302 80.407841
v 48.455521 58.652088 80.3107
v 58.043162 48.435425 80.246171
v 49.538888 57.818684 80.437029
v 49.175992 58.094883 80.493316
v 49.448594 57.737225 80.712054
v 49.733006 57.390221 80.6084
v 50.139296 57.153168 80.437029
v 49.881652 56.920734 80.982386
v 50.235543 56.63641 80.766496
v 50.739703 56.487652 80.437029
v 58.191715 49.045498 80.296502
v 58.064797 49.817066 79.789631
v 57.820004 50.80341 79.215177
v 57.461654 51.687302 78.824162
v 57.013654 52.490314 78.577967
v 56.538758 53.269066 78.375218
v 56.036966 54.023552 78.215915
v 55.463454 54.713333 78.17247
v 54.83615 55.354588 78.21591599999999
v 54.146091 55.939224 78.360737
v 53.391484 56.46563 78.609828
v 52.584879 56.945122 78.942915
v 51.699382 57.353443 79.403443
v 50.785196 57.735878 79.910314
v 49.933766 58.174931 80.315812
v 49.040504 58.576248 80.432543
v 57.767195 48.66251 81.213642
v 56.908128 48.773556 81.88947
v 55.833566 49.011311 82.655409
v 54.910416 49.385658 83.176762
v 54.106799 49.867847 83.505023
v 53.339042 50.382389 83.775355
v 52.607146 50.929283 83.987758
v 51.970878 51.562447 84.045687
v 51.40633 52.260319 83.987758
v 50.925458 53.033676 83.794664
v 50.530649 53.884682 83.462542
v 50.205173 54.798229 83.018425
v 49.984885 55.806679 82.404387
v 49.802848 56.849636 81.728559
v 49.537137 57.817104 81.187896
v 48.943258 58.488514 80.745419
v 57.983348 48.857517 80.062528
v 57.85643 49.629082 79.555657
v 57.611638 50.615425 78.981203
v 57.253288 51.499317 78.590188
v 56.805287 52.302334 78.343993
v 56.330391 53.081085 78.141244
v 55.828599 53.835571 77.981941
v 55.255087 54.525349 77.938496
v 54.627783 55.166607 77.981942
v 53.937725 55.751244 78.126763
v 53.183117 56.277649 78.375854
v 52.376513 56.757141 78.708941
v 51.491015000000004 57.165459 79.169469
v 50.57683 57.547897 79.676341
v 49.7254 57.98695 80.081838
v 48.901808 58.451118 80.276801
v 58.348929 49.187332 80.273919
v 58.326604 50.053261 79.598091
v 58.20035 51.146545 78.832152
v 57.922685 52.10323 78.310799
v 57.525488 52.952076 77.982539
v 57.092429 53.76857 77.712206
v 56.62351 54.552711 77.499802
v 56.058962 55.250584 77.441874
v 55.422693 55.883743 77.499804
v 54.702751 56.441422 77.692898
v 53.896744 56.921459 78.025019
v 53.021406 57.338943 78.469136
v 52.040878 57.66153 79.083174
v 51.0221 57.949604 79.759002
v 50.086997 58.313171 80.299664
v 49.119416 58.647438 80.460856
v 48.511549 58.702637 80.351217
v 58.117454 48.696026 80.358127
v 49.470156 57.756676 80.548058
v 49.986889 57.015671 80.683224
v 50.482703 56.255795 80.852181
v 50.988081 55.504543 81.005691
v 51.519756 54.77702 81.116719
v 52.068764 54.065128 81.19975
v 52.639288 53.372654 81.248023
v 53.230731 52.699047 81.262505
v 53.840104 52.041618 81.248023
v 54.473383 51.405754 81.194922
v 55.115628 50.777981 81.12734
v 55.766838 50.158295 81.045275
v 56.447931 49.565567 80.914936
v 57.166878 49.006992 80.723452
v 57.712167 48.612865 80.554495
v 58.564243 47.550449 80.363969
v 57.5038 48.424885 80.320521
v 56.958511 48.819012 80.489478
v 56.239565 49.377586 80.680962
v 55.558471 49.970314 80.811301
v 54.907262 50.589996 80.893366
v 54.265017 51.217773 80.960949
v 53.631738 51.853638 81.014049
v 53.022365 52.511066 81.028531
v 52.430922 53.184673 81.014049
v 51.860397 53.877148 80.965776
v 51.31139 54.589039 80.882746
v 50.779714999999996 55.316563 80.771717
v 50.274337 56.067814 80.618207
v 49.778522 56.82769 80.44925
v 49.261789 57.568695 80.314084
v 48.68551 58.255981 80.275107
v 48.415032 58.615562 80.332428
v 48.828163 58.384678 80.435291
v 50.866914 54.188046 82.687969
v 51.313122 53.383415 82.937061
v 51.823878 52.637016 83.081881
v 52.397391 51.947235 83.125327
v 53.024694 51.305977 83.081881
v 53.723718 50.729431 82.922579
v 54.449637 50.177147 82.71983
v 55.202450999999996 49.649124 82.473634
v 56.044916 49.201981 82.08262
v 57.00094 48.857288 81.508166
v 57.755414 48.651882 81.001294
v 57.902292 48.501919 80.705696
v 57.547048000000004 48.463902 80.767321
v 56.792573 48.669308 81.274192
v 55.83655 49.014 81.848646
v 54.994085 49.461143 82.239661
v 54.241271 49.989162 82.485856
v 53.515351 50.541451 82.688605
v 52.816328 51.117996 82.847907
v 52.189025 51.759254 82.891353
v 51.615512 52.449032 82.847907
v 51.104755 53.195431 82.703087
v 50.658547 54.000065 82.453995
v 50.264338 54.851608 82.120908
v 49.949019 55.774323 81.66038
v 49.66239 56.722919 81.153508
v 49.313005000000004 57.614902 80.748011
v 48.769689 58.331924 80.490223
v 48.462474 58.65836 80.430493
v 48.908386 58.457054 80.645965
v 49.521372 57.802883 80.981985
v 49.870756 56.9109 81.387482
v 50.157386 55.962307 81.894354
v 50.472704 55.039589 82.354882
v 52.361278999999996 55.536213 79.757339
v 53.013087 54.917065 79.674309
v 53.643378 54.278511 79.626035
v 54.252751 53.621075 79.611554
v 54.844194 52.947475 79.626035
v 55.41173 52.252296 79.679136
v 55.9703 51.549038 79.746719
v 56.519906 50.837685 79.828784
v 57.039627 50.09938 79.959122
v 57.521497 49.32692 80.150607
v 57.8576 48.744072 80.319564
v 58.618631 47.599514 80.276112
v 57.649234 48.556087 80.08559
v 57.31313 49.138939 79.916633
v 56.831261 49.911396 79.725148
v 56.311538999999996 50.649704 79.59481
v 55.761934 51.361057 79.512745
v 55.203363 52.064316 79.445162
v 54.635828000000004 52.759491 79.392062
v 54.044385 53.433094 79.37758
v 53.435012 54.090527 79.392062
v 52.80472 54.729084 79.440335
v 52.152913 55.348228 79.523365
v 51.483773 55.95174 79.634394
v 50.788336 56.531525 79.787903
v 50.083336 57.102684 79.956861
v 49.399254 57.692711 80.092027
v 48.729549 58.295712 80.203966
v 48.431391 58.630318 80.306002
v 48.872203 58.424408 80.364151
v 49.60762 57.880692 80.326
v 50.291702 57.290665 80.190835
v 50.996702 56.719505 80.021877
v 51.69214 56.139721 79.868368
v 58.253793 48.044701 80.459685
v 58.14326 47.944981 80.421898
v 58.095782 47.902149 80.282255
v 58.269369 48.05875 80.218185
v 58.316847 48.101582 80.357828
v 58.158836 47.95903 80.180398
vt 0.980831 0.998008
vt 0.392946 0.001992
vt 0.964847 0.998008
vt 0.376962 0.001992
vt 0.935471 0.998008
vt 0.347587 0.001992
vt 0.913439 0.998008
vt 0.325556 0.001992
vt 0.900479 0.998008
vt 0.312596 0.001992
vt 0.617516 0.001993
vt 0.632096 0.001993
vt 0.303524 0.001992
vt 0.646676 0.001993
vt 0.294452 0.001992
vt 0.433223 0.657736
vt 0.661255 0.001993
vt 0.447802 0.657736
vt 0.675835 0.001993
vt 0.462382 0.657736
vt 0.690415 0.001993
vt 0.476962 0.657736
vt 0.498292 0.657736
vt 0.704994 0.001993
vt 0.508662 0.657736
vt 0.719573 0.001993
vt 0.520583 0.657736
vt 0.734153 0.001993
vt 0.538469 0.657736
vt 0.748733 0.001993
vt 0.561796 0.657736
vt 0.763313 0.001993
vt 0.583826 0.657736
vt 0.777892 0.001993
vt 0.598083 0.657736
vt 0.792472 0.437606
vt 0.606532 0.222123
vt 0.005854 0.001992
vt 0.793443 0.998008
vt 0.021837 0.001992
vt 0.809427 0.998008
vt 0.051212 0.001992
vt 0.838802 0.998008
vt 0.073244 0.001992
vt 0.860835 0.998008
vt 0.086203 0.001992
vt 0.873792 0.998008
vt 0.800200 0.571599
vt 0.095275 0.001992
vt 0.814780 0.571599
vt 0.104347 0.001992
vt 0.829360 0.571599
vt 0.140928 0.001993
vt 0.155507 0.001993
vt 0.843939 0.571599
vt 0.170087 0.001993
vt 0.858519 0.571599
vt 0.184667 0.001993
vt 0.873099 0.571599
vt 0.199247 0.001993
vt 0.887679 0.571599
vt 0.213825 0.001993
vt 0.902257 0.571599
vt 0.228405 0.001993
vt 0.916837 0.571599
vt 0.242985 0.001993
vt 0.931417 0.571599
vt 0.257565 0.001993
vt 0.945997 0.571599
vt 0.272145 0.001993
vt 0.960577 0.571599
vt 0.286725 0.437606
vt 0.975157 0.135985
vt 0.610082 0.222123
vt 0.008320 0.277310
vt 0.021921 0.258916
vt 0.047031 0.258916
vt 0.067483 0.258916
vt 0.086203 0.235266
vt 0.111768 0.235268
vt 0.095275 0.235266
vt 0.126348 0.235268
vt 0.104347 0.235266
vt 0.140928 0.235268
vt 0.155507 0.258917
vt 0.170087 0.258917
vt 0.184667 0.258917
vt 0.199247 0.258917
vt 0.213826 0.258917
vt 0.228405 0.258917
vt 0.242985 0.258917
vt 0.257565 0.258917
vt 0.272145 0.291107
vt 0.286725 0.506026
vt 0.610082 0.153702
vt 0.390480 0.277310
vt 0.376878 0.258916
vt 0.351769 0.258916
vt 0.331317 0.258916
vt 0.312596 0.235266
vt 0.404064 0.424463
vt 0.418643 0.424463
vt 0.303524 0.235266
vt 0.433223 0.424463
vt 0.294452 0.235266
vt 0.447802 0.400813
vt 0.462382 0.400813
vt 0.476962 0.424463
vt 0.498292 0.424461
vt 0.491542 0.424463
vt 0.508662 0.424461
vt 0.526612 0.400812
vt 0.543319 0.400812
vt 0.564398 0.400812
vt 0.584293 0.400812
vt 0.598083 0.424461
vt 0.879844 0.998008
vt 0.894424 0.727247
vt 0.606532 0.153702
vt 0.546931 0.661675
vt 0.605858 0.235265
vt 0.546931 0.676254
vt 0.546931 0.690834
vt 0.546931 0.705414
vt 0.546931 0.719994
vt 0.546931 0.734573
vt 0.546931 0.749152
vt 0.546931 0.763732
vt 0.546931 0.778312
vt 0.546931 0.792891
vt 0.546931 0.807471
vt 0.546931 0.822051
vt 0.546931 0.836630
vt 0.546931 0.851210
vt 0.546931 0.864820
vt 0.546931 0.872613
vt 0.779614 0.575537
vt 0.664436 0.887193
vt 0.779614 0.808812
vt 0.664436 0.879403
vt 0.664436 0.865792
vt 0.664436 0.851211
vt 0.664436 0.836634
vt 0.664436 0.822053
vt 0.664436 0.807473
vt 0.664436 0.792896
vt 0.664436 0.778315
vt 0.664436 0.763734
vt 0.664436 0.749154
vt 0.664436 0.734576
vt 0.664436 0.719996
vt 0.664436 0.705419
vt 0.664436 0.690839
vt 0.664130 0.676257
vt 0.661989 0.661676
vt 0.608307 0.001992
vt 0.608001 0.095753
vt 0.589568 0.719994
vt 0.902257 0.149129
vt 0.595529 0.734573
vt 0.887679 0.149129
vt 0.600714 0.749152
vt 0.873099 0.149129
vt 0.602009 0.763732
vt 0.858519 0.149129
vt 0.602657 0.778312
vt 0.843939 0.149129
vt 0.600065 0.792891
vt 0.829360 0.149129
vt 0.595529 0.807472
vt 0.814780 0.149129
vt 0.590994 0.822050
vt 0.800200 0.149129
vt 0.829732 0.575537
vt 0.584514 0.836630
vt 0.823252 0.575537
vt 0.573498 0.851210
vt 0.812235 0.575537
vt 0.558810 0.865790
vt 0.797549 0.575537
vt 0.550818 0.872613
vt 0.789555 0.575537
vt 0.001965 0.424463
vt 0.769673 0.575538
vt 0.783501 0.575537
vt 0.660546 0.887193
vt 0.783501 0.808812
vt 0.769673 0.808811
vt 0.001965 0.657737
vt 0.652555 0.880373
vt 0.009957 0.657737
vt 0.637868 0.865792
vt 0.024645 0.657737
vt 0.626851 0.851211
vt 0.035661 0.657737
vt 0.620371 0.836634
vt 0.042141 0.657737
vt 0.111768 0.657736
vt 0.615839 0.822053
vt 0.126348 0.657736
vt 0.611301 0.807472
vt 0.140928 0.657736
vt 0.608711 0.792896
vt 0.155507 0.657736
vt 0.609359 0.778315
vt 0.170087 0.657736
vt 0.610654 0.763734
vt 0.184667 0.657736
vt 0.615839 0.749153
vt 0.199247 0.657736
vt 0.621800 0.734577
vt 0.213825 0.657736
vt 0.630741 0.719996
vt 0.228405 0.657736
vt 0.642406 0.705420
vt 0.242985 0.657736
vt 0.653418 0.690839
vt 0.257565 0.657736
vt 0.660546 0.676257
vt 0.272145 0.657736
vt 0.661102 0.661676
vt 0.286725 0.657736
vt 0.609194 0.001992
vt 0.609194 0.088128
vt 0.975157 0.001992
vt 0.550818 0.661675
vt 0.609746 0.235265
vt 0.960577 0.149129
vt 0.557947 0.676254
vt 0.945997 0.149129
vt 0.568962 0.690834
vt 0.931417 0.149129
vt 0.580625 0.705414
vt 0.916837 0.149129
vt 0.719573 0.424464
vt 0.504294 0.719994
vt 0.704994 0.424464
vt 0.498332 0.734573
vt 0.690415 0.424464
vt 0.493148 0.749152
vt 0.675835 0.424464
vt 0.491852 0.763732
vt 0.661255 0.424464
vt 0.491204 0.778312
vt 0.646676 0.424464
vt 0.493796 0.792891
vt 0.632096 0.424464
vt 0.498332 0.807472
vt 0.944544 0.575537
vt 0.617516 0.424464
vt 0.502868 0.822050
vt 0.951023 0.575537
vt 0.509348 0.836630
vt 0.962038 0.575537
vt 0.520363 0.851210
vt 0.976725 0.575537
vt 0.535051 0.865790
vt 0.984718 0.575537
vt 0.543043 0.872613
vt 0.775726 0.575537
vt 0.744917 0.808811
vt 0.396834 0.424463
vt 0.396834 0.657737
vt 0.744917 0.575537
vt 0.775726 0.808812
vt 0.668325 0.887193
vt 0.388842 0.657737
vt 0.676316 0.880373
vt 0.374154 0.657737
vt 0.691003 0.865792
vt 0.363139 0.657737
vt 0.702020 0.851211
vt 0.356659 0.657737
vt 0.708500 0.836634
vt 0.404064 0.001992
vt 0.418643 0.001992
vt 0.713033 0.822053
vt 0.433223 0.001992
vt 0.717570 0.807472
vt 0.447802 0.001992
vt 0.720160 0.792896
vt 0.462382 0.001992
vt 0.719513 0.778315
vt 0.476962 0.001992
vt 0.718217 0.763734
vt 0.491542 0.001992
vt 0.713033 0.749153
vt 0.557259 0.001992
vt 0.563221 0.001992
vt 0.707071 0.734577
vt 0.572164 0.001992
vt 0.698130 0.719996
vt 0.583826 0.001992
vt 0.686465 0.705420
vt 0.594844 0.001992
vt 0.675453 0.690839
vt 0.601971 0.001992
vt 0.668325 0.676257
vt 0.879844 0.575537
vt 0.894424 0.575537
vt 0.662872 0.661676
vt 0.607420 0.001992
vt 0.792472 0.571600
vt 0.607420 0.088128
vt 0.777892 0.424464
vt 0.601971 0.235265
vt 0.543043 0.661675
vt 0.763313 0.424464
vt 0.535915 0.676254
vt 0.748733 0.424464
vt 0.524899 0.690834
vt 0.734153 0.424464
vt 0.513235 0.705414
vt 0.779614 0.639931
vt 0.779614 0.744418
vt 0.782562 0.631912
vt 0.750970 0.631912
vt 0.782562 0.752437
vt 0.750970 0.752436
vt 0.776665 0.631912
vt 0.726213 0.752437
vt 0.776665 0.752437
vt 0.726213 0.631911
vt 0.976780 0.786773
vt 0.959770 0.786773
vt 0.940493 0.786773
vt 0.927371 0.786773
vt 0.624806 0.213228
vt 0.639386 0.213228
vt 0.653965 0.213228
vt 0.668545 0.213228
vt 0.683125 0.213228
vt 0.697705 0.213228
vt 0.712284 0.213228
vt 0.726863 0.213228
vt 0.741443 0.213228
vt 0.756023 0.213228
vt 0.770602 0.213228
vt 0.785182 0.358916
vt 0.013845 0.118629
vt 0.036525 0.118629
vt 0.062228 0.118629
vt 0.079724 0.118629
vt 0.090739 0.118629
vt 0.099811 0.118629
vt 0.148218 0.118630
vt 0.162797 0.118630
vt 0.177377 0.118630
vt 0.191957 0.118630
vt 0.206536 0.118630
vt 0.221115 0.118630
vt 0.235695 0.118630
vt 0.250275 0.118630
vt 0.264855 0.118630
vt 0.279435 0.295223
vt 0.388896 0.446501
vt 0.371886 0.446501
vt 0.352609 0.446501
vt 0.339487 0.446501
vt 0.411353 0.213227
vt 0.425933 0.213227
vt 0.440513 0.213227
vt 0.455092 0.213227
vt 0.469672 0.213227
vt 0.484252 0.213227
vt 0.537431 0.213227
vt 0.548609 0.213227
vt 0.564064 0.213227
vt 0.581073 0.213227
vt 0.594681 0.213227
vt 0.887134 0.719082
vt 0.384954 0.118629
vt 0.362275 0.118629
vt 0.336571 0.118629
vt 0.319076 0.118629
vt 0.308060 0.118629
vt 0.298988 0.118629
vt 0.440513 0.541099
vt 0.455092 0.541099
vt 0.469672 0.541099
vt 0.503477 0.541098
vt 0.514623 0.541098
vt 0.529526 0.541098
vt 0.550133 0.541098
vt 0.572811 0.541098
vt 0.590955 0.541098
vt 0.602308 0.364505
vt 0.606976 0.116486
vt 0.394890 0.329865
vt 0.550656 0.668965
vt 0.555192 0.683544
vt 0.560862 0.698124
vt 0.566014 0.712704
vt 0.569740 0.727283
vt 0.572526 0.741863
vt 0.574146 0.756442
vt 0.574632 0.771022
vt 0.574146 0.785601
vt 0.572364 0.800181
vt 0.570096 0.814761
vt 0.567342 0.829340
vt 0.562968 0.843920
vt 0.556542 0.858500
vt 0.550872 0.869201
vt 0.781088 0.692175
vt 0.660493 0.883783
vt 0.654824 0.873082
vt 0.648398 0.858501
vt 0.644023 0.843922
vt 0.641270 0.829344
vt 0.639003 0.814763
vt 0.637221 0.800184
vt 0.636735 0.785606
vt 0.637221 0.771025
vt 0.638841 0.756444
vt 0.641628 0.741865
vt 0.645353 0.727286
vt 0.650504 0.712708
vt 0.656174 0.698129
vt 0.660709 0.683548
vt 0.662018 0.668967
vt 0.608751 0.045060
vt 0.608276 0.161697
vt 0.894968 0.360364
vt 0.880389 0.360364
vt 0.865809 0.360364
vt 0.851229 0.360364
vt 0.836650 0.360364
vt 0.822070 0.360364
vt 0.807490 0.360364
vt 0.846903 0.786773
vt 0.833781 0.786773
vt 0.814503 0.786773
vt 0.797493 0.786773
vt 0.003910 0.329865
vt 0.009903 0.446502
vt 0.026913 0.446502
vt 0.046191 0.446502
vt 0.059312 0.446502
vt 0.119058 0.446502
vt 0.133638 0.446502
vt 0.148218 0.446502
vt 0.162797 0.446502
vt 0.177377 0.446502
vt 0.191957 0.446502
vt 0.206536 0.446502
vt 0.221115 0.446502
vt 0.235695 0.446502
vt 0.250275 0.446502
vt 0.264855 0.446502
vt 0.279435 0.514192
vt 0.609638 0.116486
vt 0.967867 0.214676
vt 0.953287 0.360364
vt 0.938707 0.360364
vt 0.924127 0.360364
vt 0.909547 0.360364
vt 0.524122 0.727283
vt 0.521335 0.741863
vt 0.519715 0.756442
vt 0.519229 0.771022
vt 0.519715 0.785601
vt 0.521497 0.800181
vt 0.523765 0.814761
vt 0.526519 0.829340
vt 0.530893 0.843920
vt 0.537319 0.858500
vt 0.542989 0.869201
vt 0.778139 0.692175
vt 0.668378 0.883783
vt 0.674048 0.873082
vt 0.680474 0.858501
vt 0.684848 0.843922
vt 0.687601 0.829344
vt 0.689868 0.814763
vt 0.691650 0.800184
vt 0.692136 0.785606
vt 0.691650 0.771025
vt 0.690030 0.756444
vt 0.687244 0.741865
vt 0.683518 0.727286
vt 0.678367 0.712708
vt 0.672697 0.698129
vt 0.668162 0.683548
vt 0.664406 0.668967
vt 0.607863 0.045060
vt 0.605889 0.161697
vt 0.543205 0.668965
vt 0.538669 0.683544
vt 0.532999 0.698124
vt 0.527848 0.712704
vt 0.781323 0.603725
vt 0.760321 0.692174
vt 0.781323 0.780625
vt 0.735565 0.692174
vt 0.777905 0.603725
vt 0.777905 0.780625
vt 0.972839 0.998008
vt 0.384954 0.001992
vt 0.969530 0.786773
vt 0.980722 0.575537
vt 0.539047 0.869201
vt 0.982774 0.786773
vt 0.394890 0.213228
vt 0.950159 0.998008
vt 0.362275 0.001992
vt 0.949443 0.786773
vt 0.969382 0.575537
vt 0.527707 0.858500
vt 0.924455 0.998008
vt 0.336571 0.001992
vt 0.933082 0.786773
vt 0.956531 0.575537
vt 0.514856 0.843920
vt 0.906959 0.998008
vt 0.319076 0.001992
vt 0.922511 0.786773
vt 0.617516 0.213228
vt 0.947783 0.575537
vt 0.506108 0.829340
vt 0.624806 0.001993
vt 0.308060 0.001992
vt 0.632096 0.213228
vt 0.624806 0.424464
vt 0.500600 0.814761
vt 0.639386 0.001993
vt 0.298988 0.001992
vt 0.646676 0.213228
vt 0.639386 0.424464
vt 0.496064 0.800181
vt 0.653965 0.001993
vt 0.440513 0.657736
vt 0.661255 0.213228
vt 0.653965 0.424464
vt 0.492500 0.785601
vt 0.668545 0.001993
vt 0.455092 0.657736
vt 0.675835 0.213228
vt 0.668545 0.424464
vt 0.491528 0.771022
vt 0.683125 0.001993
vt 0.469672 0.657736
vt 0.690415 0.213228
vt 0.683125 0.424464
vt 0.492500 0.756442
vt 0.697705 0.001993
vt 0.503477 0.657736
vt 0.704994 0.213228
vt 0.697705 0.424464
vt 0.495740 0.741863
vt 0.712284 0.001993
vt 0.514623 0.657736
vt 0.719573 0.213228
vt 0.712284 0.424464
vt 0.501313 0.727283
vt 0.726863 0.001993
vt 0.529526 0.657736
vt 0.734153 0.213228
vt 0.726863 0.424464
vt 0.508765 0.712704
vt 0.741443 0.001993
vt 0.550133 0.657736
vt 0.748733 0.213228
vt 0.741443 0.424464
vt 0.519067 0.698124
vt 0.756023 0.001993
vt 0.572811 0.657736
vt 0.763313 0.213228
vt 0.756023 0.424464
vt 0.530407 0.683544
vt 0.770602 0.001993
vt 0.590955 0.657736
vt 0.777892 0.249650
vt 0.770602 0.424464
vt 0.539479 0.668965
vt 0.785182 0.219799
vt 0.602308 0.439929
vt 0.792472 0.504603
vt 0.606976 0.155125
vt 0.785182 0.498032
vt 0.604695 0.161697
vt 0.013845 0.001992
vt 0.801435 0.998008
vt 0.023511 0.118629
vt 0.012860 0.258916
vt 0.007366 0.171438
vt 0.036525 0.001992
vt 0.824115 0.998008
vt 0.050294 0.118629
vt 0.034122 0.258916
vt 0.062228 0.001992
vt 0.849818 0.998008
vt 0.072110 0.118629
vt 0.058219 0.258916
vt 0.079724 0.001992
vt 0.867313 0.998008
vt 0.085717 0.118629
vt 0.074621 0.258916
vt 0.090739 0.001992
vt 0.807490 0.571599
vt 0.095275 0.118629
vt 0.090739 0.235266
vt 0.119058 0.235268
vt 0.099811 0.001992
vt 0.822070 0.571599
vt 0.104347 0.118629
vt 0.140928 0.118630
vt 0.099811 0.235266
vt 0.133638 0.235268
vt 0.148218 0.001993
vt 0.836650 0.571599
vt 0.155507 0.118630
vt 0.148218 0.258917
vt 0.162797 0.001993
vt 0.851229 0.571599
vt 0.170087 0.118630
vt 0.162797 0.258917
vt 0.177377 0.001993
vt 0.865809 0.571599
vt 0.184667 0.118630
vt 0.177377 0.258917
vt 0.191957 0.001993
vt 0.880389 0.571599
vt 0.199247 0.118630
vt 0.191957 0.258917
vt 0.206536 0.001993
vt 0.894968 0.571599
vt 0.213826 0.118630
vt 0.206536 0.258917
vt 0.221115 0.001993
vt 0.909547 0.571599
vt 0.228405 0.118630
vt 0.221115 0.258917
vt 0.235695 0.001993
vt 0.924127 0.571599
vt 0.242985 0.118630
vt 0.235695 0.258917
vt 0.250275 0.001993
vt 0.938707 0.571599
vt 0.257565 0.118630
vt 0.250275 0.258917
vt 0.264855 0.001993
vt 0.953287 0.571599
vt 0.272145 0.162779
vt 0.264855 0.258917
vt 0.279435 0.219799
vt 0.967867 0.353792
vt 0.286725 0.471816
vt 0.610082 0.187912
vt 0.279435 0.387677
vt 0.392838 0.657737
vt 0.672321 0.883783
vt 0.381647 0.446501
vt 0.385940 0.258916
vt 0.393391 0.417342
vt 0.381498 0.657737
vt 0.683659 0.873082
vt 0.361559 0.446501
vt 0.364678 0.258916
vt 0.368647 0.657737
vt 0.696511 0.858501
vt 0.345198 0.446501
vt 0.340581 0.258916
vt 0.359899 0.657737
vt 0.705260 0.843922
vt 0.334627 0.446501
vt 0.404064 0.213227
vt 0.324179 0.258916
vt 0.411353 0.001992
vt 0.710766 0.829344
vt 0.418643 0.213227
vt 0.411353 0.424463
vt 0.308060 0.235266
vt 0.425933 0.001992
vt 0.715301 0.814763
vt 0.433223 0.213227
vt 0.425933 0.424463
vt 0.298988 0.235266
vt 0.440513 0.001992
vt 0.718865 0.800184
vt 0.447802 0.213227
vt 0.440513 0.400813
vt 0.455092 0.001992
vt 0.719836 0.785606
vt 0.462382 0.213227
vt 0.455092 0.400813
vt 0.469672 0.001992
vt 0.718865 0.771025
vt 0.476962 0.213227
vt 0.469672 0.400813
vt 0.484252 0.001992
vt 0.715625 0.756444
vt 0.491542 0.213227
vt 0.532961 0.213227
vt 0.484252 0.424463
vt 0.503477 0.424461
vt 0.560240 0.001992
vt 0.710052 0.741865
vt 0.542461 0.213227
vt 0.520325 0.400812
vt 0.567692 0.001992
vt 0.702600 0.727286
vt 0.555827 0.213227
vt 0.534297 0.400812
vt 0.577995 0.001992
vt 0.692298 0.712708
vt 0.572690 0.213227
vt 0.553616 0.400812
vt 0.589335 0.001992
vt 0.680959 0.698129
vt 0.588606 0.213227
vt 0.574877 0.400812
vt 0.598407 0.001992
vt 0.671889 0.683548
vt 0.600027 0.213227
vt 0.879844 0.786772
vt 0.591886 0.400812
vt 0.887134 0.575537
vt 0.665599 0.668967
vt 0.894424 0.651392
vt 0.606976 0.077847
vt 0.887134 0.862627
vt 0.602308 0.289081
vt 0.375288 0.118629
vt 0.391434 0.171438
vt 0.348505 0.118629
vt 0.326690 0.118629
vt 0.313082 0.118629
vt 0.303524 0.118629
vt 0.294452 0.118629
vt 0.433223 0.541099
vt 0.447802 0.541099
vt 0.462382 0.541099
vt 0.476962 0.541099
vt 0.498292 0.541098
vt 0.508856 0.541098
vt 0.521329 0.541098
vt 0.539149 0.541098
vt 0.561634 0.541098
vt 0.582855 0.541098
vt 0.597357 0.496950
vt 0.605587 0.214204
vt 0.607420 0.062917
vt 0.396834 0.541100
vt 0.744917 0.692174
vt 0.546931 0.668965
vt 0.548874 0.661675
vt 0.607802 0.235265
vt 0.554382 0.668965
vt 0.953287 0.149129
vt 0.552682 0.676254
vt 0.546931 0.683544
vt 0.563454 0.683544
vt 0.938707 0.149129
vt 0.557987 0.690834
vt 0.546930 0.698124
vt 0.574793 0.698124
vt 0.924127 0.149129
vt 0.563608 0.705414
vt 0.546931 0.712704
vt 0.585097 0.712704
vt 0.909547 0.149129
vt 0.568063 0.719994
vt 0.546931 0.727283
vt 0.592548 0.727283
vt 0.894968 0.149129
vt 0.571181 0.734573
vt 0.546931 0.741863
vt 0.598121 0.741863
vt 0.880389 0.149129
vt 0.573579 0.749152
vt 0.546931 0.756442
vt 0.601361 0.756442
vt 0.865809 0.149129
vt 0.574429 0.763732
vt 0.546931 0.771022
vt 0.602333 0.771022
vt 0.851229 0.149129
vt 0.574591 0.778312
vt 0.546931 0.785601
vt 0.601361 0.785601
vt 0.836650 0.149129
vt 0.573376 0.792891
vt 0.546931 0.800181
vt 0.597797 0.800181
vt 0.822070 0.149129
vt 0.571230 0.807471
vt 0.546931 0.814761
vt 0.593261 0.814761
vt 0.807490 0.149129
vt 0.568841 0.822051
vt 0.546931 0.829340
vt 0.587754 0.829340
vt 0.826492 0.575537
vt 0.565439 0.836630
vt 0.546931 0.843920
vt 0.579006 0.843920
vt 0.817744 0.575537
vt 0.559985 0.851210
vt 0.546931 0.858500
vt 0.566154 0.858500
vt 0.804892 0.575537
vt 0.553289 0.864820
vt 0.546931 0.869201
vt 0.554814 0.869201
vt 0.793552 0.575537
vt 0.548874 0.872613
vt 0.781557 0.575537
vt 0.779614 0.692175
vt 0.781147 0.639931
vt 0.782562 0.692175
vt 0.750970 0.692174
vt 0.781147 0.744418
vt 0.656550 0.883783
vt 0.005961 0.657737
vt 0.658077 0.879403
vt 0.664436 0.883783
vt 0.662491 0.887193
vt 0.781557 0.808812
vt 0.645212 0.873082
vt 0.017301 0.657737
vt 0.651381 0.865792
vt 0.664436 0.873082
vt 0.632360 0.858501
vt 0.030153 0.657737
vt 0.645927 0.851211
vt 0.664436 0.858501
vt 0.623611 0.843922
vt 0.038901 0.657737
vt 0.642525 0.836634
vt 0.664436 0.843922
vt 0.618105 0.829344
vt 0.119058 0.657736
vt 0.640137 0.822053
vt 0.664436 0.829344
vt 0.613570 0.814763
vt 0.133638 0.657736
vt 0.637990 0.807473
vt 0.664436 0.814763
vt 0.610006 0.800184
vt 0.148218 0.657736
vt 0.636776 0.792895
vt 0.664436 0.800184
vt 0.609035 0.785606
vt 0.162797 0.657736
vt 0.636938 0.778315
vt 0.664436 0.785606
vt 0.610006 0.771025
vt 0.177377 0.657736
vt 0.637788 0.763734
vt 0.664436 0.771025
vt 0.613246 0.756444
vt 0.191957 0.657736
vt 0.640186 0.749154
vt 0.664436 0.756444
vt 0.618819 0.741865
vt 0.206536 0.657736
vt 0.643304 0.734576
vt 0.664436 0.741865
vt 0.626271 0.727286
vt 0.221115 0.657736
vt 0.647758 0.719996
vt 0.664436 0.727286
vt 0.636573 0.712708
vt 0.235695 0.657736
vt 0.653380 0.705419
vt 0.664436 0.712708
vt 0.647912 0.698129
vt 0.250275 0.657736
vt 0.658684 0.690839
vt 0.664436 0.698129
vt 0.656982 0.683548
vt 0.264855 0.657736
vt 0.661927 0.676257
vt 0.664436 0.683548
vt 0.660824 0.668967
vt 0.279435 0.657736
vt 0.661546 0.661676
vt 0.608751 0.001992
vt 0.663212 0.668967
vt 0.608307 0.045060
vt 0.609194 0.062917
vt 0.608632 0.095753
vt 0.607083 0.161697
vt 0.609470 0.161697
vt 0.967867 0.075560
vt 0.902258 0.360364
vt 0.887679 0.360364
vt 0.873099 0.360364
vt 0.858519 0.360364
vt 0.843939 0.360364
vt 0.829360 0.360364
vt 0.814780 0.360364
vt 0.800200 0.360364
vt 0.851762 0.786773
vt 0.841193 0.786773
vt 0.824830 0.786773
vt 0.804743 0.786773
vt 0.791499 0.786773
vt 0.003910 0.213227
vt 0.001965 0.541100
vt 0.769673 0.692174
vt 0.005408 0.417342
vt 0.017153 0.446502
vt 0.037240 0.446502
vt 0.053602 0.446502
vt 0.064172 0.446502
vt 0.111768 0.446502
vt 0.126348 0.446502
vt 0.140928 0.446502
vt 0.155507 0.446502
vt 0.170087 0.446502
vt 0.184667 0.446502
vt 0.199247 0.446502
vt 0.213826 0.446502
vt 0.228405 0.446502
vt 0.242985 0.446502
vt 0.257565 0.446502
vt 0.272145 0.463424
vt 0.286725 0.581881
vt 0.609638 0.077847
vt 0.609638 0.155125
vt 0.975157 0.068989
vt 0.960577 0.323942
vt 0.945997 0.360364
vt 0.931417 0.360364
vt 0.916837 0.360364
vt 0.525798 0.719994
vt 0.522680 0.734573
vt 0.520282 0.749152
vt 0.519432 0.763732
vt 0.519270 0.778312
vt 0.520485 0.792891
vt 0.522631 0.807471
vt 0.525021 0.822051
vt 0.528423 0.836630
vt 0.533876 0.851210
vt 0.540572 0.864820
vt 0.544987 0.872613
vt 0.777670 0.575537
vt 0.776665 0.692175
vt 0.726213 0.692174
vt 0.778081 0.639931
vt 0.778081 0.744418
vt 0.670794 0.879403
vt 0.666381 0.887193
vt 0.777670 0.808812
vt 0.677490 0.865792
vt 0.682944 0.851211
vt 0.686346 0.836634
vt 0.688734 0.822053
vt 0.690881 0.807473
vt 0.692096 0.792895
vt 0.691934 0.778315
vt 0.691083 0.763734
vt 0.688686 0.749154
vt 0.685567 0.734576
vt 0.681113 0.719996
vt 0.675491 0.705419
vt 0.670187 0.690839
vt 0.666332 0.676257
vt 0.662431 0.661676
vt 0.607863 0.001992
vt 0.607370 0.095753
vt 0.603915 0.235265
vt 0.544987 0.661675
vt 0.541180 0.676254
vt 0.535874 0.690834
vt 0.530253 0.705414
vt 0.783032 0.603725
vt 0.760321 0.603725
vt 0.779614 0.603725
vt 0.760321 0.780623
vt 0.783032 0.780625
vt 0.779614 0.780625
vt 0.735565 0.780624
vt 0.776196 0.603725
vt 0.735565 0.603724
vt 0.776196 0.780625
vn -0.238528 0.341076 0.909270
vn -0.301957 0.501103 0.810998
vn -0.465895 0.394427 0.792066
vn -0.503408 0.179175 0.845267
vn -0.090344 0.549996 0.830267
vn -0.302464 0.472775 0.827647
vn -0.016448 0.472305 0.881281
vn -0.213726 0.367935 0.904956
vn 0.313415 0.421589 0.850902
vn 0.120190 0.550287 0.826280
vn -0.112975 0.500101 0.858566
vn 0.263662 0.532749 0.804153
vn 0.043719 0.503195 0.863066
vn 0.252333 0.492147 0.833138
vn 0.143328 0.490522 0.859561
vn 0.343200 0.514357 0.785907
vn 0.162045 0.489384 0.856881
vn 0.395683 0.497167 0.772179
vn 0.245399 0.469160 0.848332
vn 0.377648 0.474329 0.795232
vn 0.328148 0.484750 0.810763
vn 0.424490 0.486040 0.763920
vn 0.302743 0.450647 0.839800
vn 0.441211 0.479604 0.758494
vn 0.338461 0.440089 0.831725
vn 0.432435 0.460346 0.775294
vn 0.411476 0.465086 0.783826
vn 0.451440 0.476782 0.754242
vn 0.360538 0.436176 0.824477
vn 0.456717 0.477318 0.750718
vn 0.373809 0.437685 0.817740
vn 0.453629 0.460624 0.762920
vn 0.445456 0.459099 0.768634
vn 0.465733 0.477173 0.745250
vn 0.385118 0.438890 0.811825
vn 0.476553 0.473717 0.740601
vn 0.399804 0.434191 0.807239
vn 0.467519 0.459683 0.755061
vn 0.459768 0.461753 0.758550
vn 0.487356 0.467849 0.737294
vn 0.416236 0.424452 0.804107
vn 0.498069 0.460081 0.735019
vn 0.433275 0.410220 0.802491
vn 0.484957 0.447539 0.751350
vn 0.476149 0.454866 0.752581
vn 0.503995 0.450896 0.736669
vn 0.446585 0.396487 0.802097
vn 0.506167 0.444532 0.739045
vn 0.452222 0.388708 0.802746
vn 0.495326 0.437035 0.750768
vn 0.492213 0.440763 0.750636
vn 0.511043 0.441056 0.737770
vn 0.457807 0.378783 0.804323
vn 0.519098 0.432089 0.737452
vn 0.470337 0.357523 0.806821
vn 0.503641 0.419512 0.755219
vn 0.497679 0.431333 0.752508
vn 0.525757 0.414328 0.742908
vn 0.481690 0.332636 0.810758
vn 0.528446 0.398705 0.749519
vn 0.484237 0.313124 0.816987
vn 0.510146 0.396543 0.763220
vn 0.509352 0.406702 0.758389
vn 0.529486 0.388610 0.754074
vn 0.484946 0.290689 0.824820
vn 0.533497 0.370933 0.760125
vn 0.490528 0.254585 0.833408
vn 0.511529 0.362348 0.779129
vn 0.509574 0.383319 0.770325
vn 0.539814 0.340317 0.769925
vn 0.497085 0.204114 0.843353
vn 0.545639 0.298545 0.783038
vn 0.500088 0.137142 0.855046
vn 0.514143 0.293735 0.805839
vn 0.513933 0.333464 0.790364
vn 0.549398 0.235848 0.801585
vn 0.491696 0.053737 0.869107
vn 0.540744 0.156600 0.826482
vn 0.460601 -0.043852 0.886523
vn 0.484971 0.177030 0.856425
vn 0.507142 0.242738 0.826973
vn 0.508543 0.055868 0.859222
vn 0.395843 -0.154910 0.905158
vn 0.432317 -0.066250 0.899285
vn 0.283453 -0.268573 0.920610
vn 0.346249 -0.018640 0.937958
vn 0.437220 0.090734 0.894766
vn 0.284479 -0.165805 0.944236
vn 0.123548 -0.356616 0.926046
vn 0.082661 -0.208622 0.974497
vn -0.045903 -0.390209 0.919581
vn 0.014641 -0.217082 0.976044
vn 0.194024 -0.137921 0.971253
vn -0.096121 -0.209590 0.973053
vn -0.160960 -0.387294 0.907797
vn -0.192876 -0.171751 0.966075
vn -0.226387 -0.358079 0.905830
vn -0.182656 -0.239429 0.953578
vn -0.107737 -0.241720 0.964347
vn 0.394322 0.911995 -0.113026
vn 0.222518 0.974256 -0.036223
vn 0.281010 -0.844047 0.456748
vn 0.407088 -0.848533 0.338040
vn 0.332572 0.931535 0.147101
vn 0.245523 -0.842058 0.480267
vn 0.010149 -0.966490 0.256505
vn 0.108542 -0.940447 0.322146
vn 0.196856 -0.919227 0.340983
vn 0.444884 0.843210 0.301786
vn 0.214484 -0.837599 0.502418
vn 0.514477 0.759029 0.398983
vn 0.162545 -0.830974 0.532035
vn -0.221164 -0.972479 0.073285
vn -0.102226 -0.981149 0.164003
vn 0.552234 0.702934 0.448242
vn 0.090356 -0.813239 0.574872
vn 0.577966 0.661616 0.477723
vn -0.003881 -0.780765 0.624813
vn -0.443684 -0.893719 -0.066407
vn -0.339356 -0.940637 -0.006299
vn 0.592252 0.637388 0.492923
vn -0.093893 -0.737262 0.669050
vn 0.600078 0.622926 0.501866
vn -0.158198 -0.698734 0.697671
vn -0.572137 -0.807139 -0.145551
vn -0.523719 -0.844522 -0.111808
vn 0.603727 0.614168 0.508243
vn -0.195482 -0.673202 0.713152
vn 0.603826 0.610032 0.513084
vn -0.205601 -0.664341 0.718595
vn -0.606902 -0.770905 -0.193325
vn -0.597761 -0.783110 -0.171524
vn 0.604827 0.602663 0.520559
vn -0.223899 -0.654095 0.722516
vn 0.608770 0.593001 0.527020
vn -0.270821 -0.622508 0.734261
vn -0.635108 -0.739187 -0.224143
vn -0.615108 -0.759931 -0.210115
vn 0.614670 0.582707 0.531633
vn -0.340336 -0.568431 0.749038
vn 0.622045 0.571929 0.534750
vn -0.426858 -0.490449 0.759771
vn -0.698399 -0.674356 -0.239756
vn -0.663692 -0.710301 -0.234492
vn 0.630245 0.564792 0.532731
vn -0.496232 -0.411914 0.764252
vn 0.635765 0.561448 0.529697
vn -0.528955 -0.368577 0.764433
vn -0.741870 -0.625137 -0.242556
vn -0.727523 -0.641646 -0.242900
vn 0.638924 0.556425 0.531194
vn -0.566699 -0.325851 0.756752
vn 0.646763 0.547265 0.531224
vn -0.634444 -0.233538 0.736845
vn -0.794088 -0.565189 -0.223578
vn -0.759239 -0.606783 -0.235311
vn 0.661636 0.536918 0.523409
vn -0.689948 -0.130581 0.711983
vn 0.674313 0.530301 0.513890
vn -0.713290 -0.076897 0.696638
vn -0.849028 -0.492880 -0.190318
vn -0.828313 -0.519483 -0.209847
vn 0.682332 0.526500 0.507170
vn -0.730252 -0.043470 0.681794
vn 0.696158 0.517682 0.497363
vn -0.756133 0.017713 0.654178
vn -0.899976 -0.416950 -0.127261
vn -0.869511 -0.466436 -0.162443
vn 0.719263 0.502209 0.480049
vn -0.779337 0.090950 0.619969
vn 0.749072 0.482073 0.454420
vn -0.794559 0.153734 0.587403
vn -0.961928 -0.272192 -0.024615
vn -0.933119 -0.349921 -0.082724
vn 0.790253 0.453138 0.412512
vn -0.801277 0.197843 0.564636
vn 0.836020 0.422994 0.349494
vn -0.801272 0.206906 0.561385
vn -0.981089 -0.136318 0.137408
vn -0.979560 -0.195356 0.047941
vn 0.883382 0.394042 0.253709
vn -0.795849 0.182413 0.577365
vn 0.920697 0.374349 0.110366
vn -0.780817 0.118378 0.613442
vn -0.925302 -0.104869 0.364442
vn -0.964509 -0.101998 0.243554
vn 0.908829 0.410302 -0.075381
vn -0.743843 0.018647 0.668094
vn 0.806106 0.531242 -0.260720
vn -0.688410 -0.109131 0.717065
vn -0.753438 -0.274806 0.597339
vn -0.856412 -0.159647 0.490990
vn 0.645660 0.661782 -0.381010
vn -0.626626 -0.246424 0.739334
vn 0.530862 0.736639 -0.418985
vn -0.614630 -0.256755 0.745860
vn -0.599676 -0.428311 0.675972
vn -0.653044 -0.386135 0.651485
vn 0.367233 -0.099799 -0.924760
vn 0.259357 -0.382550 -0.886786
vn 0.547983 -0.393006 -0.738418
vn 0.686547 -0.247856 -0.683535
vn 0.016446 -0.472303 -0.881283
vn 0.383898 -0.456583 -0.802592
vn 0.587152 -0.445938 -0.675567
vn 0.678372 -0.426371 -0.598347
vn 0.731857 -0.436564 -0.523256
vn -0.143331 -0.490520 -0.859562
vn 0.207153 -0.486541 -0.848744
vn -0.252334 -0.492149 -0.833137
vn 0.049647 -0.492895 -0.868671
vn 0.329043 -0.476101 -0.815511
vn 0.464005 -0.470314 -0.750669
vn -0.328148 -0.484751 -0.810762
vn -0.079823 -0.479833 -0.873721
vn -0.377647 -0.474326 -0.795234
vn -0.175413 -0.457485 -0.871744
vn 0.072982 -0.427603 -0.901016
vn 0.193179 -0.460206 -0.866540
vn -0.411476 -0.465086 -0.783826
vn -0.244064 -0.435922 -0.866259
vn -0.432437 -0.460347 -0.775293
vn -0.287617 -0.423481 -0.859035
vn -0.090514 -0.372631 -0.923555
vn -0.024091 -0.393776 -0.918891
vn -0.445456 -0.459100 -0.768633
vn -0.314710 -0.418934 -0.851735
vn -0.453630 -0.460625 -0.762918
vn -0.331166 -0.420916 -0.844487
vn -0.159235 -0.367038 -0.916475
vn -0.133323 -0.364109 -0.921764
vn -0.459769 -0.461753 -0.758549
vn -0.344339 -0.422339 -0.838487
vn -0.467516 -0.459681 -0.755064
vn -0.361770 -0.416542 -0.834035
vn -0.210138 -0.355790 -0.910635
vn -0.180471 -0.367815 -0.912219
vn -0.476148 -0.454865 -0.752583
vn -0.381629 -0.404525 -0.831095
vn -0.484957 -0.447539 -0.751349
vn -0.402369 -0.386871 -0.829717
vn -0.282658 -0.299291 -0.911334
vn -0.245141 -0.332695 -0.910615
vn -0.492213 -0.440763 -0.750636
vn -0.419173 -0.370286 -0.828965
vn -0.495327 -0.437036 -0.750767
vn -0.426447 -0.361136 -0.829291
vn -0.328598 -0.252293 -0.910149
vn -0.314251 -0.268811 -0.910487
vn -0.497680 -0.431334 -0.752506
vn -0.432895 -0.348440 -0.831380
vn -0.503640 -0.419511 -0.755221
vn -0.447964 -0.321680 -0.834177
vn -0.367798 -0.180605 -0.912198
vn -0.340311 -0.228838 -0.912043
vn -0.509351 -0.406701 -0.758391
vn -0.462063 -0.291900 -0.837432
vn -0.510145 -0.396543 -0.763221
vn -0.465236 -0.269038 -0.843312
vn -0.403096 -0.090579 -0.910664
vn -0.395160 -0.128708 -0.909551
vn -0.509575 -0.383320 -0.770324
vn -0.465837 -0.241458 -0.851290
vn -0.511529 -0.362347 -0.779130
vn -0.472201 -0.197583 -0.859062
vn -0.415927 0.019742 -0.909184
vn -0.404748 -0.047142 -0.913212
vn -0.513932 -0.333463 -0.790365
vn -0.479474 -0.138023 -0.866634
vn -0.514144 -0.293737 -0.805838
vn -0.481999 -0.060796 -0.874060
vn -0.433946 0.204135 -0.877508
vn -0.428897 0.104970 -0.897234
vn -0.507142 -0.242739 -0.826973
vn -0.470848 0.030972 -0.881670
vn -0.484973 -0.177031 -0.856423
vn -0.434405 0.133319 -0.890796
vn -0.381531 0.404583 -0.831112
vn -0.421954 0.307694 -0.852806
vn -0.437224 -0.090736 -0.894764
vn -0.363337 0.242884 -0.899441
vn -0.346249 0.018641 -0.937957
vn -0.246830 0.346401 -0.905031
vn -0.197971 0.551308 -0.810473
vn -0.308919 0.489457 -0.815476
vn -0.205679 0.146756 -0.967553
vn -0.095549 0.426439 -0.899455
vn -0.055339 0.256588 -0.964935
vn 0.046923 0.465174 -0.883975
vn 0.071073 0.577821 -0.813063
vn -0.059090 0.582097 -0.810970
vn 0.042317 0.323112 -0.945414
vn 0.134739 0.473580 -0.870383
vn 0.072145 0.381760 -0.921442
vn 0.164544 0.498389 -0.851196
vn 0.192258 0.553417 -0.810411
vn 0.155466 0.555970 -0.816534
vn 0.831854 -0.347089 -0.433069
vn 0.816056 -0.479578 -0.322578
vn 0.828774 -0.315869 -0.461909
vn 0.826133 -0.285789 -0.485622
vn 0.816608 -0.240901 -0.524516
vn 0.801104 -0.172027 -0.573271
vn 0.772710 -0.080157 -0.629678
vn 0.737967 0.013212 -0.674707
vn 0.707917 0.082652 -0.701443
vn 0.688384 0.124199 -0.714634
vn 0.683207 0.137510 -0.717160
vn 0.671868 0.154032 -0.724477
vn 0.641849 0.200871 -0.740054
vn 0.592503 0.273148 -0.757846
vn 0.521139 0.364802 -0.771578
vn 0.454364 0.445682 -0.771311
vn 0.418882 0.486538 -0.766693
vn 0.375173 0.523878 -0.764721
vn 0.285863 0.596735 -0.749793
vn 0.195297 0.668053 -0.718028
vn 0.149408 0.701395 -0.696938
vn 0.115627 0.719656 -0.684636
vn 0.056317 0.750682 -0.658259
vn -0.011247 0.783890 -0.620798
vn -0.068983 0.808328 -0.584677
vn -0.107282 0.823943 -0.556424
vn -0.113350 0.827527 -0.549864
vn -0.088716 0.820359 -0.564926
vn -0.028012 0.797532 -0.602626
vn 0.058613 0.762037 -0.644876
vn 0.128798 0.721708 -0.680110
vn 0.178056 0.675454 -0.715583
vn 0.162765 0.690017 -0.705255
vn -0.147415 0.845519 -0.513193
vn -0.255067 0.837213 -0.483752
vn 0.802955 -0.338133 -0.490845
vn 0.608129 0.254745 -0.751854
vn 0.570284 0.514492 0.640370
vn 0.553547 0.532695 0.640173
vn 0.692954 0.585257 0.421057
vn 0.678636 0.543277 0.494271
vn 0.492830 0.593328 0.636459
vn 0.656155 0.685927 0.314587
vn 0.759685 0.571942 -0.309453
vn 0.862549 0.490985 -0.122246
vn 0.882370 0.465028 0.071924
vn 0.570284 0.514491 0.640370
vn 0.570285 0.514492 0.640370
vn 0.653857 0.531954 0.538049
vn 0.636245 0.526741 0.563681
vn 0.856047 0.468582 0.218207
vn 0.819002 0.478380 0.316841
vn 0.570287 0.514492 0.640368
vn 0.570286 0.514494 0.640368
vn 0.623654 0.524814 0.579332
vn 0.614318 0.524824 0.589214
vn 0.782835 0.491457 0.381626
vn 0.750432 0.506908 0.424142
vn 0.570284 0.514492 0.640371
vn 0.570285 0.514490 0.640371
vn 0.607244 0.525594 0.595824
vn 0.602155 0.526429 0.600235
vn 0.722810 0.521906 0.452947
vn 0.701504 0.533735 0.472248
vn 0.570286 0.514491 0.640370
vn 0.570284 0.514492 0.640370
vn 0.598448 0.526975 0.603455
vn 0.596022 0.526944 0.605877
vn 0.685447 0.541985 0.486224
vn 0.675177 0.545430 0.496630
vn 0.570283 0.514492 0.640371
vn 0.570284 0.514491 0.640371
vn 0.594186 0.527167 0.607486
vn 0.592056 0.528295 0.608584
vn 0.667070 0.548994 0.503610
vn 0.656402 0.557328 0.508451
vn 0.570286 0.514491 0.640369
vn 0.570284 0.514491 0.640371
vn 0.590114 0.529418 0.609493
vn 0.589149 0.529855 0.610047
vn 0.646332 0.565441 0.512378
vn 0.641446 0.568860 0.514729
vn 0.570284 0.514493 0.640370
vn 0.570287 0.514492 0.640368
vn 0.588575 0.530438 0.610094
vn 0.587593 0.531787 0.609867
vn 0.638124 0.572398 0.514935
vn 0.631904 0.580110 0.513974
vn 0.570286 0.514490 0.640369
vn 0.570284 0.514492 0.640371
vn 0.586552 0.533415 0.609447
vn 0.585959 0.535004 0.608623
vn 0.624991 0.589146 0.512145
vn 0.620110 0.597346 0.508568
vn 0.570284 0.514492 0.640371
vn 0.570286 0.514492 0.640369
vn 0.585831 0.536438 0.607483
vn 0.586240 0.537578 0.606080
vn 0.617567 0.604114 0.503644
vn 0.617856 0.608785 0.497629
vn 0.570286 0.514492 0.640369
vn 0.570284 0.514492 0.640370
vn 0.586802 0.539073 0.604205
vn 0.586983 0.541444 0.601905
vn 0.618174 0.614918 0.489630
vn 0.615397 0.625406 0.479744
vn 0.570286 0.514494 0.640367
vn 0.570286 0.514492 0.640369
vn 0.586709 0.545241 0.598736
vn 0.585819 0.551335 0.594008
vn 0.608211 0.642575 0.466023
vn 0.594241 0.669730 0.445353
vn 0.570286 0.514492 0.640369
vn 0.570286 0.514492 0.640368
vn 0.584724 0.560250 0.586701
vn 0.583952 0.574018 0.574024
vn 0.574212 0.706739 0.413279
vn 0.546001 0.757087 0.358751
vn 0.570285 0.514493 0.640368
vn 0.570286 0.514493 0.640368
vn 0.583560 0.594485 0.553214
vn 0.582739 0.627208 0.516745
vn 0.506247 0.817934 0.273310
vn 0.442008 0.885908 0.140699
vn 0.604860 0.474573 0.639472
vn 0.580220 0.503355 0.640296
vn 0.616550 0.626474 0.476860
vn 0.634403 0.486080 0.601048
vn 0.393794 0.916016 -0.076421
vn 0.621215 0.699283 0.353690
vn -0.401992 -0.670648 -0.623405
vn 0.669842 -0.742504 0.000002
vn 0.297793 -0.856023 0.422545
vn -0.511363 -0.804329 -0.302594
vn 0.708362 0.331068 0.623392
vn 0.514258 0.120956 0.849063
vn -0.091017 -0.226043 0.969856
vn -0.329244 -0.571037 0.752007
vn -0.607540 -0.692031 0.389856
vn -0.433528 -0.822226 0.368778
vn -0.349559 -0.931896 0.096843
vn -0.589172 -0.679963 -0.436493
vn -0.630296 -0.696270 -0.343417
vn -0.442008 -0.885907 -0.140702
vn -0.582739 -0.627206 -0.516747
vn -0.570286 -0.514492 -0.640369
vn -0.560225 -0.525515 -0.640299
vn -0.534130 -0.552985 -0.639463
vn -0.506248 -0.817932 -0.273313
vn -0.583561 -0.594485 -0.553213
vn -0.546001 -0.757087 -0.358751
vn -0.583953 -0.574018 -0.574023
vn -0.570285 -0.514492 -0.640369
vn -0.570287 -0.514493 -0.640367
vn -0.574213 -0.706740 -0.413277
vn -0.584724 -0.560252 -0.586699
vn -0.594240 -0.669730 -0.445354
vn -0.585819 -0.551335 -0.594009
vn -0.570285 -0.514492 -0.640369
vn -0.570284 -0.514492 -0.640370
vn -0.608211 -0.642575 -0.466022
vn -0.586710 -0.545241 -0.598736
vn -0.615397 -0.625408 -0.479741
vn -0.586984 -0.541446 -0.601902
vn -0.570285 -0.514491 -0.640370
vn -0.570285 -0.514490 -0.640370
vn -0.618172 -0.614919 -0.489630
vn -0.586802 -0.539074 -0.604204
vn -0.617856 -0.608784 -0.497631
vn -0.586239 -0.537576 -0.606082
vn -0.570284 -0.514492 -0.640370
vn -0.570285 -0.514493 -0.640369
vn -0.617567 -0.604113 -0.503645
vn -0.585830 -0.536437 -0.607485
vn -0.620108 -0.597347 -0.508569
vn -0.585958 -0.535004 -0.608625
vn -0.570286 -0.514491 -0.640369
vn -0.570285 -0.514491 -0.640370
vn -0.624990 -0.589147 -0.512146
vn -0.586552 -0.533414 -0.609448
vn -0.631906 -0.580109 -0.513973
vn -0.587593 -0.531786 -0.609866
vn -0.570284 -0.514492 -0.640371
vn -0.570284 -0.514492 -0.640370
vn -0.638125 -0.572398 -0.514934
vn -0.588576 -0.530439 -0.610093
vn -0.641445 -0.568862 -0.514728
vn -0.589148 -0.529855 -0.610047
vn -0.570285 -0.514491 -0.640370
vn -0.570286 -0.514491 -0.640369
vn -0.646332 -0.565443 -0.512376
vn -0.590113 -0.529417 -0.609495
vn -0.656402 -0.557327 -0.508451
vn -0.592055 -0.528294 -0.608585
vn -0.570283 -0.514492 -0.640371
vn -0.570283 -0.514492 -0.640371
vn -0.667070 -0.548994 -0.503611
vn -0.594186 -0.527166 -0.607486
vn -0.675178 -0.545430 -0.496630
vn -0.596022 -0.526944 -0.605878
vn -0.570284 -0.514491 -0.640371
vn -0.570284 -0.514491 -0.640371
vn -0.685447 -0.541986 -0.486224
vn -0.598447 -0.526974 -0.603456
vn -0.701503 -0.533735 -0.472251
vn -0.602154 -0.526428 -0.600236
vn -0.570286 -0.514493 -0.640368
vn -0.570285 -0.514493 -0.640369
vn -0.722809 -0.521905 -0.452948
vn -0.607245 -0.525594 -0.595823
vn -0.750431 -0.506909 -0.424142
vn -0.614318 -0.524825 -0.589213
vn -0.570285 -0.514492 -0.640369
vn -0.570286 -0.514491 -0.640370
vn -0.782835 -0.491458 -0.381627
vn -0.623653 -0.524814 -0.579333
vn -0.819001 -0.478382 -0.316841
vn -0.636245 -0.526742 -0.563680
vn -0.570286 -0.514490 -0.640370
vn -0.570285 -0.514493 -0.640369
vn -0.856045 -0.468585 -0.218210
vn -0.653858 -0.531956 -0.538045
vn -0.882370 -0.465028 -0.071922
vn -0.678640 -0.543278 -0.494264
vn -0.570284 -0.514492 -0.640370
vn -0.570284 -0.514492 -0.640370
vn -0.870297 -0.477970 0.118858
vn -0.707862 -0.566668 -0.421686
vn -0.796234 -0.522524 0.304926
vn -0.727768 -0.608038 -0.317243
vn -0.570283 -0.514491 -0.640372
vn -0.570285 -0.514492 -0.640370
vn -0.708558 -0.563318 0.424992
vn -0.738519 -0.643591 -0.200949
vn -0.677484 -0.550402 0.487928
vn -0.785531 -0.609952 -0.104401
vn -0.643685 -0.425486 -0.636106
vn -0.579879 -0.503738 -0.640303
vn 0.300138 0.741608 0.599946
vn -0.669860 0.742487 -0.000062
vn -0.911122 0.388709 0.136978
vn 0.478452 0.869432 0.123172
vn -0.828425 0.226336 0.512333
vn 0.557746 0.688041 -0.464240
vn 0.408804 0.665343 0.624659
vn 0.580165 0.788180 0.205379
vn 0.638736 0.647547 -0.415571
vn 0.749544 0.529399 0.397393
vn 0.734282 0.538706 0.413068
vn 0.773600 0.509964 0.376139
vn 0.720375 0.547975 0.425186
vn 0.701131 0.565737 0.434002
vn 0.683769 0.582637 0.439312
vn 0.675508 0.590149 0.442055
vn 0.668774 0.596937 0.443179
vn 0.656167 0.611307 0.442435
vn 0.642208 0.628316 0.439076
vn 0.631519 0.643238 0.432930
vn 0.624906 0.655221 0.424475
vn 0.623522 0.662968 0.414360
vn 0.621790 0.671868 0.402456
vn 0.613393 0.688120 0.387608
vn 0.595414 0.714686 0.367022
vn 0.562680 0.755401 0.335799
vn 0.515009 0.807815 0.286706
vn 0.449063 0.868886 0.208280
vn 0.361194 0.927881 0.092601
vn 0.245948 0.967532 -0.058243
vn 0.162385 0.961236 -0.222836
vn 0.268486 0.875556 -0.401644
vn -0.319893 -0.582483 0.747250
vn 0.219324 -0.864665 0.451941
vn -0.022016 -0.887096 0.461060
vn -0.078804 -0.958473 0.274081
vn -0.189640 -0.974007 0.123886
vn -0.307955 -0.951255 -0.016647
vn -0.406209 -0.904154 -0.132289
vn -0.486158 -0.846414 -0.217333
vn -0.546197 -0.791996 -0.272785
vn -0.588598 -0.746751 -0.309702
vn -0.612257 -0.716362 -0.334615
vn -0.623622 -0.697627 -0.352720
vn -0.626539 -0.687390 -0.367348
vn -0.628791 -0.678962 -0.378989
vn -0.637452 -0.665257 -0.388702
vn -0.651087 -0.647623 -0.395816
vn -0.668648 -0.627094 -0.399579
vn -0.684069 -0.609263 -0.401058
vn -0.692021 -0.600733 -0.400284
vn -0.702260 -0.591453 -0.396250
vn -0.723475 -0.570235 -0.389123
vn -0.745722 -0.547810 -0.379214
vn -0.761083 -0.535940 -0.365406
vn -0.778488 -0.523520 -0.346240
vn -0.805548 -0.498319 -0.320579
vn -0.839359 -0.462699 -0.285283
vn -0.877668 -0.417755 -0.234903
vn -0.914551 -0.369320 -0.164923
vn -0.942999 -0.325517 -0.069224
vn -0.955068 -0.290964 0.056433
vn -0.937551 -0.276742 0.210741
vn -0.875887 -0.302758 0.375712
vn -0.767595 -0.385035 0.512392
vn -0.664548 -0.465135 0.584829
vn -0.620752 -0.477037 0.622176
vn -0.777310 0.149176 0.611175
vn 0.549083 0.615083 -0.565845
vn 0.633036 0.549739 -0.545025
vn 0.760447 0.453190 -0.465123
vn 0.881818 0.352301 -0.313497
vn 0.937248 0.321252 -0.135514
vn 0.941170 0.337063 0.024250
vn 0.917734 0.368561 0.148077
vn 0.882243 0.406074 0.238224
vn 0.842549 0.446099 0.301841
vn 0.805044 0.481943 0.345883
vn 0.553658 0.486569 0.675806
vn 0.554113 0.489135 0.673577
vn 0.553561 0.482590 0.678732
vn 0.554191 0.491085 0.672092
vn 0.553367 0.493392 0.671081
vn 0.552510 0.495491 0.670240
vn 0.552207 0.496526 0.669724
vn 0.551687 0.497160 0.669682
vn 0.550430 0.498261 0.669897
vn 0.548892 0.499438 0.670283
vn 0.547318 0.500143 0.671043
vn 0.545831 0.500351 0.672099
vn 0.544563 0.499980 0.673403
vn 0.542890 0.499458 0.675139
vn 0.540343 0.499367 0.677246
vn 0.536331 0.499791 0.680116
vn 0.529903 0.500892 0.684332
vn 0.520330 0.502158 0.690720
vn 0.505035 0.502818 0.701508
vn 0.481271 0.502204 0.718449
vn 0.440840 0.499191 0.745968
vn 0.430528 0.458653 0.777356
vn 0.588284 0.444468 0.675552
vn 0.234191 0.067353 -0.969855
vn 0.601800 0.268925 -0.752008
vn 0.820951 -0.384037 -0.422557
vn -0.173063 -0.499112 -0.849080
vn 0.750712 0.533341 -0.389844
vn 0.852547 0.426149 0.302589
vn -0.364230 -0.477023 -0.799866
vn -0.312137 -0.409234 -0.857379
vn -0.440840 -0.499188 -0.745970
vn -0.481270 -0.502203 -0.718451
vn -0.505034 -0.502818 -0.701509
vn -0.520329 -0.502158 -0.690721
vn -0.529903 -0.500891 -0.684333
vn -0.536332 -0.499790 -0.680116
vn -0.540343 -0.499367 -0.677246
vn -0.542891 -0.499460 -0.675136
vn -0.544564 -0.499980 -0.673401
vn -0.545831 -0.500351 -0.672099
vn -0.547317 -0.500144 -0.671044
vn -0.548892 -0.499437 -0.670284
vn -0.550431 -0.498261 -0.669897
vn -0.551686 -0.497159 -0.669684
vn -0.552206 -0.496526 -0.669724
vn -0.552509 -0.495492 -0.670240
vn -0.553367 -0.493390 -0.671082
vn -0.554190 -0.491084 -0.672094
vn -0.554112 -0.489136 -0.673577
vn -0.553660 -0.486570 -0.675803
vn -0.553562 -0.482589 -0.678732
vn -0.553469 -0.477079 -0.682692
vn -0.552830 -0.469353 -0.688540
vn -0.550732 -0.459027 -0.697129
vn -0.545410 -0.444790 -0.710415
vn -0.534210 -0.424013 -0.731323
vn -0.511190 -0.392213 -0.764757
vn -0.467484 -0.339143 -0.816358
vn -0.402277 -0.262764 -0.877000
vn -0.347414 -0.181206 -0.920037
vn -0.350430 -0.069598 -0.933999
vn -0.577281 0.714370 -0.395503
vn 0.087304 0.392037 0.915798
vn 0.208464 0.346573 0.914565
vn 0.332257 0.339682 0.879898
vn 0.451475 0.356524 0.817961
vn 0.511196 0.392218 0.764751
vn 0.534212 0.424014 0.731321
vn 0.545409 0.444790 0.710416
vn 0.550731 0.459026 0.697130
vn 0.552830 0.469352 0.688540
vn 0.553469 0.477079 0.682691
vn 0.580523 0.372993 0.723788
vn 0.630815 0.442315 0.637519
vn -0.033273 -0.204399 0.978322
vn -0.417350 -0.495507 0.761769
vn -0.597417 -0.662182 0.452335
vn -0.626829 -0.695317 -0.351597
vn -0.504703 -0.582110 -0.637513
vn 0.529861 0.359040 -0.768334
vn 0.273195 0.123259 -0.954029
vn 0.779704 0.529043 -0.334927
vn 0.694542 0.475856 0.539604
vn -0.316593 -0.415431 -0.852752
s 1
g pCube2
usemtl phong2SG
f 1/660/1 351/1157/2 525/983/3
f 1/660/1 525/983/3 354/1162/4
f 351/1157/2 2/662/5 352/1159/6
f 351/1157/2 352/1159/6 525/983/3
f 525/983/3 352/1159/6 147/915/7
f 525/983/3 147/915/7 353/1160/8
f 354/1162/4 525/983/3 353/1160/8
f 354/1162/4 353/1160/8 148/917/9
f 2/662/5 355/1164/10 526/984/11
f 2/662/5 526/984/11 352/1159/6
f 355/1164/10 3/664/12 356/1166/13
f 355/1164/10 356/1166/13 526/984/11
f 526/984/11 356/1166/13 146/913/14
f 526/984/11 146/913/14 357/1167/15
f 352/1159/6 526/984/11 357/1167/15
f 352/1159/6 357/1167/15 147/915/7
f 3/664/12 358/1169/16 527/985/17
f 3/664/12 527/985/17 356/1166/13
f 358/1169/16 4/666/18 359/1171/19
f 358/1169/16 359/1171/19 527/985/17
f 527/985/17 359/1171/19 145/911/20
f 527/985/17 145/911/20 360/1172/21
f 356/1166/13 527/985/17 360/1172/21
f 356/1166/13 360/1172/21 146/913/14
f 4/666/18 361/1174/22 528/986/23
f 4/666/18 528/986/23 359/1171/19
f 361/1174/22 5/668/24 362/1176/25
f 361/1174/22 362/1176/25 528/986/23
f 528/986/23 362/1176/25 144/908/26
f 528/986/23 144/908/26 363/1178/27
f 359/1171/19 528/986/23 363/1178/27
f 359/1171/19 363/1178/27 145/911/20
f 5/670/24 364/1180/28 529/987/29
f 5/670/24 529/987/29 362/1177/25
f 364/1180/28 6/671/30 365/1182/31
f 364/1180/28 365/1182/31 529/987/29
f 529/987/29 365/1182/31 143/906/32
f 529/987/29 143/906/32 366/1183/33
f 362/1177/25 529/987/29 366/1183/33
f 362/1177/25 366/1183/33 144/909/26
f 6/671/30 367/1185/34 530/988/35
f 6/671/30 530/988/35 365/1182/31
f 367/1185/34 7/673/36 368/1187/37
f 367/1185/34 368/1187/37 530/988/35
f 530/988/35 368/1187/37 142/904/38
f 530/988/35 142/904/38 369/1188/39
f 365/1182/31 530/988/35 369/1188/39
f 365/1182/31 369/1188/39 143/906/32
f 7/673/36 370/1190/40 531/989/41
f 7/673/36 531/989/41 368/1187/37
f 370/1190/40 8/676/42 371/1192/43
f 370/1190/40 371/1192/43 531/989/41
f 531/989/41 371/1192/43 141/902/44
f 531/989/41 141/902/44 372/1193/45
f 368/1187/37 531/989/41 372/1193/45
f 368/1187/37 372/1193/45 142/904/38
f 8/676/42 373/1195/46 532/990/47
f 8/676/42 532/990/47 371/1192/43
f 373/1195/46 9/678/48 374/1197/49
f 373/1195/46 374/1197/49 532/990/47
f 532/990/47 374/1197/49 140/900/50
f 532/990/47 140/900/50 375/1198/51
f 371/1192/43 532/990/47 375/1198/51
f 371/1192/43 375/1198/51 141/902/44
f 9/678/48 376/1200/52 533/991/53
f 9/678/48 533/991/53 374/1197/49
f 376/1200/52 10/680/54 377/1202/55
f 376/1200/52 377/1202/55 533/991/53
f 533/991/53 377/1202/55 139/898/56
f 533/991/53 139/898/56 378/1203/57
f 374/1197/49 533/991/53 378/1203/57
f 374/1197/49 378/1203/57 140/900/50
f 10/680/54 379/1205/58 534/992/59
f 10/680/54 534/992/59 377/1202/55
f 379/1205/58 11/683/60 380/1207/61
f 379/1205/58 380/1207/61 534/992/59
f 534/992/59 380/1207/61 138/896/62
f 534/992/59 138/896/62 381/1208/63
f 377/1202/55 534/992/59 381/1208/63
f 377/1202/55 381/1208/63 139/898/56
f 11/683/60 382/1210/64 535/993/65
f 11/683/60 535/993/65 380/1207/61
f 382/1210/64 12/685/66 383/1212/67
f 382/1210/64 383/1212/67 535/993/65
f 535/993/65 383/1212/67 137/894/68
f 535/993/65 137/894/68 384/1213/69
f 380/1207/61 535/993/65 384/1213/69
f 380/1207/61 384/1213/69 138/896/62
f 12/685/66 385/1215/70 536/994/71
f 12/685/66 536/994/71 383/1212/67
f 385/1215/70 13/687/72 386/1217/73
f 385/1215/70 386/1217/73 536/994/71
f 536/994/71 386/1217/73 170/971/74
f 536/994/71 170/971/74 387/1218/75
f 383/1212/67 536/994/71 387/1218/75
f 383/1212/67 387/1218/75 137/894/68
f 13/687/72 388/1220/76 537/995/77
f 13/687/72 537/995/77 386/1217/73
f 388/1220/76 14/689/78 389/1222/79
f 388/1220/76 389/1222/79 537/995/77
f 537/995/77 389/1222/79 169/969/80
f 537/995/77 169/969/80 390/1223/81
f 386/1217/73 537/995/77 390/1223/81
f 386/1217/73 390/1223/81 170/971/74
f 14/689/78 391/1225/82 538/996/83
f 14/689/78 538/996/83 389/1222/79
f 391/1225/82 15/691/84 392/1227/85
f 391/1225/82 392/1227/85 538/996/83
f 538/996/83 392/1227/85 168/967/86
f 538/996/83 168/967/86 393/1228/87
f 389/1222/79 538/996/83 393/1228/87
f 389/1222/79 393/1228/87 169/969/80
f 15/691/84 394/1230/88 539/997/89
f 15/691/84 539/997/89 392/1227/85
f 394/1230/88 16/693/90 395/1232/91
f 394/1230/88 395/1232/91 539/997/89
f 539/997/89 395/1232/91 167/964/92
f 539/997/89 167/964/92 396/1233/93
f 392/1227/85 539/997/89 396/1233/93
f 392/1227/85 396/1233/93 168/967/86
f 16/693/90 397/1235/94 540/998/95
f 16/693/90 540/998/95 395/1232/91
f 397/1235/94 17/695/96 398/1237/97
f 397/1235/94 398/1237/97 540/998/95
f 540/998/95 398/1237/97 166/962/98
f 540/998/95 166/962/98 399/1239/99
f 395/1232/91 540/998/95 399/1239/99
f 395/1232/91 399/1239/99 167/964/92
f 18/697/100 400/1241/101 541/999/102
f 18/697/100 541/999/102 403/1245/103
f 400/1241/101 19/699/104 401/1243/105
f 400/1241/101 401/1243/105 541/999/102
f 541/999/102 401/1243/105 36/735/106
f 541/999/102 36/735/106 402/1244/107
f 403/1245/103 541/999/102 402/1244/107
f 403/1245/103 402/1244/107 35/734/108
f 19/699/104 404/1246/109 542/1000/110
f 19/699/104 542/1000/110 401/1243/105
f 404/1246/109 20/701/111 405/1248/112
f 404/1246/109 405/1248/112 542/1000/110
f 542/1000/110 405/1248/112 37/736/113
f 542/1000/110 37/736/113 406/1249/114
f 401/1243/105 542/1000/110 406/1249/114
f 401/1243/105 406/1249/114 36/735/106
f 20/701/111 407/1250/115 543/1001/116
f 20/701/111 543/1001/116 405/1248/112
f 407/1250/115 21/703/117 408/1252/118
f 407/1250/115 408/1252/118 543/1001/116
f 543/1001/116 408/1252/118 38/737/119
f 543/1001/116 38/737/119 409/1253/120
f 405/1248/112 543/1001/116 409/1253/120
f 405/1248/112 409/1253/120 37/736/113
f 21/703/117 410/1254/121 544/1002/122
f 21/703/117 544/1002/122 408/1252/118
f 410/1254/121 22/705/123 411/1256/124
f 410/1254/121 411/1256/124 544/1002/122
f 544/1002/122 411/1256/124 39/738/125
f 544/1002/122 39/738/125 412/1257/126
f 408/1252/118 544/1002/122 412/1257/126
f 408/1252/118 412/1257/126 38/737/119
f 22/705/123 413/1258/127 545/1003/128
f 22/705/123 545/1003/128 411/1256/124
f 413/1258/127 23/708/129 414/1260/130
f 413/1258/127 414/1260/130 545/1003/128
f 545/1003/128 414/1260/130 40/740/131
f 545/1003/128 40/740/131 415/1261/132
f 411/1256/124 545/1003/128 415/1261/132
f 411/1256/124 415/1261/132 39/738/125
f 23/708/129 416/1263/133 546/1004/134
f 23/708/129 546/1004/134 414/1260/130
f 416/1263/133 24/710/135 417/1265/136
f 416/1263/133 417/1265/136 546/1004/134
f 546/1004/134 417/1265/136 41/742/137
f 546/1004/134 41/742/137 418/1267/138
f 414/1260/130 546/1004/134 418/1267/138
f 414/1260/130 418/1267/138 40/740/131
f 24/712/135 419/1269/139 547/1005/140
f 24/712/135 547/1005/140 417/1266/136
f 419/1269/139 25/713/141 420/1271/142
f 419/1269/139 420/1271/142 547/1005/140
f 547/1005/140 420/1271/142 42/744/143
f 547/1005/140 42/744/143 421/1272/144
f 417/1266/136 547/1005/140 421/1272/144
f 417/1266/136 421/1272/144 41/743/137
f 25/713/141 422/1273/145 548/1006/146
f 25/713/141 548/1006/146 420/1271/142
f 422/1273/145 26/715/147 423/1275/148
f 422/1273/145 423/1275/148 548/1006/146
f 548/1006/146 423/1275/148 43/745/149
f 548/1006/146 43/745/149 424/1276/150
f 420/1271/142 548/1006/146 424/1276/150
f 420/1271/142 424/1276/150 42/744/143
f 26/715/147 425/1277/151 549/1007/152
f 26/715/147 549/1007/152 423/1275/148
f 425/1277/151 27/717/153 426/1279/154
f 425/1277/151 426/1279/154 549/1007/152
f 549/1007/152 426/1279/154 44/746/155
f 549/1007/152 44/746/155 427/1280/156
f 423/1275/148 549/1007/152 427/1280/156
f 423/1275/148 427/1280/156 43/745/149
f 27/717/153 428/1281/157 550/1008/158
f 27/717/153 550/1008/158 426/1279/154
f 428/1281/157 28/719/159 429/1283/160
f 428/1281/157 429/1283/160 550/1008/158
f 550/1008/158 429/1283/160 45/747/161
f 550/1008/158 45/747/161 430/1284/162
f 426/1279/154 550/1008/158 430/1284/162
f 426/1279/154 430/1284/162 44/746/155
f 28/719/159 431/1285/163 551/1009/164
f 28/719/159 551/1009/164 429/1283/160
f 431/1285/163 29/721/165 432/1287/166
f 431/1285/163 432/1287/166 551/1009/164
f 551/1009/164 432/1287/166 46/748/167
f 551/1009/164 46/748/167 433/1288/168
f 429/1283/160 551/1009/164 433/1288/168
f 429/1283/160 433/1288/168 45/747/161
f 29/721/165 434/1289/169 552/1010/170
f 29/721/165 552/1010/170 432/1287/166
f 434/1289/169 30/723/171 435/1291/172
f 434/1289/169 435/1291/172 552/1010/170
f 552/1010/170 435/1291/172 47/749/173
f 552/1010/170 47/749/173 436/1292/174
f 432/1287/166 552/1010/170 436/1292/174
f 432/1287/166 436/1292/174 46/748/167
f 30/723/171 437/1293/175 553/1011/176
f 30/723/171 553/1011/176 435/1291/172
f 437/1293/175 31/725/177 438/1295/178
f 437/1293/175 438/1295/178 553/1011/176
f 553/1011/176 438/1295/178 48/750/179
f 553/1011/176 48/750/179 439/1296/180
f 435/1291/172 553/1011/176 439/1296/180
f 435/1291/172 439/1296/180 47/749/173
f 31/725/177 440/1297/181 554/1012/182
f 31/725/177 554/1012/182 438/1295/178
f 440/1297/181 32/727/183 441/1299/184
f 440/1297/181 441/1299/184 554/1012/182
f 554/1012/182 441/1299/184 49/751/185
f 554/1012/182 49/751/185 442/1300/186
f 438/1295/178 554/1012/182 442/1300/186
f 438/1295/178 442/1300/186 48/750/179
f 32/727/183 443/1301/187 555/1013/188
f 32/727/183 555/1013/188 441/1299/184
f 443/1301/187 33/729/189 444/1303/190
f 443/1301/187 444/1303/190 555/1013/188
f 555/1013/188 444/1303/190 50/752/191
f 555/1013/188 50/752/191 445/1304/192
f 441/1299/184 555/1013/188 445/1304/192
f 441/1299/184 445/1304/192 49/751/185
f 33/729/189 446/1305/193 556/1014/194
f 33/729/189 556/1014/194 444/1303/190
f 446/1305/193 34/731/195 447/1307/196
f 446/1305/193 447/1307/196 556/1014/194
f 556/1014/194 447/1307/196 51/753/197
f 556/1014/194 51/753/197 448/1309/198
f 444/1303/190 556/1014/194 448/1309/198
f 444/1303/190 448/1309/198 50/752/191
f 149/922/199 449/1310/200 557/1015/201
f 149/922/199 557/1015/201 452/1314/202
f 449/1310/200 150/926/203 450/1312/204
f 449/1310/200 450/1312/204 557/1015/201
f 557/1015/201 450/1312/204 53/756/205
f 557/1015/201 53/756/205 451/1313/206
f 452/1314/202 557/1015/201 451/1313/206
f 452/1314/202 451/1313/206 52/755/207
f 150/926/203 453/1315/208 558/1016/209
f 150/926/203 558/1016/209 450/1312/204
f 453/1315/208 151/928/210 454/1317/211
f 453/1315/208 454/1317/211 558/1016/209
f 558/1016/209 454/1317/211 54/757/212
f 558/1016/209 54/757/212 455/1318/213
f 450/1312/204 558/1016/209 455/1318/213
f 450/1312/204 455/1318/213 53/756/205
f 151/928/210 456/1319/214 559/1017/215
f 151/928/210 559/1017/215 454/1317/211
f 456/1319/214 152/930/216 457/1321/217
f 456/1319/214 457/1321/217 559/1017/215
f 559/1017/215 457/1321/217 55/758/218
f 559/1017/215 55/758/218 458/1322/219
f 454/1317/211 559/1017/215 458/1322/219
f 454/1317/211 458/1322/219 54/757/212
f 152/930/216 459/1323/220 560/1018/221
f 152/930/216 560/1018/221 457/1321/217
f 459/1323/220 153/932/222 460/1325/223
f 459/1323/220 460/1325/223 560/1018/221
f 560/1018/221 460/1325/223 56/759/224
f 560/1018/221 56/759/224 461/1327/225
f 457/1321/217 560/1018/221 461/1327/225
f 457/1321/217 461/1327/225 55/758/218
f 153/934/222 462/1328/226 561/1019/227
f 153/934/222 561/1019/227 460/1326/223
f 462/1328/226 154/935/228 463/1330/229
f 462/1328/226 463/1330/229 561/1019/227
f 561/1019/227 463/1330/229 57/761/230
f 561/1019/227 57/761/230 464/1331/231
f 460/1326/223 561/1019/227 464/1331/231
f 460/1326/223 464/1331/231 56/760/224
f 154/935/228 465/1333/232 562/1020/233
f 154/935/228 562/1020/233 463/1330/229
f 465/1333/232 155/937/234 466/1335/235
f 465/1333/232 466/1335/235 562/1020/233
f 562/1020/233 466/1335/235 58/763/236
f 562/1020/233 58/763/236 467/1336/237
f 463/1330/229 562/1020/233 467/1336/237
f 463/1330/229 467/1336/237 57/761/230
f 155/937/234 468/1338/238 563/1021/239
f 155/937/234 563/1021/239 466/1335/235
f 468/1338/238 156/939/240 469/1340/241
f 468/1338/238 469/1340/241 563/1021/239
f 563/1021/239 469/1340/241 59/765/242
f 563/1021/239 59/765/242 470/1341/243
f 466/1335/235 563/1021/239 470/1341/243
f 466/1335/235 470/1341/243 58/763/236
f 156/939/240 471/1342/244 564/1022/245
f 156/939/240 564/1022/245 469/1340/241
f 471/1342/244 157/941/246 472/1344/247
f 471/1342/244 472/1344/247 564/1022/245
f 564/1022/245 472/1344/247 60/766/248
f 564/1022/245 60/766/248 473/1345/249
f 469/1340/241 564/1022/245 473/1345/249
f 469/1340/241 473/1345/249 59/765/242
f 157/941/246 474/1346/250 565/1023/251
f 157/941/246 565/1023/251 472/1344/247
f 474/1346/250 158/943/252 475/1348/253
f 474/1346/250 475/1348/253 565/1023/251
f 565/1023/251 475/1348/253 61/767/254
f 565/1023/251 61/767/254 476/1349/255
f 472/1344/247 565/1023/251 476/1349/255
f 472/1344/247 476/1349/255 60/766/248
f 158/943/252 477/1350/256 566/1024/257
f 158/943/252 566/1024/257 475/1348/253
f 477/1350/256 159/945/258 478/1352/259
f 477/1350/256 478/1352/259 566/1024/257
f 566/1024/257 478/1352/259 62/769/260
f 566/1024/257 62/769/260 479/1354/261
f 475/1348/253 566/1024/257 479/1354/261
f 475/1348/253 479/1354/261 61/767/254
f 159/947/258 480/1356/262 567/1025/263
f 159/947/258 567/1025/263 478/1353/259
f 480/1356/262 160/948/264 481/1358/265
f 480/1356/262 481/1358/265 567/1025/263
f 567/1025/263 481/1358/265 63/771/266
f 567/1025/263 63/771/266 482/1359/267
f 478/1353/259 567/1025/263 482/1359/267
f 478/1353/259 482/1359/267 62/770/260
f 160/948/264 483/1360/268 568/1026/269
f 160/948/264 568/1026/269 481/1358/265
f 483/1360/268 161/950/270 484/1362/271
f 483/1360/268 484/1362/271 568/1026/269
f 568/1026/269 484/1362/271 64/772/272
f 568/1026/269 64/772/272 485/1363/273
f 481/1358/265 568/1026/269 485/1363/273
f 481/1358/265 485/1363/273 63/771/266
f 161/950/270 486/1364/274 569/1027/275
f 161/950/270 569/1027/275 484/1362/271
f 486/1364/274 162/952/276 487/1366/277
f 486/1364/274 487/1366/277 569/1027/275
f 569/1027/275 487/1366/277 65/773/278
f 569/1027/275 65/773/278 488/1367/279
f 484/1362/271 569/1027/275 488/1367/279
f 484/1362/271 488/1367/279 64/772/272
f 162/952/276 489/1368/280 570/1028/281
f 162/952/276 570/1028/281 487/1366/277
f 489/1368/280 163/954/282 490/1370/283
f 489/1368/280 490/1370/283 570/1028/281
f 570/1028/281 490/1370/283 66/774/284
f 570/1028/281 66/774/284 491/1371/285
f 487/1366/277 570/1028/281 491/1371/285
f 487/1366/277 491/1371/285 65/773/278
f 163/954/282 492/1372/286 571/1029/287
f 163/954/282 571/1029/287 490/1370/283
f 492/1372/286 164/956/288 493/1374/289
f 492/1372/286 493/1374/289 571/1029/287
f 571/1029/287 493/1374/289 67/775/290
f 571/1029/287 67/775/290 494/1376/291
f 490/1370/283 571/1029/287 494/1376/291
f 490/1370/283 494/1376/291 66/774/284
f 164/958/288 495/1377/292 572/1030/293
f 164/958/288 572/1030/293 493/1375/289
f 495/1377/292 165/959/294 496/1379/295
f 495/1377/292 496/1379/295 572/1030/293
f 572/1030/293 496/1379/295 68/777/296
f 572/1030/293 68/777/296 497/1381/297
f 493/1375/289 572/1030/293 497/1381/297
f 493/1375/289 497/1381/297 67/776/290
f 52/755/207 451/1313/206 573/1031/298
f 52/755/207 573/1031/298 499/1384/299
f 451/1313/206 53/756/205 498/1383/300
f 451/1313/206 498/1383/300 573/1031/298
f 573/1031/298 498/1383/300 2/663/5
f 573/1031/298 2/663/5 351/1158/2
f 499/1384/299 573/1031/298 351/1158/2
f 499/1384/299 351/1158/2 1/661/1
f 53/756/205 455/1318/213 574/1032/301
f 53/756/205 574/1032/301 498/1383/300
f 455/1318/213 54/757/212 500/1385/302
f 455/1318/213 500/1385/302 574/1032/301
f 574/1032/301 500/1385/302 3/665/12
f 574/1032/301 3/665/12 355/1165/10
f 498/1383/300 574/1032/301 355/1165/10
f 498/1383/300 355/1165/10 2/663/5
f 54/757/212 458/1322/219 575/1033/303
f 54/757/212 575/1033/303 500/1385/302
f 458/1322/219 55/758/218 501/1386/304
f 458/1322/219 501/1386/304 575/1033/303
f 575/1033/303 501/1386/304 4/667/18
f 575/1033/303 4/667/18 358/1170/16
f 500/1385/302 575/1033/303 358/1170/16
f 500/1385/302 358/1170/16 3/665/12
f 55/758/218 461/1327/225 576/1034/305
f 55/758/218 576/1034/305 501/1386/304
f 461/1327/225 56/759/224 502/1387/306
f 461/1327/225 502/1387/306 576/1034/305
f 576/1034/305 502/1387/306 5/669/24
f 576/1034/305 5/669/24 361/1175/22
f 501/1386/304 576/1034/305 361/1175/22
f 501/1386/304 361/1175/22 4/667/18
f 56/759/224 464/1332/231 577/1035/307
f 56/759/224 577/1035/307 502/1387/306
f 464/1332/231 57/762/230 503/1388/308
f 464/1332/231 503/1388/308 577/1035/307
f 577/1035/307 503/1388/308 6/672/30
f 577/1035/307 6/672/30 364/1181/28
f 502/1387/306 577/1035/307 364/1181/28
f 502/1387/306 364/1181/28 5/669/24
f 57/762/230 467/1337/237 578/1036/309
f 57/762/230 578/1036/309 503/1388/308
f 467/1337/237 58/764/236 504/1389/310
f 467/1337/237 504/1389/310 578/1036/309
f 578/1036/309 504/1389/310 7/674/36
f 578/1036/309 7/674/36 367/1186/34
f 503/1388/308 578/1036/309 367/1186/34
f 503/1388/308 367/1186/34 6/672/30
f 58/763/236 470/1341/243 579/1037/311
f 58/763/236 579/1037/311 504/1390/310
f 470/1341/243 59/765/242 505/1391/312
f 470/1341/243 505/1391/312 579/1037/311
f 579/1037/311 505/1391/312 8/677/42
f 579/1037/311 8/677/42 370/1191/40
f 504/1390/310 579/1037/311 370/1191/40
f 504/1390/310 370/1191/40 7/675/36
f 59/765/242 473/1345/249 580/1038/313
f 59/765/242 580/1038/313 505/1391/312
f 473/1345/249 60/766/248 506/1392/314
f 473/1345/249 506/1392/314 580/1038/313
f 580/1038/313 506/1392/314 9/679/48
f 580/1038/313 9/679/48 373/1196/46
f 505/1391/312 580/1038/313 373/1196/46
f 505/1391/312 373/1196/46 8/677/42
f 60/766/248 476/1349/255 581/1039/315
f 60/766/248 581/1039/315 506/1392/314
f 476/1349/255 61/767/254 507/1393/316
f 476/1349/255 507/1393/316 581/1039/315
f 581/1039/315 507/1393/316 10/681/54
f 581/1039/315 10/681/54 376/1201/52
f 506/1392/314 581/1039/315 376/1201/52
f 506/1392/314 376/1201/52 9/679/48
f 61/768/254 479/1355/261 582/1040/317
f 61/768/254 582/1040/317 507/1394/316
f 479/1355/261 62/770/260 508/1395/318
f 479/1355/261 508/1395/318 582/1040/317
f 582/1040/317 508/1395/318 11/684/60
f 582/1040/317 11/684/60 379/1206/58
f 507/1394/316 582/1040/317 379/1206/58
f 507/1394/316 379/1206/58 10/682/54
f 62/770/260 482/1359/267 583/1041/319
f 62/770/260 583/1041/319 508/1395/318
f 482/1359/267 63/771/266 509/1396/320
f 482/1359/267 509/1396/320 583/1041/319
f 583/1041/319 509/1396/320 12/686/66
f 583/1041/319 12/686/66 382/1211/64
f 508/1395/318 583/1041/319 382/1211/64
f 508/1395/318 382/1211/64 11/684/60
f 63/771/266 485/1363/273 584/1042/321
f 63/771/266 584/1042/321 509/1396/320
f 485/1363/273 64/772/272 510/1397/322
f 485/1363/273 510/1397/322 584/1042/321
f 584/1042/321 510/1397/322 13/688/72
f 584/1042/321 13/688/72 385/1216/70
f 509/1396/320 584/1042/321 385/1216/70
f 509/1396/320 385/1216/70 12/686/66
f 64/772/272 488/1367/279 585/1043/323
f 64/772/272 585/1043/323 510/1397/322
f 488/1367/279 65/773/278 511/1398/324
f 488/1367/279 511/1398/324 585/1043/323
f 585/1043/323 511/1398/324 14/690/78
f 585/1043/323 14/690/78 388/1221/76
f 510/1397/322 585/1043/323 388/1221/76
f 510/1397/322 388/1221/76 13/688/72
f 65/773/278 491/1371/285 586/1044/325
f 65/773/278 586/1044/325 511/1398/324
f 491/1371/285 66/774/284 512/1399/326
f 491/1371/285 512/1399/326 586/1044/325
f 586/1044/325 512/1399/326 15/692/84
f 586/1044/325 15/692/84 391/1226/82
f 511/1398/324 586/1044/325 391/1226/82
f 511/1398/324 391/1226/82 14/690/78
f 66/774/284 494/1376/291 587/1045/327
f 66/774/284 587/1045/327 512/1399/326
f 494/1376/291 67/775/290 513/1400/328
f 494/1376/291 513/1400/328 587/1045/327
f 587/1045/327 513/1400/328 16/694/90
f 587/1045/327 16/694/90 394/1231/88
f 512/1399/326 587/1045/327 394/1231/88
f 512/1399/326 394/1231/88 15/692/84
f 67/775/290 497/1382/297 588/1046/329
f 67/775/290 588/1046/329 513/1400/328
f 497/1382/297 68/778/296 514/1401/330
f 497/1382/297 514/1401/330 588/1046/329
f 588/1046/329 514/1401/330 17/696/96
f 588/1046/329 17/696/96 397/1236/94
f 513/1400/328 588/1046/329 397/1236/94
f 513/1400/328 397/1236/94 16/694/90
f 17/696/96 514/1401/330 589/1047/331
f 17/696/96 589/1047/331 398/1238/97
f 514/1401/330 68/778/296 496/1380/295
f 514/1401/330 496/1380/295 589/1047/331
f 589/1047/331 496/1380/295 165/961/294
f 589/1047/331 165/961/294 515/1402/332
f 398/1238/97 589/1047/331 515/1402/332
f 398/1238/97 515/1402/332 166/963/98
f 52/755/207 499/1384/299 590/1048/333
f 52/755/207 590/1048/333 452/1314/202
f 499/1384/299 1/661/1 354/1163/4
f 499/1384/299 354/1163/4 590/1048/333
f 590/1048/333 354/1163/4 148/921/9
f 590/1048/333 148/921/9 516/1403/334
f 452/1314/202 590/1048/333 516/1403/334
f 452/1314/202 516/1403/334 149/922/199
f 70/781/335 517/1405/336 591/1049/337
f 70/781/335 591/1049/337 520/1410/338
f 517/1405/336 69/779/339 518/1406/340
f 517/1405/336 518/1406/340 591/1049/337
f 591/1049/337 518/1406/340 133/885/341
f 591/1049/337 133/885/341 519/1408/342
f 520/1410/338 591/1049/337 519/1408/342
f 520/1410/338 519/1408/342 134/888/343
f 71/782/344 521/1411/345 592/1050/346
f 71/782/344 592/1050/346 523/1414/347
f 521/1411/345 70/781/335 520/1410/338
f 521/1411/345 520/1410/338 592/1050/346
f 592/1050/346 520/1410/338 134/888/343
f 592/1050/346 134/888/343 522/1412/348
f 523/1414/347 592/1050/346 522/1412/348
f 523/1414/347 522/1412/348 135/890/349
f 72/783/350 524/1415/351 593/1051/352
f 72/783/350 593/1051/352 178/1418/353
f 524/1415/351 71/782/344 523/1414/347
f 524/1415/351 523/1414/347 593/1051/352
f 593/1051/352 523/1414/347 135/890/349
f 593/1051/352 135/890/349 177/1416/354
f 178/1418/353 593/1051/352 177/1416/354
f 178/1418/353 177/1416/354 136/892/355
f 73/784/356 179/1419/357 594/1052/358
f 73/784/356 594/1052/358 181/1422/359
f 179/1419/357 72/783/350 178/1418/353
f 179/1419/357 178/1418/353 594/1052/358
f 594/1052/358 178/1418/353 136/892/355
f 594/1052/358 136/892/355 180/1420/360
f 181/1422/359 594/1052/358 180/1420/360
f 181/1422/359 180/1420/360 103/817/361
f 74/785/362 182/1423/363 595/1053/364
f 74/785/362 595/1053/364 184/1426/365
f 182/1423/363 73/784/356 181/1422/359
f 182/1423/363 181/1422/359 595/1053/364
f 595/1053/364 181/1422/359 103/817/361
f 595/1053/364 103/817/361 183/1424/366
f 184/1426/365 595/1053/364 183/1424/366
f 184/1426/365 183/1424/366 104/819/367
f 75/786/368 185/1427/369 596/1054/370
f 75/786/368 596/1054/370 187/1430/371
f 185/1427/369 74/785/362 184/1426/365
f 185/1427/369 184/1426/365 596/1054/370
f 596/1054/370 184/1426/365 104/819/367
f 596/1054/370 104/819/367 186/1428/372
f 187/1430/371 596/1054/370 186/1428/372
f 187/1430/371 186/1428/372 105/821/373
f 76/787/374 188/1431/375 597/1055/376
f 76/787/374 597/1055/376 190/1434/377
f 188/1431/375 75/786/368 187/1430/371
f 188/1431/375 187/1430/371 597/1055/376
f 597/1055/376 187/1430/371 105/821/373
f 597/1055/376 105/821/373 189/1432/378
f 190/1434/377 597/1055/376 189/1432/378
f 190/1434/377 189/1432/378 106/823/379
f 77/788/380 191/1435/381 598/1056/382
f 77/788/380 598/1056/382 193/1438/383
f 191/1435/381 76/787/374 190/1434/377
f 191/1435/381 190/1434/377 598/1056/382
f 598/1056/382 190/1434/377 106/823/379
f 598/1056/382 106/823/379 192/1436/384
f 193/1438/383 598/1056/382 192/1436/384
f 193/1438/383 192/1436/384 107/825/385
f 78/789/386 194/1439/387 599/1057/388
f 78/789/386 599/1057/388 196/1442/389
f 194/1439/387 77/788/380 193/1438/383
f 194/1439/387 193/1438/383 599/1057/388
f 599/1057/388 193/1438/383 107/825/385
f 599/1057/388 107/825/385 195/1440/390
f 196/1442/389 599/1057/388 195/1440/390
f 196/1442/389 195/1440/390 108/827/391
f 79/790/392 197/1443/393 600/1058/394
f 79/790/392 600/1058/394 199/1446/395
f 197/1443/393 78/789/386 196/1442/389
f 197/1443/393 196/1442/389 600/1058/394
f 600/1058/394 196/1442/389 108/827/391
f 600/1058/394 108/827/391 198/1444/396
f 199/1446/395 600/1058/394 198/1444/396
f 199/1446/395 198/1444/396 109/829/397
f 80/791/398 200/1447/399 601/1059/400
f 80/791/398 601/1059/400 202/1450/401
f 200/1447/399 79/790/392 199/1446/395
f 200/1447/399 199/1446/395 601/1059/400
f 601/1059/400 199/1446/395 109/829/397
f 601/1059/400 109/829/397 201/1448/402
f 202/1450/401 601/1059/400 201/1448/402
f 202/1450/401 201/1448/402 110/831/403
f 81/792/404 203/1451/405 602/1060/406
f 81/792/404 602/1060/406 205/1454/407
f 203/1451/405 80/791/398 202/1450/401
f 203/1451/405 202/1450/401 602/1060/406
f 602/1060/406 202/1450/401 110/831/403
f 602/1060/406 110/831/403 204/1452/408
f 205/1454/407 602/1060/406 204/1452/408
f 205/1454/407 204/1452/408 111/834/409
f 82/793/410 206/1455/411 603/1061/412
f 82/793/410 603/1061/412 208/1458/413
f 206/1455/411 81/792/404 205/1454/407
f 206/1455/411 205/1454/407 603/1061/412
f 603/1061/412 205/1454/407 111/834/409
f 603/1061/412 111/834/409 207/1456/414
f 208/1458/413 603/1061/412 207/1456/414
f 208/1458/413 207/1456/414 112/836/415
f 83/794/416 209/1459/417 604/1062/418
f 83/794/416 604/1062/418 211/1462/419
f 209/1459/417 82/793/410 208/1458/413
f 209/1459/417 208/1458/413 604/1062/418
f 604/1062/418 208/1458/413 112/836/415
f 604/1062/418 112/836/415 210/1460/420
f 211/1462/419 604/1062/418 210/1460/420
f 211/1462/419 210/1460/420 113/838/421
f 84/795/422 212/1463/423 605/1063/424
f 84/795/422 605/1063/424 214/1466/425
f 212/1463/423 83/794/416 211/1462/419
f 212/1463/423 211/1462/419 605/1063/424
f 605/1063/424 211/1462/419 113/838/421
f 605/1063/424 113/838/421 213/1464/426
f 214/1466/425 605/1063/424 213/1464/426
f 214/1466/425 213/1464/426 114/840/427
f 172/974/428 215/1468/429 606/1064/430
f 172/974/428 606/1064/430 218/1472/431
f 215/1468/429 171/973/432 216/1469/433
f 215/1468/429 216/1469/433 606/1064/430
f 606/1064/430 216/1469/433 173/975/434
f 606/1064/430 173/975/434 217/1470/435
f 218/1472/431 606/1064/430 217/1470/435
f 218/1472/431 217/1470/435 174/977/436
f 115/845/437 219/1473/438 607/1065/439
f 115/845/437 607/1065/439 222/1477/440
f 219/1473/438 116/849/441 220/1475/442
f 219/1473/438 220/1475/442 607/1065/439
f 607/1065/439 220/1475/442 86/799/443
f 607/1065/439 86/799/443 221/1476/444
f 222/1477/440 607/1065/439 221/1476/444
f 222/1477/440 221/1476/444 85/797/445
f 116/849/441 223/1479/446 608/1066/447
f 116/849/441 608/1066/447 220/1475/442
f 223/1479/446 117/851/448 224/1481/449
f 223/1479/446 224/1481/449 608/1066/447
f 608/1066/447 224/1481/449 87/800/450
f 608/1066/447 87/800/450 225/1482/451
f 220/1475/442 608/1066/447 225/1482/451
f 220/1475/442 225/1482/451 86/799/443
f 117/851/448 226/1483/452 609/1067/453
f 117/851/448 609/1067/453 224/1481/449
f 226/1483/452 118/853/454 227/1485/455
f 226/1483/452 227/1485/455 609/1067/453
f 609/1067/453 227/1485/455 88/801/456
f 609/1067/453 88/801/456 228/1486/457
f 224/1481/449 609/1067/453 228/1486/457
f 224/1481/449 228/1486/457 87/800/450
f 118/853/454 229/1487/458 610/1068/459
f 118/853/454 610/1068/459 227/1485/455
f 229/1487/458 119/855/460 230/1489/461
f 229/1487/458 230/1489/461 610/1068/459
f 610/1068/459 230/1489/461 89/802/462
f 610/1068/459 89/802/462 231/1490/463
f 227/1485/455 610/1068/459 231/1490/463
f 227/1485/455 231/1490/463 88/801/456
f 119/855/460 232/1491/464 611/1069/465
f 119/855/460 611/1069/465 230/1489/461
f 232/1491/464 120/858/466 233/1493/467
f 232/1491/464 233/1493/467 611/1069/465
f 611/1069/465 233/1493/467 90/803/468
f 611/1069/465 90/803/468 234/1494/469
f 230/1489/461 611/1069/465 234/1494/469
f 230/1489/461 234/1494/469 89/802/462
f 120/858/466 235/1495/470 612/1070/471
f 120/858/466 612/1070/471 233/1493/467
f 235/1495/470 121/860/472 236/1497/473
f 235/1495/470 236/1497/473 612/1070/471
f 612/1070/471 236/1497/473 91/804/474
f 612/1070/471 91/804/474 237/1498/475
f 233/1493/467 612/1070/471 237/1498/475
f 233/1493/467 237/1498/475 90/803/468
f 121/860/472 238/1499/476 613/1071/477
f 121/860/472 613/1071/477 236/1497/473
f 238/1499/476 122/862/478 239/1501/479
f 238/1499/476 239/1501/479 613/1071/477
f 613/1071/477 239/1501/479 92/805/480
f 613/1071/477 92/805/480 240/1502/481
f 236/1497/473 613/1071/477 240/1502/481
f 236/1497/473 240/1502/481 91/804/474
f 122/862/478 241/1503/482 614/1072/483
f 122/862/478 614/1072/483 239/1501/479
f 241/1503/482 123/864/484 242/1505/485
f 241/1503/482 242/1505/485 614/1072/483
f 614/1072/483 242/1505/485 93/806/486
f 614/1072/483 93/806/486 243/1506/487
f 239/1501/479 614/1072/483 243/1506/487
f 239/1501/479 243/1506/487 92/805/480
f 123/864/484 244/1507/488 615/1073/489
f 123/864/484 615/1073/489 242/1505/485
f 244/1507/488 124/866/490 245/1509/491
f 244/1507/488 245/1509/491 615/1073/489
f 615/1073/489 245/1509/491 94/807/492
f 615/1073/489 94/807/492 246/1510/493
f 242/1505/485 615/1073/489 246/1510/493
f 242/1505/485 246/1510/493 93/806/486
f 124/866/490 247/1511/494 616/1074/495
f 124/866/490 616/1074/495 245/1509/491
f 247/1511/494 125/868/496 248/1513/497
f 247/1511/494 248/1513/497 616/1074/495
f 616/1074/495 248/1513/497 95/808/498
f 616/1074/495 95/808/498 249/1514/499
f 245/1509/491 616/1074/495 249/1514/499
f 245/1509/491 249/1514/499 94/807/492
f 125/868/496 250/1515/500 617/1075/501
f 125/868/496 617/1075/501 248/1513/497
f 250/1515/500 126/870/502 251/1517/503
f 250/1515/500 251/1517/503 617/1075/501
f 617/1075/501 251/1517/503 96/809/504
f 617/1075/501 96/809/504 252/1518/505
f 248/1513/497 617/1075/501 252/1518/505
f 248/1513/497 252/1518/505 95/808/498
f 126/870/502 253/1519/506 618/1076/507
f 126/870/502 618/1076/507 251/1517/503
f 253/1519/506 127/872/508 254/1521/509
f 253/1519/506 254/1521/509 618/1076/507
f 618/1076/507 254/1521/509 97/810/510
f 618/1076/507 97/810/510 255/1522/511
f 251/1517/503 618/1076/507 255/1522/511
f 251/1517/503 255/1522/511 96/809/504
f 127/872/508 256/1523/512 619/1077/513
f 127/872/508 619/1077/513 254/1521/509
f 256/1523/512 128/874/514 257/1525/515
f 256/1523/512 257/1525/515 619/1077/513
f 619/1077/513 257/1525/515 98/811/516
f 619/1077/513 98/811/516 258/1526/517
f 254/1521/509 619/1077/513 258/1526/517
f 254/1521/509 258/1526/517 97/810/510
f 128/874/514 259/1527/518 620/1078/519
f 128/874/514 620/1078/519 257/1525/515
f 259/1527/518 129/876/520 260/1529/521
f 259/1527/518 260/1529/521 620/1078/519
f 620/1078/519 260/1529/521 99/812/522
f 620/1078/519 99/812/522 261/1530/523
f 257/1525/515 620/1078/519 261/1530/523
f 257/1525/515 261/1530/523 98/811/516
f 129/876/520 262/1531/524 621/1079/525
f 129/876/520 621/1079/525 260/1529/521
f 262/1531/524 130/878/526 263/1533/527
f 262/1531/524 263/1533/527 621/1079/525
f 621/1079/525 263/1533/527 100/813/528
f 621/1079/525 100/813/528 264/1534/529
f 260/1529/521 621/1079/525 264/1534/529
f 260/1529/521 264/1534/529 99/812/522
f 130/878/526 265/1535/530 622/1080/531
f 130/878/526 622/1080/531 263/1533/527
f 265/1535/530 131/880/532 266/1537/533
f 265/1535/530 266/1537/533 622/1080/531
f 622/1080/531 266/1537/533 101/814/534
f 622/1080/531 101/814/534 267/1539/535
f 263/1533/527 622/1080/531 267/1539/535
f 263/1533/527 267/1539/535 100/813/528
f 102/816/536 268/1540/537 623/1081/538
f 102/816/536 623/1081/538 270/1542/539
f 268/1540/537 101/815/534 266/1538/533
f 268/1540/537 266/1538/533 623/1081/538
f 623/1081/538 266/1538/533 131/882/532
f 623/1081/538 131/882/532 269/1541/540
f 270/1542/539 623/1081/538 269/1541/540
f 270/1542/539 269/1541/540 132/883/541
f 69/780/339 271/1543/542 624/1082/543
f 69/780/339 624/1082/543 518/1407/340
f 271/1543/542 102/816/536 270/1542/539
f 271/1543/542 270/1542/539 624/1082/543
f 624/1082/543 270/1542/539 132/883/541
f 624/1082/543 132/883/541 272/1544/544
f 518/1407/340 624/1082/543 272/1544/544
f 518/1407/340 272/1544/544 133/886/341
f 104/820/367 183/1425/366 625/1083/545
f 104/820/367 625/1083/545 274/1547/546
f 183/1425/366 103/818/361 273/1546/547
f 183/1425/366 273/1546/547 625/1083/545
f 625/1083/545 273/1546/547 29/722/165
f 625/1083/545 29/722/165 431/1286/163
f 274/1547/546 625/1083/545 431/1286/163
f 274/1547/546 431/1286/163 28/720/159
f 105/822/373 186/1429/372 626/1084/548
f 105/822/373 626/1084/548 275/1548/549
f 186/1429/372 104/820/367 274/1547/546
f 186/1429/372 274/1547/546 626/1084/548
f 626/1084/548 274/1547/546 28/720/159
f 626/1084/548 28/720/159 428/1282/157
f 275/1548/549 626/1084/548 428/1282/157
f 275/1548/549 428/1282/157 27/718/153
f 106/824/379 189/1433/378 627/1085/550
f 106/824/379 627/1085/550 276/1549/551
f 189/1433/378 105/822/373 275/1548/549
f 189/1433/378 275/1548/549 627/1085/550
f 627/1085/550 275/1548/549 27/718/153
f 627/1085/550 27/718/153 425/1278/151
f 276/1549/551 627/1085/550 425/1278/151
f 276/1549/551 425/1278/151 26/716/147
f 107/826/385 192/1437/384 628/1086/552
f 107/826/385 628/1086/552 277/1550/553
f 192/1437/384 106/824/379 276/1549/551
f 192/1437/384 276/1549/551 628/1086/552
f 628/1086/552 276/1549/551 26/716/147
f 628/1086/552 26/716/147 422/1274/145
f 277/1550/553 628/1086/552 422/1274/145
f 277/1550/553 422/1274/145 25/714/141
f 108/828/391 195/1441/390 629/1087/554
f 108/828/391 629/1087/554 278/1551/555
f 195/1441/390 107/826/385 277/1550/553
f 195/1441/390 277/1550/553 629/1087/554
f 629/1087/554 277/1550/553 25/714/141
f 629/1087/554 25/714/141 419/1270/139
f 278/1551/555 629/1087/554 419/1270/139
f 278/1551/555 419/1270/139 24/711/135
f 109/830/397 198/1445/396 630/1088/556
f 109/830/397 630/1088/556 279/1552/557
f 198/1445/396 108/828/391 278/1551/555
f 198/1445/396 278/1551/555 630/1088/556
f 630/1088/556 278/1551/555 24/711/135
f 630/1088/556 24/711/135 416/1264/133
f 279/1552/557 630/1088/556 416/1264/133
f 279/1552/557 416/1264/133 23/709/129
f 110/832/403 201/1449/402 631/1089/558
f 110/832/403 631/1089/558 280/1553/559
f 201/1449/402 109/830/397 279/1552/557
f 201/1449/402 279/1552/557 631/1089/558
f 631/1089/558 279/1552/557 23/709/129
f 631/1089/558 23/709/129 413/1259/127
f 280/1553/559 631/1089/558 413/1259/127
f 280/1553/559 413/1259/127 22/707/123
f 111/835/409 204/1453/408 632/1090/560
f 111/835/409 632/1090/560 281/1555/561
f 204/1453/408 110/833/403 280/1554/559
f 204/1453/408 280/1554/559 632/1090/560
f 632/1090/560 280/1554/559 22/706/123
f 632/1090/560 22/706/123 410/1255/121
f 281/1555/561 632/1090/560 410/1255/121
f 281/1555/561 410/1255/121 21/704/117
f 112/837/415 207/1457/414 633/1091/562
f 112/837/415 633/1091/562 282/1556/563
f 207/1457/414 111/835/409 281/1555/561
f 207/1457/414 281/1555/561 633/1091/562
f 633/1091/562 281/1555/561 21/704/117
f 633/1091/562 21/704/117 407/1251/115
f 282/1556/563 633/1091/562 407/1251/115
f 282/1556/563 407/1251/115 20/702/111
f 113/839/421 210/1461/420 634/1092/564
f 113/839/421 634/1092/564 283/1557/565
f 210/1461/420 112/837/415 282/1556/563
f 210/1461/420 282/1556/563 634/1092/564
f 634/1092/564 282/1556/563 20/702/111
f 634/1092/564 20/702/111 404/1247/109
f 283/1557/565 634/1092/564 404/1247/109
f 283/1557/565 404/1247/109 19/700/104
f 114/841/427 213/1465/426 635/1093/566
f 114/841/427 635/1093/566 284/1558/567
f 213/1465/426 113/839/421 283/1557/565
f 213/1465/426 283/1557/565 635/1093/566
f 635/1093/566 283/1557/565 19/700/104
f 635/1093/566 19/700/104 400/1242/101
f 284/1558/567 635/1093/566 400/1242/101
f 284/1558/567 400/1242/101 18/698/100
f 115/848/437 285/1560/568 636/1094/569
f 115/848/437 636/1094/569 286/1562/570
f 285/1560/568 114/842/427 284/1559/567
f 285/1560/568 284/1559/567 636/1094/569
f 636/1094/569 284/1559/567 18/697/100
f 636/1094/569 18/697/100 403/1245/103
f 286/1562/570 636/1094/569 403/1245/103
f 286/1562/570 403/1245/103 35/734/108
f 35/734/108 402/1244/107 637/1095/571
f 35/734/108 637/1095/571 286/1562/570
f 402/1244/107 36/735/106 287/1563/572
f 402/1244/107 287/1563/572 637/1095/571
f 637/1095/571 287/1563/572 116/850/441
f 637/1095/571 116/850/441 219/1474/438
f 286/1562/570 637/1095/571 219/1474/438
f 286/1562/570 219/1474/438 115/848/437
f 36/735/106 406/1249/114 638/1096/573
f 36/735/106 638/1096/573 287/1563/572
f 406/1249/114 37/736/113 288/1564/574
f 406/1249/114 288/1564/574 638/1096/573
f 638/1096/573 288/1564/574 117/852/448
f 638/1096/573 117/852/448 223/1480/446
f 287/1563/572 638/1096/573 223/1480/446
f 287/1563/572 223/1480/446 116/850/441
f 37/736/113 409/1253/120 639/1097/575
f 37/736/113 639/1097/575 288/1564/574
f 409/1253/120 38/737/119 289/1565/576
f 409/1253/120 289/1565/576 639/1097/575
f 639/1097/575 289/1565/576 118/854/454
f 639/1097/575 118/854/454 226/1484/452
f 288/1564/574 639/1097/575 226/1484/452
f 288/1564/574 226/1484/452 117/852/448
f 38/737/119 412/1257/126 640/1098/577
f 38/737/119 640/1098/577 289/1565/576
f 412/1257/126 39/738/125 290/1566/578
f 412/1257/126 290/1566/578 640/1098/577
f 640/1098/577 290/1566/578 119/856/460
f 640/1098/577 119/856/460 229/1488/458
f 289/1565/576 640/1098/577 229/1488/458
f 289/1565/576 229/1488/458 118/854/454
f 39/739/125 415/1262/132 641/1099/579
f 39/739/125 641/1099/579 290/1567/578
f 415/1262/132 40/741/131 291/1568/580
f 415/1262/132 291/1568/580 641/1099/579
f 641/1099/579 291/1568/580 120/859/466
f 641/1099/579 120/859/466 232/1492/464
f 290/1567/578 641/1099/579 232/1492/464
f 290/1567/578 232/1492/464 119/857/460
f 40/741/131 418/1268/138 642/1100/581
f 40/741/131 642/1100/581 291/1568/580
f 418/1268/138 41/743/137 292/1569/582
f 418/1268/138 292/1569/582 642/1100/581
f 642/1100/581 292/1569/582 121/861/472
f 642/1100/581 121/861/472 235/1496/470
f 291/1568/580 642/1100/581 235/1496/470
f 291/1568/580 235/1496/470 120/859/466
f 41/743/137 421/1272/144 643/1101/583
f 41/743/137 643/1101/583 292/1569/582
f 421/1272/144 42/744/143 293/1570/584
f 421/1272/144 293/1570/584 643/1101/583
f 643/1101/583 293/1570/584 122/863/478
f 643/1101/583 122/863/478 238/1500/476
f 292/1569/582 643/1101/583 238/1500/476
f 292/1569/582 238/1500/476 121/861/472
f 42/744/143 424/1276/150 644/1102/585
f 42/744/143 644/1102/585 293/1570/584
f 424/1276/150 43/745/149 294/1571/586
f 424/1276/150 294/1571/586 644/1102/585
f 644/1102/585 294/1571/586 123/865/484
f 644/1102/585 123/865/484 241/1504/482
f 293/1570/584 644/1102/585 241/1504/482
f 293/1570/584 241/1504/482 122/863/478
f 43/745/149 427/1280/156 645/1103/587
f 43/745/149 645/1103/587 294/1571/586
f 427/1280/156 44/746/155 295/1572/588
f 427/1280/156 295/1572/588 645/1103/587
f 645/1103/587 295/1572/588 124/867/490
f 645/1103/587 124/867/490 244/1508/488
f 294/1571/586 645/1103/587 244/1508/488
f 294/1571/586 244/1508/488 123/865/484
f 44/746/155 430/1284/162 646/1104/589
f 44/746/155 646/1104/589 295/1572/588
f 430/1284/162 45/747/161 296/1573/590
f 430/1284/162 296/1573/590 646/1104/589
f 646/1104/589 296/1573/590 125/869/496
f 646/1104/589 125/869/496 247/1512/494
f 295/1572/588 646/1104/589 247/1512/494
f 295/1572/588 247/1512/494 124/867/490
f 45/747/161 433/1288/168 647/1105/591
f 45/747/161 647/1105/591 296/1573/590
f 433/1288/168 46/748/167 297/1574/592
f 433/1288/168 297/1574/592 647/1105/591
f 647/1105/591 297/1574/592 126/871/502
f 647/1105/591 126/871/502 250/1516/500
f 296/1573/590 647/1105/591 250/1516/500
f 296/1573/590 250/1516/500 125/869/496
f 46/748/167 436/1292/174 648/1106/593
f 46/748/167 648/1106/593 297/1574/592
f 436/1292/174 47/749/173 298/1575/594
f 436/1292/174 298/1575/594 648/1106/593
f 648/1106/593 298/1575/594 127/873/508
f 648/1106/593 127/873/508 253/1520/506
f 297/1574/592 648/1106/593 253/1520/506
f 297/1574/592 253/1520/506 126/871/502
f 47/749/173 439/1296/180 649/1107/595
f 47/749/173 649/1107/595 298/1575/594
f 439/1296/180 48/750/179 299/1576/596
f 439/1296/180 299/1576/596 649/1107/595
f 649/1107/595 299/1576/596 128/875/514
f 649/1107/595 128/875/514 256/1524/512
f 298/1575/594 649/1107/595 256/1524/512
f 298/1575/594 256/1524/512 127/873/508
f 48/750/179 442/1300/186 650/1108/597
f 48/750/179 650/1108/597 299/1576/596
f 442/1300/186 49/751/185 300/1577/598
f 442/1300/186 300/1577/598 650/1108/597
f 650/1108/597 300/1577/598 129/877/520
f 650/1108/597 129/877/520 259/1528/518
f 299/1576/596 650/1108/597 259/1528/518
f 299/1576/596 259/1528/518 128/875/514
f 49/751/185 445/1304/192 651/1109/599
f 49/751/185 651/1109/599 300/1577/598
f 445/1304/192 50/752/191 301/1578/600
f 445/1304/192 301/1578/600 651/1109/599
f 651/1109/599 301/1578/600 130/879/526
f 651/1109/599 130/879/526 262/1532/524
f 300/1577/598 651/1109/599 262/1532/524
f 300/1577/598 262/1532/524 129/877/520
f 50/752/191 448/1309/198 652/1110/601
f 50/752/191 652/1110/601 301/1578/600
f 448/1309/198 51/753/197 302/1579/602
f 448/1309/198 302/1579/602 652/1110/601
f 652/1110/601 302/1579/602 131/881/532
f 652/1110/601 131/881/532 265/1536/530
f 301/1578/600 652/1110/601 265/1536/530
f 301/1578/600 265/1536/530 130/879/526
f 132/883/541 269/1541/540 653/1111/603
f 132/883/541 653/1111/603 303/1581/604
f 269/1541/540 131/882/532 302/1580/602
f 269/1541/540 302/1580/602 653/1111/603
f 653/1111/603 302/1580/602 51/754/197
f 653/1111/603 51/754/197 447/1308/196
f 303/1581/604 653/1111/603 447/1308/196
f 303/1581/604 447/1308/196 34/733/195
f 133/887/341 272/1545/544 654/1112/605
f 133/887/341 654/1112/605 304/1583/606
f 272/1545/544 132/884/541 303/1582/604
f 272/1545/544 303/1582/604 654/1112/605
f 654/1112/605 303/1582/604 34/732/195
f 654/1112/605 34/732/195 446/1306/193
f 304/1583/606 654/1112/605 446/1306/193
f 304/1583/606 446/1306/193 33/730/189
f 134/889/343 519/1409/342 655/1113/607
f 134/889/343 655/1113/607 305/1584/608
f 519/1409/342 133/887/341 304/1583/606
f 519/1409/342 304/1583/606 655/1113/607
f 655/1113/607 304/1583/606 33/730/189
f 655/1113/607 33/730/189 443/1302/187
f 305/1584/608 655/1113/607 443/1302/187
f 305/1584/608 443/1302/187 32/728/183
f 135/891/349 522/1413/348 656/1114/609
f 135/891/349 656/1114/609 306/1585/610
f 522/1413/348 134/889/343 305/1584/608
f 522/1413/348 305/1584/608 656/1114/609
f 656/1114/609 305/1584/608 32/728/183
f 656/1114/609 32/728/183 440/1298/181
f 306/1585/610 656/1114/609 440/1298/181
f 306/1585/610 440/1298/181 31/726/177
f 136/893/355 177/1417/354 657/1115/611
f 136/893/355 657/1115/611 307/1586/612
f 177/1417/354 135/891/349 306/1585/610
f 177/1417/354 306/1585/610 657/1115/611
f 657/1115/611 306/1585/610 31/726/177
f 657/1115/611 31/726/177 437/1294/175
f 307/1586/612 657/1115/611 437/1294/175
f 307/1586/612 437/1294/175 30/724/171
f 103/818/361 180/1421/360 658/1116/613
f 103/818/361 658/1116/613 273/1546/547
f 180/1421/360 136/893/355 307/1586/612
f 180/1421/360 307/1586/612 658/1116/613
f 658/1116/613 307/1586/612 30/724/171
f 658/1116/613 30/724/171 434/1290/169
f 273/1546/547 658/1116/613 434/1290/169
f 273/1546/547 434/1290/169 29/722/165
f 138/897/62 384/1214/69 659/1117/614
f 138/897/62 659/1117/614 309/1588/615
f 384/1214/69 137/895/68 308/1587/616
f 384/1214/69 308/1587/616 659/1117/614
f 659/1117/614 308/1587/616 73/784/356
f 659/1117/614 73/784/356 182/1423/363
f 309/1588/615 659/1117/614 182/1423/363
f 309/1588/615 182/1423/363 74/785/362
f 139/899/56 381/1209/63 660/1118/617
f 139/899/56 660/1118/617 310/1589/618
f 381/1209/63 138/897/62 309/1588/615
f 381/1209/63 309/1588/615 660/1118/617
f 660/1118/617 309/1588/615 74/785/362
f 660/1118/617 74/785/362 185/1427/369
f 310/1589/618 660/1118/617 185/1427/369
f 310/1589/618 185/1427/369 75/786/368
f 140/901/50 378/1204/57 661/1119/619
f 140/901/50 661/1119/619 311/1590/620
f 378/1204/57 139/899/56 310/1589/618
f 378/1204/57 310/1589/618 661/1119/619
f 661/1119/619 310/1589/618 75/786/368
f 661/1119/619 75/786/368 188/1431/375
f 311/1590/620 661/1119/619 188/1431/375
f 311/1590/620 188/1431/375 76/787/374
f 141/903/44 375/1199/51 662/1120/621
f 141/903/44 662/1120/621 312/1591/622
f 375/1199/51 140/901/50 311/1590/620
f 375/1199/51 311/1590/620 662/1120/621
f 662/1120/621 311/1590/620 76/787/374
f 662/1120/621 76/787/374 191/1435/381
f 312/1591/622 662/1120/621 191/1435/381
f 312/1591/622 191/1435/381 77/788/380
f 142/905/38 372/1194/45 663/1121/623
f 142/905/38 663/1121/623 313/1592/624
f 372/1194/45 141/903/44 312/1591/622
f 372/1194/45 312/1591/622 663/1121/623
f 663/1121/623 312/1591/622 77/788/380
f 663/1121/623 77/788/380 194/1439/387
f 313/1592/624 663/1121/623 194/1439/387
f 313/1592/624 194/1439/387 78/789/386
f 143/907/32 369/1189/39 664/1122/625
f 143/907/32 664/1122/625 314/1593/626
f 369/1189/39 142/905/38 313/1592/624
f 369/1189/39 313/1592/624 664/1122/625
f 664/1122/625 313/1592/624 78/789/386
f 664/1122/625 78/789/386 197/1443/393
f 314/1593/626 664/1122/625 197/1443/393
f 314/1593/626 197/1443/393 79/790/392
f 144/910/26 366/1184/33 665/1123/627
f 144/910/26 665/1123/627 315/1594/628
f 366/1184/33 143/907/32 314/1593/626
f 366/1184/33 314/1593/626 665/1123/627
f 665/1123/627 314/1593/626 79/790/392
f 665/1123/627 79/790/392 200/1447/399
f 315/1594/628 665/1123/627 200/1447/399
f 315/1594/628 200/1447/399 80/791/398
f 145/912/20 363/1179/27 666/1124/629
f 145/912/20 666/1124/629 316/1595/630
f 363/1179/27 144/910/26 315/1594/628
f 363/1179/27 315/1594/628 666/1124/629
f 666/1124/629 315/1594/628 80/791/398
f 666/1124/629 80/791/398 203/1451/405
f 316/1595/630 666/1124/629 203/1451/405
f 316/1595/630 203/1451/405 81/792/404
f 146/914/14 360/1173/21 667/1125/631
f 146/914/14 667/1125/631 317/1596/632
f 360/1173/21 145/912/20 316/1595/630
f 360/1173/21 316/1595/630 667/1125/631
f 667/1125/631 316/1595/630 81/792/404
f 667/1125/631 81/792/404 206/1455/411
f 317/1596/632 667/1125/631 206/1455/411
f 317/1596/632 206/1455/411 82/793/410
f 147/916/7 357/1168/15 668/1126/633
f 147/916/7 668/1126/633 318/1597/634
f 357/1168/15 146/914/14 317/1596/632
f 357/1168/15 317/1596/632 668/1126/633
f 668/1126/633 317/1596/632 82/793/410
f 668/1126/633 82/793/410 209/1459/417
f 318/1597/634 668/1126/633 209/1459/417
f 318/1597/634 209/1459/417 83/794/416
f 148/918/9 353/1161/8 669/1127/635
f 148/918/9 669/1127/635 319/1598/636
f 353/1161/8 147/916/7 318/1597/634
f 353/1161/8 318/1597/634 669/1127/635
f 669/1127/635 318/1597/634 83/794/416
f 669/1127/635 83/794/416 212/1463/423
f 319/1598/636 669/1127/635 212/1463/423
f 319/1598/636 212/1463/423 84/795/422
f 176/981/637 320/1600/638 670/1128/639
f 176/981/637 670/1128/639 322/1603/640
f 320/1600/638 175/979/641 321/1602/642
f 320/1600/638 321/1602/642 670/1128/639
f 670/1128/639 321/1602/642 171/973/432
f 670/1128/639 171/973/432 215/1468/429
f 322/1603/640 670/1128/639 215/1468/429
f 322/1603/640 215/1468/429 172/974/428
f 85/797/445 221/1476/444 671/1129/643
f 85/797/445 671/1129/643 324/1605/644
f 221/1476/444 86/799/443 323/1604/645
f 221/1476/444 323/1604/645 671/1129/643
f 671/1129/643 323/1604/645 150/927/203
f 671/1129/643 150/927/203 449/1311/200
f 324/1605/644 671/1129/643 449/1311/200
f 324/1605/644 449/1311/200 149/925/199
f 86/799/443 225/1482/451 672/1130/646
f 86/799/443 672/1130/646 323/1604/645
f 225/1482/451 87/800/450 325/1607/647
f 225/1482/451 325/1607/647 672/1130/646
f 672/1130/646 325/1607/647 151/929/210
f 672/1130/646 151/929/210 453/1316/208
f 323/1604/645 672/1130/646 453/1316/208
f 323/1604/645 453/1316/208 150/927/203
f 87/800/450 228/1486/457 673/1131/648
f 87/800/450 673/1131/648 325/1607/647
f 228/1486/457 88/801/456 326/1608/649
f 228/1486/457 326/1608/649 673/1131/648
f 673/1131/648 326/1608/649 152/931/216
f 673/1131/648 152/931/216 456/1320/214
f 325/1607/647 673/1131/648 456/1320/214
f 325/1607/647 456/1320/214 151/929/210
f 88/801/456 231/1490/463 674/1132/650
f 88/801/456 674/1132/650 326/1608/649
f 231/1490/463 89/802/462 327/1609/651
f 231/1490/463 327/1609/651 674/1132/650
f 674/1132/650 327/1609/651 153/933/222
f 674/1132/650 153/933/222 459/1324/220
f 326/1608/649 674/1132/650 459/1324/220
f 326/1608/649 459/1324/220 152/931/216
f 89/802/462 234/1494/469 675/1133/652
f 89/802/462 675/1133/652 327/1609/651
f 234/1494/469 90/803/468 328/1610/653
f 234/1494/469 328/1610/653 675/1133/652
f 675/1133/652 328/1610/653 154/936/228
f 675/1133/652 154/936/228 462/1329/226
f 327/1609/651 675/1133/652 462/1329/226
f 327/1609/651 462/1329/226 153/933/222
f 90/803/468 237/1498/475 676/1134/654
f 90/803/468 676/1134/654 328/1610/653
f 237/1498/475 91/804/474 329/1611/655
f 237/1498/475 329/1611/655 676/1134/654
f 676/1134/654 329/1611/655 155/938/234
f 676/1134/654 155/938/234 465/1334/232
f 328/1610/653 676/1134/654 465/1334/232
f 328/1610/653 465/1334/232 154/936/228
f 91/804/474 240/1502/481 677/1135/656
f 91/804/474 677/1135/656 329/1611/655
f 240/1502/481 92/805/480 330/1612/657
f 240/1502/481 330/1612/657 677/1135/656
f 677/1135/656 330/1612/657 156/940/240
f 677/1135/656 156/940/240 468/1339/238
f 329/1611/655 677/1135/656 468/1339/238
f 329/1611/655 468/1339/238 155/938/234
f 92/805/480 243/1506/487 678/1136/658
f 92/805/480 678/1136/658 330/1612/657
f 243/1506/487 93/806/486 331/1613/659
f 243/1506/487 331/1613/659 678/1136/658
f 678/1136/658 331/1613/659 157/942/246
f 678/1136/658 157/942/246 471/1343/244
f 330/1612/657 678/1136/658 471/1343/244
f 330/1612/657 471/1343/244 156/940/240
f 93/806/486 246/1510/493 679/1137/660
f 93/806/486 679/1137/660 331/1613/659
f 246/1510/493 94/807/492 332/1614/661
f 246/1510/493 332/1614/661 679/1137/660
f 679/1137/660 332/1614/661 158/944/252
f 679/1137/660 158/944/252 474/1347/250
f 331/1613/659 679/1137/660 474/1347/250
f 331/1613/659 474/1347/250 157/942/246
f 94/807/492 249/1514/499 680/1138/662
f 94/807/492 680/1138/662 332/1614/661
f 249/1514/499 95/808/498 333/1615/663
f 249/1514/499 333/1615/663 680/1138/662
f 680/1138/662 333/1615/663 159/946/258
f 680/1138/662 159/946/258 477/1351/256
f 332/1614/661 680/1138/662 477/1351/256
f 332/1614/661 477/1351/256 158/944/252
f 95/808/498 252/1518/505 681/1139/664
f 95/808/498 681/1139/664 333/1615/663
f 252/1518/505 96/809/504 334/1616/665
f 252/1518/505 334/1616/665 681/1139/664
f 681/1139/664 334/1616/665 160/949/264
f 681/1139/664 160/949/264 480/1357/262
f 333/1615/663 681/1139/664 480/1357/262
f 333/1615/663 480/1357/262 159/946/258
f 96/809/504 255/1522/511 682/1140/666
f 96/809/504 682/1140/666 334/1616/665
f 255/1522/511 97/810/510 335/1617/667
f 255/1522/511 335/1617/667 682/1140/666
f 682/1140/666 335/1617/667 161/951/270
f 682/1140/666 161/951/270 483/1361/268
f 334/1616/665 682/1140/666 483/1361/268
f 334/1616/665 483/1361/268 160/949/264
f 97/810/510 258/1526/517 683/1141/668
f 97/810/510 683/1141/668 335/1617/667
f 258/1526/517 98/811/516 336/1618/669
f 258/1526/517 336/1618/669 683/1141/668
f 683/1141/668 336/1618/669 162/953/276
f 683/1141/668 162/953/276 486/1365/274
f 335/1617/667 683/1141/668 486/1365/274
f 335/1617/667 486/1365/274 161/951/270
f 98/811/516 261/1530/523 684/1142/670
f 98/811/516 684/1142/670 336/1618/669
f 261/1530/523 99/812/522 337/1619/671
f 261/1530/523 337/1619/671 684/1142/670
f 684/1142/670 337/1619/671 163/955/282
f 684/1142/670 163/955/282 489/1369/280
f 336/1618/669 684/1142/670 489/1369/280
f 336/1618/669 489/1369/280 162/953/276
f 99/812/522 264/1534/529 685/1143/672
f 99/812/522 685/1143/672 337/1619/671
f 264/1534/529 100/813/528 338/1620/673
f 264/1534/529 338/1620/673 685/1143/672
f 685/1143/672 338/1620/673 164/957/288
f 685/1143/672 164/957/288 492/1373/286
f 337/1619/671 685/1143/672 492/1373/286
f 337/1619/671 492/1373/286 163/955/282
f 100/813/528 267/1539/535 686/1144/674
f 100/813/528 686/1144/674 338/1620/673
f 267/1539/535 101/814/534 339/1621/675
f 267/1539/535 339/1621/675 686/1144/674
f 686/1144/674 339/1621/675 165/960/294
f 686/1144/674 165/960/294 495/1378/292
f 338/1620/673 686/1144/674 495/1378/292
f 338/1620/673 495/1378/292 164/957/288
f 166/963/98 515/1402/332 687/1145/676
f 166/963/98 687/1145/676 340/1623/677
f 515/1402/332 165/961/294 339/1622/675
f 515/1402/332 339/1622/675 687/1145/676
f 687/1145/676 339/1622/675 101/815/534
f 687/1145/676 101/815/534 268/1540/537
f 340/1623/677 687/1145/676 268/1540/537
f 340/1623/677 268/1540/537 102/816/536
f 167/965/92 399/1240/99 688/1146/678
f 167/965/92 688/1146/678 341/1624/679
f 399/1240/99 166/963/98 340/1623/677
f 399/1240/99 340/1623/677 688/1146/678
f 688/1146/678 340/1623/677 102/816/536
f 688/1146/678 102/816/536 271/1543/542
f 341/1624/679 688/1146/678 271/1543/542
f 341/1624/679 271/1543/542 69/780/339
f 168/968/86 396/1234/93 689/1147/680
f 168/968/86 689/1147/680 342/1626/681
f 396/1234/93 167/966/92 341/1625/679
f 396/1234/93 341/1625/679 689/1147/680
f 689/1147/680 341/1625/679 69/779/339
f 689/1147/680 69/779/339 517/1405/336
f 342/1626/681 689/1147/680 517/1405/336
f 342/1626/681 517/1405/336 70/781/335
f 169/970/80 393/1229/87 690/1148/682
f 169/970/80 690/1148/682 343/1627/683
f 393/1229/87 168/968/86 342/1626/681
f 393/1229/87 342/1626/681 690/1148/682
f 690/1148/682 342/1626/681 70/781/335
f 690/1148/682 70/781/335 521/1411/345
f 343/1627/683 690/1148/682 521/1411/345
f 343/1627/683 521/1411/345 71/782/344
f 170/972/74 390/1224/81 691/1149/684
f 170/972/74 691/1149/684 344/1628/685
f 390/1224/81 169/970/80 343/1627/683
f 390/1224/81 343/1627/683 691/1149/684
f 691/1149/684 343/1627/683 71/782/344
f 691/1149/684 71/782/344 524/1415/351
f 344/1628/685 691/1149/684 524/1415/351
f 344/1628/685 524/1415/351 72/783/350
f 137/895/68 387/1219/75 692/1150/686
f 137/895/68 692/1150/686 308/1587/616
f 387/1219/75 170/972/74 344/1628/685
f 387/1219/75 344/1628/685 692/1150/686
f 692/1150/686 344/1628/685 72/783/350
f 692/1150/686 72/783/350 179/1419/357
f 308/1587/616 692/1150/686 179/1419/357
f 308/1587/616 179/1419/357 73/784/356
f 84/796/422 214/1467/425 693/1151/687
f 84/796/422 693/1151/687 346/1631/688
f 214/1467/425 114/844/427 345/1629/689
f 214/1467/425 345/1629/689 693/1151/687
f 693/1151/687 345/1629/689 173/975/434
f 693/1151/687 173/975/434 216/1469/433
f 346/1631/688 693/1151/687 216/1469/433
f 346/1631/688 216/1469/433 171/973/432
f 114/843/427 285/1561/568 694/1152/690
f 114/843/427 694/1152/690 345/1630/689
f 285/1561/568 115/847/437 347/1632/691
f 285/1561/568 347/1632/691 694/1152/690
f 694/1152/690 347/1632/691 174/978/436
f 694/1152/690 174/978/436 217/1471/435
f 345/1630/689 694/1152/690 217/1471/435
f 345/1630/689 217/1471/435 173/976/434
f 115/846/437 222/1478/440 695/1153/692
f 115/846/437 695/1153/692 347/1633/691
f 222/1478/440 85/798/445 348/1634/693
f 222/1478/440 348/1634/693 695/1153/692
f 695/1153/692 348/1634/693 172/974/428
f 695/1153/692 172/974/428 218/1472/431
f 347/1633/691 695/1153/692 218/1472/431
f 347/1633/691 218/1472/431 174/977/436
f 149/923/199 516/1404/334 696/1154/694
f 149/923/199 696/1154/694 350/1637/695
f 516/1404/334 148/920/9 349/1635/696
f 516/1404/334 349/1635/696 696/1154/694
f 696/1154/694 349/1635/696 175/980/641
f 696/1154/694 175/980/641 320/1601/638
f 350/1637/695 696/1154/694 320/1601/638
f 350/1637/695 320/1601/638 176/982/637
f 148/919/9 319/1599/636 697/1155/697
f 148/919/9 697/1155/697 349/1636/696
f 319/1599/636 84/796/422 346/1631/688
f 319/1599/636 346/1631/688 697/1155/697
f 697/1155/697 346/1631/688 171/973/432
f 697/1155/697 171/973/432 321/1602/642
f 349/1636/696 697/1155/697 321/1602/642
f 349/1636/696 321/1602/642 175/979/641
f 85/798/445 324/1606/644 698/1156/698
f 85/798/445 698/1156/698 348/1634/693
f 324/1606/644 149/924/199 350/1638/695
f 324/1606/644 350/1638/695 698/1156/698
f 698/1156/698 350/1638/695 176/981/637
f 698/1156/698 176/981/637 322/1603/640
f 348/1634/693 698/1156/698 322/1603/640
f 348/1634/693 322/1603/640 172/974/428
