
g default
v -2.098573000000002 10.698498 0.15181099999999503
v -2.4589229999999986 10.888317 -0.3692190000000011
v -3.2761169999999993 11.076740000000001 -1.3417570000000012
v -4.153829999999999 11.264225000000003 -2.1339030000000037
v -5.034289999999999 11.434578000000002 -2.628015000000005
v -5.916105000000002 11.596480999999997 -2.9750719999999973
v -6.7982470000000035 11.756351000000002 -3.286833999999999
v -7.6816359999999975 11.908442999999998 -3.4633019999999988
v -8.566870000000002 12.049038000000003 -3.4397730000000024
v -9.453026000000001 12.183883999999999 -3.3162420000000026
v -10.341253000000002 12.305813 -2.968012999999999
v -11.230446 12.421719000000003 -2.5150759999999934
v -12.121428000000002 12.526470000000003 -1.868025000000003
v -13.013973 12.621479 -1.051563999999999
v -13.906095 12.719124 -0.2809859999999986
v -14.807703000000004 12.757626000000002 0.24202999999999975
v -15.564810999999999 12.439320000000002 0.4898950000000042
v -2.1058889999999977 10.652884999999998 0.9451779999999985
v -2.4759540000000015 10.782134999999997 1.4778170000000017
v -3.3110829999999964 10.858730000000001 2.450355000000002
v -4.203403999999999 10.955139000000003 3.2425010000000043
v -5.092976999999998 11.06868 3.736614000000003
v -5.9811929999999975 11.190674000000001 4.083669999999998
v -6.869084000000001 11.314697000000002 4.395432
v -7.755727 11.446499000000003 4.571900999999997
v -8.640528000000003 11.589801999999999 4.548371000000003
v -9.524405000000002 11.73885 4.424842999999996
v -10.406210000000002 11.900813999999997 4.076611999999997
v -11.28705 12.068806000000002 3.6236750000000058
v -12.1661 12.247951999999998 2.9766230000000036
v -13.043588999999997 12.436836 2.1601619999999997
v -13.921498 12.623085000000003 1.3895839999999993
v -14.813600999999998 12.720852 0.8816520000000025
v -15.566828999999998 12.426735 0.7088820000000027
v -2.1379809999999964 10.452801000000001 0.9333799999999997
v -2.519278 10.51202 1.4618889999999993
v -3.354407000000002 10.588614999999997 2.4344269999999995
v -4.246727999999997 10.685023999999999 3.226573000000002
v -5.1362999999999985 10.798565000000004 3.7206860000000006
v -6.024517000000003 10.920558999999997 4.0677419999999955
v -6.912407999999999 11.044581999999998 4.379503999999997
v -7.799050999999999 11.176383999999999 4.5559729999999945
v -8.683851000000004 11.319687000000002 4.532443000000001
v -9.567729 11.468735000000002 4.408913999999996
v -10.449533000000002 11.630702999999997 4.060683999999995
v -11.330373999999999 11.798690999999998 3.6077470000000034
v -12.209423000000001 11.977837000000001 2.960695000000001
v -13.086911999999998 12.166721000000003 2.1442339999999973
v -13.964821999999998 12.35297 1.3736559999999969
v -14.853166000000002 12.474173999999998 0.8671049999999951
v -15.583655999999998 12.321831000000003 0.7026960000000031
v -2.1306650000000005 10.498413 0.14001299999999617
v -2.502246999999997 10.618201999999997 -0.38514700000000346
v -3.31944 10.806624999999997 -1.3576850000000036
v -4.197153 10.99411 -2.1498320000000035
v -5.0776129999999995 11.164467000000002 -2.6439440000000047
v -5.959429 11.326366 -2.991000999999997
v -6.841571000000002 11.486237000000003 -3.302762999999999
v -7.724958999999998 11.638331999999998 -3.479230000000001
v -8.610193000000002 11.778922999999999 -3.455701000000005
v -9.496349000000002 11.913769000000002 -3.3321710000000024
v -10.384577 12.035697999999996 -2.983941999999999
v -11.273769000000001 12.151608000000003 -2.5310049999999933
v -12.164751000000003 12.256355 -1.8839530000000053
v -13.057296999999998 12.351363999999997 -1.0674920000000014
v -13.949418000000001 12.449008999999997 -0.296914000000001
v -14.847268 12.510944000000002 0.22748300000000654
v -15.581636000000003 12.334415 0.4837090000000046
v -14.887794 12.258274 0.5334789999999998
v -13.998114000000001 12.145401 0.5232989999999944
v -13.113098 12.003456 0.5232989999999944
v -12.228081000000003 11.861507000000003 0.5232989999999944
v -11.343064999999996 11.719558999999997 0.5232989999999944
v -10.458049000000003 11.57761 0.5232989999999944
v -9.573033000000002 11.435665 0.5232989999999944
v -8.688015999999998 11.293716000000003 0.5232989999999944
v -7.802999 11.151767999999997 0.5232989999999944
v -6.9179829999999995 11.009822999999997 0.5232989999999944
v -6.032966999999999 10.867874 0.5232989999999944
v -5.147950999999999 10.725924999999997 0.5232989999999944
v -4.262934000000001 10.583981000000001 0.5232989999999944
v -3.3779169999999965 10.442031999999998 0.5232989999999944
v -2.551755 10.309525 0.5232989999999944
v -1.9903210000000016 10.208317000000001 0.5226569999999953
v -2.044595000000001 9.869923 0.5027019999999993
v -2.609521000000001 9.949371 0.5020609999999976
v -3.435682 10.081879 0.5020609999999976
v -4.320698999999998 10.223827 0.5020609999999976
v -5.205714999999998 10.365775999999997 0.5020609999999976
v -6.090730999999998 10.507720999999997 0.5020609999999976
v -6.975748000000003 10.64967 0.5020609999999976
v -7.860764000000003 10.791618 0.5020609999999976
v -8.745781000000001 10.933563 0.5020609999999976
v -9.630797000000001 11.075512000000003 0.5020609999999976
v -10.515813999999999 11.217461 0.5020609999999976
v -11.40083 11.359406 0.5020609999999976
v -12.285846 11.501354 0.5020609999999976
v -13.170862999999997 11.643303000000003 0.5020609999999976
v -14.055878999999997 11.785248000000003 0.5020609999999976
v -14.941004 11.926516999999997 0.5139159999999947
v -15.713385000000002 12.063254999999998 0.5860210000000023
v -15.692833 12.191391000000003 0.5935779999999937
v -11.345083000000002 11.706978 2.165107000000006
v -10.462294 11.551144 2.406672999999998
v -9.578991000000002 11.398521000000002 2.5923959999999937
v -8.694581 11.252785000000003 2.6582769999999982
v -7.80968 11.110115 2.6708260000000053
v -6.923796000000003 10.973579 2.5767100000000056
v -6.037245999999996 10.841189999999997 2.410437999999999
v -5.150523999999997 10.709885 2.2253410000000002
v -4.263077000000003 10.583084 1.9618150000000014
v -3.374164999999998 10.465431000000002 1.5393360000000058
v -2.543219999999998 10.362740000000002 1.0206500000000034
v -2.0197100000000034 10.232613 0.6971709999999973
v -2.066557000000003 9.940528999999998 0.6799469999999985
v -2.600985999999999 10.002589999999998 0.9994120000000066
v -3.4319300000000013 10.105277999999998 1.5180979999999948
v -4.320841999999999 10.222935 1.9405780000000021
v -5.208287999999996 10.349730999999998 2.204104000000001
v -6.0950109999999995 10.481037 2.3892000000000024
v -6.981560999999999 10.613430000000001 2.5554719999999946
v -7.867445000000004 10.749961999999996 2.649589000000006
v -8.752346000000003 10.892631999999999 2.637039999999999
v -9.636755 11.038367999999998 2.5711589999999944
v -10.520059000000003 11.19099 2.385435000000001
v -11.402847999999999 11.346825000000003 2.143868999999995
v -12.284680999999999 11.508614000000001 1.7987760000000037
v -13.165683999999999 11.675593999999997 1.3633300000000048
v -14.046909 11.841171000000003 0.9523539999999997
v -14.930548000000002 11.991711000000002 0.6889039999999937
v -15.70816 12.095829000000002 0.6369839999999982
v -15.687951999999996 12.221828000000002 0.6444139999999976
v -14.877406 12.323039999999999 0.7084420000000051
v -13.989143999999996 12.201321 0.9735919999999965
v -13.107919000000003 12.035747999999998 1.3845680000000016
v -12.226916000000003 11.868766999999998 1.820013000000003
v -11.314895 11.895203000000002 -1.1088929999999948
v -10.42765 11.767142999999997 -1.3504590000000007
v -9.540922000000002 11.635871999999999 -1.536182999999994
v -8.655296999999997 11.497711000000002 -1.6020639999999986
v -7.770164000000001 11.356487000000001 -1.6146130000000056
v -6.886015999999998 11.209128999999997 -1.5204959999999943
v -6.002533 11.057620999999997 -1.354224000000002
v -5.119224000000003 10.905033000000003 -1.1691280000000006
v -4.236637000000002 10.747936000000003 -0.9056020000000018
v -3.3555160000000015 10.581699 -0.4831219999999945
v -2.534137000000001 10.419373 0.03556399999999371
v -2.0165229999999994 10.252479999999998 0.35156700000000285
v -2.063369999999999 9.960396000000003 0.33434300000000405
v -2.5919019999999975 10.059218999999999 0.014325999999996952
v -3.413280999999998 10.22155 -0.5043600000000055
v -4.294401999999998 10.387782999999999 -0.9268390000000011
v -5.176988999999999 10.54488 -1.1903659999999974
v -6.0602969999999985 10.697471999999998 -1.3754619999999989
v -6.943781000000001 10.848976 -1.5417340000000053
v -7.8279289999999975 10.996333999999997 -1.635850000000005
v -8.713062 11.137562000000003 -1.6233009999999979
v -9.598686 11.275719000000002 -1.5574199999999934
v -10.485415000000003 11.40699 -1.3716969999999975
v -11.372658999999999 11.535052999999998 -1.1301310000000058
v -12.260857000000001 11.657158000000003 -0.7850370000000026
v -13.149889000000002 11.774071 -0.34959200000000124
v -14.038694 11.892391000000003 0.06138400000000388
v -14.927402 12.011322 0.3477720000000062
v -15.707257999999996 12.101447999999998 0.5392310000000009
v -15.68705 12.227448000000003 0.5466610000000003
v -14.87426 12.342650999999996 0.36731000000000336
v -13.980929000000003 12.252544 0.08262200000000064
v -13.092123999999998 12.134224000000003 -0.3283540000000045
v -12.203091999999998 12.017311 -0.7638000000000034
v -1.1012290000000036 9.974899 0.5174350000000061
v -1.1271029999999982 9.813583000000001 0.5079219999999935
v -1.2148150000000015 9.972625999999998 0.6124760000000009
v -1.2360490000000013 9.840237000000002 0.6046690000000012
v -1.213047000000003 9.983654000000001 0.4206879999999984
v -1.2342810000000028 9.851264999999998 0.4128809999999987
v -12.667464000000002 11.951968999999998 1.6073099999999982
v -12.234037 11.824371 1.1692520000000002
v -11.785573 11.790534999999998 0.5232989999999944
v -11.786127 11.787083000000003 2.006364000000005
v -11.350612999999996 11.672504000000004 1.3417989999999946
v -10.900558000000004 11.648586000000002 0.5232989999999944
v -10.903772000000004 11.628540000000001 2.2949880000000036
v -10.466709999999999 11.523612999999997 1.4625819999999976
v -10.015540999999999 11.506638000000002 0.5232989999999944
v -10.020746000000003 11.474181999999999 2.510829000000001
v -9.582549999999998 11.376323999999997 1.5554439999999943
v -9.130524999999999 11.364688999999998 0.5232989999999944
v -9.136887999999999 11.325020000000002 2.6363170000000054
v -8.697837 11.232483000000002 1.588384000000005
v -8.245507000000003 11.222743999999999 0.5232989999999944
v -8.252217000000002 11.180908000000002 2.673963999999998
v -7.812877999999998 11.090176 1.5946590000000072
v -7.360490999999996 11.080795000000002 0.5232989999999944
v -7.366854000000004 11.041125999999998 2.6363170000000054
v -6.927427999999999 10.950935000000001 1.5476010000000002
v -6.475473999999998 10.938847000000003 0.5232989999999944
v -6.480564999999999 10.907116000000002 2.498279999999994
v -6.041645000000003 10.813766000000001 1.4644640000000066
v -5.590457999999998 10.796902000000003 0.5232989999999944
v -5.593927999999998 10.775269000000002 2.322595000000007
v -5.155776000000003 10.677143000000001 1.3719159999999988
v -4.705441999999998 10.654952999999999 0.5232989999999944
v -4.7069449999999975 10.645584 2.1092649999999935
v -4.269543999999996 10.542766999999998 1.2401530000000065
v -3.8204259999999977 10.513004000000002 0.5232989999999944
v -3.8188049999999976 10.523117 1.7704449999999952
v -3.3825799999999973 10.412964000000002 1.0289140000000003
v -2.935409 10.371056000000003 0.5232989999999944
v -2.9291979999999995 10.409785999999997 1.2726729999999975
v -2.554026999999998 10.295364 0.7695709999999991
v -2.285812 10.266869 0.5232989999999944
v -2.275551 10.330849 0.8334629999999947
v -1.9911719999999988 10.203007 0.6150219999999962
v -0.972247000000003 9.871479 0.512677999999994
v -1.101778000000003 9.971488999999998 0.5768060000000048
v -1.1151300000000006 9.888233 0.6171470000000028
v -1.1276510000000002 9.810169000000002 0.5672930000000065
v -2.3333159999999964 9.970695 0.812224999999998
v -2.6117909999999966 9.935211000000002 0.7483330000000024
v -2.3435769999999962 9.906714999999998 0.5020609999999976
v -2.045447000000003 9.864612999999999 0.5950670000000002
v -2.986963000000003 10.049633 1.2514350000000007
v -3.440344000000003 10.052810999999998 1.0076760000000036
v -2.9931739999999962 10.010905999999999 0.5020609999999976
v -3.8765690000000035 10.162964000000002 1.7492069999999984
v -4.327309 10.182617 1.2189149999999955
v -3.878191000000001 10.152855000000002 0.5020609999999976
v -4.764710000000001 10.285431000000003 2.0880269999999967
v -5.213540000000002 10.316989999999997 1.350678000000002
v -4.763207000000001 10.294800000000002 0.5020609999999976
v -5.651693000000002 10.415115 2.3013579999999934
v -6.099409000000001 10.453617000000001 1.4432259999999957
v -5.6482230000000015 10.436748999999999 0.5020609999999976
v -6.538328999999997 10.546962999999998 2.4770419999999973
v -6.985193000000002 10.590781999999997 1.5263630000000035
v -6.533239000000002 10.578696999999998 0.5020609999999976
v -7.424618000000002 10.680973000000002 2.6150789999999944
v -7.870643000000001 10.730021999999998 1.5734209999999962
v -7.4182559999999995 10.720641999999998 0.5020609999999976
v -8.309981 10.820754999999998 2.6527260000000012
v -8.755601999999996 10.872334000000002 1.567145999999994
v -8.303272 10.862591000000002 0.5020609999999976
v -9.194651999999998 10.964869999999998 2.6150789999999944
v -9.640315000000001 11.016174 1.5342059999999975
v -9.188290000000002 11.004539000000001 0.5020609999999976
v -10.078510999999999 11.114029000000002 2.4895910000000043
v -10.524473999999998 11.16346 1.4413440000000008
v -10.073306000000002 11.146484000000001 0.5020609999999976
v -10.961537 11.268386999999997 2.273750000000007
v -11.408377999999999 11.312351 1.3205609999999979
v -10.958322000000003 11.288432999999998 0.5020609999999976
v -11.843891999999997 11.426929000000001 1.985125999999994
v -12.291801 11.464222 1.148015000000001
v -11.843338000000003 11.430382000000002 0.5020609999999976
v -12.725228000000001 11.591819999999998 1.5860720000000015
v -13.174810999999998 11.618687000000001 0.9302919999999943
v -12.728353999999996 11.572330000000001 0.5020609999999976
v -13.606195 11.759017999999998 1.1468619999999987
v -14.057932000000001 11.772446000000002 0.724804000000006
v -13.613371 11.714275 0.5020609999999976
v -14.487970000000004 11.921162000000002 0.7954929999999933
v -14.941789999999997 11.921612000000003 0.5991980000000012
v -14.498385999999996 11.856223999999997 0.5020609999999976
v -15.375807000000002 12.045535999999998 0.6452120000000008
v -15.713610000000003 12.061852000000002 0.6104600000000033
v -15.383841000000004 11.995444999999997 0.5494779999999935
v -15.816122 12.130187999999997 0.6008170000000064
v -15.812016999999997 12.155780999999998 0.6367879999999957
v -15.693058 12.189987000000002 0.6180159999999972
v -15.344293999999998 12.242016 0.5640180000000043
v -15.336534 12.290394 0.6596509999999967
v -11.313400000000001 11.904518000000003 2.9980309999999974
v -10.431725 11.741740999999998 3.3603800000000064
v -9.549277000000004 11.583778000000002 3.638964999999999
v -8.665171999999998 11.436146 3.7377869999999973
v -7.780327999999997 11.293118 3.7566110000000066
v -6.894010999999999 11.159286000000002 3.6154360000000025
v -6.006694000000003 11.031677000000002 3.3660270000000025
v -5.119118 10.905693 3.0883819999999957
v -4.230456000000004 10.786472000000003 2.6930930000000046
v -3.3395969999999977 10.680954 2.059375000000003
v -2.506261000000002 10.593178000000002 1.2813450000000017
v -2.0880269999999967 10.506743999999998 0.8237940000000066
v -1.9541290000000018 10.102867000000003 0.6823480000000046
v -2.1313499999999976 10.236629 0.8078650000000067
v -2.5640259999999984 10.233024999999998 1.260107000000005
v -3.3973610000000036 10.320801000000003 2.038137000000006
v -4.288221 10.426319 2.6718549999999937
v -5.176883000000004 10.545540000000003 3.067143999999999
v -6.064458000000002 10.671523999999998 3.3447900000000033
v -6.951774999999998 10.799132999999998 3.5941980000000058
v -7.838093000000001 10.932963999999998 3.7353729999999956
v -8.722937000000002 11.075996000000004 3.7165490000000005
v -9.607042 11.223624999999998 3.617727000000002
v -10.489488999999999 11.381588 3.3391419999999954
v -11.371164999999998 11.544364999999999 2.9767930000000007
v -12.251407 11.716071999999997 2.459152000000003
v -13.130402000000004 11.895572999999999 1.8059829999999977
v -14.009732 12.072960000000002 1.1895200000000017
v -14.895246 12.211807 0.7874549999999942
v -15.691360000000003 12.200569000000002 0.6676819999999992
v -15.672179999999997 12.320160000000001 0.6747340000000008
v -14.842309999999998 12.541854999999998 0.8069169999999986
v -13.951966999999996 12.433112999999999 1.2107579999999984
v -13.072637 12.255726000000003 1.8272209999999944
v -12.193641999999997 12.076225 2.48039
v -11.335518999999998 11.766613 -0.2952010000000058
v -10.449387999999999 11.631611 -0.4159839999999946
v -9.563516 11.495002999999997 -0.5088460000000055
v -8.678195000000002 11.354950000000002 -0.5417860000000019
v -7.793120000000002 11.213363999999999 -0.5480600000000067
v -6.908538 11.068707000000003 -0.5010029999999972
v -6.0242879999999985 10.921982 -0.4178660000000036
v -5.140126000000002 10.774715 -0.3253179999999958
v -4.256323999999999 10.625191000000001 -0.19355500000000347
v -3.3732550000000003 10.4711 0.017684000000002698
v -2.549484999999997 10.323681 0.2770270000000039
v -1.9894689999999997 10.213627000000002 0.43029199999999435
v -1.1132040000000032 9.900246000000003 0.4082089999999994
v -1.1006830000000036 9.97831 0.45806299999999567
v -1.1265560000000008 9.816994000000001 0.44854999999999734
v -2.6072500000000005 9.963531000000003 0.25578899999999294
v -2.0437439999999967 9.875233000000001 0.4103379999999959
v -3.4310200000000037 10.110947000000003 -0.0035529999999965867
v -4.314089000000003 10.265037999999997 -0.21479300000000023
v -5.197890000000001 10.414561999999997 -0.34655600000000675
v -6.082053000000002 10.561829000000003 -0.4391040000000004
v -6.966302999999996 10.708556999999999 -0.5222399999999965
v -7.850884999999998 10.853209999999997 -0.5692980000000034
v -8.735959999999999 10.994796999999998 -0.5630239999999986
v -9.621280999999996 11.134853 -0.5300840000000022
v -10.507153000000002 11.271458000000003 -0.43722200000000555
v -11.393282999999997 11.406464 -0.3164390000000026
v -12.279888999999997 11.538494 -0.1438919999999939
v -13.166913999999998 11.667923000000002 0.07383099999999843
v -14.053823999999999 11.798054 0.279319000000001
v -14.940217000000004 11.931418999999998 0.4286330000000049
v -15.713160000000002 12.064663000000003 0.5615829999999988
v -15.692608 12.192794999999997 0.569139000000007
v -14.887006999999997 12.263176000000001 0.4481959999999958
v -13.996059000000002 12.158206999999997 0.30055699999999774
v -13.10915 12.028075999999999 0.09506799999999771
v -12.222124 11.898643 -0.12265399999999715
v -1.5245680000000021 10.058289000000002 0.6345599999999934
v -1.518023999999997 10.099086999999997 0.5207319999999953
v -1.557420999999998 9.853451 0.6224809999999934
v -1.561829000000003 9.825969999999998 0.5046260000000018
v -1.5224309999999974 10.071606000000003 0.4028770000000037
v -1.5552849999999978 9.866768 0.39079800000000375
v -2.1962159999999997 10.825488999999997 -0.018242000000000758
v -2.4926359999999974 10.678123 -0.19628400000000568
v -2.269919999999999 10.365958999999997 0.22275100000000236
v -2.0827910000000003 10.539391000000002 0.2559580000000068
v -2.8382190000000023 10.977020000000003 -0.8417620000000028
v -3.3116229999999973 10.855362 -0.9743140000000068
v -2.9154669999999996 10.495392000000002 -0.2164590000000004
v -3.7146299999999997 11.172623000000002 -1.7750850000000042
v -4.190797000000003 11.033741 -1.6080319999999944
v -3.795893999999997 10.665958000000003 -0.7142309999999981
v -4.5937880000000035 11.351092999999999 -2.410370999999998
v -5.072167999999998 11.198417999999997 -2.003321999999997
v -4.677785999999998 10.827385 -1.0530509999999964
v -5.475116 11.516036999999997 -2.8103669999999994
v -5.954624000000003 11.356323000000003 -2.2809660000000065
v -5.560834999999997 10.981594000000001 -1.266381999999993
v -6.357095000000001 11.676921999999998 -3.1397759999999977
v -6.837341000000002 11.512611 -2.530376000000004
v -6.444231000000002 11.133643999999997 -1.442065999999997
v -7.239725 11.833751999999997 -3.398596999999995
v -7.721055 11.662674000000003 -2.6715499999999963
v -7.327975000000002 11.283527 -1.5801040000000057
v -8.124090000000002 11.979754999999997 -3.469184999999996
v -8.606245999999999 11.803539 -2.6527269999999987
v -8.212643999999997 11.427639 -1.617750000000001
v -9.009757999999998 12.117645000000003 -3.3985959999999977
v -9.492173999999999 11.939804000000002 -2.5539030000000054
v -9.098008 11.567425 -1.580102999999994
v -9.896943999999998 12.246066999999996 -3.1633039999999966
v -10.379759 12.065739 -2.275318999999996
v -9.984181 11.702156000000002 -1.454615000000004
v -10.785691999999997 12.36475 -2.7586040000000054
v -11.268117000000004 12.186852000000002 -1.9129700000000014
v -10.871188000000004 11.831696 -1.2387740000000065
v -11.675697999999997 12.475582000000003 -2.2174329999999998
v -12.157905 12.299042 -1.3953290000000038
v -11.758865 11.957050000000002 -0.9501499999999936
v -12.567613999999999 12.574516000000003 -1.4692059999999998
v -13.048945000000003 12.403435000000002 -0.7421609999999959
v -12.647562 12.076054 -0.5510969999999986
v -13.460223999999997 12.669117 -0.6456869999999952
v -13.939644000000001 12.509945000000002 -0.1256970000000024
v -13.536628 12.192757 -0.11188599999999838
v -14.351315 12.77319 0.013129000000006386
v -14.837591000000003 12.571274000000003 0.2952200000000005
v -14.424883000000001 12.314498999999998 0.239483000000007
v -15.287078999999999 12.59874 0.411090999999999
v -15.670828 12.328586999999999 0.528103999999999
v -15.334828000000002 12.301025000000003 0.47471799999999575
v -2.206774000000003 10.759659 1.1268409999999989
v -2.4851069999999993 10.725067000000003 1.5362279999999942
v -2.2500980000000013 10.489544000000002 1.1109129999999965
v -2.0711569999999995 10.611919 0.9060690000000022
v -2.8639650000000003 10.816502 1.950361000000001
v -3.320833999999998 10.797935000000003 2.573601999999994
v -2.907288000000001 10.546387000000003 1.934432000000001
v -3.757587000000001 10.904792999999998 2.883683000000005
v -4.213642 10.891308000000002 3.418559000000002
v -3.8009109999999993 10.634678000000001 2.867754000000005
v -4.648462000000002 11.010216 3.5189689999999985
v -5.103518000000001 11.002955999999998 3.945611999999997
v -4.691785000000003 10.740101000000003 3.503040999999996
v -5.537165999999999 11.129165999999998 3.918965
v -5.991946999999996 11.123623000000002 4.315805999999995
v -5.5804899999999975 10.859051000000001 3.9030369999999976
v -6.425220000000003 11.252178 4.248374999999996
v -6.8800310000000025 11.246448999999998 4.648352000000003
v -6.468542999999997 10.982062999999997 4.232446999999993
v -7.312623000000002 11.379246000000002 4.507194999999996
v -7.766781999999999 11.377575 4.8365849999999995
v -7.355946000000003 11.109130999999998 4.4912669999999935
v -8.19829 11.517136 4.577782999999997
v -8.651567 11.520966000000001 4.811487
v -8.241613000000001 11.247020999999997 4.561854999999994
v -9.082656 11.663139000000001 4.507194999999996
v -9.53537 11.670485999999997 4.679721999999998
v -9.125979000000001 11.393028000000001 4.491265999999996
v -9.965502999999998 11.818615000000001 4.271904000000006
v -10.416960000000003 11.83379 4.308276000000006
v -10.008826 11.548499999999997 4.2559750000000065
v -10.846786999999999 11.983829 3.867202000000006
v -11.297522999999998 12.003512999999998 3.8251439999999945
v -10.890110999999997 11.713718 3.8512740000000036
v -11.726813 12.156886999999998 3.3260310000000004
v -12.176172999999999 12.185142999999997 3.134955000000005
v -11.770136999999998 11.886772 3.3101020000000005
v -12.604931 12.34185 2.5778040000000004
v -13.053161000000003 12.377155000000002 2.264062999999993
v -12.648254000000001 12.071734999999997 2.561875999999998
v -13.482353000000003 12.531143 1.7542849999999959
v -13.930596000000001 12.566357000000004 1.4421130000000062
v -13.525677000000002 12.261028000000003 1.7383569999999935
v -14.361294000000001 12.710963999999997 1.0954689999999943
v -14.821584999999999 12.67107 0.9001090000000005
v -14.404617000000002 12.440849 1.079541000000006
v -15.290275999999999 12.578803999999998 0.7578400000000016
v -15.664363999999999 12.368893 0.697819999999993
v -15.318565 12.402424000000003 0.747439
v -2.3276850000000024 10.005806 0.2015130000000056
v -2.550401000000001 10.317970000000003 -0.21752200000000244
v -2.2395390000000006 10.555374 -0.03417100000000062
v -2.126114000000001 10.269275999999998 0.24002900000000693
v -2.973232000000003 10.135241999999998 -0.23769699999999716
v -3.3693880000000007 10.495209000000003 -0.9955520000000035
v -2.881542000000003 10.706904999999999 -0.8576910000000026
v -3.853658000000003 10.305805 -0.7354689999999948
v -4.248562 10.673588000000002 -1.6292700000000053
v -3.7579530000000005 10.902512000000002 -1.7910130000000066
v -4.7355500000000035 10.467236 -1.0742889999999932
v -5.129933000000001 10.838264000000002 -2.0245589999999964
v -4.637112000000002 11.080978000000002 -2.426299
v -5.618599000000003 10.621445000000001 -1.2876190000000065
v -6.012388999999999 10.99617 -2.3022040000000032
v -5.518439000000001 11.245925999999997 -2.8262959999999993
v -6.501995999999998 10.773491 -1.4633039999999937
v -6.895105999999998 11.152458000000003 -2.5516130000000032
v -6.400418000000002 11.406807 -3.1557049999999975
v -7.385739000000001 10.923374000000003 -1.601341000000005
v -7.778819999999996 11.302520999999999 -2.6927880000000073
v -7.283048000000001 11.563637 -3.414525999999995
v -8.270409 11.06749 -1.6389879999999977
v -8.664009999999998 11.443385999999997 -2.673963999999998
v -8.167414 11.709640999999998 -3.4851129999999984
v -9.155772999999996 11.207272000000003 -1.601341000000005
v -9.549939000000002 11.579650999999998 -2.575141000000002
v -9.053082000000003 11.847529999999999 -3.414524
v -10.041945999999996 11.342002999999998 -1.4758530000000007
v -10.437522999999999 11.705585 -2.296557000000007
v -9.940268000000003 11.975952 -3.1792329999999964
v -10.928953 11.471542 -1.2600120000000032
v -11.325881000000003 11.826701999999997 -1.9342079999999982
v -10.829015999999996 12.094634999999997 -2.7745319999999936
v -11.816630000000004 11.596896999999998 -0.9713880000000046
v -12.215670000000003 11.938889000000003 -1.4165670000000006
v -11.719022000000002 12.205466999999999 -2.233361000000002
v -12.705326 11.715904000000002 -0.5723339999999979
v -13.106709000000002 12.043284999999997 -0.7633979999999951
v -12.610937 12.304400999999999 -1.4851340000000022
v -13.594392999999997 11.832602999999999 -0.13312399999999514
v -13.997408999999998 12.149791999999998 -0.14693499999999915
v -13.503548000000002 12.399006 -0.6616149999999976
v -14.482647999999998 11.954349999999998 0.21824499999999603
v -14.890528000000003 12.241225999999997 0.2757569999999987
v -14.394638 12.503078000000002 -0.0027999999999934744
v -15.374102 12.056168 0.4602789999999999
v -15.690007999999999 12.208995999999999 0.5210519999999974
v -15.315369000000004 12.422359 0.4006899999999973
v -2.466940000000001 10.838332999999999 -0.4339429999999993
v -2.064523000000001 10.653286000000001 0.18660099999999602
v -3.283535999999998 11.030479 -1.471316999999999
v -4.160761999999998 11.221004 -2.3162729999999954
v -5.040917999999998 11.393253000000001 -2.8433260000000047
v -5.922521000000003 11.55648 -3.2135200000000026
v -6.8044709999999995 11.717548 -3.546065999999996
v -7.687750999999999 11.870319000000002 -3.7343000000000046
v -8.573 12.010821999999997 -3.7092010000000073
v -9.459231000000003 12.145195000000001 -3.577436000000006
v -10.347672000000003 12.265788999999998 -3.20599
v -11.237144 12.379959 -2.722858000000002
v -12.128523999999999 12.482227000000002 -2.0326689999999985
v -13.021571000000002 12.574108000000003 -1.1617779999999982
v -13.914164999999997 12.668804000000002 -0.33982799999999713
v -14.815292999999997 12.710296999999997 0.21784599999999443
v -15.662639999999996 12.379638999999997 0.510901000000004
v -15.811384000000004 12.159728999999999 0.5680949999999996
v -1.9510890000000032 10.121825999999999 0.35262699999999825
v -14.440621 12.216377000000001 0.5232989999999944
v -14.888579 12.253368000000002 0.6187620000000038
v -14.430205999999998 12.281315 0.8167310000000043
v -14.000166999999998 12.132598999999999 0.7460410000000053
v -13.555605999999997 12.074429000000002 0.5232989999999944
v -13.548429999999996 12.119166999999997 1.168098999999998
v -13.117047 11.978836000000001 0.9515300000000053
v -12.670589 11.932479999999998 0.5232989999999944
v -2.2292810000000003 10.619328000000003 0.08449699999999893
v -2.8728029999999976 10.761391000000003 -0.5743190000000027
v -3.750936000000003 10.946266000000001 -1.3209760000000017
v -4.6312659999999966 11.117427999999997 -1.8292059999999992
v -5.513331000000001 11.277774999999998 -2.149203
v -6.395916999999997 11.434871999999999 -2.4127299999999963
v -7.279024999999997 11.588726000000001 -2.6197870000000023
v -8.163519999999998 11.733916999999998 -2.676255999999995
v -9.049058000000002 11.872619999999998 -2.619784999999993
v -9.935810000000004 12.003746 -2.4315519999999964
v -10.823812000000004 12.127082999999999 -2.107791000000006
v -11.71282 12.244140999999999 -1.6748549999999938
v -12.603355 12.351672999999998 -1.076273999999998
v -13.494447000000001 12.455745999999998 -0.41745799999999633
v -14.384321999999997 12.567390000000003 0.1095940000000013
v -15.308565999999999 12.464770999999999 0.43798400000000015
v -2.215710999999999 10.703938 1.1618540000000053
v -2.8734079999999977 10.757621999999998 2.040274999999994
v -3.7676039999999986 10.842339000000003 3.0358190000000036
v -4.658869000000003 10.945328000000003 3.7134570000000053
v -5.547818999999997 11.062744000000002 4.1401209999999935
v -6.436076 11.184494 4.491489999999999
v -7.323636999999998 11.310569999999998 4.767566000000002
v -8.209347999999999 11.448189 4.842859000000004
v -9.093671 11.594467000000002 4.767565000000005
v -9.976374 11.750839 4.516587000000001
v -10.857409000000004 11.917610000000003 4.084906000000004
v -11.737102999999998 12.092739000000002 3.5076569999999947
v -12.614759 12.280571000000002 2.709547999999998
v -13.491675999999998 12.473019 1.8311280000000068
v -14.370212000000002 12.655365000000003 1.1283909999999935
v -15.295777999999999 12.544497999999997 0.7674149999999997
v -2.287044999999999 10.259174000000002 0.06325900000000217
v -2.930568000000001 10.401237000000002 -0.5955569999999994
v -3.8087000000000018 10.586112999999997 -1.3422139999999985
v -4.6890300000000025 10.757278 -1.8504429999999985
v -5.571095 10.917622000000001 -2.1704399999999993
v -6.453682000000001 11.074717999999997 -2.433967999999993
v -7.336788999999996 11.228572999999997 -2.6410240000000016
v -8.221285000000002 11.373764000000001 -2.697494000000006
v -9.106822999999999 11.512466000000003 -2.641023000000004
v -9.993575 11.643593000000003 -2.452789999999993
v -10.881577 11.766930000000002 -2.1290290000000027
v -11.770584 11.883986999999998 -1.6960930000000047
v -12.661119999999997 11.991523999999998 -1.0975119999999947
v -13.552211999999997 12.095592000000003 -0.4386959999999931
v -14.442087 12.207241000000003 0.08835700000000202
v -15.347015999999996 12.22504 0.423846999999995
v -2.2044479999999993 10.774155 -0.05956799999999873
v -2.845945999999998 10.928843999999998 -0.9379890000000017
v -3.721783000000002 11.128028999999998 -1.933532999999997
v -4.600551000000003 11.308933000000003 -2.6111719999999963
v -5.481633000000002 11.475409999999997 -3.037835000000001
v -6.363408999999997 11.637554000000002 -3.389205000000004
v -7.24588 11.795375999999997 -3.665280999999993
v -8.130201999999997 11.941654 -3.740573999999995
v -9.015912999999998 12.079268999999996 -3.6652780000000007
v -9.903244 12.206791000000003 -3.4143009999999947
v -10.792241000000004 12.323920999999999 -2.982619999999997
v -11.682579000000004 12.432682 -2.4053710000000024
v -12.574955000000003 12.528744000000003 -1.6072620000000057
v -13.468071000000002 12.620193 -0.7288420000000002
v -14.359566999999998 12.721741000000002 -0.02610599999999863
v -15.292367999999996 12.565762 0.39754899999999793
v -15.797960000000003 12.243423 0.5557989999999933
v -2.0532150000000016 10.392688999999997 0.30603200000000186
v -14.441952 12.208080000000002 0.6676109999999937
v -13.558557 12.05603 0.8432949999999977
v -12.675564999999999 11.901459000000003 1.0629009999999965
v -11.792389 11.748043000000003 1.2624279999999999
v -10.908704 11.597797 1.4067390000000017
v -10.024681999999999 11.449646000000001 1.5146600000000063
v -9.140243999999996 11.304091999999997 1.5774040000000014
v -8.255400999999999 11.161059999999999 1.596226999999999
v -7.370210999999998 11.020195000000001 1.5774040000000014
v -6.484558 10.882213999999998 1.508385000000004
v -5.598731999999998 10.745316000000003 1.420542999999995
v -4.712732000000003 10.609504999999999 1.3138780000000025
v -3.8261540000000025 10.477291000000001 1.1444680000000034
v -2.938842000000001 10.349654999999998 0.8955820000000045
v -2.287219999999998 10.258091 0.6759770000000032
v -0.9727729999999966 9.868198 0.569775000000007
v -2.3449839999999966 9.897942 0.6547390000000064
v -2.9966069999999974 9.989502000000002 0.8743439999999936
v -3.8839180000000013 10.117142000000001 1.1232300000000066
v -4.770496999999999 10.249352000000002 1.2926400000000058
v -5.656495999999997 10.385162000000001 1.3993049999999982
v -6.542322999999996 10.522064 1.4871480000000048
v -7.4279750000000035 10.660046000000001 1.5561660000000046
v -8.313166000000002 10.800911 1.5749890000000022
v -9.198008999999999 10.943939 1.5561660000000046
v -10.082447000000002 11.089492999999997 1.4934219999999954
v -10.966467999999999 11.237644000000003 1.3855020000000025
v -11.850152999999999 11.387889999999999 1.2411900000000031
v -12.733330000000002 11.541308999999998 1.0416629999999998
v -13.616321999999997 11.695877000000003 0.8220570000000009
v -14.499717000000004 11.847926999999999 0.646372999999997
v -15.384267000000001 11.992786000000002 0.595712000000006
v -15.816279999999999 12.129199999999997 0.617990000000006
v -15.344720000000002 12.239356999999998 0.6102510000000052
v -10.872687999999997 11.822346000000003 3.192852000000002
v -9.990656999999999 11.661785000000002 3.5166130000000067
v -9.107376000000002 11.509014 3.704847000000001
v -8.222878999999999 11.363822999999996 3.7613170000000054
v -7.337342999999997 11.225116999999997 3.704847000000001
v -6.450417000000002 11.095078 3.4977910000000065
v -5.5629709999999974 10.968277 3.2342629999999986
v -4.675004000000001 10.844729999999998 2.9142669999999953
v -3.7853020000000015 10.731997999999997 2.4060369999999978
v -2.8933999999999997 10.632976999999997 1.6593790000000013
v -2.237727999999997 10.566662 1.0005639999999971
v -2.057380000000002 10.366717999999999 0.7577909999999974
v -2.295492000000003 10.206508999999997 0.9793260000000004
v -2.951165000000003 10.272823000000002 1.638142000000002
v -3.8430660000000003 10.371845 2.384799000000001
v -4.732768999999998 10.484577000000002 2.8930289999999985
v -5.620736000000001 10.608128 3.2130259999999993
v -6.508181999999998 10.734924 3.476551999999998
v -7.395107000000003 10.864967 3.683609000000004
v -8.280644000000002 11.00367 3.7400789999999944
v -9.165140999999998 11.148860999999997 3.683609000000004
v -10.048422000000002 11.301631999999998 3.495375999999993
v -10.930453 11.462195999999999 3.1716150000000027
v -11.811476999999996 11.629032000000002 2.738677999999993
v -12.690973 11.805393000000002 2.1400969999999973
v -13.569915000000002 11.985214 1.4812809999999956
v -14.450069999999997 12.157459000000003 0.954228999999998
v -15.349574000000004 12.209091 0.7012459999999976
v -15.79891 12.237499 0.6588390000000004
v -15.311124 12.448822 0.7153830000000028
v -14.392305999999998 12.517612 0.9754659999999973
v -13.512151000000003 12.345367000000003 1.5025190000000066
v -12.633209 12.165543 2.161334999999994
v -11.753712 11.989184999999999 2.759916000000004
v -10.892410999999996 11.699375000000003 -0.3601409999999987
v -10.0064 11.563633000000003 -0.4680620000000033
v -9.120805000000004 11.425293000000003 -0.5308059999999983
v -8.235613999999998 11.284424000000001 -0.5496289999999959
v -7.350771000000002 11.141399 -0.5308059999999983
v -6.4663910000000016 10.99548 -0.46178700000000106
v -5.582185000000003 10.848484 -0.3739450000000062
v -4.698152999999998 10.700401 -0.2672799999999995
v -3.814698 10.548717000000003 -0.09787000000000035
v -2.931975999999999 10.39246 0.15101599999999848
v -2.284404000000002 10.275646000000002 0.37062099999999987
v -0.9717199999999977 9.874760000000002 0.45558099999999513
v -2.342168000000001 9.915492999999998 0.3493830000000031
v -2.989741000000002 10.032310000000003 0.12977800000000173
v -3.8724630000000033 10.188564 -0.1191079999999971
v -4.755916999999997 10.340248000000003 -0.2885179999999963
v -5.639949999999999 10.488331000000002 -0.39518300000000295
v -6.524155999999998 10.635326 -0.4830249999999978
v -7.408535999999998 10.781246000000003 -0.5520439999999951
v -8.293379000000002 10.924270999999997 -0.5708670000000069
v -9.17857 11.06514 -0.5520439999999951
v -10.064163999999998 11.203479999999999 -0.48930000000000007
v -10.950175999999999 11.339222 -0.38137899999999547
v -11.836523 11.472873999999997 -0.23706699999999614
v -12.723379000000001 11.603352000000001 -0.03754100000000449
v -13.610419999999998 11.732674000000003 0.18206499999999437
v -14.497055000000003 11.864521000000003 0.3577489999999983
v -15.383414000000002 11.9981 0.5032450000000068
v -15.815964000000001 12.131172 0.583642999999995
v -15.343867000000003 12.244670999999997 0.5177850000000035
v -14.439290999999997 12.224670000000003 0.3789869999999951
v -13.552655000000001 12.092827 0.20330300000000534
v -12.665613999999998 11.963501 -0.016302999999993517
v -11.778757999999996 11.833027000000001 -0.21582899999999938
v -1.5186339999999987 10.095284 0.5869270000000029
v -1.5411459999999977 9.954918 0.6450690000000066
v -1.5624380000000002 9.822166000000003 0.5708209999999951
v -1.5387050000000002 9.970139000000003 0.38028900000000476
v -1.5174129999999977 10.102890000000002 0.45453700000000197
v -1.5612179999999967 9.829773000000003 0.43843099999999424
vt 0.980829 0.998008
vt 0.392947 0.001992
vt 0.964845 0.998008
vt 0.376963 0.001992
vt 0.935470 0.998008
vt 0.347588 0.001992
vt 0.913438 0.998008
vt 0.325556 0.001992
vt 0.900478 0.998008
vt 0.312597 0.001992
vt 0.617515 0.001993
vt 0.632095 0.001993
vt 0.303525 0.001992
vt 0.646675 0.001993
vt 0.294453 0.001992
vt 0.433223 0.657735
vt 0.661254 0.001993
vt 0.447802 0.657735
vt 0.675834 0.001993
vt 0.462382 0.657735
vt 0.690414 0.001993
vt 0.476961 0.657735
vt 0.498292 0.657735
vt 0.704994 0.001993
vt 0.508661 0.657735
vt 0.719572 0.001993
vt 0.520583 0.657735
vt 0.734152 0.001993
vt 0.538468 0.657735
vt 0.748732 0.001993
vt 0.561796 0.657735
vt 0.763312 0.001993
vt 0.583826 0.657735
vt 0.777891 0.001993
vt 0.598083 0.657735
vt 0.792471 0.437605
vt 0.606532 0.222122
vt 0.005854 0.001992
vt 0.793442 0.998008
vt 0.021837 0.001992
vt 0.809426 0.998008
vt 0.051212 0.001992
vt 0.838801 0.998008
vt 0.073244 0.001992
vt 0.860834 0.998008
vt 0.086203 0.001992
vt 0.873791 0.998008
vt 0.800200 0.571600
vt 0.095275 0.001992
vt 0.814780 0.571600
vt 0.104347 0.001992
vt 0.829360 0.571600
vt 0.140928 0.001993
vt 0.155507 0.001993
vt 0.843939 0.571600
vt 0.170087 0.001993
vt 0.858519 0.571600
vt 0.184667 0.001993
vt 0.873098 0.571600
vt 0.199247 0.001993
vt 0.887678 0.571600
vt 0.213825 0.001993
vt 0.902257 0.571600
vt 0.228405 0.001993
vt 0.916837 0.571600
vt 0.242985 0.001993
vt 0.931417 0.571600
vt 0.257565 0.001993
vt 0.945996 0.571600
vt 0.272144 0.001993
vt 0.960576 0.571600
vt 0.286724 0.437605
vt 0.975156 0.135986
vt 0.610081 0.222122
vt 0.008320 0.277310
vt 0.021921 0.258915
vt 0.047031 0.258915
vt 0.067483 0.258915
vt 0.086203 0.235266
vt 0.111768 0.235265
vt 0.095275 0.235266
vt 0.126348 0.235267
vt 0.104347 0.235266
vt 0.140928 0.235267
vt 0.155507 0.258917
vt 0.170087 0.258917
vt 0.184667 0.258917
vt 0.199246 0.258917
vt 0.213825 0.258917
vt 0.228405 0.258917
vt 0.242985 0.258916
vt 0.257565 0.258915
vt 0.272144 0.291105
vt 0.286724 0.506026
vt 0.610081 0.153702
vt 0.390481 0.277310
vt 0.376879 0.258915
vt 0.351769 0.258915
vt 0.331317 0.258915
vt 0.312597 0.235266
vt 0.404063 0.424462
vt 0.418643 0.424462
vt 0.303525 0.235266
vt 0.433223 0.424462
vt 0.294453 0.235266
vt 0.447802 0.400812
vt 0.462382 0.400812
vt 0.476961 0.424462
vt 0.498292 0.424460
vt 0.491541 0.424462
vt 0.508661 0.424460
vt 0.526611 0.400811
vt 0.543318 0.400811
vt 0.564397 0.400811
vt 0.584292 0.400813
vt 0.598083 0.424463
vt 0.879843 0.998008
vt 0.894423 0.727247
vt 0.606532 0.153702
vt 0.546931 0.661674
vt 0.605858 0.235264
vt 0.546931 0.676254
vt 0.546930 0.690833
vt 0.546930 0.705413
vt 0.546931 0.719993
vt 0.546930 0.734572
vt 0.546931 0.749151
vt 0.546930 0.763731
vt 0.546931 0.778311
vt 0.546931 0.792890
vt 0.546930 0.807470
vt 0.546931 0.822049
vt 0.546931 0.836629
vt 0.546931 0.851209
vt 0.546931 0.864819
vt 0.546931 0.872612
vt 0.779613 0.575537
vt 0.664435 0.887192
vt 0.779613 0.808811
vt 0.664435 0.879402
vt 0.664435 0.865791
vt 0.664435 0.851210
vt 0.664435 0.836633
vt 0.664435 0.822052
vt 0.664435 0.807472
vt 0.664435 0.792895
vt 0.664435 0.778314
vt 0.664435 0.763733
vt 0.664435 0.749153
vt 0.664435 0.734575
vt 0.664435 0.719995
vt 0.664435 0.705418
vt 0.664435 0.690838
vt 0.664129 0.676257
vt 0.661989 0.661676
vt 0.608306 0.001992
vt 0.608000 0.095753
vt 0.589568 0.719993
vt 0.902257 0.149130
vt 0.595529 0.734572
vt 0.887678 0.149130
vt 0.600714 0.749151
vt 0.873098 0.149130
vt 0.602009 0.763731
vt 0.858519 0.149130
vt 0.602657 0.778311
vt 0.843939 0.149130
vt 0.600065 0.792890
vt 0.829360 0.149130
vt 0.595529 0.807471
vt 0.814780 0.149130
vt 0.590994 0.822049
vt 0.800200 0.149130
vt 0.829731 0.575538
vt 0.584514 0.836629
vt 0.823251 0.575538
vt 0.573498 0.851209
vt 0.812234 0.575538
vt 0.558810 0.865789
vt 0.797548 0.575538
vt 0.550818 0.872612
vt 0.789554 0.575538
vt 0.001965 0.424462
vt 0.769673 0.575537
vt 0.783500 0.575537
vt 0.660545 0.887192
vt 0.783500 0.808811
vt 0.769673 0.808810
vt 0.001965 0.657737
vt 0.652554 0.880372
vt 0.009957 0.657737
vt 0.637868 0.865791
vt 0.024645 0.657737
vt 0.626850 0.851210
vt 0.035661 0.657737
vt 0.620370 0.836633
vt 0.042141 0.657737
vt 0.111768 0.657735
vt 0.615838 0.822052
vt 0.126348 0.657735
vt 0.611300 0.807471
vt 0.140928 0.657735
vt 0.608710 0.792895
vt 0.155507 0.657735
vt 0.609358 0.778314
vt 0.170087 0.657735
vt 0.610653 0.763733
vt 0.184667 0.657735
vt 0.615838 0.749152
vt 0.199247 0.657735
vt 0.621800 0.734576
vt 0.213825 0.657735
vt 0.630740 0.719995
vt 0.228405 0.657735
vt 0.642405 0.705419
vt 0.242985 0.657735
vt 0.653417 0.690838
vt 0.257565 0.657735
vt 0.660545 0.676257
vt 0.272144 0.657735
vt 0.661101 0.661676
vt 0.286724 0.657735
vt 0.609194 0.001992
vt 0.609194 0.088128
vt 0.975156 0.001992
vt 0.550818 0.661674
vt 0.609745 0.235264
vt 0.960576 0.149130
vt 0.557947 0.676254
vt 0.945996 0.149130
vt 0.568962 0.690833
vt 0.931417 0.149130
vt 0.580625 0.705413
vt 0.916837 0.149130
vt 0.719572 0.424463
vt 0.504294 0.719993
vt 0.704994 0.424463
vt 0.498332 0.734572
vt 0.690414 0.424463
vt 0.493148 0.749151
vt 0.675834 0.424463
vt 0.491852 0.763731
vt 0.661254 0.424463
vt 0.491204 0.778311
vt 0.646675 0.424463
vt 0.493796 0.792890
vt 0.632095 0.424463
vt 0.498332 0.807471
vt 0.944542 0.575538
vt 0.617515 0.424463
vt 0.502868 0.822049
vt 0.951022 0.575538
vt 0.509348 0.836629
vt 0.962037 0.575538
vt 0.520363 0.851209
vt 0.976724 0.575538
vt 0.535051 0.865789
vt 0.984717 0.575538
vt 0.543042 0.872612
vt 0.775725 0.575537
vt 0.744916 0.808810
vt 0.396834 0.424463
vt 0.396834 0.657736
vt 0.744916 0.575536
vt 0.775725 0.808811
vt 0.668325 0.887192
vt 0.388843 0.657736
vt 0.676315 0.880372
vt 0.374155 0.657736
vt 0.691002 0.865791
vt 0.363140 0.657736
vt 0.702019 0.851210
vt 0.356660 0.657736
vt 0.708499 0.836633
vt 0.404063 0.001992
vt 0.418643 0.001992
vt 0.713032 0.822052
vt 0.433223 0.001992
vt 0.717569 0.807471
vt 0.447802 0.001992
vt 0.720159 0.792895
vt 0.462382 0.001992
vt 0.719512 0.778314
vt 0.476961 0.001992
vt 0.718217 0.763733
vt 0.491541 0.001992
vt 0.713032 0.749152
vt 0.557258 0.001992
vt 0.563220 0.001992
vt 0.707070 0.734576
vt 0.572163 0.001992
vt 0.698129 0.719995
vt 0.583826 0.001992
vt 0.686465 0.705419
vt 0.594843 0.001992
vt 0.675452 0.690838
vt 0.601970 0.001992
vt 0.668325 0.676257
vt 0.879843 0.575539
vt 0.894423 0.575537
vt 0.662871 0.661676
vt 0.607419 0.001992
vt 0.792471 0.571600
vt 0.607419 0.088128
vt 0.777891 0.424463
vt 0.601970 0.235264
vt 0.543042 0.661674
vt 0.763312 0.424463
vt 0.535915 0.676254
vt 0.748732 0.424463
vt 0.524899 0.690833
vt 0.734152 0.424463
vt 0.513235 0.705413
vt 0.779613 0.639930
vt 0.779613 0.744417
vt 0.782561 0.631911
vt 0.750969 0.631912
vt 0.782561 0.752436
vt 0.750969 0.752435
vt 0.776664 0.631911
vt 0.726213 0.752436
vt 0.776664 0.752436
vt 0.726213 0.631910
vt 0.976779 0.786773
vt 0.959769 0.786773
vt 0.940492 0.786773
vt 0.927370 0.786773
vt 0.624805 0.213228
vt 0.639385 0.213228
vt 0.653965 0.213228
vt 0.668544 0.213228
vt 0.683124 0.213228
vt 0.697704 0.213228
vt 0.712283 0.213228
vt 0.726862 0.213228
vt 0.741442 0.213228
vt 0.756022 0.213228
vt 0.770602 0.213228
vt 0.785181 0.358915
vt 0.013845 0.118629
vt 0.036524 0.118629
vt 0.062228 0.118629
vt 0.079724 0.118629
vt 0.090739 0.118629
vt 0.099811 0.118629
vt 0.148218 0.118630
vt 0.162797 0.118630
vt 0.177377 0.118630
vt 0.191957 0.118630
vt 0.206536 0.118630
vt 0.221115 0.118630
vt 0.235695 0.118630
vt 0.250275 0.118630
vt 0.264855 0.118629
vt 0.279434 0.295222
vt 0.388897 0.446501
vt 0.371887 0.446501
vt 0.352610 0.446501
vt 0.339488 0.446501
vt 0.411353 0.213227
vt 0.425933 0.213227
vt 0.440512 0.213227
vt 0.455092 0.213227
vt 0.469672 0.213227
vt 0.484251 0.213227
vt 0.537431 0.213226
vt 0.548609 0.213226
vt 0.564063 0.213226
vt 0.581072 0.213227
vt 0.594680 0.213227
vt 0.887133 0.719083
vt 0.384955 0.118629
vt 0.362275 0.118629
vt 0.336572 0.118629
vt 0.319076 0.118629
vt 0.308061 0.118629
vt 0.298989 0.118629
vt 0.440512 0.541099
vt 0.455092 0.541099
vt 0.469672 0.541099
vt 0.503477 0.541098
vt 0.514622 0.541098
vt 0.529526 0.541098
vt 0.550132 0.541098
vt 0.572811 0.541098
vt 0.590954 0.541099
vt 0.602307 0.364505
vt 0.606975 0.116486
vt 0.394891 0.329864
vt 0.550656 0.668964
vt 0.555192 0.683544
vt 0.560862 0.698123
vt 0.566014 0.712703
vt 0.569739 0.727282
vt 0.572526 0.741862
vt 0.574146 0.756441
vt 0.574632 0.771021
vt 0.574146 0.785600
vt 0.572364 0.800180
vt 0.570096 0.814760
vt 0.567342 0.829339
vt 0.562968 0.843919
vt 0.556542 0.858499
vt 0.550872 0.869200
vt 0.781087 0.692174
vt 0.660492 0.883782
vt 0.654823 0.873081
vt 0.648397 0.858500
vt 0.644023 0.843921
vt 0.641269 0.829343
vt 0.639002 0.814762
vt 0.637220 0.800183
vt 0.636734 0.785605
vt 0.637220 0.771024
vt 0.638840 0.756443
vt 0.641627 0.741864
vt 0.645352 0.727285
vt 0.650504 0.712707
vt 0.656173 0.698128
vt 0.660708 0.683547
vt 0.662017 0.668966
vt 0.608750 0.045060
vt 0.608276 0.161696
vt 0.894968 0.360365
vt 0.880388 0.360365
vt 0.865809 0.360365
vt 0.851229 0.360365
vt 0.836649 0.360365
vt 0.822070 0.360365
vt 0.807490 0.360365
vt 0.846902 0.786773
vt 0.833780 0.786773
vt 0.814502 0.786773
vt 0.797492 0.786773
vt 0.003910 0.329864
vt 0.009903 0.446501
vt 0.026913 0.446501
vt 0.046191 0.446501
vt 0.059312 0.446501
vt 0.119058 0.446501
vt 0.133638 0.446501
vt 0.148218 0.446501
vt 0.162797 0.446501
vt 0.177377 0.446501
vt 0.191957 0.446501
vt 0.206536 0.446501
vt 0.221115 0.446501
vt 0.235695 0.446501
vt 0.250275 0.446501
vt 0.264855 0.446500
vt 0.279434 0.514190
vt 0.609637 0.116486
vt 0.967866 0.214677
vt 0.953286 0.360365
vt 0.938706 0.360365
vt 0.924127 0.360365
vt 0.909547 0.360365
vt 0.524122 0.727282
vt 0.521335 0.741862
vt 0.519715 0.756441
vt 0.519229 0.771021
vt 0.519715 0.785600
vt 0.521497 0.800180
vt 0.523765 0.814760
vt 0.526519 0.829339
vt 0.530893 0.843919
vt 0.537319 0.858499
vt 0.542989 0.869200
vt 0.778138 0.692174
vt 0.668377 0.883782
vt 0.674047 0.873081
vt 0.680473 0.858500
vt 0.684847 0.843921
vt 0.687600 0.829343
vt 0.689868 0.814762
vt 0.691649 0.800183
vt 0.692135 0.785605
vt 0.691649 0.771024
vt 0.690029 0.756443
vt 0.687243 0.741864
vt 0.683517 0.727285
vt 0.678366 0.712707
vt 0.672697 0.698128
vt 0.668162 0.683547
vt 0.664405 0.668966
vt 0.607863 0.045060
vt 0.605888 0.161696
vt 0.543205 0.668964
vt 0.538669 0.683544
vt 0.532999 0.698123
vt 0.527848 0.712703
vt 0.781322 0.603724
vt 0.760321 0.692173
vt 0.781322 0.780623
vt 0.735565 0.692173
vt 0.777904 0.603724
vt 0.777904 0.780623
vt 0.972837 0.998008
vt 0.384955 0.001992
vt 0.969529 0.786773
vt 0.980720 0.575538
vt 0.539047 0.869200
vt 0.982773 0.786773
vt 0.394891 0.213227
vt 0.950158 0.998008
vt 0.362275 0.001992
vt 0.949442 0.786773
vt 0.969380 0.575538
vt 0.527707 0.858499
vt 0.924454 0.998008
vt 0.336572 0.001992
vt 0.933081 0.786773
vt 0.956530 0.575538
vt 0.514856 0.843919
vt 0.906958 0.998008
vt 0.319076 0.001992
vt 0.922510 0.786773
vt 0.617515 0.213228
vt 0.947782 0.575538
vt 0.506108 0.829339
vt 0.624805 0.001993
vt 0.308061 0.001992
vt 0.632095 0.213228
vt 0.624805 0.424463
vt 0.500600 0.814760
vt 0.639385 0.001993
vt 0.298989 0.001992
vt 0.646675 0.213228
vt 0.639385 0.424463
vt 0.496064 0.800180
vt 0.653965 0.001993
vt 0.440512 0.657735
vt 0.661254 0.213228
vt 0.653965 0.424463
vt 0.492500 0.785600
vt 0.668544 0.001993
vt 0.455092 0.657735
vt 0.675834 0.213228
vt 0.668544 0.424463
vt 0.491528 0.771021
vt 0.683124 0.001993
vt 0.469672 0.657735
vt 0.690414 0.213228
vt 0.683124 0.424463
vt 0.492500 0.756441
vt 0.697704 0.001993
vt 0.503477 0.657735
vt 0.704993 0.213228
vt 0.697704 0.424463
vt 0.495740 0.741862
vt 0.712283 0.001993
vt 0.514622 0.657735
vt 0.719572 0.213228
vt 0.712283 0.424463
vt 0.501313 0.727282
vt 0.726862 0.001993
vt 0.529526 0.657735
vt 0.734152 0.213228
vt 0.726862 0.424463
vt 0.508765 0.712703
vt 0.741442 0.001993
vt 0.550132 0.657735
vt 0.748732 0.213228
vt 0.741442 0.424463
vt 0.519067 0.698123
vt 0.756022 0.001993
vt 0.572811 0.657735
vt 0.763312 0.213228
vt 0.756022 0.424463
vt 0.530407 0.683544
vt 0.770602 0.001993
vt 0.590954 0.657735
vt 0.777891 0.249650
vt 0.770602 0.424463
vt 0.539479 0.668964
vt 0.785181 0.219799
vt 0.602307 0.439929
vt 0.792471 0.504602
vt 0.606975 0.155125
vt 0.785181 0.498031
vt 0.604695 0.161696
vt 0.013845 0.001992
vt 0.801434 0.998008
vt 0.023511 0.118629
vt 0.012860 0.258916
vt 0.007366 0.171438
vt 0.036524 0.001992
vt 0.824114 0.998008
vt 0.050294 0.118629
vt 0.034122 0.258915
vt 0.062228 0.001992
vt 0.849817 0.998008
vt 0.072110 0.118629
vt 0.058219 0.258915
vt 0.079724 0.001992
vt 0.867312 0.998008
vt 0.085717 0.118629
vt 0.074621 0.258915
vt 0.090739 0.001992
vt 0.807490 0.571600
vt 0.095275 0.118629
vt 0.090739 0.235266
vt 0.119058 0.235266
vt 0.099811 0.001992
vt 0.822070 0.571600
vt 0.104347 0.118629
vt 0.140928 0.118630
vt 0.099811 0.235266
vt 0.133638 0.235267
vt 0.148218 0.001993
vt 0.836649 0.571600
vt 0.155507 0.118630
vt 0.148218 0.258917
vt 0.162797 0.001993
vt 0.851229 0.571600
vt 0.170087 0.118630
vt 0.162797 0.258917
vt 0.177377 0.001993
vt 0.865809 0.571600
vt 0.184667 0.118630
vt 0.177377 0.258917
vt 0.191957 0.001993
vt 0.880388 0.571600
vt 0.199246 0.118630
vt 0.191957 0.258917
vt 0.206536 0.001993
vt 0.894968 0.571600
vt 0.213825 0.118630
vt 0.206536 0.258917
vt 0.221115 0.001993
vt 0.909547 0.571600
vt 0.228405 0.118630
vt 0.221115 0.258917
vt 0.235695 0.001993
vt 0.924127 0.571600
vt 0.242985 0.118630
vt 0.235695 0.258917
vt 0.250275 0.001993
vt 0.938706 0.571600
vt 0.257565 0.118629
vt 0.250275 0.258916
vt 0.264855 0.001993
vt 0.953286 0.571600
vt 0.272144 0.162777
vt 0.264855 0.258915
vt 0.279434 0.219799
vt 0.967866 0.353793
vt 0.286724 0.471816
vt 0.610081 0.187912
vt 0.279434 0.387676
vt 0.392839 0.657736
vt 0.672320 0.883782
vt 0.381647 0.446501
vt 0.385940 0.258915
vt 0.393392 0.417342
vt 0.381499 0.657736
vt 0.683659 0.873081
vt 0.361560 0.446501
vt 0.364678 0.258915
vt 0.368647 0.657736
vt 0.696511 0.858500
vt 0.345198 0.446501
vt 0.340582 0.258915
vt 0.359900 0.657736
vt 0.705259 0.843921
vt 0.334628 0.446501
vt 0.404063 0.213227
vt 0.324179 0.258915
vt 0.411353 0.001992
vt 0.710765 0.829343
vt 0.418643 0.213227
vt 0.411353 0.424462
vt 0.308061 0.235266
vt 0.425933 0.001992
vt 0.715300 0.814762
vt 0.433223 0.213227
vt 0.425933 0.424462
vt 0.298989 0.235266
vt 0.440512 0.001992
vt 0.718864 0.800183
vt 0.447802 0.213227
vt 0.440512 0.400812
vt 0.455092 0.001992
vt 0.719835 0.785605
vt 0.462382 0.213227
vt 0.455092 0.400812
vt 0.469672 0.001992
vt 0.718864 0.771024
vt 0.476961 0.213227
vt 0.469672 0.400812
vt 0.484251 0.001992
vt 0.715624 0.756443
vt 0.491541 0.213227
vt 0.532960 0.213226
vt 0.484251 0.424462
vt 0.503477 0.424460
vt 0.560239 0.001992
vt 0.710051 0.741864
vt 0.542461 0.213226
vt 0.520324 0.400811
vt 0.567692 0.001992
vt 0.702600 0.727285
vt 0.555826 0.213226
vt 0.534296 0.400811
vt 0.577994 0.001992
vt 0.692297 0.712707
vt 0.572689 0.213226
vt 0.553615 0.400811
vt 0.589334 0.001992
vt 0.680958 0.698128
vt 0.588605 0.213227
vt 0.574876 0.400812
vt 0.598407 0.001992
vt 0.671888 0.683547
vt 0.600026 0.213227
vt 0.879843 0.786773
vt 0.591886 0.400813
vt 0.887133 0.575538
vt 0.665598 0.668966
vt 0.894423 0.651392
vt 0.606975 0.077847
vt 0.887133 0.862627
vt 0.602307 0.289082
vt 0.375289 0.118629
vt 0.391435 0.171438
vt 0.348506 0.118629
vt 0.326690 0.118629
vt 0.313083 0.118629
vt 0.303525 0.118629
vt 0.294453 0.118629
vt 0.433223 0.541099
vt 0.447802 0.541099
vt 0.462382 0.541099
vt 0.476961 0.541099
vt 0.498292 0.541098
vt 0.508855 0.541098
vt 0.521328 0.541098
vt 0.539149 0.541098
vt 0.561634 0.541098
vt 0.582854 0.541099
vt 0.597357 0.496950
vt 0.605586 0.214204
vt 0.607419 0.062917
vt 0.396834 0.541099
vt 0.744916 0.692173
vt 0.546931 0.668964
vt 0.548874 0.661674
vt 0.607801 0.235264
vt 0.554382 0.668964
vt 0.953286 0.149130
vt 0.552682 0.676254
vt 0.546931 0.683544
vt 0.563454 0.683544
vt 0.938706 0.149130
vt 0.557987 0.690833
vt 0.546930 0.698123
vt 0.574793 0.698123
vt 0.924127 0.149130
vt 0.563608 0.705413
vt 0.546931 0.712703
vt 0.585097 0.712703
vt 0.909547 0.149130
vt 0.568063 0.719993
vt 0.546931 0.727282
vt 0.592548 0.727282
vt 0.894968 0.149130
vt 0.571181 0.734572
vt 0.546931 0.741862
vt 0.598121 0.741862
vt 0.880388 0.149130
vt 0.573579 0.749151
vt 0.546931 0.756441
vt 0.601361 0.756441
vt 0.865809 0.149130
vt 0.574429 0.763731
vt 0.546931 0.771021
vt 0.602333 0.771021
vt 0.851229 0.149130
vt 0.574591 0.778311
vt 0.546931 0.785600
vt 0.601361 0.785600
vt 0.836649 0.149130
vt 0.573376 0.792890
vt 0.546930 0.800180
vt 0.597797 0.800180
vt 0.822070 0.149130
vt 0.571230 0.807470
vt 0.546931 0.814760
vt 0.593261 0.814760
vt 0.807490 0.149130
vt 0.568841 0.822049
vt 0.546931 0.829339
vt 0.587754 0.829339
vt 0.826491 0.575538
vt 0.565439 0.836629
vt 0.546931 0.843919
vt 0.579006 0.843919
vt 0.817743 0.575538
vt 0.559985 0.851209
vt 0.546931 0.858499
vt 0.566154 0.858499
vt 0.804891 0.575538
vt 0.553289 0.864819
vt 0.546931 0.869200
vt 0.554814 0.869200
vt 0.793551 0.575538
vt 0.548874 0.872612
vt 0.781556 0.575537
vt 0.779613 0.692173
vt 0.781146 0.639930
vt 0.782561 0.692174
vt 0.750969 0.692173
vt 0.781146 0.744417
vt 0.656549 0.883782
vt 0.005961 0.657737
vt 0.658076 0.879402
vt 0.664435 0.883782
vt 0.662490 0.887192
vt 0.781556 0.808811
vt 0.645211 0.873081
vt 0.017301 0.657737
vt 0.651380 0.865791
vt 0.664435 0.873081
vt 0.632359 0.858500
vt 0.030153 0.657737
vt 0.645926 0.851210
vt 0.664435 0.858500
vt 0.623610 0.843921
vt 0.038901 0.657737
vt 0.642524 0.836633
vt 0.664435 0.843921
vt 0.618104 0.829343
vt 0.119058 0.657735
vt 0.640136 0.822052
vt 0.664435 0.829343
vt 0.613569 0.814762
vt 0.133638 0.657735
vt 0.637989 0.807472
vt 0.664435 0.814762
vt 0.610005 0.800183
vt 0.148218 0.657735
vt 0.636775 0.792894
vt 0.664435 0.800183
vt 0.609034 0.785605
vt 0.162797 0.657735
vt 0.636937 0.778314
vt 0.664435 0.785605
vt 0.610005 0.771024
vt 0.177377 0.657735
vt 0.637787 0.763733
vt 0.664435 0.771024
vt 0.613245 0.756443
vt 0.191957 0.657735
vt 0.640185 0.749153
vt 0.664435 0.756443
vt 0.618819 0.741864
vt 0.206536 0.657735
vt 0.643303 0.734575
vt 0.664435 0.741864
vt 0.626270 0.727285
vt 0.221115 0.657735
vt 0.647758 0.719995
vt 0.664435 0.727285
vt 0.636573 0.712707
vt 0.235695 0.657735
vt 0.653379 0.705418
vt 0.664435 0.712707
vt 0.647911 0.698128
vt 0.250275 0.657735
vt 0.658683 0.690838
vt 0.664435 0.698128
vt 0.656981 0.683547
vt 0.264855 0.657735
vt 0.661926 0.676257
vt 0.664435 0.683547
vt 0.660823 0.668966
vt 0.279434 0.657735
vt 0.661545 0.661676
vt 0.608750 0.001992
vt 0.663211 0.668966
vt 0.608306 0.045060
vt 0.609194 0.062917
vt 0.608631 0.095753
vt 0.607082 0.161696
vt 0.609469 0.161696
vt 0.967866 0.075561
vt 0.902257 0.360365
vt 0.887678 0.360365
vt 0.873098 0.360365
vt 0.858519 0.360365
vt 0.843939 0.360365
vt 0.829360 0.360365
vt 0.814780 0.360365
vt 0.800200 0.360365
vt 0.851761 0.786773
vt 0.841192 0.786773
vt 0.824829 0.786773
vt 0.804742 0.786773
vt 0.791498 0.786773
vt 0.003910 0.213227
vt 0.001965 0.541099
vt 0.769673 0.692173
vt 0.005408 0.417342
vt 0.017153 0.446501
vt 0.037240 0.446501
vt 0.053602 0.446501
vt 0.064172 0.446501
vt 0.111768 0.446500
vt 0.126348 0.446501
vt 0.140928 0.446501
vt 0.155507 0.446501
vt 0.170087 0.446501
vt 0.184667 0.446501
vt 0.199246 0.446501
vt 0.213825 0.446501
vt 0.228405 0.446501
vt 0.242985 0.446501
vt 0.257565 0.446500
vt 0.272144 0.463423
vt 0.286724 0.581881
vt 0.609637 0.077847
vt 0.609637 0.155125
vt 0.975156 0.068989
vt 0.960576 0.323943
vt 0.945996 0.360365
vt 0.931417 0.360365
vt 0.916837 0.360365
vt 0.525798 0.719993
vt 0.522680 0.734572
vt 0.520282 0.749151
vt 0.519432 0.763731
vt 0.519270 0.778311
vt 0.520485 0.792890
vt 0.522631 0.807470
vt 0.525021 0.822049
vt 0.528423 0.836629
vt 0.533876 0.851209
vt 0.540572 0.864819
vt 0.544986 0.872612
vt 0.777669 0.575537
vt 0.776664 0.692174
vt 0.726213 0.692173
vt 0.778080 0.639930
vt 0.778080 0.744417
vt 0.670794 0.879402
vt 0.666380 0.887192
vt 0.777669 0.808811
vt 0.677489 0.865791
vt 0.682943 0.851210
vt 0.686345 0.836633
vt 0.688734 0.822052
vt 0.690880 0.807472
vt 0.692095 0.792894
vt 0.691933 0.778314
vt 0.691083 0.763733
vt 0.688685 0.749153
vt 0.685566 0.734575
vt 0.681112 0.719995
vt 0.675490 0.705418
vt 0.670186 0.690838
vt 0.666331 0.676257
vt 0.662430 0.661676
vt 0.607863 0.001992
vt 0.607369 0.095753
vt 0.603914 0.235264
vt 0.544986 0.661674
vt 0.541180 0.676254
vt 0.535874 0.690833
vt 0.530253 0.705413
vt 0.783031 0.603724
vt 0.760321 0.603724
vt 0.779613 0.603724
vt 0.760321 0.780622
vt 0.783031 0.780624
vt 0.779613 0.780623
vt 0.735565 0.780623
vt 0.776195 0.603724
vt 0.735565 0.603723
vt 0.776195 0.780624
vn -0.315648 0.640046 0.700506
vn -0.476517 0.655613 0.585750
vn -0.533124 0.495984 0.685404
vn -0.417020 0.369314 0.830483
vn -0.346413 0.800952 0.488338
vn -0.456984 0.646743 0.610647
vn -0.235420 0.816174 0.527672
vn -0.314704 0.666946 0.675385
vn 0.043938 0.924843 0.377803
vn -0.187824 0.900561 0.392062
vn -0.328531 0.774228 0.540961
vn -0.070092 0.945525 0.317914
vn -0.211663 0.854619 0.474156
vn -0.049624 0.930703 0.362394
vn -0.128481 0.892476 0.432412
vn 0.000229 0.961314 0.275454
vn -0.113850 0.899210 0.422444
vn 0.049743 0.967459 0.248090
vn -0.038545 0.921347 0.386826
vn 0.053078 0.957447 0.283685
vn 0.010372 0.949408 0.313875
vn 0.077953 0.969308 0.233165
vn 0.015997 0.932032 0.362023
vn 0.094251 0.970025 0.223984
vn 0.049075 0.937699 0.343966
vn 0.101676 0.963143 0.249035
vn 0.083565 0.961099 0.263259
vn 0.103412 0.970640 0.217175
vn 0.067615 0.941574 0.329949
vn 0.106721 0.971470 0.211795
vn 0.076036 0.945013 0.318071
vn 0.116352 0.966302 0.229615
vn 0.111697 0.964716 0.238427
vn 0.113117 0.972525 0.203471
vn 0.083248 0.947789 0.307841
vn 0.123099 0.972780 0.196332
vn 0.096963 0.949143 0.299542
vn 0.126722 0.967790 0.217542
vn 0.119850 0.967436 0.222942
vn 0.134752 0.972249 0.191244
vn 0.115396 0.948923 0.293649
vn 0.147668 0.971047 0.187780
vn 0.137343 0.946969 0.290495
vn 0.147419 0.966154 0.211694
vn 0.136133 0.967377 0.213655
vn 0.158256 0.968916 0.190149
vn 0.156267 0.944253 0.289770
vn 0.164245 0.967228 0.193631
vn 0.165629 0.942307 0.290902
vn 0.162011 0.964003 0.210834
vn 0.157227 0.964842 0.210619
vn 0.170062 0.966579 0.191841
vn 0.176428 0.939488 0.293658
vn 0.181931 0.964463 0.191607
vn 0.199909 0.933205 0.298605
vn 0.180065 0.959257 0.217721
vn 0.167646 0.962460 0.213464
vn 0.198984 0.959352 0.200122
vn 0.224984 0.924843 0.306671
vn 0.211761 0.954390 0.210468
vn 0.240139 0.917062 0.318326
vn 0.200617 0.952183 0.230435
vn 0.192980 0.955560 0.222854
vn 0.219513 0.951011 0.217699
vn 0.255942 0.907436 0.333248
vn 0.234565 0.945023 0.227839
vn 0.284360 0.891733 0.352068
vn 0.225315 0.939989 0.256231
vn 0.209420 0.947492 0.241664
vn 0.260104 0.933949 0.245121
vn 0.322954 0.867968 0.377269
vn 0.292797 0.917341 0.269731
vn 0.369710 0.832798 0.412022
vn 0.274252 0.912383 0.303880
vn 0.246902 0.928991 0.275707
vn 0.338004 0.889336 0.307952
vn 0.418723 0.782838 0.460256
vn 0.385148 0.848309 0.363362
vn 0.460078 0.714662 0.526864
vn 0.332575 0.852202 0.403913
vn 0.303988 0.888293 0.344278
vn 0.429148 0.786550 0.444039
vn 0.484830 0.622193 0.614667
vn 0.454413 0.693934 0.558539
vn 0.474960 0.503134 0.721989
vn 0.362147 0.705968 0.608653
vn 0.355995 0.795599 0.490194
vn 0.411390 0.584213 0.699609
vn 0.411636 0.371863 0.832030
vn 0.289418 0.476638 0.830093
vn 0.304692 0.264346 0.915032
vn 0.243619 0.439188 0.864733
vn 0.327485 0.574483 0.750149
vn 0.154748 0.388764 0.908249
vn 0.214715 0.203709 0.955196
vn 0.056412 0.362458 0.930292
vn 0.146144 0.189894 0.970867
vn 0.106836 0.316118 0.942685
vn 0.165965 0.357166 0.919178
vn -0.303395 0.716434 -0.628231
vn -0.466353 0.718916 -0.515436
vn 0.802241 -0.144066 0.579357
vn 0.889274 -0.155748 0.430040
vn -0.338220 0.852007 -0.399614
vn 0.776345 -0.146132 0.613134
vn 0.657952 -0.472073 0.586726
vn 0.721646 -0.369070 0.585674
vn 0.776428 -0.301543 0.553382
vn -0.181533 0.939756 -0.289663
vn 0.752076 -0.145229 0.642877
vn -0.065234 0.975801 -0.208703
vn 0.711314 -0.148641 0.686978
vn 0.469720 -0.695346 0.543927
vn 0.573791 -0.590220 0.567807
vn 0.004282 0.986545 -0.163435
vn 0.649286 -0.146880 0.746227
vn 0.053277 0.989462 -0.134636
vn 0.561719 -0.142015 0.815049
vn 0.237333 -0.833774 0.498492
vn 0.352251 -0.778523 0.519443
vn 0.081202 0.989559 -0.119077
vn 0.469654 -0.131291 0.873034
vn 0.097324 0.989202 -0.109576
vn 0.398771 -0.120548 0.909093
vn 0.076687 -0.886107 0.457092
vn 0.140685 -0.867166 0.477735
vn 0.106360 0.989023 -0.102575
vn 0.355503 -0.112904 0.927831
vn 0.109573 0.989226 -0.097082
vn 0.342632 -0.108844 0.933143
vn 0.022434 -0.907433 0.419598
vn 0.039302 -0.898139 0.437953
vn 0.115808 0.989314 -0.088575
vn 0.322530 -0.108734 0.940293
vn 0.125654 0.988740 -0.081270
vn 0.267705 -0.104013 0.957870
vn -0.022340 -0.918565 0.394638
vn 0.007541 -0.914130 0.405351
vn 0.137217 0.987616 -0.076067
vn 0.181511 -0.093816 0.978904
vn 0.150072 0.986012 -0.072522
vn 0.066599 -0.078690 0.994672
vn -0.113652 -0.916226 0.384205
vn -0.063635 -0.919700 0.387430
vn 0.160702 0.984155 -0.074922
vn -0.036295 -0.058596 0.997622
vn 0.166751 0.982872 -0.078466
vn -0.089097 -0.046173 0.994952
vn -0.178666 -0.906919 0.381544
vn -0.157155 -0.910909 0.381507
vn 0.172538 0.982015 -0.076660
vn -0.146027 -0.041183 0.988423
vn 0.184402 0.979873 -0.076448
vn -0.258918 -0.025679 0.965558
vn -0.255184 -0.882091 0.395976
vn -0.203002 -0.899143 0.387726
vn 0.201610 0.975755 -0.085175
vn -0.369922 -0.000248 0.929063
vn 0.214584 0.971997 -0.095788
vn -0.423783 0.014327 0.905650
vn -0.340430 -0.842162 0.418176
vn -0.309375 -0.860892 0.403921
vn 0.222475 0.969459 -0.103218
vn -0.459651 0.019118 0.887894
vn 0.237715 0.964658 -0.113694
vn -0.521459 0.030122 0.852744
vn -0.422191 -0.780462 0.461121
vn -0.370418 -0.818524 0.439100
vn 0.263576 0.955613 -0.131650
vn -0.589667 0.046378 0.806313
vn 0.296740 0.941898 -0.157396
vn -0.644911 0.060672 0.761846
vn -0.553140 -0.656143 0.513335
vn -0.486479 -0.726808 0.484860
vn 0.342669 0.918408 -0.197751
vn -0.680714 0.072696 0.728933
vn 0.390862 0.883954 -0.256618
vn -0.686886 0.076673 0.722710
vn -0.640390 -0.482044 0.597942
vn -0.609413 -0.572170 0.548851
vn 0.436397 0.831807 -0.343008
vn -0.665412 0.072775 0.742920
vn 0.463861 0.752896 -0.466884
vn -0.609171 0.059644 0.790793
vn -0.597213 -0.301355 0.743318
vn -0.640094 -0.389419 0.662294
vn 0.414112 0.661443 -0.625304
vn -0.511466 0.044839 0.858133
vn 0.240656 0.581516 -0.777126
vn -0.382172 0.017418 0.923927
vn -0.335272 -0.191892 0.922372
vn -0.497730 -0.229325 0.836466
vn 0.023465 0.518117 -0.854988
vn -0.244428 -0.028796 0.969240
vn -0.115374 0.488885 -0.864685
vn -0.228032 -0.025879 0.973310
vn -0.112183 -0.171076 0.978850
vn -0.182157 -0.183866 0.965926
vn 0.255172 -0.430267 -0.865885
vn 0.360377 -0.643713 -0.675101
vn 0.599308 -0.423886 -0.679080
vn 0.615187 -0.230436 -0.753952
vn 0.235414 -0.816177 -0.527670
vn 0.510410 -0.582159 -0.632907
vn 0.669125 -0.402426 -0.624760
vn 0.732679 -0.300287 -0.610745
vn 0.786787 -0.236963 -0.569925
vn 0.128479 -0.892476 -0.432411
vn 0.391864 -0.714140 -0.580040
vn 0.049625 -0.930705 -0.362389
vn 0.275042 -0.806094 -0.523989
vn 0.480373 -0.628932 -0.611299
vn 0.584753 -0.521870 -0.621060
vn -0.010370 -0.949409 -0.313873
vn 0.168233 -0.863154 -0.476091
vn -0.053081 -0.957447 -0.283685
vn 0.081681 -0.893686 -0.441197
vn 0.247337 -0.771407 -0.586306
vn 0.362565 -0.714240 -0.598672
vn -0.083565 -0.961099 -0.263261
vn 0.016331 -0.909644 -0.415069
vn -0.101675 -0.963143 -0.249035
vn -0.023970 -0.918374 -0.394987
vn 0.086010 -0.827969 -0.554138
vn 0.150357 -0.806857 -0.571292
vn -0.111700 -0.964715 -0.238427
vn -0.046709 -0.924231 -0.378967
vn -0.116350 -0.966302 -0.229617
vn -0.057181 -0.929217 -0.365084
vn 0.031106 -0.853398 -0.520330
vn 0.048296 -0.842076 -0.537192
vn -0.119849 -0.967436 -0.222942
vn -0.065653 -0.932986 -0.353873
vn -0.126722 -0.967790 -0.217542
vn -0.082168 -0.935033 -0.344908
vn -0.014115 -0.867267 -0.497643
vn 0.015954 -0.861667 -0.507223
vn -0.136132 -0.967378 -0.213656
vn -0.104688 -0.935101 -0.338565
vn -0.147421 -0.966154 -0.211693
vn -0.131673 -0.932853 -0.335331
vn -0.105600 -0.866042 -0.488692
vn -0.055533 -0.869177 -0.491372
vn -0.157230 -0.964841 -0.210617
vn -0.155049 -0.929765 -0.333913
vn -0.162009 -0.964003 -0.210836
vn -0.166505 -0.927531 -0.334609
vn -0.170665 -0.857034 -0.486174
vn -0.149149 -0.861024 -0.486201
vn -0.167645 -0.962460 -0.213464
vn -0.179800 -0.923628 -0.338502
vn -0.180065 -0.959257 -0.217721
vn -0.208792 -0.915178 -0.344753
vn -0.246932 -0.830632 -0.499074
vn -0.194892 -0.848574 -0.491873
vn -0.192979 -0.955560 -0.222854
vn -0.239050 -0.904567 -0.353006
vn -0.200617 -0.952183 -0.230434
vn -0.256814 -0.894705 -0.365444
vn -0.331795 -0.788337 -0.518110
vn -0.300990 -0.808605 -0.505533
vn -0.209424 -0.947492 -0.241662
vn -0.275887 -0.881772 -0.382577
vn -0.225315 -0.939988 -0.256232
vn -0.309852 -0.860923 -0.403489
vn -0.412822 -0.722033 -0.555200
vn -0.361421 -0.762425 -0.536733
vn -0.246898 -0.928991 -0.275712
vn -0.354646 -0.830209 -0.430091
vn -0.274256 -0.912381 -0.303883
vn -0.407287 -0.785642 -0.465709
vn -0.542916 -0.592410 -0.595224
vn -0.476718 -0.665945 -0.573810
vn -0.303989 -0.888292 -0.344278
vn -0.459025 -0.725131 -0.513304
vn -0.332571 -0.852201 -0.403918
vn -0.498638 -0.646417 -0.577499
vn -0.628781 -0.409674 -0.660910
vn -0.598617 -0.504864 -0.621909
vn -0.355993 -0.795598 -0.490197
vn -0.516707 -0.545999 -0.659469
vn -0.362147 -0.705966 -0.608656
vn -0.496226 -0.425748 -0.756636
vn -0.583132 -0.213560 -0.783804
vn -0.627402 -0.310284 -0.714206
vn -0.341670 -0.572204 -0.745549
vn -0.433198 -0.297379 -0.850826
vn -0.298927 -0.426682 -0.853572
vn -0.349129 -0.194277 -0.916714
vn -0.397171 -0.067824 -0.915235
vn -0.498144 -0.126727 -0.857784
vn -0.266363 -0.324819 -0.907493
vn -0.286912 -0.138391 -0.947908
vn -0.279548 -0.258253 -0.924748
vn -0.278649 -0.096618 -0.955521
vn -0.289504 -0.023525 -0.956888
vn -0.319545 -0.043259 -0.946583
vn 0.812904 -0.077578 -0.577208
vn 0.897193 -0.106383 -0.428635
vn 0.787630 -0.075729 -0.611477
vn 0.763922 -0.071398 -0.641347
vn 0.723978 -0.069690 -0.686294
vn 0.663045 -0.061085 -0.746083
vn 0.576752 -0.048275 -0.815491
vn 0.485757 -0.030882 -0.873548
vn 0.415539 -0.016007 -0.909435
vn 0.372623 -0.006209 -0.927962
vn 0.359841 -0.001565 -0.933012
vn 0.339872 -0.000609 -0.940471
vn 0.285376 0.006158 -0.958396
vn 0.199568 0.018778 -0.979704
vn 0.084954 0.035736 -0.995744
vn -0.017890 0.056146 -0.998262
vn -0.070745 0.068239 -0.995158
vn -0.127793 0.072502 -0.989147
vn -0.241101 0.085412 -0.966734
vn -0.352777 0.106614 -0.929614
vn -0.407080 0.118464 -0.905678
vn -0.443286 0.121222 -0.888146
vn -0.505736 0.128194 -0.853111
vn -0.574797 0.139097 -0.806387
vn -0.630872 0.148253 -0.761591
vn -0.667281 0.156468 -0.728185
vn -0.673566 0.159713 -0.721665
vn -0.651719 0.158131 -0.741794
vn -0.594596 0.150512 -0.789811
vn -0.510098 0.144522 -0.847888
vn -0.434229 0.131580 -0.891141
vn -0.370367 0.104521 -0.922986
vn -0.390392 0.112618 -0.913735
vn -0.707520 0.176546 -0.684286
vn -0.780784 0.136363 -0.609739
vn 0.779813 -0.119654 -0.614471
vn 0.223871 0.017912 -0.974454
vn 0.158098 0.985711 0.058121
vn 0.133635 0.989326 0.058097
vn 0.184333 0.962188 -0.200539
vn 0.207601 0.970993 -0.118639
vn 0.048103 0.997170 0.057768
vn 0.081267 0.947264 -0.309979
vn 0.174607 0.556882 -0.812032
vn 0.322445 0.663950 -0.674685
vn 0.372527 0.770677 -0.516992
vn 0.158100 0.985711 0.058131
vn 0.158096 0.985711 0.058129
vn 0.200324 0.977368 -0.067992
vn 0.192802 0.980520 -0.037532
vn 0.364103 0.846153 -0.389172
vn 0.339040 0.892520 -0.297422
vn 0.158095 0.985712 0.058124
vn 0.158099 0.985711 0.058126
vn 0.186006 0.982372 -0.018624
vn 0.179870 0.983669 -0.006564
vn 0.309328 0.921570 -0.234573
vn 0.278826 0.940905 -0.192233
vn 0.158099 0.985711 0.058125
vn 0.158100 0.985711 0.058125
vn 0.174650 0.984629 0.001571
vn 0.170679 0.985301 0.007034
vn 0.250946 0.954204 -0.162854
vn 0.228994 0.962920 -0.142644
vn 0.158098 0.985711 0.058126
vn 0.158098 0.985711 0.058126
vn 0.167824 0.985755 0.011042
vn 0.166238 0.985985 0.014070
vn 0.212825 0.968722 -0.127605
vn 0.203812 0.972104 -0.116076
vn 0.158098 0.985711 0.058126
vn 0.158097 0.985711 0.058127
vn 0.164858 0.986186 0.016085
vn 0.162621 0.986534 0.017462
vn 0.196032 0.974599 -0.108302
vn 0.183024 0.977696 -0.103017
vn 0.158098 0.985711 0.058128
vn 0.158098 0.985711 0.058126
vn 0.160511 0.986859 0.018602
vn 0.159549 0.987001 0.019299
vn 0.170526 0.980403 -0.098650
vn 0.164837 0.981641 -0.095967
vn 0.158097 0.985711 0.058127
vn 0.158098 0.985711 0.058127
vn 0.158741 0.987131 0.019356
vn 0.157106 0.987398 0.019068
vn 0.160053 0.982454 -0.095742
vn 0.150267 0.983891 -0.096840
vn 0.158100 0.985711 0.058126
vn 0.158097 0.985711 0.058127
vn 0.155224 0.987705 0.018545
vn 0.153668 0.987967 0.017514
vn 0.139013 0.985344 -0.098856
vn 0.129672 0.986209 -0.102843
vn 0.158096 0.985711 0.058126
vn 0.158098 0.985711 0.058126
vn 0.152536 0.988167 0.016084
vn 0.151974 0.988281 0.014321
vn 0.122905 0.986484 -0.108373
vn 0.119532 0.986125 -0.115194
vn 0.158098 0.985711 0.058126
vn 0.158097 0.985711 0.058128
vn 0.151252 0.988423 0.011966
vn 0.149635 0.988700 0.009089
vn 0.115042 0.985564 -0.124213
vn 0.105216 0.985228 -0.135116
vn 0.158099 0.985711 0.058125
vn 0.158098 0.985711 0.058125
vn 0.146676 0.989171 0.005154
vn 0.141609 0.989922 -0.000682
vn 0.087374 0.984846 -0.149813
vn 0.057274 0.983591 -0.171078
vn 0.158098 0.985711 0.058125
vn 0.158098 0.985711 0.058123
vn 0.134312 0.990892 -0.009628
vn 0.123617 0.992016 -0.024964
vn 0.015133 0.979111 -0.202764
vn -0.043941 0.966152 -0.254203
vn 0.158097 0.985711 0.058129
vn 0.158099 0.985711 0.058127
vn 0.108104 0.992898 -0.049672
vn 0.082848 0.992338 -0.091663
vn -0.121455 0.936281 -0.329586
vn -0.226541 0.871511 -0.434911
vn 0.210008 0.975976 0.058022
vn 0.172814 0.983238 0.058125
vn 0.105123 0.984786 -0.138371
vn 0.221269 0.975166 0.009526
vn -0.302942 0.740276 -0.600181
vn 0.049896 0.962002 -0.268444
vn 0.071889 -0.995808 -0.056557
vn 0.987380 -0.158369 -0.000030
vn 0.819470 -0.163792 0.549218
vn 0.106020 -0.947123 0.302849
vn 0.379705 0.923379 0.056523
vn 0.390348 0.825622 0.407403
vn 0.168965 0.378651 0.909986
vn 0.191869 -0.088406 0.977431
vn 0.025772 -0.514130 0.857325
vn 0.239673 -0.526928 0.815416
vn 0.348588 -0.717218 0.603394
vn -0.045978 -0.982585 0.180035
vn -0.057739 -0.958407 0.279505
vn 0.226542 -0.871512 0.434908
vn -0.082847 -0.992338 0.091657
vn -0.158099 -0.985711 -0.058130
vn -0.143345 -0.987965 -0.058118
vn -0.105744 -0.992699 -0.058019
vn 0.121456 -0.936283 0.329579
vn -0.108102 -0.992899 0.049666
vn 0.043939 -0.966152 0.254205
vn -0.123620 -0.992016 0.024960
vn -0.158099 -0.985711 -0.058130
vn -0.158097 -0.985711 -0.058132
vn -0.015137 -0.979110 0.202768
vn -0.134315 -0.990892 0.009629
vn -0.057274 -0.983592 0.171076
vn -0.141606 -0.989923 0.000682
vn -0.158096 -0.985712 -0.058124
vn -0.158099 -0.985711 -0.058124
vn -0.087372 -0.984847 0.149810
vn -0.146674 -0.989172 -0.005155
vn -0.105217 -0.985227 0.135117
vn -0.149635 -0.988700 -0.009089
vn -0.158098 -0.985711 -0.058126
vn -0.158099 -0.985711 -0.058124
vn -0.115043 -0.985564 0.124216
vn -0.151253 -0.988423 -0.011964
vn -0.119532 -0.986125 0.115196
vn -0.151977 -0.988280 -0.014320
vn -0.158099 -0.985711 -0.058125
vn -0.158096 -0.985711 -0.058126
vn -0.122906 -0.986483 0.108373
vn -0.152535 -0.988167 -0.016080
vn -0.129674 -0.986209 0.102843
vn -0.153667 -0.987968 -0.017511
vn -0.158098 -0.985711 -0.058127
vn -0.158098 -0.985711 -0.058126
vn -0.139011 -0.985344 0.098857
vn -0.155224 -0.987705 -0.018546
vn -0.150266 -0.983891 0.096841
vn -0.157106 -0.987398 -0.019068
vn -0.158097 -0.985711 -0.058128
vn -0.158098 -0.985711 -0.058128
vn -0.160056 -0.982454 0.095740
vn -0.158742 -0.987130 -0.019354
vn -0.164838 -0.981641 0.095963
vn -0.159549 -0.987001 -0.019300
vn -0.158099 -0.985711 -0.058126
vn -0.158097 -0.985711 -0.058125
vn -0.170525 -0.980403 0.098650
vn -0.160511 -0.986859 -0.018605
vn -0.183022 -0.977697 0.103016
vn -0.162619 -0.986535 -0.017463
vn -0.158096 -0.985711 -0.058127
vn -0.158099 -0.985711 -0.058127
vn -0.196031 -0.974599 0.108299
vn -0.164857 -0.986186 -0.016086
vn -0.203813 -0.972105 0.116074
vn -0.166239 -0.985985 -0.014069
vn -0.158098 -0.985711 -0.058125
vn -0.158097 -0.985711 -0.058126
vn -0.212825 -0.968722 0.127603
vn -0.167823 -0.985755 -0.011041
vn -0.228994 -0.962920 0.142642
vn -0.170679 -0.985302 -0.007032
vn -0.158099 -0.985711 -0.058125
vn -0.158097 -0.985711 -0.058124
vn -0.250946 -0.954203 0.162855
vn -0.174652 -0.984629 -0.001567
vn -0.278830 -0.940904 0.192236
vn -0.179874 -0.983668 0.006564
vn -0.158099 -0.985711 -0.058125
vn -0.158101 -0.985711 -0.058125
vn -0.309328 -0.921571 0.234572
vn -0.186006 -0.982372 0.018621
vn -0.339038 -0.892524 0.297413
vn -0.192799 -0.980520 0.037534
vn -0.158096 -0.985712 -0.058126
vn -0.158098 -0.985711 -0.058125
vn -0.364104 -0.846153 0.389171
vn -0.200324 -0.977367 0.068002
vn -0.372525 -0.770677 0.516993
vn -0.207601 -0.970991 0.118649
vn -0.158099 -0.985711 -0.058130
vn -0.158095 -0.985711 -0.058131
vn -0.337050 -0.661236 0.670197
vn -0.207703 -0.957692 0.199213
vn -0.234683 -0.545124 0.804837
vn -0.186114 -0.932858 0.308444
vn -0.158096 -0.985712 -0.058124
vn -0.158100 -0.985711 -0.058129
vn -0.130670 -0.458742 0.878909
vn -0.160257 -0.892859 0.420858
vn -0.109615 -0.398380 0.910647
vn -0.208494 -0.837034 0.505870
vn -0.270846 -0.960894 -0.057670
vn -0.172310 -0.983328 -0.058093
vn -0.197064 0.978879 0.054424
vn -0.987370 0.158431 0.000096
vn -0.927636 -0.107513 0.357677
vn -0.189968 0.868166 -0.458477
vn -0.724669 0.047389 0.687466
vn -0.067832 0.443802 -0.893554
vn -0.063178 0.996391 0.056689
vn -0.052702 0.912825 -0.404936
vn 0.024206 0.485221 -0.874057
vn 0.261067 0.939374 -0.222309
vn 0.244978 0.947244 -0.206674
vn 0.289842 0.925901 -0.242277
vn 0.229601 0.953656 -0.194485
vn 0.204378 0.961063 -0.185977
vn 0.180805 0.966763 -0.180776
vn 0.169949 0.969260 -0.177913
vn 0.160569 0.971072 -0.176739
vn 0.141662 0.973872 -0.177495
vn 0.119771 0.976199 -0.180805
vn 0.101444 0.977113 -0.186973
vn 0.087889 0.976732 -0.195626
vn 0.080873 0.975155 -0.206233
vn 0.072673 0.973109 -0.218579
vn 0.054396 0.970886 -0.233284
vn 0.021660 0.967359 -0.252481
vn -0.032401 0.959643 -0.279347
vn -0.107017 0.941814 -0.318643
vn -0.203815 0.903548 -0.376909
vn -0.319352 0.831465 -0.454621
vn -0.446366 0.712939 -0.540810
vn -0.520958 0.571820 -0.633739
vn -0.402074 0.462490 -0.790215
vn 0.205904 -0.094108 0.974037
vn 0.768515 -0.190102 0.610938
vn 0.601467 -0.315964 0.733760
vn 0.587170 -0.499545 0.636935
vn 0.499308 -0.651388 0.571301
vn 0.381892 -0.776313 0.501495
vn 0.266215 -0.861118 0.433134
vn 0.160363 -0.912201 0.377059
vn 0.074503 -0.938441 0.337310
vn 0.009664 -0.951231 0.308327
vn -0.030255 -0.957562 0.286637
vn -0.052689 -0.961520 0.269636
vn -0.062902 -0.964870 0.255086
vn -0.071161 -0.967321 0.243364
vn -0.087502 -0.968310 0.233921
vn -0.109902 -0.967627 0.227198
vn -0.136830 -0.964995 0.223747
vn -0.160180 -0.961738 0.222265
vn -0.171646 -0.959587 0.223002
vn -0.185017 -0.956142 0.227070
vn -0.214126 -0.948434 0.233716
vn -0.244539 -0.938808 0.242571
vn -0.262543 -0.930417 0.255727
vn -0.281939 -0.919512 0.273875
vn -0.316303 -0.901161 0.296415
vn -0.361618 -0.873650 0.325529
vn -0.414945 -0.833404 0.365046
vn -0.467615 -0.778691 0.418302
vn -0.508483 -0.707809 0.490359
vn -0.528166 -0.617427 0.582945
vn -0.509599 -0.509125 0.693614
vn -0.430596 -0.399351 0.809386
vn -0.282566 -0.320185 0.904234
vn -0.145954 -0.279860 0.948881
vn -0.101614 -0.244486 0.964314
vn -0.626672 0.079997 0.775167
vn -0.036680 0.332559 -0.942369
vn 0.071069 0.342931 -0.936668
vn 0.237459 0.388747 -0.890218
vn 0.408845 0.470917 -0.781718
vn 0.487618 0.582050 -0.650727
vn 0.495386 0.688016 -0.530309
vn 0.468928 0.769843 -0.432954
vn 0.426284 0.829981 -0.359741
vn 0.376338 0.874137 -0.307011
vn 0.328916 0.905141 -0.269321
vn 0.166957 0.980349 0.105078
vn 0.165427 0.980926 0.102067
vn 0.169737 0.979437 0.109057
vn 0.164082 0.981359 0.100062
vn 0.161871 0.981864 0.098692
vn 0.159782 0.982320 0.097560
vn 0.158836 0.982542 0.096867
vn 0.158027 0.982678 0.096811
vn 0.156384 0.982912 0.097096
vn 0.154498 0.983159 0.097616
vn 0.152921 0.983303 0.098643
vn 0.151760 0.983339 0.100066
vn 0.151166 0.983251 0.101819
vn 0.150402 0.983122 0.104161
vn 0.148735 0.983069 0.107020
vn 0.145698 0.983091 0.110927
vn 0.140522 0.983174 0.116716
vn 0.133068 0.983119 0.125577
vn 0.122094 0.982489 0.140742
vn 0.106125 0.980551 0.165097
vn 0.080099 0.975210 0.206278
vn 0.101522 0.962331 0.252216
vn 0.220380 0.969598 0.106359
vn 0.042067 -0.412512 -0.909980
vn 0.209886 0.023977 -0.977432
vn 0.829576 -0.100685 -0.549242
vn 0.112566 -0.906299 -0.407371
vn 0.185263 0.480279 -0.857327
vn 0.396892 0.866441 -0.302915
vn -0.041629 -0.955432 -0.292261
vn -0.051580 -0.920005 -0.388497
vn -0.080106 -0.975210 -0.206273
vn -0.106122 -0.980551 -0.165096
vn -0.122091 -0.982489 -0.140745
vn -0.133066 -0.983119 -0.125579
vn -0.140522 -0.983174 -0.116717
vn -0.145699 -0.983091 -0.110928
vn -0.148735 -0.983069 -0.107018
vn -0.150402 -0.983122 -0.104160
vn -0.151166 -0.983250 -0.101820
vn -0.151761 -0.983339 -0.100068
vn -0.152920 -0.983303 -0.098644
vn -0.154497 -0.983159 -0.097616
vn -0.156385 -0.982912 -0.097096
vn -0.158027 -0.982678 -0.096812
vn -0.158836 -0.982542 -0.096867
vn -0.159783 -0.982319 -0.097559
vn -0.161870 -0.981864 -0.098694
vn -0.164081 -0.981359 -0.100062
vn -0.165427 -0.980926 -0.102066
vn -0.166959 -0.980349 -0.105078
vn -0.169737 -0.979436 -0.109059
vn -0.173609 -0.978138 -0.114483
vn -0.178683 -0.976246 -0.122544
vn -0.184593 -0.973570 -0.134487
vn -0.191042 -0.969555 -0.153184
vn -0.198007 -0.962925 -0.183216
vn -0.204358 -0.950779 -0.232932
vn -0.210559 -0.925489 -0.314858
vn -0.216455 -0.879986 -0.422814
vn -0.231873 -0.825779 -0.514125
vn -0.307776 -0.762953 -0.568486
vn -0.936406 -0.047406 -0.347702
vn -0.101737 0.834468 0.541584
vn 0.019188 0.862792 0.505195
vn 0.113970 0.897795 0.425411
vn 0.187347 0.929983 0.316280
vn 0.204355 0.950782 0.232923
vn 0.198007 0.962926 0.183212
vn 0.191047 0.969554 0.153184
vn 0.184594 0.973570 0.134484
vn 0.178679 0.976246 0.122544
vn 0.173610 0.978138 0.114479
vn 0.265361 0.947755 0.177042
vn 0.250348 0.966428 0.057814
vn 0.199388 0.425588 0.882677
vn 0.077252 -0.076210 0.994095
vn 0.019973 -0.453157 0.891207
vn -0.056502 -0.960917 0.271009
vn -0.064446 -0.996244 -0.057828
vn 0.095588 0.038127 -0.994691
vn 0.036825 -0.348063 -0.936748
vn 0.215134 0.523741 -0.824265
vn 0.267571 0.961517 -0.062375
vn -0.050498 -0.923475 -0.380320
s 1
g pCube3
usemtl phong2SG
f 699/1077/699 1049/1574/700 1223/1400/701
f 699/1077/699 1223/1400/701 1052/1579/702
f 1049/1574/700 700/1079/703 1050/1576/704
f 1049/1574/700 1050/1576/704 1223/1400/701
f 1223/1400/701 1050/1576/704 845/1332/705
f 1223/1400/701 845/1332/705 1051/1577/706
f 1052/1579/702 1223/1400/701 1051/1577/706
f 1052/1579/702 1051/1577/706 846/1334/707
f 700/1079/703 1053/1581/708 1224/1401/709
f 700/1079/703 1224/1401/709 1050/1576/704
f 1053/1581/708 701/1081/710 1054/1583/711
f 1053/1581/708 1054/1583/711 1224/1401/709
f 1224/1401/709 1054/1583/711 844/1330/712
f 1224/1401/709 844/1330/712 1055/1584/713
f 1050/1576/704 1224/1401/709 1055/1584/713
f 1050/1576/704 1055/1584/713 845/1332/705
f 701/1081/710 1056/1586/714 1225/1402/715
f 701/1081/710 1225/1402/715 1054/1583/711
f 1056/1586/714 702/1083/716 1057/1588/717
f 1056/1586/714 1057/1588/717 1225/1402/715
f 1225/1402/715 1057/1588/717 843/1328/718
f 1225/1402/715 843/1328/718 1058/1589/719
f 1054/1583/711 1225/1402/715 1058/1589/719
f 1054/1583/711 1058/1589/719 844/1330/712
f 702/1083/716 1059/1591/720 1226/1403/721
f 702/1083/716 1226/1403/721 1057/1588/717
f 1059/1591/720 703/1085/722 1060/1593/723
f 1059/1591/720 1060/1593/723 1226/1403/721
f 1226/1403/721 1060/1593/723 842/1325/724
f 1226/1403/721 842/1325/724 1061/1595/725
f 1057/1588/717 1226/1403/721 1061/1595/725
f 1057/1588/717 1061/1595/725 843/1328/718
f 703/1087/722 1062/1597/726 1227/1404/727
f 703/1087/722 1227/1404/727 1060/1594/723
f 1062/1597/726 704/1088/728 1063/1599/729
f 1062/1597/726 1063/1599/729 1227/1404/727
f 1227/1404/727 1063/1599/729 841/1323/730
f 1227/1404/727 841/1323/730 1064/1600/731
f 1060/1594/723 1227/1404/727 1064/1600/731
f 1060/1594/723 1064/1600/731 842/1326/724
f 704/1088/728 1065/1602/732 1228/1405/733
f 704/1088/728 1228/1405/733 1063/1599/729
f 1065/1602/732 705/1090/734 1066/1604/735
f 1065/1602/732 1066/1604/735 1228/1405/733
f 1228/1405/733 1066/1604/735 840/1321/736
f 1228/1405/733 840/1321/736 1067/1605/737
f 1063/1599/729 1228/1405/733 1067/1605/737
f 1063/1599/729 1067/1605/737 841/1323/730
f 705/1090/734 1068/1607/738 1229/1406/739
f 705/1090/734 1229/1406/739 1066/1604/735
f 1068/1607/738 706/1093/740 1069/1609/741
f 1068/1607/738 1069/1609/741 1229/1406/739
f 1229/1406/739 1069/1609/741 839/1319/742
f 1229/1406/739 839/1319/742 1070/1610/743
f 1066/1604/735 1229/1406/739 1070/1610/743
f 1066/1604/735 1070/1610/743 840/1321/736
f 706/1093/740 1071/1612/744 1230/1407/745
f 706/1093/740 1230/1407/745 1069/1609/741
f 1071/1612/744 707/1095/746 1072/1614/747
f 1071/1612/744 1072/1614/747 1230/1407/745
f 1230/1407/745 1072/1614/747 838/1317/748
f 1230/1407/745 838/1317/748 1073/1615/749
f 1069/1609/741 1230/1407/745 1073/1615/749
f 1069/1609/741 1073/1615/749 839/1319/742
f 707/1095/746 1074/1617/750 1231/1408/751
f 707/1095/746 1231/1408/751 1072/1614/747
f 1074/1617/750 708/1097/752 1075/1619/753
f 1074/1617/750 1075/1619/753 1231/1408/751
f 1231/1408/751 1075/1619/753 837/1315/754
f 1231/1408/751 837/1315/754 1076/1620/755
f 1072/1614/747 1231/1408/751 1076/1620/755
f 1072/1614/747 1076/1620/755 838/1317/748
f 708/1097/752 1077/1622/756 1232/1409/757
f 708/1097/752 1232/1409/757 1075/1619/753
f 1077/1622/756 709/1100/758 1078/1624/759
f 1077/1622/756 1078/1624/759 1232/1409/757
f 1232/1409/757 1078/1624/759 836/1313/760
f 1232/1409/757 836/1313/760 1079/1625/761
f 1075/1619/753 1232/1409/757 1079/1625/761
f 1075/1619/753 1079/1625/761 837/1315/754
f 709/1100/758 1080/1627/762 1233/1410/763
f 709/1100/758 1233/1410/763 1078/1624/759
f 1080/1627/762 710/1102/764 1081/1629/765
f 1080/1627/762 1081/1629/765 1233/1410/763
f 1233/1410/763 1081/1629/765 835/1311/766
f 1233/1410/763 835/1311/766 1082/1630/767
f 1078/1624/759 1233/1410/763 1082/1630/767
f 1078/1624/759 1082/1630/767 836/1313/760
f 710/1102/764 1083/1632/768 1234/1411/769
f 710/1102/764 1234/1411/769 1081/1629/765
f 1083/1632/768 711/1104/770 1084/1634/771
f 1083/1632/768 1084/1634/771 1234/1411/769
f 1234/1411/769 1084/1634/771 868/1388/772
f 1234/1411/769 868/1388/772 1085/1635/773
f 1081/1629/765 1234/1411/769 1085/1635/773
f 1081/1629/765 1085/1635/773 835/1311/766
f 711/1104/770 1086/1637/774 1235/1412/775
f 711/1104/770 1235/1412/775 1084/1634/771
f 1086/1637/774 712/1106/776 1087/1639/777
f 1086/1637/774 1087/1639/777 1235/1412/775
f 1235/1412/775 1087/1639/777 867/1386/778
f 1235/1412/775 867/1386/778 1088/1640/779
f 1084/1634/771 1235/1412/775 1088/1640/779
f 1084/1634/771 1088/1640/779 868/1388/772
f 712/1106/776 1089/1642/780 1236/1413/781
f 712/1106/776 1236/1413/781 1087/1639/777
f 1089/1642/780 713/1108/782 1090/1644/783
f 1089/1642/780 1090/1644/783 1236/1413/781
f 1236/1413/781 1090/1644/783 866/1384/784
f 1236/1413/781 866/1384/784 1091/1645/785
f 1087/1639/777 1236/1413/781 1091/1645/785
f 1087/1639/777 1091/1645/785 867/1386/778
f 713/1108/782 1092/1647/786 1237/1414/787
f 713/1108/782 1237/1414/787 1090/1644/783
f 1092/1647/786 714/1110/788 1093/1649/789
f 1092/1647/786 1093/1649/789 1237/1414/787
f 1237/1414/787 1093/1649/789 865/1381/790
f 1237/1414/787 865/1381/790 1094/1650/791
f 1090/1644/783 1237/1414/787 1094/1650/791
f 1090/1644/783 1094/1650/791 866/1384/784
f 714/1110/788 1095/1652/792 1238/1415/793
f 714/1110/788 1238/1415/793 1093/1649/789
f 1095/1652/792 715/1112/794 1096/1654/795
f 1095/1652/792 1096/1654/795 1238/1415/793
f 1238/1415/793 1096/1654/795 864/1379/796
f 1238/1415/793 864/1379/796 1097/1656/797
f 1093/1649/789 1238/1415/793 1097/1656/797
f 1093/1649/789 1097/1656/797 865/1381/790
f 716/1114/798 1098/1658/799 1239/1416/800
f 716/1114/798 1239/1416/800 1101/1662/801
f 1098/1658/799 717/1116/802 1099/1660/803
f 1098/1658/799 1099/1660/803 1239/1416/800
f 1239/1416/800 1099/1660/803 734/1152/804
f 1239/1416/800 734/1152/804 1100/1661/805
f 1101/1662/801 1239/1416/800 1100/1661/805
f 1101/1662/801 1100/1661/805 733/1151/806
f 717/1116/802 1102/1663/807 1240/1417/808
f 717/1116/802 1240/1417/808 1099/1660/803
f 1102/1663/807 718/1118/809 1103/1665/810
f 1102/1663/807 1103/1665/810 1240/1417/808
f 1240/1417/808 1103/1665/810 735/1153/811
f 1240/1417/808 735/1153/811 1104/1666/812
f 1099/1660/803 1240/1417/808 1104/1666/812
f 1099/1660/803 1104/1666/812 734/1152/804
f 718/1118/809 1105/1667/813 1241/1418/814
f 718/1118/809 1241/1418/814 1103/1665/810
f 1105/1667/813 719/1120/815 1106/1669/816
f 1105/1667/813 1106/1669/816 1241/1418/814
f 1241/1418/814 1106/1669/816 736/1154/817
f 1241/1418/814 736/1154/817 1107/1670/818
f 1103/1665/810 1241/1418/814 1107/1670/818
f 1103/1665/810 1107/1670/818 735/1153/811
f 719/1120/815 1108/1671/819 1242/1419/820
f 719/1120/815 1242/1419/820 1106/1669/816
f 1108/1671/819 720/1122/821 1109/1673/822
f 1108/1671/819 1109/1673/822 1242/1419/820
f 1242/1419/820 1109/1673/822 737/1155/823
f 1242/1419/820 737/1155/823 1110/1674/824
f 1106/1669/816 1242/1419/820 1110/1674/824
f 1106/1669/816 1110/1674/824 736/1154/817
f 720/1122/821 1111/1675/825 1243/1420/826
f 720/1122/821 1243/1420/826 1109/1673/822
f 1111/1675/825 721/1125/827 1112/1677/828
f 1111/1675/825 1112/1677/828 1243/1420/826
f 1243/1420/826 1112/1677/828 738/1157/829
f 1243/1420/826 738/1157/829 1113/1678/830
f 1109/1673/822 1243/1420/826 1113/1678/830
f 1109/1673/822 1113/1678/830 737/1155/823
f 721/1125/827 1114/1680/831 1244/1421/832
f 721/1125/827 1244/1421/832 1112/1677/828
f 1114/1680/831 722/1127/833 1115/1682/834
f 1114/1680/831 1115/1682/834 1244/1421/832
f 1244/1421/832 1115/1682/834 739/1159/835
f 1244/1421/832 739/1159/835 1116/1684/836
f 1112/1677/828 1244/1421/832 1116/1684/836
f 1112/1677/828 1116/1684/836 738/1157/829
f 722/1129/833 1117/1686/837 1245/1422/838
f 722/1129/833 1245/1422/838 1115/1683/834
f 1117/1686/837 723/1130/839 1118/1688/840
f 1117/1686/837 1118/1688/840 1245/1422/838
f 1245/1422/838 1118/1688/840 740/1161/841
f 1245/1422/838 740/1161/841 1119/1689/842
f 1115/1683/834 1245/1422/838 1119/1689/842
f 1115/1683/834 1119/1689/842 739/1160/835
f 723/1130/839 1120/1690/843 1246/1423/844
f 723/1130/839 1246/1423/844 1118/1688/840
f 1120/1690/843 724/1132/845 1121/1692/846
f 1120/1690/843 1121/1692/846 1246/1423/844
f 1246/1423/844 1121/1692/846 741/1162/847
f 1246/1423/844 741/1162/847 1122/1693/848
f 1118/1688/840 1246/1423/844 1122/1693/848
f 1118/1688/840 1122/1693/848 740/1161/841
f 724/1132/845 1123/1694/849 1247/1424/850
f 724/1132/845 1247/1424/850 1121/1692/846
f 1123/1694/849 725/1134/851 1124/1696/852
f 1123/1694/849 1124/1696/852 1247/1424/850
f 1247/1424/850 1124/1696/852 742/1163/853
f 1247/1424/850 742/1163/853 1125/1697/854
f 1121/1692/846 1247/1424/850 1125/1697/854
f 1121/1692/846 1125/1697/854 741/1162/847
f 725/1134/851 1126/1698/855 1248/1425/856
f 725/1134/851 1248/1425/856 1124/1696/852
f 1126/1698/855 726/1136/857 1127/1700/858
f 1126/1698/855 1127/1700/858 1248/1425/856
f 1248/1425/856 1127/1700/858 743/1164/859
f 1248/1425/856 743/1164/859 1128/1701/860
f 1124/1696/852 1248/1425/856 1128/1701/860
f 1124/1696/852 1128/1701/860 742/1163/853
f 726/1136/857 1129/1702/861 1249/1426/862
f 726/1136/857 1249/1426/862 1127/1700/858
f 1129/1702/861 727/1138/863 1130/1704/864
f 1129/1702/861 1130/1704/864 1249/1426/862
f 1249/1426/862 1130/1704/864 744/1165/865
f 1249/1426/862 744/1165/865 1131/1705/866
f 1127/1700/858 1249/1426/862 1131/1705/866
f 1127/1700/858 1131/1705/866 743/1164/859
f 727/1138/863 1132/1706/867 1250/1427/868
f 727/1138/863 1250/1427/868 1130/1704/864
f 1132/1706/867 728/1140/869 1133/1708/870
f 1132/1706/867 1133/1708/870 1250/1427/868
f 1250/1427/868 1133/1708/870 745/1166/871
f 1250/1427/868 745/1166/871 1134/1709/872
f 1130/1704/864 1250/1427/868 1134/1709/872
f 1130/1704/864 1134/1709/872 744/1165/865
f 728/1140/869 1135/1710/873 1251/1428/874
f 728/1140/869 1251/1428/874 1133/1708/870
f 1135/1710/873 729/1142/875 1136/1712/876
f 1135/1710/873 1136/1712/876 1251/1428/874
f 1251/1428/874 1136/1712/876 746/1167/877
f 1251/1428/874 746/1167/877 1137/1713/878
f 1133/1708/870 1251/1428/874 1137/1713/878
f 1133/1708/870 1137/1713/878 745/1166/871
f 729/1142/875 1138/1714/879 1252/1429/880
f 729/1142/875 1252/1429/880 1136/1712/876
f 1138/1714/879 730/1144/881 1139/1716/882
f 1138/1714/879 1139/1716/882 1252/1429/880
f 1252/1429/880 1139/1716/882 747/1168/883
f 1252/1429/880 747/1168/883 1140/1717/884
f 1136/1712/876 1252/1429/880 1140/1717/884
f 1136/1712/876 1140/1717/884 746/1167/877
f 730/1144/881 1141/1718/885 1253/1430/886
f 730/1144/881 1253/1430/886 1139/1716/882
f 1141/1718/885 731/1146/887 1142/1720/888
f 1141/1718/885 1142/1720/888 1253/1430/886
f 1253/1430/886 1142/1720/888 748/1169/889
f 1253/1430/886 748/1169/889 1143/1721/890
f 1139/1716/882 1253/1430/886 1143/1721/890
f 1139/1716/882 1143/1721/890 747/1168/883
f 731/1146/887 1144/1722/891 1254/1431/892
f 731/1146/887 1254/1431/892 1142/1720/888
f 1144/1722/891 732/1148/893 1145/1724/894
f 1144/1722/891 1145/1724/894 1254/1431/892
f 1254/1431/892 1145/1724/894 749/1170/895
f 1254/1431/892 749/1170/895 1146/1726/896
f 1142/1720/888 1254/1431/892 1146/1726/896
f 1142/1720/888 1146/1726/896 748/1169/889
f 847/1339/897 1147/1727/898 1255/1432/899
f 847/1339/897 1255/1432/899 1150/1731/900
f 1147/1727/898 848/1343/901 1148/1729/902
f 1147/1727/898 1148/1729/902 1255/1432/899
f 1255/1432/899 1148/1729/902 751/1173/903
f 1255/1432/899 751/1173/903 1149/1730/904
f 1150/1731/900 1255/1432/899 1149/1730/904
f 1150/1731/900 1149/1730/904 750/1172/905
f 848/1343/901 1151/1732/906 1256/1433/907
f 848/1343/901 1256/1433/907 1148/1729/902
f 1151/1732/906 849/1345/908 1152/1734/909
f 1151/1732/906 1152/1734/909 1256/1433/907
f 1256/1433/907 1152/1734/909 752/1174/910
f 1256/1433/907 752/1174/910 1153/1735/911
f 1148/1729/902 1256/1433/907 1153/1735/911
f 1148/1729/902 1153/1735/911 751/1173/903
f 849/1345/908 1154/1736/912 1257/1434/913
f 849/1345/908 1257/1434/913 1152/1734/909
f 1154/1736/912 850/1347/914 1155/1738/915
f 1154/1736/912 1155/1738/915 1257/1434/913
f 1257/1434/913 1155/1738/915 753/1175/916
f 1257/1434/913 753/1175/916 1156/1739/917
f 1152/1734/909 1257/1434/913 1156/1739/917
f 1152/1734/909 1156/1739/917 752/1174/910
f 850/1347/914 1157/1740/918 1258/1435/919
f 850/1347/914 1258/1435/919 1155/1738/915
f 1157/1740/918 851/1349/920 1158/1742/921
f 1157/1740/918 1158/1742/921 1258/1435/919
f 1258/1435/919 1158/1742/921 754/1176/922
f 1258/1435/919 754/1176/922 1159/1744/923
f 1155/1738/915 1258/1435/919 1159/1744/923
f 1155/1738/915 1159/1744/923 753/1175/916
f 851/1351/920 1160/1745/924 1259/1436/925
f 851/1351/920 1259/1436/925 1158/1743/921
f 1160/1745/924 852/1352/926 1161/1747/927
f 1160/1745/924 1161/1747/927 1259/1436/925
f 1259/1436/925 1161/1747/927 755/1178/928
f 1259/1436/925 755/1178/928 1162/1748/929
f 1158/1743/921 1259/1436/925 1162/1748/929
f 1158/1743/921 1162/1748/929 754/1177/922
f 852/1352/926 1163/1750/930 1260/1437/931
f 852/1352/926 1260/1437/931 1161/1747/927
f 1163/1750/930 853/1354/932 1164/1752/933
f 1163/1750/930 1164/1752/933 1260/1437/931
f 1260/1437/931 1164/1752/933 756/1180/934
f 1260/1437/931 756/1180/934 1165/1753/935
f 1161/1747/927 1260/1437/931 1165/1753/935
f 1161/1747/927 1165/1753/935 755/1178/928
f 853/1354/932 1166/1755/936 1261/1438/937
f 853/1354/932 1261/1438/937 1164/1752/933
f 1166/1755/936 854/1356/938 1167/1757/939
f 1166/1755/936 1167/1757/939 1261/1438/937
f 1261/1438/937 1167/1757/939 757/1182/940
f 1261/1438/937 757/1182/940 1168/1758/941
f 1164/1752/933 1261/1438/937 1168/1758/941
f 1164/1752/933 1168/1758/941 756/1180/934
f 854/1356/938 1169/1759/942 1262/1439/943
f 854/1356/938 1262/1439/943 1167/1757/939
f 1169/1759/942 855/1358/944 1170/1761/945
f 1169/1759/942 1170/1761/945 1262/1439/943
f 1262/1439/943 1170/1761/945 758/1183/946
f 1262/1439/943 758/1183/946 1171/1762/947
f 1167/1757/939 1262/1439/943 1171/1762/947
f 1167/1757/939 1171/1762/947 757/1182/940
f 855/1358/944 1172/1763/948 1263/1440/949
f 855/1358/944 1263/1440/949 1170/1761/945
f 1172/1763/948 856/1360/950 1173/1765/951
f 1172/1763/948 1173/1765/951 1263/1440/949
f 1263/1440/949 1173/1765/951 759/1184/952
f 1263/1440/949 759/1184/952 1174/1766/953
f 1170/1761/945 1263/1440/949 1174/1766/953
f 1170/1761/945 1174/1766/953 758/1183/946
f 856/1360/950 1175/1767/954 1264/1441/955
f 856/1360/950 1264/1441/955 1173/1765/951
f 1175/1767/954 857/1362/956 1176/1769/957
f 1175/1767/954 1176/1769/957 1264/1441/955
f 1264/1441/955 1176/1769/957 760/1186/958
f 1264/1441/955 760/1186/958 1177/1771/959
f 1173/1765/951 1264/1441/955 1177/1771/959
f 1173/1765/951 1177/1771/959 759/1184/952
f 857/1364/956 1178/1773/960 1265/1442/961
f 857/1364/956 1265/1442/961 1176/1770/957
f 1178/1773/960 858/1365/962 1179/1775/963
f 1178/1773/960 1179/1775/963 1265/1442/961
f 1265/1442/961 1179/1775/963 761/1188/964
f 1265/1442/961 761/1188/964 1180/1776/965
f 1176/1770/957 1265/1442/961 1180/1776/965
f 1176/1770/957 1180/1776/965 760/1187/958
f 858/1365/962 1181/1777/966 1266/1443/967
f 858/1365/962 1266/1443/967 1179/1775/963
f 1181/1777/966 859/1367/968 1182/1779/969
f 1181/1777/966 1182/1779/969 1266/1443/967
f 1266/1443/967 1182/1779/969 762/1189/970
f 1266/1443/967 762/1189/970 1183/1780/971
f 1179/1775/963 1266/1443/967 1183/1780/971
f 1179/1775/963 1183/1780/971 761/1188/964
f 859/1367/968 1184/1781/972 1267/1444/973
f 859/1367/968 1267/1444/973 1182/1779/969
f 1184/1781/972 860/1369/974 1185/1783/975
f 1184/1781/972 1185/1783/975 1267/1444/973
f 1267/1444/973 1185/1783/975 763/1190/976
f 1267/1444/973 763/1190/976 1186/1784/977
f 1182/1779/969 1267/1444/973 1186/1784/977
f 1182/1779/969 1186/1784/977 762/1189/970
f 860/1369/974 1187/1785/978 1268/1445/979
f 860/1369/974 1268/1445/979 1185/1783/975
f 1187/1785/978 861/1371/980 1188/1787/981
f 1187/1785/978 1188/1787/981 1268/1445/979
f 1268/1445/979 1188/1787/981 764/1191/982
f 1268/1445/979 764/1191/982 1189/1788/983
f 1185/1783/975 1268/1445/979 1189/1788/983
f 1185/1783/975 1189/1788/983 763/1190/976
f 861/1371/980 1190/1789/984 1269/1446/985
f 861/1371/980 1269/1446/985 1188/1787/981
f 1190/1789/984 862/1373/986 1191/1791/987
f 1190/1789/984 1191/1791/987 1269/1446/985
f 1269/1446/985 1191/1791/987 765/1192/988
f 1269/1446/985 765/1192/988 1192/1793/989
f 1188/1787/981 1269/1446/985 1192/1793/989
f 1188/1787/981 1192/1793/989 764/1191/982
f 862/1375/986 1193/1794/990 1270/1447/991
f 862/1375/986 1270/1447/991 1191/1792/987
f 1193/1794/990 863/1376/992 1194/1796/993
f 1193/1794/990 1194/1796/993 1270/1447/991
f 1270/1447/991 1194/1796/993 766/1194/994
f 1270/1447/991 766/1194/994 1195/1798/995
f 1191/1792/987 1270/1447/991 1195/1798/995
f 1191/1792/987 1195/1798/995 765/1193/988
f 750/1172/905 1149/1730/904 1271/1448/996
f 750/1172/905 1271/1448/996 1197/1801/997
f 1149/1730/904 751/1173/903 1196/1800/998
f 1149/1730/904 1196/1800/998 1271/1448/996
f 1271/1448/996 1196/1800/998 700/1080/703
f 1271/1448/996 700/1080/703 1049/1575/700
f 1197/1801/997 1271/1448/996 1049/1575/700
f 1197/1801/997 1049/1575/700 699/1078/699
f 751/1173/903 1153/1735/911 1272/1449/999
f 751/1173/903 1272/1449/999 1196/1800/998
f 1153/1735/911 752/1174/910 1198/1802/1000
f 1153/1735/911 1198/1802/1000 1272/1449/999
f 1272/1449/999 1198/1802/1000 701/1082/710
f 1272/1449/999 701/1082/710 1053/1582/708
f 1196/1800/998 1272/1449/999 1053/1582/708
f 1196/1800/998 1053/1582/708 700/1080/703
f 752/1174/910 1156/1739/917 1273/1450/1001
f 752/1174/910 1273/1450/1001 1198/1802/1000
f 1156/1739/917 753/1175/916 1199/1803/1002
f 1156/1739/917 1199/1803/1002 1273/1450/1001
f 1273/1450/1001 1199/1803/1002 702/1084/716
f 1273/1450/1001 702/1084/716 1056/1587/714
f 1198/1802/1000 1273/1450/1001 1056/1587/714
f 1198/1802/1000 1056/1587/714 701/1082/710
f 753/1175/916 1159/1744/923 1274/1451/1003
f 753/1175/916 1274/1451/1003 1199/1803/1002
f 1159/1744/923 754/1176/922 1200/1804/1004
f 1159/1744/923 1200/1804/1004 1274/1451/1003
f 1274/1451/1003 1200/1804/1004 703/1086/722
f 1274/1451/1003 703/1086/722 1059/1592/720
f 1199/1803/1002 1274/1451/1003 1059/1592/720
f 1199/1803/1002 1059/1592/720 702/1084/716
f 754/1176/922 1162/1749/929 1275/1452/1005
f 754/1176/922 1275/1452/1005 1200/1804/1004
f 1162/1749/929 755/1179/928 1201/1805/1006
f 1162/1749/929 1201/1805/1006 1275/1452/1005
f 1275/1452/1005 1201/1805/1006 704/1089/728
f 1275/1452/1005 704/1089/728 1062/1598/726
f 1200/1804/1004 1275/1452/1005 1062/1598/726
f 1200/1804/1004 1062/1598/726 703/1086/722
f 755/1179/928 1165/1754/935 1276/1453/1007
f 755/1179/928 1276/1453/1007 1201/1805/1006
f 1165/1754/935 756/1181/934 1202/1806/1008
f 1165/1754/935 1202/1806/1008 1276/1453/1007
f 1276/1453/1007 1202/1806/1008 705/1091/734
f 1276/1453/1007 705/1091/734 1065/1603/732
f 1201/1805/1006 1276/1453/1007 1065/1603/732
f 1201/1805/1006 1065/1603/732 704/1089/728
f 756/1180/934 1168/1758/941 1277/1454/1009
f 756/1180/934 1277/1454/1009 1202/1807/1008
f 1168/1758/941 757/1182/940 1203/1808/1010
f 1168/1758/941 1203/1808/1010 1277/1454/1009
f 1277/1454/1009 1203/1808/1010 706/1094/740
f 1277/1454/1009 706/1094/740 1068/1608/738
f 1202/1807/1008 1277/1454/1009 1068/1608/738
f 1202/1807/1008 1068/1608/738 705/1092/734
f 757/1182/940 1171/1762/947 1278/1455/1011
f 757/1182/940 1278/1455/1011 1203/1808/1010
f 1171/1762/947 758/1183/946 1204/1809/1012
f 1171/1762/947 1204/1809/1012 1278/1455/1011
f 1278/1455/1011 1204/1809/1012 707/1096/746
f 1278/1455/1011 707/1096/746 1071/1613/744
f 1203/1808/1010 1278/1455/1011 1071/1613/744
f 1203/1808/1010 1071/1613/744 706/1094/740
f 758/1183/946 1174/1766/953 1279/1456/1013
f 758/1183/946 1279/1456/1013 1204/1809/1012
f 1174/1766/953 759/1184/952 1205/1810/1014
f 1174/1766/953 1205/1810/1014 1279/1456/1013
f 1279/1456/1013 1205/1810/1014 708/1098/752
f 1279/1456/1013 708/1098/752 1074/1618/750
f 1204/1809/1012 1279/1456/1013 1074/1618/750
f 1204/1809/1012 1074/1618/750 707/1096/746
f 759/1185/952 1177/1772/959 1280/1457/1015
f 759/1185/952 1280/1457/1015 1205/1811/1014
f 1177/1772/959 760/1187/958 1206/1812/1016
f 1177/1772/959 1206/1812/1016 1280/1457/1015
f 1280/1457/1015 1206/1812/1016 709/1101/758
f 1280/1457/1015 709/1101/758 1077/1623/756
f 1205/1811/1014 1280/1457/1015 1077/1623/756
f 1205/1811/1014 1077/1623/756 708/1099/752
f 760/1187/958 1180/1776/965 1281/1458/1017
f 760/1187/958 1281/1458/1017 1206/1812/1016
f 1180/1776/965 761/1188/964 1207/1813/1018
f 1180/1776/965 1207/1813/1018 1281/1458/1017
f 1281/1458/1017 1207/1813/1018 710/1103/764
f 1281/1458/1017 710/1103/764 1080/1628/762
f 1206/1812/1016 1281/1458/1017 1080/1628/762
f 1206/1812/1016 1080/1628/762 709/1101/758
f 761/1188/964 1183/1780/971 1282/1459/1019
f 761/1188/964 1282/1459/1019 1207/1813/1018
f 1183/1780/971 762/1189/970 1208/1814/1020
f 1183/1780/971 1208/1814/1020 1282/1459/1019
f 1282/1459/1019 1208/1814/1020 711/1105/770
f 1282/1459/1019 711/1105/770 1083/1633/768
f 1207/1813/1018 1282/1459/1019 1083/1633/768
f 1207/1813/1018 1083/1633/768 710/1103/764
f 762/1189/970 1186/1784/977 1283/1460/1021
f 762/1189/970 1283/1460/1021 1208/1814/1020
f 1186/1784/977 763/1190/976 1209/1815/1022
f 1186/1784/977 1209/1815/1022 1283/1460/1021
f 1283/1460/1021 1209/1815/1022 712/1107/776
f 1283/1460/1021 712/1107/776 1086/1638/774
f 1208/1814/1020 1283/1460/1021 1086/1638/774
f 1208/1814/1020 1086/1638/774 711/1105/770
f 763/1190/976 1189/1788/983 1284/1461/1023
f 763/1190/976 1284/1461/1023 1209/1815/1022
f 1189/1788/983 764/1191/982 1210/1816/1024
f 1189/1788/983 1210/1816/1024 1284/1461/1023
f 1284/1461/1023 1210/1816/1024 713/1109/782
f 1284/1461/1023 713/1109/782 1089/1643/780
f 1209/1815/1022 1284/1461/1023 1089/1643/780
f 1209/1815/1022 1089/1643/780 712/1107/776
f 764/1191/982 1192/1793/989 1285/1462/1025
f 764/1191/982 1285/1462/1025 1210/1816/1024
f 1192/1793/989 765/1192/988 1211/1817/1026
f 1192/1793/989 1211/1817/1026 1285/1462/1025
f 1285/1462/1025 1211/1817/1026 714/1111/788
f 1285/1462/1025 714/1111/788 1092/1648/786
f 1210/1816/1024 1285/1462/1025 1092/1648/786
f 1210/1816/1024 1092/1648/786 713/1109/782
f 765/1192/988 1195/1799/995 1286/1463/1027
f 765/1192/988 1286/1463/1027 1211/1817/1026
f 1195/1799/995 766/1195/994 1212/1818/1028
f 1195/1799/995 1212/1818/1028 1286/1463/1027
f 1286/1463/1027 1212/1818/1028 715/1113/794
f 1286/1463/1027 715/1113/794 1095/1653/792
f 1211/1817/1026 1286/1463/1027 1095/1653/792
f 1211/1817/1026 1095/1653/792 714/1111/788
f 715/1113/794 1212/1818/1028 1287/1464/1029
f 715/1113/794 1287/1464/1029 1096/1655/795
f 1212/1818/1028 766/1195/994 1194/1797/993
f 1212/1818/1028 1194/1797/993 1287/1464/1029
f 1287/1464/1029 1194/1797/993 863/1378/992
f 1287/1464/1029 863/1378/992 1213/1819/1030
f 1096/1655/795 1287/1464/1029 1213/1819/1030
f 1096/1655/795 1213/1819/1030 864/1380/796
f 750/1172/905 1197/1801/997 1288/1465/1031
f 750/1172/905 1288/1465/1031 1150/1731/900
f 1197/1801/997 699/1078/699 1052/1580/702
f 1197/1801/997 1052/1580/702 1288/1465/1031
f 1288/1465/1031 1052/1580/702 846/1338/707
f 1288/1465/1031 846/1338/707 1214/1820/1032
f 1150/1731/900 1288/1465/1031 1214/1820/1032
f 1150/1731/900 1214/1820/1032 847/1339/897
f 768/1198/1033 1215/1822/1034 1289/1466/1035
f 768/1198/1033 1289/1466/1035 1218/1827/1036
f 1215/1822/1034 767/1196/1037 1216/1823/1038
f 1215/1822/1034 1216/1823/1038 1289/1466/1035
f 1289/1466/1035 1216/1823/1038 831/1302/1039
f 1289/1466/1035 831/1302/1039 1217/1825/1040
f 1218/1827/1036 1289/1466/1035 1217/1825/1040
f 1218/1827/1036 1217/1825/1040 832/1305/1041
f 769/1199/1042 1219/1828/1043 1290/1467/1044
f 769/1199/1042 1290/1467/1044 1221/1831/1045
f 1219/1828/1043 768/1198/1033 1218/1827/1036
f 1219/1828/1043 1218/1827/1036 1290/1467/1044
f 1290/1467/1044 1218/1827/1036 832/1305/1041
f 1290/1467/1044 832/1305/1041 1220/1829/1046
f 1221/1831/1045 1290/1467/1044 1220/1829/1046
f 1221/1831/1045 1220/1829/1046 833/1307/1047
f 770/1200/1048 1222/1832/1049 1291/1468/1050
f 770/1200/1048 1291/1468/1050 876/1835/1051
f 1222/1832/1049 769/1199/1042 1221/1831/1045
f 1222/1832/1049 1221/1831/1045 1291/1468/1050
f 1291/1468/1050 1221/1831/1045 833/1307/1047
f 1291/1468/1050 833/1307/1047 875/1833/1052
f 876/1835/1051 1291/1468/1050 875/1833/1052
f 876/1835/1051 875/1833/1052 834/1309/1053
f 771/1201/1054 877/1836/1055 1292/1469/1056
f 771/1201/1054 1292/1469/1056 879/1839/1057
f 877/1836/1055 770/1200/1048 876/1835/1051
f 877/1836/1055 876/1835/1051 1292/1469/1056
f 1292/1469/1056 876/1835/1051 834/1309/1053
f 1292/1469/1056 834/1309/1053 878/1837/1058
f 879/1839/1057 1292/1469/1056 878/1837/1058
f 879/1839/1057 878/1837/1058 801/1234/1059
f 772/1202/1060 880/1840/1061 1293/1470/1062
f 772/1202/1060 1293/1470/1062 882/1843/1063
f 880/1840/1061 771/1201/1054 879/1839/1057
f 880/1840/1061 879/1839/1057 1293/1470/1062
f 1293/1470/1062 879/1839/1057 801/1234/1059
f 1293/1470/1062 801/1234/1059 881/1841/1064
f 882/1843/1063 1293/1470/1062 881/1841/1064
f 882/1843/1063 881/1841/1064 802/1236/1065
f 773/1203/1066 883/1844/1067 1294/1471/1068
f 773/1203/1066 1294/1471/1068 885/1847/1069
f 883/1844/1067 772/1202/1060 882/1843/1063
f 883/1844/1067 882/1843/1063 1294/1471/1068
f 1294/1471/1068 882/1843/1063 802/1236/1065
f 1294/1471/1068 802/1236/1065 884/1845/1070
f 885/1847/1069 1294/1471/1068 884/1845/1070
f 885/1847/1069 884/1845/1070 803/1238/1071
f 774/1204/1072 886/1848/1073 1295/1472/1074
f 774/1204/1072 1295/1472/1074 888/1851/1075
f 886/1848/1073 773/1203/1066 885/1847/1069
f 886/1848/1073 885/1847/1069 1295/1472/1074
f 1295/1472/1074 885/1847/1069 803/1238/1071
f 1295/1472/1074 803/1238/1071 887/1849/1076
f 888/1851/1075 1295/1472/1074 887/1849/1076
f 888/1851/1075 887/1849/1076 804/1240/1077
f 775/1205/1078 889/1852/1079 1296/1473/1080
f 775/1205/1078 1296/1473/1080 891/1855/1081
f 889/1852/1079 774/1204/1072 888/1851/1075
f 889/1852/1079 888/1851/1075 1296/1473/1080
f 1296/1473/1080 888/1851/1075 804/1240/1077
f 1296/1473/1080 804/1240/1077 890/1853/1082
f 891/1855/1081 1296/1473/1080 890/1853/1082
f 891/1855/1081 890/1853/1082 805/1242/1083
f 776/1206/1084 892/1856/1085 1297/1474/1086
f 776/1206/1084 1297/1474/1086 894/1859/1087
f 892/1856/1085 775/1205/1078 891/1855/1081
f 892/1856/1085 891/1855/1081 1297/1474/1086
f 1297/1474/1086 891/1855/1081 805/1242/1083
f 1297/1474/1086 805/1242/1083 893/1857/1088
f 894/1859/1087 1297/1474/1086 893/1857/1088
f 894/1859/1087 893/1857/1088 806/1244/1089
f 777/1207/1090 895/1860/1091 1298/1475/1092
f 777/1207/1090 1298/1475/1092 897/1863/1093
f 895/1860/1091 776/1206/1084 894/1859/1087
f 895/1860/1091 894/1859/1087 1298/1475/1092
f 1298/1475/1092 894/1859/1087 806/1244/1089
f 1298/1475/1092 806/1244/1089 896/1861/1094
f 897/1863/1093 1298/1475/1092 896/1861/1094
f 897/1863/1093 896/1861/1094 807/1246/1095
f 778/1208/1096 898/1864/1097 1299/1476/1098
f 778/1208/1096 1299/1476/1098 900/1867/1099
f 898/1864/1097 777/1207/1090 897/1863/1093
f 898/1864/1097 897/1863/1093 1299/1476/1098
f 1299/1476/1098 897/1863/1093 807/1246/1095
f 1299/1476/1098 807/1246/1095 899/1865/1100
f 900/1867/1099 1299/1476/1098 899/1865/1100
f 900/1867/1099 899/1865/1100 808/1248/1101
f 779/1209/1102 901/1868/1103 1300/1477/1104
f 779/1209/1102 1300/1477/1104 903/1871/1105
f 901/1868/1103 778/1208/1096 900/1867/1099
f 901/1868/1103 900/1867/1099 1300/1477/1104
f 1300/1477/1104 900/1867/1099 808/1248/1101
f 1300/1477/1104 808/1248/1101 902/1869/1106
f 903/1871/1105 1300/1477/1104 902/1869/1106
f 903/1871/1105 902/1869/1106 809/1251/1107
f 780/1210/1108 904/1872/1109 1301/1478/1110
f 780/1210/1108 1301/1478/1110 906/1875/1111
f 904/1872/1109 779/1209/1102 903/1871/1105
f 904/1872/1109 903/1871/1105 1301/1478/1110
f 1301/1478/1110 903/1871/1105 809/1251/1107
f 1301/1478/1110 809/1251/1107 905/1873/1112
f 906/1875/1111 1301/1478/1110 905/1873/1112
f 906/1875/1111 905/1873/1112 810/1253/1113
f 781/1211/1114 907/1876/1115 1302/1479/1116
f 781/1211/1114 1302/1479/1116 909/1879/1117
f 907/1876/1115 780/1210/1108 906/1875/1111
f 907/1876/1115 906/1875/1111 1302/1479/1116
f 1302/1479/1116 906/1875/1111 810/1253/1113
f 1302/1479/1116 810/1253/1113 908/1877/1118
f 909/1879/1117 1302/1479/1116 908/1877/1118
f 909/1879/1117 908/1877/1118 811/1255/1119
f 782/1212/1120 910/1880/1121 1303/1480/1122
f 782/1212/1120 1303/1480/1122 912/1883/1123
f 910/1880/1121 781/1211/1114 909/1879/1117
f 910/1880/1121 909/1879/1117 1303/1480/1122
f 1303/1480/1122 909/1879/1117 811/1255/1119
f 1303/1480/1122 811/1255/1119 911/1881/1124
f 912/1883/1123 1303/1480/1122 911/1881/1124
f 912/1883/1123 911/1881/1124 812/1257/1125
f 870/1391/1126 913/1885/1127 1304/1481/1128
f 870/1391/1126 1304/1481/1128 916/1889/1129
f 913/1885/1127 869/1390/1130 914/1886/1131
f 913/1885/1127 914/1886/1131 1304/1481/1128
f 1304/1481/1128 914/1886/1131 871/1392/1132
f 1304/1481/1128 871/1392/1132 915/1887/1133
f 916/1889/1129 1304/1481/1128 915/1887/1133
f 916/1889/1129 915/1887/1133 872/1394/1134
f 813/1262/1135 917/1890/1136 1305/1482/1137
f 813/1262/1135 1305/1482/1137 920/1894/1138
f 917/1890/1136 814/1266/1139 918/1892/1140
f 917/1890/1136 918/1892/1140 1305/1482/1137
f 1305/1482/1137 918/1892/1140 784/1216/1141
f 1305/1482/1137 784/1216/1141 919/1893/1142
f 920/1894/1138 1305/1482/1137 919/1893/1142
f 920/1894/1138 919/1893/1142 783/1214/1143
f 814/1266/1139 921/1896/1144 1306/1483/1145
f 814/1266/1139 1306/1483/1145 918/1892/1140
f 921/1896/1144 815/1268/1146 922/1898/1147
f 921/1896/1144 922/1898/1147 1306/1483/1145
f 1306/1483/1145 922/1898/1147 785/1217/1148
f 1306/1483/1145 785/1217/1148 923/1899/1149
f 918/1892/1140 1306/1483/1145 923/1899/1149
f 918/1892/1140 923/1899/1149 784/1216/1141
f 815/1268/1146 924/1900/1150 1307/1484/1151
f 815/1268/1146 1307/1484/1151 922/1898/1147
f 924/1900/1150 816/1270/1152 925/1902/1153
f 924/1900/1150 925/1902/1153 1307/1484/1151
f 1307/1484/1151 925/1902/1153 786/1218/1154
f 1307/1484/1151 786/1218/1154 926/1903/1155
f 922/1898/1147 1307/1484/1151 926/1903/1155
f 922/1898/1147 926/1903/1155 785/1217/1148
f 816/1270/1152 927/1904/1156 1308/1485/1157
f 816/1270/1152 1308/1485/1157 925/1902/1153
f 927/1904/1156 817/1272/1158 928/1906/1159
f 927/1904/1156 928/1906/1159 1308/1485/1157
f 1308/1485/1157 928/1906/1159 787/1219/1160
f 1308/1485/1157 787/1219/1160 929/1907/1161
f 925/1902/1153 1308/1485/1157 929/1907/1161
f 925/1902/1153 929/1907/1161 786/1218/1154
f 817/1272/1158 930/1908/1162 1309/1486/1163
f 817/1272/1158 1309/1486/1163 928/1906/1159
f 930/1908/1162 818/1275/1164 931/1910/1165
f 930/1908/1162 931/1910/1165 1309/1486/1163
f 1309/1486/1163 931/1910/1165 788/1220/1166
f 1309/1486/1163 788/1220/1166 932/1911/1167
f 928/1906/1159 1309/1486/1163 932/1911/1167
f 928/1906/1159 932/1911/1167 787/1219/1160
f 818/1275/1164 933/1912/1168 1310/1487/1169
f 818/1275/1164 1310/1487/1169 931/1910/1165
f 933/1912/1168 819/1277/1170 934/1914/1171
f 933/1912/1168 934/1914/1171 1310/1487/1169
f 1310/1487/1169 934/1914/1171 789/1221/1172
f 1310/1487/1169 789/1221/1172 935/1915/1173
f 931/1910/1165 1310/1487/1169 935/1915/1173
f 931/1910/1165 935/1915/1173 788/1220/1166
f 819/1277/1170 936/1916/1174 1311/1488/1175
f 819/1277/1170 1311/1488/1175 934/1914/1171
f 936/1916/1174 820/1279/1176 937/1918/1177
f 936/1916/1174 937/1918/1177 1311/1488/1175
f 1311/1488/1175 937/1918/1177 790/1222/1178
f 1311/1488/1175 790/1222/1178 938/1919/1179
f 934/1914/1171 1311/1488/1175 938/1919/1179
f 934/1914/1171 938/1919/1179 789/1221/1172
f 820/1279/1176 939/1920/1180 1312/1489/1181
f 820/1279/1176 1312/1489/1181 937/1918/1177
f 939/1920/1180 821/1281/1182 940/1922/1183
f 939/1920/1180 940/1922/1183 1312/1489/1181
f 1312/1489/1181 940/1922/1183 791/1223/1184
f 1312/1489/1181 791/1223/1184 941/1923/1185
f 937/1918/1177 1312/1489/1181 941/1923/1185
f 937/1918/1177 941/1923/1185 790/1222/1178
f 821/1281/1182 942/1924/1186 1313/1490/1187
f 821/1281/1182 1313/1490/1187 940/1922/1183
f 942/1924/1186 822/1283/1188 943/1926/1189
f 942/1924/1186 943/1926/1189 1313/1490/1187
f 1313/1490/1187 943/1926/1189 792/1224/1190
f 1313/1490/1187 792/1224/1190 944/1927/1191
f 940/1922/1183 1313/1490/1187 944/1927/1191
f 940/1922/1183 944/1927/1191 791/1223/1184
f 822/1283/1188 945/1928/1192 1314/1491/1193
f 822/1283/1188 1314/1491/1193 943/1926/1189
f 945/1928/1192 823/1285/1194 946/1930/1195
f 945/1928/1192 946/1930/1195 1314/1491/1193
f 1314/1491/1193 946/1930/1195 793/1225/1196
f 1314/1491/1193 793/1225/1196 947/1931/1197
f 943/1926/1189 1314/1491/1193 947/1931/1197
f 943/1926/1189 947/1931/1197 792/1224/1190
f 823/1285/1194 948/1932/1198 1315/1492/1199
f 823/1285/1194 1315/1492/1199 946/1930/1195
f 948/1932/1198 824/1287/1200 949/1934/1201
f 948/1932/1198 949/1934/1201 1315/1492/1199
f 1315/1492/1199 949/1934/1201 794/1226/1202
f 1315/1492/1199 794/1226/1202 950/1935/1203
f 946/1930/1195 1315/1492/1199 950/1935/1203
f 946/1930/1195 950/1935/1203 793/1225/1196
f 824/1287/1200 951/1936/1204 1316/1493/1205
f 824/1287/1200 1316/1493/1205 949/1934/1201
f 951/1936/1204 825/1289/1206 952/1938/1207
f 951/1936/1204 952/1938/1207 1316/1493/1205
f 1316/1493/1205 952/1938/1207 795/1227/1208
f 1316/1493/1205 795/1227/1208 953/1939/1209
f 949/1934/1201 1316/1493/1205 953/1939/1209
f 949/1934/1201 953/1939/1209 794/1226/1202
f 825/1289/1206 954/1940/1210 1317/1494/1211
f 825/1289/1206 1317/1494/1211 952/1938/1207
f 954/1940/1210 826/1291/1212 955/1942/1213
f 954/1940/1210 955/1942/1213 1317/1494/1211
f 1317/1494/1211 955/1942/1213 796/1228/1214
f 1317/1494/1211 796/1228/1214 956/1943/1215
f 952/1938/1207 1317/1494/1211 956/1943/1215
f 952/1938/1207 956/1943/1215 795/1227/1208
f 826/1291/1212 957/1944/1216 1318/1495/1217
f 826/1291/1212 1318/1495/1217 955/1942/1213
f 957/1944/1216 827/1293/1218 958/1946/1219
f 957/1944/1216 958/1946/1219 1318/1495/1217
f 1318/1495/1217 958/1946/1219 797/1229/1220
f 1318/1495/1217 797/1229/1220 959/1947/1221
f 955/1942/1213 1318/1495/1217 959/1947/1221
f 955/1942/1213 959/1947/1221 796/1228/1214
f 827/1293/1218 960/1948/1222 1319/1496/1223
f 827/1293/1218 1319/1496/1223 958/1946/1219
f 960/1948/1222 828/1295/1224 961/1950/1225
f 960/1948/1222 961/1950/1225 1319/1496/1223
f 1319/1496/1223 961/1950/1225 798/1230/1226
f 1319/1496/1223 798/1230/1226 962/1951/1227
f 958/1946/1219 1319/1496/1223 962/1951/1227
f 958/1946/1219 962/1951/1227 797/1229/1220
f 828/1295/1224 963/1952/1228 1320/1497/1229
f 828/1295/1224 1320/1497/1229 961/1950/1225
f 963/1952/1228 829/1297/1230 964/1954/1231
f 963/1952/1228 964/1954/1231 1320/1497/1229
f 1320/1497/1229 964/1954/1231 799/1231/1232
f 1320/1497/1229 799/1231/1232 965/1956/1233
f 961/1950/1225 1320/1497/1229 965/1956/1233
f 961/1950/1225 965/1956/1233 798/1230/1226
f 800/1233/1234 966/1957/1235 1321/1498/1236
f 800/1233/1234 1321/1498/1236 968/1959/1237
f 966/1957/1235 799/1232/1232 964/1955/1231
f 966/1957/1235 964/1955/1231 1321/1498/1236
f 1321/1498/1236 964/1955/1231 829/1299/1230
f 1321/1498/1236 829/1299/1230 967/1958/1238
f 968/1959/1237 1321/1498/1236 967/1958/1238
f 968/1959/1237 967/1958/1238 830/1300/1239
f 767/1197/1037 969/1960/1240 1322/1499/1241
f 767/1197/1037 1322/1499/1241 1216/1824/1038
f 969/1960/1240 800/1233/1234 968/1959/1237
f 969/1960/1240 968/1959/1237 1322/1499/1241
f 1322/1499/1241 968/1959/1237 830/1300/1239
f 1322/1499/1241 830/1300/1239 970/1961/1242
f 1216/1824/1038 1322/1499/1241 970/1961/1242
f 1216/1824/1038 970/1961/1242 831/1303/1039
f 802/1237/1065 881/1842/1064 1323/1500/1243
f 802/1237/1065 1323/1500/1243 972/1964/1244
f 881/1842/1064 801/1235/1059 971/1963/1245
f 881/1842/1064 971/1963/1245 1323/1500/1243
f 1323/1500/1243 971/1963/1245 727/1139/863
f 1323/1500/1243 727/1139/863 1129/1703/861
f 972/1964/1244 1323/1500/1243 1129/1703/861
f 972/1964/1244 1129/1703/861 726/1137/857
f 803/1239/1071 884/1846/1070 1324/1501/1246
f 803/1239/1071 1324/1501/1246 973/1965/1247
f 884/1846/1070 802/1237/1065 972/1964/1244
f 884/1846/1070 972/1964/1244 1324/1501/1246
f 1324/1501/1246 972/1964/1244 726/1137/857
f 1324/1501/1246 726/1137/857 1126/1699/855
f 973/1965/1247 1324/1501/1246 1126/1699/855
f 973/1965/1247 1126/1699/855 725/1135/851
f 804/1241/1077 887/1850/1076 1325/1502/1248
f 804/1241/1077 1325/1502/1248 974/1966/1249
f 887/1850/1076 803/1239/1071 973/1965/1247
f 887/1850/1076 973/1965/1247 1325/1502/1248
f 1325/1502/1248 973/1965/1247 725/1135/851
f 1325/1502/1248 725/1135/851 1123/1695/849
f 974/1966/1249 1325/1502/1248 1123/1695/849
f 974/1966/1249 1123/1695/849 724/1133/845
f 805/1243/1083 890/1854/1082 1326/1503/1250
f 805/1243/1083 1326/1503/1250 975/1967/1251
f 890/1854/1082 804/1241/1077 974/1966/1249
f 890/1854/1082 974/1966/1249 1326/1503/1250
f 1326/1503/1250 974/1966/1249 724/1133/845
f 1326/1503/1250 724/1133/845 1120/1691/843
f 975/1967/1251 1326/1503/1250 1120/1691/843
f 975/1967/1251 1120/1691/843 723/1131/839
f 806/1245/1089 893/1858/1088 1327/1504/1252
f 806/1245/1089 1327/1504/1252 976/1968/1253
f 893/1858/1088 805/1243/1083 975/1967/1251
f 893/1858/1088 975/1967/1251 1327/1504/1252
f 1327/1504/1252 975/1967/1251 723/1131/839
f 1327/1504/1252 723/1131/839 1117/1687/837
f 976/1968/1253 1327/1504/1252 1117/1687/837
f 976/1968/1253 1117/1687/837 722/1128/833
f 807/1247/1095 896/1862/1094 1328/1505/1254
f 807/1247/1095 1328/1505/1254 977/1969/1255
f 896/1862/1094 806/1245/1089 976/1968/1253
f 896/1862/1094 976/1968/1253 1328/1505/1254
f 1328/1505/1254 976/1968/1253 722/1128/833
f 1328/1505/1254 722/1128/833 1114/1681/831
f 977/1969/1255 1328/1505/1254 1114/1681/831
f 977/1969/1255 1114/1681/831 721/1126/827
f 808/1249/1101 899/1866/1100 1329/1506/1256
f 808/1249/1101 1329/1506/1256 978/1970/1257
f 899/1866/1100 807/1247/1095 977/1969/1255
f 899/1866/1100 977/1969/1255 1329/1506/1256
f 1329/1506/1256 977/1969/1255 721/1126/827
f 1329/1506/1256 721/1126/827 1111/1676/825
f 978/1970/1257 1329/1506/1256 1111/1676/825
f 978/1970/1257 1111/1676/825 720/1124/821
f 809/1252/1107 902/1870/1106 1330/1507/1258
f 809/1252/1107 1330/1507/1258 979/1972/1259
f 902/1870/1106 808/1250/1101 978/1971/1257
f 902/1870/1106 978/1971/1257 1330/1507/1258
f 1330/1507/1258 978/1971/1257 720/1123/821
f 1330/1507/1258 720/1123/821 1108/1672/819
f 979/1972/1259 1330/1507/1258 1108/1672/819
f 979/1972/1259 1108/1672/819 719/1121/815
f 810/1254/1113 905/1874/1112 1331/1508/1260
f 810/1254/1113 1331/1508/1260 980/1973/1261
f 905/1874/1112 809/1252/1107 979/1972/1259
f 905/1874/1112 979/1972/1259 1331/1508/1260
f 1331/1508/1260 979/1972/1259 719/1121/815
f 1331/1508/1260 719/1121/815 1105/1668/813
f 980/1973/1261 1331/1508/1260 1105/1668/813
f 980/1973/1261 1105/1668/813 718/1119/809
f 811/1256/1119 908/1878/1118 1332/1509/1262
f 811/1256/1119 1332/1509/1262 981/1974/1263
f 908/1878/1118 810/1254/1113 980/1973/1261
f 908/1878/1118 980/1973/1261 1332/1509/1262
f 1332/1509/1262 980/1973/1261 718/1119/809
f 1332/1509/1262 718/1119/809 1102/1664/807
f 981/1974/1263 1332/1509/1262 1102/1664/807
f 981/1974/1263 1102/1664/807 717/1117/802
f 812/1258/1125 911/1882/1124 1333/1510/1264
f 812/1258/1125 1333/1510/1264 982/1975/1265
f 911/1882/1124 811/1256/1119 981/1974/1263
f 911/1882/1124 981/1974/1263 1333/1510/1264
f 1333/1510/1264 981/1974/1263 717/1117/802
f 1333/1510/1264 717/1117/802 1098/1659/799
f 982/1975/1265 1333/1510/1264 1098/1659/799
f 982/1975/1265 1098/1659/799 716/1115/798
f 813/1265/1135 983/1977/1266 1334/1511/1267
f 813/1265/1135 1334/1511/1267 984/1979/1268
f 983/1977/1266 812/1259/1125 982/1976/1265
f 983/1977/1266 982/1976/1265 1334/1511/1267
f 1334/1511/1267 982/1976/1265 716/1114/798
f 1334/1511/1267 716/1114/798 1101/1662/801
f 984/1979/1268 1334/1511/1267 1101/1662/801
f 984/1979/1268 1101/1662/801 733/1151/806
f 733/1151/806 1100/1661/805 1335/1512/1269
f 733/1151/806 1335/1512/1269 984/1979/1268
f 1100/1661/805 734/1152/804 985/1980/1270
f 1100/1661/805 985/1980/1270 1335/1512/1269
f 1335/1512/1269 985/1980/1270 814/1267/1139
f 1335/1512/1269 814/1267/1139 917/1891/1136
f 984/1979/1268 1335/1512/1269 917/1891/1136
f 984/1979/1268 917/1891/1136 813/1265/1135
f 734/1152/804 1104/1666/812 1336/1513/1271
f 734/1152/804 1336/1513/1271 985/1980/1270
f 1104/1666/812 735/1153/811 986/1981/1272
f 1104/1666/812 986/1981/1272 1336/1513/1271
f 1336/1513/1271 986/1981/1272 815/1269/1146
f 1336/1513/1271 815/1269/1146 921/1897/1144
f 985/1980/1270 1336/1513/1271 921/1897/1144
f 985/1980/1270 921/1897/1144 814/1267/1139
f 735/1153/811 1107/1670/818 1337/1514/1273
f 735/1153/811 1337/1514/1273 986/1981/1272
f 1107/1670/818 736/1154/817 987/1982/1274
f 1107/1670/818 987/1982/1274 1337/1514/1273
f 1337/1514/1273 987/1982/1274 816/1271/1152
f 1337/1514/1273 816/1271/1152 924/1901/1150
f 986/1981/1272 1337/1514/1273 924/1901/1150
f 986/1981/1272 924/1901/1150 815/1269/1146
f 736/1154/817 1110/1674/824 1338/1515/1275
f 736/1154/817 1338/1515/1275 987/1982/1274
f 1110/1674/824 737/1155/823 988/1983/1276
f 1110/1674/824 988/1983/1276 1338/1515/1275
f 1338/1515/1275 988/1983/1276 817/1273/1158
f 1338/1515/1275 817/1273/1158 927/1905/1156
f 987/1982/1274 1338/1515/1275 927/1905/1156
f 987/1982/1274 927/1905/1156 816/1271/1152
f 737/1156/823 1113/1679/830 1339/1516/1277
f 737/1156/823 1339/1516/1277 988/1984/1276
f 1113/1679/830 738/1158/829 989/1985/1278
f 1113/1679/830 989/1985/1278 1339/1516/1277
f 1339/1516/1277 989/1985/1278 818/1276/1164
f 1339/1516/1277 818/1276/1164 930/1909/1162
f 988/1984/1276 1339/1516/1277 930/1909/1162
f 988/1984/1276 930/1909/1162 817/1274/1158
f 738/1158/829 1116/1685/836 1340/1517/1279
f 738/1158/829 1340/1517/1279 989/1985/1278
f 1116/1685/836 739/1160/835 990/1986/1280
f 1116/1685/836 990/1986/1280 1340/1517/1279
f 1340/1517/1279 990/1986/1280 819/1278/1170
f 1340/1517/1279 819/1278/1170 933/1913/1168
f 989/1985/1278 1340/1517/1279 933/1913/1168
f 989/1985/1278 933/1913/1168 818/1276/1164
f 739/1160/835 1119/1689/842 1341/1518/1281
f 739/1160/835 1341/1518/1281 990/1986/1280
f 1119/1689/842 740/1161/841 991/1987/1282
f 1119/1689/842 991/1987/1282 1341/1518/1281
f 1341/1518/1281 991/1987/1282 820/1280/1176
f 1341/1518/1281 820/1280/1176 936/1917/1174
f 990/1986/1280 1341/1518/1281 936/1917/1174
f 990/1986/1280 936/1917/1174 819/1278/1170
f 740/1161/841 1122/1693/848 1342/1519/1283
f 740/1161/841 1342/1519/1283 991/1987/1282
f 1122/1693/848 741/1162/847 992/1988/1284
f 1122/1693/848 992/1988/1284 1342/1519/1283
f 1342/1519/1283 992/1988/1284 821/1282/1182
f 1342/1519/1283 821/1282/1182 939/1921/1180
f 991/1987/1282 1342/1519/1283 939/1921/1180
f 991/1987/1282 939/1921/1180 820/1280/1176
f 741/1162/847 1125/1697/854 1343/1520/1285
f 741/1162/847 1343/1520/1285 992/1988/1284
f 1125/1697/854 742/1163/853 993/1989/1286
f 1125/1697/854 993/1989/1286 1343/1520/1285
f 1343/1520/1285 993/1989/1286 822/1284/1188
f 1343/1520/1285 822/1284/1188 942/1925/1186
f 992/1988/1284 1343/1520/1285 942/1925/1186
f 992/1988/1284 942/1925/1186 821/1282/1182
f 742/1163/853 1128/1701/860 1344/1521/1287
f 742/1163/853 1344/1521/1287 993/1989/1286
f 1128/1701/860 743/1164/859 994/1990/1288
f 1128/1701/860 994/1990/1288 1344/1521/1287
f 1344/1521/1287 994/1990/1288 823/1286/1194
f 1344/1521/1287 823/1286/1194 945/1929/1192
f 993/1989/1286 1344/1521/1287 945/1929/1192
f 993/1989/1286 945/1929/1192 822/1284/1188
f 743/1164/859 1131/1705/866 1345/1522/1289
f 743/1164/859 1345/1522/1289 994/1990/1288
f 1131/1705/866 744/1165/865 995/1991/1290
f 1131/1705/866 995/1991/1290 1345/1522/1289
f 1345/1522/1289 995/1991/1290 824/1288/1200
f 1345/1522/1289 824/1288/1200 948/1933/1198
f 994/1990/1288 1345/1522/1289 948/1933/1198
f 994/1990/1288 948/1933/1198 823/1286/1194
f 744/1165/865 1134/1709/872 1346/1523/1291
f 744/1165/865 1346/1523/1291 995/1991/1290
f 1134/1709/872 745/1166/871 996/1992/1292
f 1134/1709/872 996/1992/1292 1346/1523/1291
f 1346/1523/1291 996/1992/1292 825/1290/1206
f 1346/1523/1291 825/1290/1206 951/1937/1204
f 995/1991/1290 1346/1523/1291 951/1937/1204
f 995/1991/1290 951/1937/1204 824/1288/1200
f 745/1166/871 1137/1713/878 1347/1524/1293
f 745/1166/871 1347/1524/1293 996/1992/1292
f 1137/1713/878 746/1167/877 997/1993/1294
f 1137/1713/878 997/1993/1294 1347/1524/1293
f 1347/1524/1293 997/1993/1294 826/1292/1212
f 1347/1524/1293 826/1292/1212 954/1941/1210
f 996/1992/1292 1347/1524/1293 954/1941/1210
f 996/1992/1292 954/1941/1210 825/1290/1206
f 746/1167/877 1140/1717/884 1348/1525/1295
f 746/1167/877 1348/1525/1295 997/1993/1294
f 1140/1717/884 747/1168/883 998/1994/1296
f 1140/1717/884 998/1994/1296 1348/1525/1295
f 1348/1525/1295 998/1994/1296 827/1294/1218
f 1348/1525/1295 827/1294/1218 957/1945/1216
f 997/1993/1294 1348/1525/1295 957/1945/1216
f 997/1993/1294 957/1945/1216 826/1292/1212
f 747/1168/883 1143/1721/890 1349/1526/1297
f 747/1168/883 1349/1526/1297 998/1994/1296
f 1143/1721/890 748/1169/889 999/1995/1298
f 1143/1721/890 999/1995/1298 1349/1526/1297
f 1349/1526/1297 999/1995/1298 828/1296/1224
f 1349/1526/1297 828/1296/1224 960/1949/1222
f 998/1994/1296 1349/1526/1297 960/1949/1222
f 998/1994/1296 960/1949/1222 827/1294/1218
f 748/1169/889 1146/1726/896 1350/1527/1299
f 748/1169/889 1350/1527/1299 999/1995/1298
f 1146/1726/896 749/1170/895 1000/1996/1300
f 1146/1726/896 1000/1996/1300 1350/1527/1299
f 1350/1527/1299 1000/1996/1300 829/1298/1230
f 1350/1527/1299 829/1298/1230 963/1953/1228
f 999/1995/1298 1350/1527/1299 963/1953/1228
f 999/1995/1298 963/1953/1228 828/1296/1224
f 830/1300/1239 967/1958/1238 1351/1528/1301
f 830/1300/1239 1351/1528/1301 1001/1998/1302
f 967/1958/1238 829/1299/1230 1000/1997/1300
f 967/1958/1238 1000/1997/1300 1351/1528/1301
f 1351/1528/1301 1000/1997/1300 749/1171/895
f 1351/1528/1301 749/1171/895 1145/1725/894
f 1001/1998/1302 1351/1528/1301 1145/1725/894
f 1001/1998/1302 1145/1725/894 732/1150/893
f 831/1304/1039 970/1962/1242 1352/1529/1303
f 831/1304/1039 1352/1529/1303 1002/2000/1304
f 970/1962/1242 830/1301/1239 1001/1999/1302
f 970/1962/1242 1001/1999/1302 1352/1529/1303
f 1352/1529/1303 1001/1999/1302 732/1149/893
f 1352/1529/1303 732/1149/893 1144/1723/891
f 1002/2000/1304 1352/1529/1303 1144/1723/891
f 1002/2000/1304 1144/1723/891 731/1147/887
f 832/1306/1041 1217/1826/1040 1353/1530/1305
f 832/1306/1041 1353/1530/1305 1003/2001/1306
f 1217/1826/1040 831/1304/1039 1002/2000/1304
f 1217/1826/1040 1002/2000/1304 1353/1530/1305
f 1353/1530/1305 1002/2000/1304 731/1147/887
f 1353/1530/1305 731/1147/887 1141/1719/885
f 1003/2001/1306 1353/1530/1305 1141/1719/885
f 1003/2001/1306 1141/1719/885 730/1145/881
f 833/1308/1047 1220/1830/1046 1354/1531/1307
f 833/1308/1047 1354/1531/1307 1004/2002/1308
f 1220/1830/1046 832/1306/1041 1003/2001/1306
f 1220/1830/1046 1003/2001/1306 1354/1531/1307
f 1354/1531/1307 1003/2001/1306 730/1145/881
f 1354/1531/1307 730/1145/881 1138/1715/879
f 1004/2002/1308 1354/1531/1307 1138/1715/879
f 1004/2002/1308 1138/1715/879 729/1143/875
f 834/1310/1053 875/1834/1052 1355/1532/1309
f 834/1310/1053 1355/1532/1309 1005/2003/1310
f 875/1834/1052 833/1308/1047 1004/2002/1308
f 875/1834/1052 1004/2002/1308 1355/1532/1309
f 1355/1532/1309 1004/2002/1308 729/1143/875
f 1355/1532/1309 729/1143/875 1135/1711/873
f 1005/2003/1310 1355/1532/1309 1135/1711/873
f 1005/2003/1310 1135/1711/873 728/1141/869
f 801/1235/1059 878/1838/1058 1356/1533/1311
f 801/1235/1059 1356/1533/1311 971/1963/1245
f 878/1838/1058 834/1310/1053 1005/2003/1310
f 878/1838/1058 1005/2003/1310 1356/1533/1311
f 1356/1533/1311 1005/2003/1310 728/1141/869
f 1356/1533/1311 728/1141/869 1132/1707/867
f 971/1963/1245 1356/1533/1311 1132/1707/867
f 971/1963/1245 1132/1707/867 727/1139/863
f 836/1314/760 1082/1631/767 1357/1534/1312
f 836/1314/760 1357/1534/1312 1007/2005/1313
f 1082/1631/767 835/1312/766 1006/2004/1314
f 1082/1631/767 1006/2004/1314 1357/1534/1312
f 1357/1534/1312 1006/2004/1314 771/1201/1054
f 1357/1534/1312 771/1201/1054 880/1840/1061
f 1007/2005/1313 1357/1534/1312 880/1840/1061
f 1007/2005/1313 880/1840/1061 772/1202/1060
f 837/1316/754 1079/1626/761 1358/1535/1315
f 837/1316/754 1358/1535/1315 1008/2006/1316
f 1079/1626/761 836/1314/760 1007/2005/1313
f 1079/1626/761 1007/2005/1313 1358/1535/1315
f 1358/1535/1315 1007/2005/1313 772/1202/1060
f 1358/1535/1315 772/1202/1060 883/1844/1067
f 1008/2006/1316 1358/1535/1315 883/1844/1067
f 1008/2006/1316 883/1844/1067 773/1203/1066
f 838/1318/748 1076/1621/755 1359/1536/1317
f 838/1318/748 1359/1536/1317 1009/2007/1318
f 1076/1621/755 837/1316/754 1008/2006/1316
f 1076/1621/755 1008/2006/1316 1359/1536/1317
f 1359/1536/1317 1008/2006/1316 773/1203/1066
f 1359/1536/1317 773/1203/1066 886/1848/1073
f 1009/2007/1318 1359/1536/1317 886/1848/1073
f 1009/2007/1318 886/1848/1073 774/1204/1072
f 839/1320/742 1073/1616/749 1360/1537/1319
f 839/1320/742 1360/1537/1319 1010/2008/1320
f 1073/1616/749 838/1318/748 1009/2007/1318
f 1073/1616/749 1009/2007/1318 1360/1537/1319
f 1360/1537/1319 1009/2007/1318 774/1204/1072
f 1360/1537/1319 774/1204/1072 889/1852/1079
f 1010/2008/1320 1360/1537/1319 889/1852/1079
f 1010/2008/1320 889/1852/1079 775/1205/1078
f 840/1322/736 1070/1611/743 1361/1538/1321
f 840/1322/736 1361/1538/1321 1011/2009/1322
f 1070/1611/743 839/1320/742 1010/2008/1320
f 1070/1611/743 1010/2008/1320 1361/1538/1321
f 1361/1538/1321 1010/2008/1320 775/1205/1078
f 1361/1538/1321 775/1205/1078 892/1856/1085
f 1011/2009/1322 1361/1538/1321 892/1856/1085
f 1011/2009/1322 892/1856/1085 776/1206/1084
f 841/1324/730 1067/1606/737 1362/1539/1323
f 841/1324/730 1362/1539/1323 1012/2010/1324
f 1067/1606/737 840/1322/736 1011/2009/1322
f 1067/1606/737 1011/2009/1322 1362/1539/1323
f 1362/1539/1323 1011/2009/1322 776/1206/1084
f 1362/1539/1323 776/1206/1084 895/1860/1091
f 1012/2010/1324 1362/1539/1323 895/1860/1091
f 1012/2010/1324 895/1860/1091 777/1207/1090
f 842/1327/724 1064/1601/731 1363/1540/1325
f 842/1327/724 1363/1540/1325 1013/2011/1326
f 1064/1601/731 841/1324/730 1012/2010/1324
f 1064/1601/731 1012/2010/1324 1363/1540/1325
f 1363/1540/1325 1012/2010/1324 777/1207/1090
f 1363/1540/1325 777/1207/1090 898/1864/1097
f 1013/2011/1326 1363/1540/1325 898/1864/1097
f 1013/2011/1326 898/1864/1097 778/1208/1096
f 843/1329/718 1061/1596/725 1364/1541/1327
f 843/1329/718 1364/1541/1327 1014/2012/1328
f 1061/1596/725 842/1327/724 1013/2011/1326
f 1061/1596/725 1013/2011/1326 1364/1541/1327
f 1364/1541/1327 1013/2011/1326 778/1208/1096
f 1364/1541/1327 778/1208/1096 901/1868/1103
f 1014/2012/1328 1364/1541/1327 901/1868/1103
f 1014/2012/1328 901/1868/1103 779/1209/1102
f 844/1331/712 1058/1590/719 1365/1542/1329
f 844/1331/712 1365/1542/1329 1015/2013/1330
f 1058/1590/719 843/1329/718 1014/2012/1328
f 1058/1590/719 1014/2012/1328 1365/1542/1329
f 1365/1542/1329 1014/2012/1328 779/1209/1102
f 1365/1542/1329 779/1209/1102 904/1872/1109
f 1015/2013/1330 1365/1542/1329 904/1872/1109
f 1015/2013/1330 904/1872/1109 780/1210/1108
f 845/1333/705 1055/1585/713 1366/1543/1331
f 845/1333/705 1366/1543/1331 1016/2014/1332
f 1055/1585/713 844/1331/712 1015/2013/1330
f 1055/1585/713 1015/2013/1330 1366/1543/1331
f 1366/1543/1331 1015/2013/1330 780/1210/1108
f 1366/1543/1331 780/1210/1108 907/1876/1115
f 1016/2014/1332 1366/1543/1331 907/1876/1115
f 1016/2014/1332 907/1876/1115 781/1211/1114
f 846/1335/707 1051/1578/706 1367/1544/1333
f 846/1335/707 1367/1544/1333 1017/2015/1334
f 1051/1578/706 845/1333/705 1016/2014/1332
f 1051/1578/706 1016/2014/1332 1367/1544/1333
f 1367/1544/1333 1016/2014/1332 781/1211/1114
f 1367/1544/1333 781/1211/1114 910/1880/1121
f 1017/2015/1334 1367/1544/1333 910/1880/1121
f 1017/2015/1334 910/1880/1121 782/1212/1120
f 874/1398/1335 1018/2017/1336 1368/1545/1337
f 874/1398/1335 1368/1545/1337 1020/2020/1338
f 1018/2017/1336 873/1396/1339 1019/2019/1340
f 1018/2017/1336 1019/2019/1340 1368/1545/1337
f 1368/1545/1337 1019/2019/1340 869/1390/1130
f 1368/1545/1337 869/1390/1130 913/1885/1127
f 1020/2020/1338 1368/1545/1337 913/1885/1127
f 1020/2020/1338 913/1885/1127 870/1391/1126
f 783/1214/1143 919/1893/1142 1369/1546/1341
f 783/1214/1143 1369/1546/1341 1022/2022/1342
f 919/1893/1142 784/1216/1141 1021/2021/1343
f 919/1893/1142 1021/2021/1343 1369/1546/1341
f 1369/1546/1341 1021/2021/1343 848/1344/901
f 1369/1546/1341 848/1344/901 1147/1728/898
f 1022/2022/1342 1369/1546/1341 1147/1728/898
f 1022/2022/1342 1147/1728/898 847/1342/897
f 784/1216/1141 923/1899/1149 1370/1547/1344
f 784/1216/1141 1370/1547/1344 1021/2021/1343
f 923/1899/1149 785/1217/1148 1023/2024/1345
f 923/1899/1149 1023/2024/1345 1370/1547/1344
f 1370/1547/1344 1023/2024/1345 849/1346/908
f 1370/1547/1344 849/1346/908 1151/1733/906
f 1021/2021/1343 1370/1547/1344 1151/1733/906
f 1021/2021/1343 1151/1733/906 848/1344/901
f 785/1217/1148 926/1903/1155 1371/1548/1346
f 785/1217/1148 1371/1548/1346 1023/2024/1345
f 926/1903/1155 786/1218/1154 1024/2025/1347
f 926/1903/1155 1024/2025/1347 1371/1548/1346
f 1371/1548/1346 1024/2025/1347 850/1348/914
f 1371/1548/1346 850/1348/914 1154/1737/912
f 1023/2024/1345 1371/1548/1346 1154/1737/912
f 1023/2024/1345 1154/1737/912 849/1346/908
f 786/1218/1154 929/1907/1161 1372/1549/1348
f 786/1218/1154 1372/1549/1348 1024/2025/1347
f 929/1907/1161 787/1219/1160 1025/2026/1349
f 929/1907/1161 1025/2026/1349 1372/1549/1348
f 1372/1549/1348 1025/2026/1349 851/1350/920
f 1372/1549/1348 851/1350/920 1157/1741/918
f 1024/2025/1347 1372/1549/1348 1157/1741/918
f 1024/2025/1347 1157/1741/918 850/1348/914
f 787/1219/1160 932/1911/1167 1373/1550/1350
f 787/1219/1160 1373/1550/1350 1025/2026/1349
f 932/1911/1167 788/1220/1166 1026/2027/1351
f 932/1911/1167 1026/2027/1351 1373/1550/1350
f 1373/1550/1350 1026/2027/1351 852/1353/926
f 1373/1550/1350 852/1353/926 1160/1746/924
f 1025/2026/1349 1373/1550/1350 1160/1746/924
f 1025/2026/1349 1160/1746/924 851/1350/920
f 788/1220/1166 935/1915/1173 1374/1551/1352
f 788/1220/1166 1374/1551/1352 1026/2027/1351
f 935/1915/1173 789/1221/1172 1027/2028/1353
f 935/1915/1173 1027/2028/1353 1374/1551/1352
f 1374/1551/1352 1027/2028/1353 853/1355/932
f 1374/1551/1352 853/1355/932 1163/1751/930
f 1026/2027/1351 1374/1551/1352 1163/1751/930
f 1026/2027/1351 1163/1751/930 852/1353/926
f 789/1221/1172 938/1919/1179 1375/1552/1354
f 789/1221/1172 1375/1552/1354 1027/2028/1353
f 938/1919/1179 790/1222/1178 1028/2029/1355
f 938/1919/1179 1028/2029/1355 1375/1552/1354
f 1375/1552/1354 1028/2029/1355 854/1357/938
f 1375/1552/1354 854/1357/938 1166/1756/936
f 1027/2028/1353 1375/1552/1354 1166/1756/936
f 1027/2028/1353 1166/1756/936 853/1355/932
f 790/1222/1178 941/1923/1185 1376/1553/1356
f 790/1222/1178 1376/1553/1356 1028/2029/1355
f 941/1923/1185 791/1223/1184 1029/2030/1357
f 941/1923/1185 1029/2030/1357 1376/1553/1356
f 1376/1553/1356 1029/2030/1357 855/1359/944
f 1376/1553/1356 855/1359/944 1169/1760/942
f 1028/2029/1355 1376/1553/1356 1169/1760/942
f 1028/2029/1355 1169/1760/942 854/1357/938
f 791/1223/1184 944/1927/1191 1377/1554/1358
f 791/1223/1184 1377/1554/1358 1029/2030/1357
f 944/1927/1191 792/1224/1190 1030/2031/1359
f 944/1927/1191 1030/2031/1359 1377/1554/1358
f 1377/1554/1358 1030/2031/1359 856/1361/950
f 1377/1554/1358 856/1361/950 1172/1764/948
f 1029/2030/1357 1377/1554/1358 1172/1764/948
f 1029/2030/1357 1172/1764/948 855/1359/944
f 792/1224/1190 947/1931/1197 1378/1555/1360
f 792/1224/1190 1378/1555/1360 1030/2031/1359
f 947/1931/1197 793/1225/1196 1031/2032/1361
f 947/1931/1197 1031/2032/1361 1378/1555/1360
f 1378/1555/1360 1031/2032/1361 857/1363/956
f 1378/1555/1360 857/1363/956 1175/1768/954
f 1030/2031/1359 1378/1555/1360 1175/1768/954
f 1030/2031/1359 1175/1768/954 856/1361/950
f 793/1225/1196 950/1935/1203 1379/1556/1362
f 793/1225/1196 1379/1556/1362 1031/2032/1361
f 950/1935/1203 794/1226/1202 1032/2033/1363
f 950/1935/1203 1032/2033/1363 1379/1556/1362
f 1379/1556/1362 1032/2033/1363 858/1366/962
f 1379/1556/1362 858/1366/962 1178/1774/960
f 1031/2032/1361 1379/1556/1362 1178/1774/960
f 1031/2032/1361 1178/1774/960 857/1363/956
f 794/1226/1202 953/1939/1209 1380/1557/1364
f 794/1226/1202 1380/1557/1364 1032/2033/1363
f 953/1939/1209 795/1227/1208 1033/2034/1365
f 953/1939/1209 1033/2034/1365 1380/1557/1364
f 1380/1557/1364 1033/2034/1365 859/1368/968
f 1380/1557/1364 859/1368/968 1181/1778/966
f 1032/2033/1363 1380/1557/1364 1181/1778/966
f 1032/2033/1363 1181/1778/966 858/1366/962
f 795/1227/1208 956/1943/1215 1381/1558/1366
f 795/1227/1208 1381/1558/1366 1033/2034/1365
f 956/1943/1215 796/1228/1214 1034/2035/1367
f 956/1943/1215 1034/2035/1367 1381/1558/1366
f 1381/1558/1366 1034/2035/1367 860/1370/974
f 1381/1558/1366 860/1370/974 1184/1782/972
f 1033/2034/1365 1381/1558/1366 1184/1782/972
f 1033/2034/1365 1184/1782/972 859/1368/968
f 796/1228/1214 959/1947/1221 1382/1559/1368
f 796/1228/1214 1382/1559/1368 1034/2035/1367
f 959/1947/1221 797/1229/1220 1035/2036/1369
f 959/1947/1221 1035/2036/1369 1382/1559/1368
f 1382/1559/1368 1035/2036/1369 861/1372/980
f 1382/1559/1368 861/1372/980 1187/1786/978
f 1034/2035/1367 1382/1559/1368 1187/1786/978
f 1034/2035/1367 1187/1786/978 860/1370/974
f 797/1229/1220 962/1951/1227 1383/1560/1370
f 797/1229/1220 1383/1560/1370 1035/2036/1369
f 962/1951/1227 798/1230/1226 1036/2037/1371
f 962/1951/1227 1036/2037/1371 1383/1560/1370
f 1383/1560/1370 1036/2037/1371 862/1374/986
f 1383/1560/1370 862/1374/986 1190/1790/984
f 1035/2036/1369 1383/1560/1370 1190/1790/984
f 1035/2036/1369 1190/1790/984 861/1372/980
f 798/1230/1226 965/1956/1233 1384/1561/1372
f 798/1230/1226 1384/1561/1372 1036/2037/1371
f 965/1956/1233 799/1231/1232 1037/2038/1373
f 965/1956/1233 1037/2038/1373 1384/1561/1372
f 1384/1561/1372 1037/2038/1373 863/1377/992
f 1384/1561/1372 863/1377/992 1193/1795/990
f 1036/2037/1371 1384/1561/1372 1193/1795/990
f 1036/2037/1371 1193/1795/990 862/1374/986
f 864/1380/796 1213/1819/1030 1385/1562/1374
f 864/1380/796 1385/1562/1374 1038/2040/1375
f 1213/1819/1030 863/1378/992 1037/2039/1373
f 1213/1819/1030 1037/2039/1373 1385/1562/1374
f 1385/1562/1374 1037/2039/1373 799/1232/1232
f 1385/1562/1374 799/1232/1232 966/1957/1235
f 1038/2040/1375 1385/1562/1374 966/1957/1235
f 1038/2040/1375 966/1957/1235 800/1233/1234
f 865/1382/790 1097/1657/797 1386/1563/1376
f 865/1382/790 1386/1563/1376 1039/2041/1377
f 1097/1657/797 864/1380/796 1038/2040/1375
f 1097/1657/797 1038/2040/1375 1386/1563/1376
f 1386/1563/1376 1038/2040/1375 800/1233/1234
f 1386/1563/1376 800/1233/1234 969/1960/1240
f 1039/2041/1377 1386/1563/1376 969/1960/1240
f 1039/2041/1377 969/1960/1240 767/1197/1037
f 866/1385/784 1094/1651/791 1387/1564/1378
f 866/1385/784 1387/1564/1378 1040/2043/1379
f 1094/1651/791 865/1383/790 1039/2042/1377
f 1094/1651/791 1039/2042/1377 1387/1564/1378
f 1387/1564/1378 1039/2042/1377 767/1196/1037
f 1387/1564/1378 767/1196/1037 1215/1822/1034
f 1040/2043/1379 1387/1564/1378 1215/1822/1034
f 1040/2043/1379 1215/1822/1034 768/1198/1033
f 867/1387/778 1091/1646/785 1388/1565/1380
f 867/1387/778 1388/1565/1380 1041/2044/1381
f 1091/1646/785 866/1385/784 1040/2043/1379
f 1091/1646/785 1040/2043/1379 1388/1565/1380
f 1388/1565/1380 1040/2043/1379 768/1198/1033
f 1388/1565/1380 768/1198/1033 1219/1828/1043
f 1041/2044/1381 1388/1565/1380 1219/1828/1043
f 1041/2044/1381 1219/1828/1043 769/1199/1042
f 868/1389/772 1088/1641/779 1389/1566/1382
f 868/1389/772 1389/1566/1382 1042/2045/1383
f 1088/1641/779 867/1387/778 1041/2044/1381
f 1088/1641/779 1041/2044/1381 1389/1566/1382
f 1389/1566/1382 1041/2044/1381 769/1199/1042
f 1389/1566/1382 769/1199/1042 1222/1832/1049
f 1042/2045/1383 1389/1566/1382 1222/1832/1049
f 1042/2045/1383 1222/1832/1049 770/1200/1048
f 835/1312/766 1085/1636/773 1390/1567/1384
f 835/1312/766 1390/1567/1384 1006/2004/1314
f 1085/1636/773 868/1389/772 1042/2045/1383
f 1085/1636/773 1042/2045/1383 1390/1567/1384
f 1390/1567/1384 1042/2045/1383 770/1200/1048
f 1390/1567/1384 770/1200/1048 877/1836/1055
f 1006/2004/1314 1390/1567/1384 877/1836/1055
f 1006/2004/1314 877/1836/1055 771/1201/1054
f 782/1213/1120 912/1884/1123 1391/1568/1385
f 782/1213/1120 1391/1568/1385 1044/2048/1386
f 912/1884/1123 812/1261/1125 1043/2046/1387
f 912/1884/1123 1043/2046/1387 1391/1568/1385
f 1391/1568/1385 1043/2046/1387 871/1392/1132
f 1391/1568/1385 871/1392/1132 914/1886/1131
f 1044/2048/1386 1391/1568/1385 914/1886/1131
f 1044/2048/1386 914/1886/1131 869/1390/1130
f 812/1260/1125 983/1978/1266 1392/1569/1388
f 812/1260/1125 1392/1569/1388 1043/2047/1387
f 983/1978/1266 813/1264/1135 1045/2049/1389
f 983/1978/1266 1045/2049/1389 1392/1569/1388
f 1392/1569/1388 1045/2049/1389 872/1395/1134
f 1392/1569/1388 872/1395/1134 915/1888/1133
f 1043/2047/1387 1392/1569/1388 915/1888/1133
f 1043/2047/1387 915/1888/1133 871/1393/1132
f 813/1263/1135 920/1895/1138 1393/1570/1390
f 813/1263/1135 1393/1570/1390 1045/2050/1389
f 920/1895/1138 783/1215/1143 1046/2051/1391
f 920/1895/1138 1046/2051/1391 1393/1570/1390
f 1393/1570/1390 1046/2051/1391 870/1391/1126
f 1393/1570/1390 870/1391/1126 916/1889/1129
f 1045/2050/1389 1393/1570/1390 916/1889/1129
f 1045/2050/1389 916/1889/1129 872/1394/1134
f 847/1340/897 1214/1821/1032 1394/1571/1392
f 847/1340/897 1394/1571/1392 1048/2054/1393
f 1214/1821/1032 846/1337/707 1047/2052/1394
f 1214/1821/1032 1047/2052/1394 1394/1571/1392
f 1394/1571/1392 1047/2052/1394 873/1397/1339
f 1394/1571/1392 873/1397/1339 1018/2018/1336
f 1048/2054/1393 1394/1571/1392 1018/2018/1336
f 1048/2054/1393 1018/2018/1336 874/1399/1335
f 846/1336/707 1017/2016/1334 1395/1572/1395
f 846/1336/707 1395/1572/1395 1047/2053/1394
f 1017/2016/1334 782/1213/1120 1044/2048/1386
f 1017/2016/1334 1044/2048/1386 1395/1572/1395
f 1395/1572/1395 1044/2048/1386 869/1390/1130
f 1395/1572/1395 869/1390/1130 1019/2019/1340
f 1047/2053/1394 1395/1572/1395 1019/2019/1340
f 1047/2053/1394 1019/2019/1340 873/1396/1339
f 783/1215/1143 1022/2023/1342 1396/1573/1396
f 783/1215/1143 1396/1573/1396 1046/2051/1391
f 1022/2023/1342 847/1341/897 1048/2055/1393
f 1022/2023/1342 1048/2055/1393 1396/1573/1396
f 1396/1573/1396 1048/2055/1393 874/1398/1335
f 1396/1573/1396 874/1398/1335 1020/2020/1338
f 1046/2051/1391 1396/1573/1396 1020/2020/1338
f 1046/2051/1391 1020/2020/1338 870/1391/1126
