
g default
v 57.901427 40.698498 80.151811
v 57.541077 40.888317 79.630781
v 56.723883 41.07674 78.658243
v 55.84617 41.264225 77.866097
v 54.96571 41.434578 77.371985
v 54.083895 41.596481 77.024928
v 53.201753 41.756351 76.713166
v 52.318364 41.908443 76.536698
v 51.43313 42.049038 76.560227
v 50.546974 42.183884 76.683758
v 49.658747 42.305813 77.031987
v 48.769554 42.421719 77.484924
v 47.878572 42.52647 78.131975
v 46.986027 42.621479 78.948436
v 46.093905 42.719124 79.719014
v 45.192296999999996 42.757626 80.24203
v 44.435189 42.43932 80.489895
v 57.894111 40.652885 80.945178
v 57.524046 40.782135 81.477817
v 56.688917000000004 40.85873 82.450355
v 55.796596 40.955139 83.242501
v 54.907023 41.06868 83.736614
v 54.018807 41.190674 84.08367
v 53.130916 41.314697 84.395432
v 52.244273 41.446499 84.571901
v 51.359472 41.589802 84.548371
v 50.475595 41.73885 84.424843
v 49.59379 41.900814 84.076612
v 48.71295 42.068806 83.623675
v 47.8339 42.247952 82.976623
v 46.956411 42.436836 82.160162
v 46.078502 42.623085 81.389584
v 45.186399 42.720852 80.881652
v 44.433171 42.426735 80.708882
v 57.862019000000004 40.452801 80.93338
v 57.480722 40.51202 81.461889
v 56.645593 40.588615 82.434427
v 55.753272 40.685024 83.226573
v 54.8637 40.798565 83.720686
v 53.975483 40.920559 84.067742
v 53.087592 41.044582 84.379504
v 52.200949 41.176384 84.555973
v 51.316148999999996 41.319687 84.532443
v 50.432271 41.468735 84.408914
v 49.550467 41.630703 84.060684
v 48.669626 41.798691 83.607747
v 47.790577 41.977837 82.960695
v 46.913088 42.166721 82.144234
v 46.035178 42.35297 81.373656
v 45.146834 42.474174 80.867105
v 44.416344 42.321831 80.702696
v 57.869335 40.498413 80.140013
v 57.497753 40.618202 79.614853
v 56.68056 40.806625 78.642315
v 55.802847 40.99411 77.850168
v 54.922387 41.164467 77.356056
v 54.040571 41.326366 77.008999
v 53.158429 41.486237 76.697237
v 52.275041 41.638332 76.52077
v 51.389807 41.778923 76.544299
v 50.503651 41.913769 76.667829
v 49.615423 42.035698 77.016058
v 48.726231 42.151608 77.468995
v 47.835249 42.256355 78.116047
v 46.942703 42.351364 78.932508
v 46.050582 42.449009 79.703086
v 45.152732 42.510944 80.227483
v 44.418364 42.334415 80.483709
v 45.112206 42.258274 80.533479
v 46.001886 42.145401 80.523299
v 46.886902 42.003456 80.523299
v 47.771919 41.861507 80.523299
v 48.656935000000004 41.719559 80.523299
v 49.541951 41.57761 80.523299
v 50.426967 41.435665 80.523299
v 51.311984 41.293716 80.523299
v 52.197001 41.151768 80.523299
v 53.082017 41.009823 80.523299
v 53.967033 40.867874 80.523299
v 54.852049 40.725925 80.523299
v 55.737066 40.583981 80.523299
v 56.622083 40.442032 80.523299
v 57.448245 40.309525 80.523299
v 58.009679 40.208317 80.522657
v 57.955405 39.869923 80.502702
v 57.390479 39.949371 80.502061
v 56.564318 40.081879 80.502061
v 55.679301 40.223827 80.502061
v 54.794285 40.365776 80.502061
v 53.909269 40.507721 80.502061
v 53.024252 40.64967 80.502061
v 52.139236 40.791618 80.502061
v 51.254219 40.933563 80.502061
v 50.369203 41.075512 80.502061
v 49.484186 41.217461 80.502061
v 48.59917 41.359406 80.502061
v 47.714154 41.501354 80.502061
v 46.829137 41.643303 80.502061
v 45.944121 41.785248 80.502061
v 45.058996 41.926517 80.513916
v 44.286615 42.063255 80.586021
v 44.307167 42.191391 80.593578
v 48.654917 41.706978 82.165107
v 49.537706 41.551144 82.406673
v 50.421009 41.398521 82.592396
v 51.305419 41.252785 82.658277
v 52.19032 41.110115 82.670826
v 53.076204 40.973579 82.57671
v 53.962754000000004 40.84119 82.410438
v 54.849476 40.709885 82.225341
v 55.736923 40.583084 81.961815
v 56.625835 40.465431 81.539336
v 57.45678 40.36274 81.02065
v 57.98029 40.232613 80.697171
v 57.933443 39.940529 80.679947
v 57.399014 40.00259 80.999412
v 56.56807 40.105278 81.518098
v 55.679158 40.222935 81.940578
v 54.791712000000004 40.349731 82.204104
v 53.904989 40.481037 82.3892
v 53.018439 40.61343 82.555472
v 52.132554999999996 40.749962 82.649589
v 51.247654 40.892632 82.63704
v 50.363245 41.038368 82.571159
v 49.479941 41.19099 82.385435
v 48.597152 41.346825 82.143869
v 47.715319 41.508614 81.798776
v 46.834316 41.675594 81.36333
v 45.953091 41.841171 80.952354
v 45.069452 41.991711 80.688904
v 44.29184 42.095829 80.636984
v 44.312048000000004 42.221828 80.644414
v 45.122594 42.32304 80.708442
v 46.010856000000004 42.201321 80.973592
v 46.892081 42.035748 81.384568
v 47.773084 41.868767 81.820013
v 48.685105 41.895203 78.891107
v 49.57235 41.767143 78.649541
v 50.459078 41.635872 78.463817
v 51.344703 41.497711 78.397936
v 52.229836 41.356487 78.385387
v 53.113984 41.209129 78.479504
v 53.997467 41.057621 78.645776
v 54.880776 40.905033 78.830872
v 55.763363 40.747936 79.094398
v 56.644484 40.581699 79.516878
v 57.465863 40.419373 80.035564
v 57.983477 40.25248 80.351567
v 57.93663 39.960396 80.334343
v 57.408098 40.059219 80.014326
v 56.586719 40.22155 79.49564
v 55.705598 40.387783 79.073161
v 54.823011 40.54488 78.809634
v 53.939703 40.697472 78.624538
v 53.056219 40.848976 78.458266
v 52.172071 40.996334 78.36415
v 51.286938 41.137562 78.376699
v 50.401314 41.275719 78.44258
v 49.514585 41.40699 78.628303
v 48.627341 41.535053 78.869869
v 47.739143 41.657158 79.214963
v 46.850111 41.774071 79.650408
v 45.961306 41.892391 80.061384
v 45.072598 42.011322 80.347772
v 44.292742000000004 42.101448 80.539231
v 44.31295 42.227448 80.546661
v 45.12574 42.342651 80.36731
v 46.019071 42.252544 80.082622
v 46.907876 42.134224 79.671646
v 47.796908 42.017311 79.2362
v 58.898770999999996 39.974899 80.517435
v 58.872897 39.813583 80.507922
v 58.785185 39.972626 80.612476
v 58.763951 39.840237 80.604669
v 58.786953 39.983654 80.420688
v 58.765719 39.851265 80.412881
v 47.332536 41.951969 81.60731
v 47.765963 41.824371 81.169252
v 48.214427 41.790535 80.523299
v 48.213873 41.787083 82.006364
v 48.649387000000004 41.672504 81.341799
v 49.099441999999996 41.648586 80.523299
v 49.096227999999996 41.62854 82.294988
v 49.53329 41.523613 81.462582
v 49.984459 41.506638 80.523299
v 49.979254 41.474182 82.510829
v 50.41745 41.376324 81.555444
v 50.869475 41.364689 80.523299
v 50.863112 41.32502 82.636317
v 51.302163 41.232483 81.588384
v 51.754493 41.222744 80.523299
v 51.747783 41.180908 82.673964
v 52.187122 41.090176 81.59465900000001
v 52.639509000000004 41.080795 80.523299
v 52.633145999999996 41.041126 82.636317
v 53.072572 40.950935 81.547601
v 53.524526 40.938847 80.523299
v 53.519435 40.907116 82.49828
v 53.958355 40.813766 81.464464
v 54.409542 40.796902 80.523299
v 54.406072 40.775269 82.322595
v 54.844224 40.677143 81.371916
v 55.294558 40.654953 80.523299
v 55.293055 40.645584 82.109265
v 55.730456000000004 40.542767 81.240153
v 56.179574 40.513004 80.523299
v 56.181195 40.523117 81.770445
v 56.61742 40.412964 81.028914
v 57.064591 40.371056 80.523299
v 57.070802 40.409786 81.272673
v 57.445973 40.295364 80.769571
v 57.714188 40.266869 80.523299
v 57.724449 40.330849 80.833463
v 58.008828 40.203007 80.615022
v 59.027753 39.871479 80.512678
v 58.898222 39.971489 80.576806
v 58.88487 39.888233 80.617147
v 58.872349 39.810169 80.567293
v 57.666684000000004 39.970695 80.812225
v 57.388209 39.935211 80.748333
v 57.656423000000004 39.906715 80.502061
v 57.954553 39.864613 80.595067
v 57.013037 40.049633 81.251435
v 56.559656 40.052811 81.007676
v 57.006826000000004 40.010906 80.502061
v 56.123431 40.162964 81.749207
v 55.672691 40.182617 81.218915
v 56.121809 40.152855 80.502061
v 55.23529 40.285431 82.088027
v 54.78646 40.31699 81.350678
v 55.236793 40.2948 80.502061
v 54.348307 40.415115 82.301358
v 53.900591 40.453617 81.443226
v 54.351777 40.436749 80.502061
v 53.461671 40.546963 82.477042
v 53.014807 40.590782 81.526363
v 53.466761 40.578697 80.502061
v 52.575382 40.680973 82.615079
v 52.129357 40.730022 81.573421
v 52.581744 40.720642 80.502061
v 51.690019 40.820755 82.652726
v 51.244398000000004 40.872334 81.567146
v 51.696728 40.862591 80.502061
v 50.805348 40.96487 82.615079
v 50.359685 41.016174 81.534206
v 50.81171 41.004539 80.502061
v 49.921489 41.114029 82.489591
v 49.475526 41.16346 81.441344
v 49.926694 41.146484 80.502061
v 49.038463 41.268387 82.27375
v 48.591622 41.312351 81.320561
v 49.041678 41.288433 80.502061
v 48.156108 41.426929 81.985126
v 47.708199 41.464222 81.148015
v 48.156662 41.430382 80.502061
v 47.274772 41.59182 81.586072
v 46.825189 41.618687 80.930292
v 47.271646000000004 41.57233 80.502061
v 46.393805 41.759018 81.146862
v 45.942068 41.772446 80.724804
v 46.386629 41.714275 80.502061
v 45.512029999999996 41.921162 80.795493
v 45.05821 41.921612 80.599198
v 45.501614000000004 41.856224 80.502061
v 44.624193 42.045536 80.645212
v 44.28639 42.061852 80.61046
v 44.616158999999996 41.995445 80.549478
v 44.183878 42.130188 80.600817
v 44.187983 42.155781 80.636788
v 44.306942 42.189987 80.618016
v 44.655706 42.242016 80.564018
v 44.663466 42.290394 80.659651
v 48.6866 41.904518 82.998031
v 49.568275 41.741741 83.36038
v 50.450722999999996 41.583778 83.638965
v 51.334828 41.436146 83.737787
v 52.219672 41.293118 83.756611
v 53.105989 41.159286 83.615436
v 53.993306 41.031677 83.366027
v 54.880882 40.905693 83.088382
v 55.769543999999996 40.786472 82.693093
v 56.660403 40.680954 82.059375
v 57.493739 40.593178 81.281345
v 57.911973 40.506744 80.823794
v 58.045871 40.102867 80.682348
v 57.86865 40.236629 80.807865
v 57.435974 40.233025 81.260107
v 56.602638999999996 40.320801 82.038137
v 55.711779 40.426319 82.671855
v 54.823116999999996 40.54554 83.067144
v 53.935542 40.671524 83.34479
v 53.048225 40.799133 83.594198
v 52.161907 40.932964 83.735373
v 51.277063 41.075996 83.716549
v 50.392958 41.223625 83.617727
v 49.510511 41.381588 83.339142
v 48.628835 41.544365 82.976793
v 47.748593 41.716072 82.459152
v 46.869597999999996 41.895573 81.805983
v 45.990268 42.07296 81.18952
v 45.104754 42.211807 80.787455
v 44.30864 42.200569 80.667682
v 44.32782 42.32016 80.674734
v 45.15769 42.541855 80.806917
v 46.048033000000004 42.433113 81.210758
v 46.927363 42.255726 81.827221
v 47.806358 42.076225 82.48039
v 48.664481 41.766613 79.704799
v 49.550612 41.631611 79.584016
v 50.436484 41.495003 79.491154
v 51.321805 41.35495 79.458214
v 52.20688 41.213364 79.45194
v 53.091462 41.068707 79.498997
v 53.975712 40.921982 79.582134
v 54.859874 40.774715 79.674682
v 55.743676 40.625191 79.806445
v 56.626745 40.4711 80.017684
v 57.450515 40.323681 80.277027
v 58.010531 40.213627 80.430292
v 58.886796 39.900246 80.408209
v 58.899316999999996 39.97831 80.458063
v 58.873444 39.816994 80.44855
v 57.39275 39.963531 80.255789
v 57.956256 39.875233 80.410338
v 56.568979999999996 40.110947 79.996447
v 55.685911 40.265038 79.785207
v 54.80211 40.414562 79.653444
v 53.917947 40.561829 79.560896
v 53.033697000000004 40.708557 79.47776
v 52.149115 40.85321 79.430702
v 51.26404 40.994797 79.436976
v 50.378719000000004 41.134853 79.469916
v 49.492847 41.271458 79.562778
v 48.606717 41.406464 79.683561
v 47.720111 41.538494 79.856108
v 46.833086 41.667923 80.073831
v 45.946176 41.798054 80.279319
v 45.059782999999996 41.931419 80.428633
v 44.28684 42.064663 80.561583
v 44.307392 42.192795 80.569139
v 45.112993 42.263176 80.448196
v 46.003941 42.158207 80.300557
v 46.89085 42.028076 80.095068
v 47.777876 41.898643 79.877346
v 58.475432 40.058289 80.63456
v 58.481976 40.099087 80.520732
v 58.442579 39.853451 80.622481
v 58.438171 39.82597 80.504626
v 58.477569 40.071606 80.402877
v 58.444715 39.866768 80.390798
v 57.803784 40.825489 79.981758
v 57.507364 40.678123 79.803716
v 57.73008 40.365959 80.222751
v 57.917209 40.539391 80.255958
v 57.161781 40.97702 79.158238
v 56.688377 40.855362 79.025686
v 57.084533 40.495392 79.783541
v 56.28537 41.172623 78.224915
v 55.809203 41.033741 78.391968
v 56.204106 40.665958 79.285769
v 55.406212 41.351093 77.589629
v 54.927832 41.198418 77.996678
v 55.322214 40.827385 78.946949
v 54.524884 41.516037 77.189633
v 54.045376 41.356323 77.719034
v 54.439165 40.981594 78.733618
v 53.642905 41.676922 76.860224
v 53.162659 41.512611 77.469624
v 53.555769 41.133644 78.557934
v 52.760275 41.833752 76.601403
v 52.278945 41.662674 77.32845
v 52.672025 41.283527 78.419896
v 51.87591 41.979755 76.530815
v 51.393754 41.803539 77.347273
v 51.787356 41.427639 78.38225
v 50.990242 42.117645 76.601404
v 50.507826 41.939804 77.446097
v 50.901992 41.567425 78.419897
v 50.103056 42.246067 76.836696
v 49.620241 42.065739 77.724681
v 50.015819 41.702156 78.545385
v 49.214308 42.36475 77.241396
v 48.731882999999996 42.186852 78.08703
v 49.128811999999996 41.831696 78.761226
v 48.324302 42.475582 77.782567
v 47.842095 42.299042 78.604671
v 48.241135 41.95705 79.04985
v 47.432386 42.574516 78.530794
v 46.951055 42.403435 79.257839
v 47.352438 42.076054 79.448903
v 46.539776 42.669117 79.354313
v 46.060356 42.509945 79.874303
v 46.463372 42.192757 79.888114
v 45.648685 42.77319 80.013129
v 45.162409 42.571274 80.29522
v 45.575117 42.314499 80.239483
v 44.712921 42.59874 80.411091
v 44.329172 42.328587 80.528104
v 44.665172 42.301025 80.474718
v 57.793226 40.759659 81.126841
v 57.514893 40.725067 81.536228
v 57.749902 40.489544 81.110913
v 57.928843 40.611919 80.906069
v 57.136035 40.816502 81.950361
v 56.679166 40.797935 82.573602
v 57.092712 40.546387 81.934432
v 56.242413 40.904793 82.883683
v 55.786358 40.891308 83.418559
v 56.199089 40.634678 82.867754
v 55.351538 41.010216 83.518969
v 54.896482 41.002956 83.945612
v 55.308215 40.740101 83.503041
v 54.462834 41.129166 83.918965
v 54.008053000000004 41.123623 84.315806
v 54.41951 40.859051 83.903037
v 53.57478 41.252178 84.248375
v 53.119969 41.246449 84.648352
v 53.531457 40.982063 84.232447
v 52.687377 41.379246 84.507195
v 52.233218 41.377575 84.836585
v 52.644054 41.109131 84.491267
v 51.80171 41.517136 84.577783
v 51.348433 41.520966 84.811487
v 51.758387 41.247021 84.561855
v 50.917344 41.663139 84.507195
v 50.46463 41.670486 84.679722
v 50.874021 41.393028 84.491266
v 50.034497 41.818615 84.271904
v 49.58304 41.83379 84.308276
v 49.991174 41.5485 84.255975
v 49.153213 41.983829 83.867202
v 48.702477 42.003513 83.825144
v 49.109889 41.713718 83.851274
v 48.273187 42.156887 83.326031
v 47.823827 42.185143 83.134955
v 48.229863 41.886772 83.310102
v 47.395069 42.34185 82.577804
v 46.946839 42.377155 82.264063
v 47.351746 42.071735 82.561876
v 46.517647 42.531143 81.754285
v 46.069404 42.566357 81.442113
v 46.474323 42.261028 81.738357
v 45.638706 42.710964 81.095469
v 45.178415 42.67107 80.900109
v 45.595383 42.440849 81.079541
v 44.709724 42.578804 80.75784
v 44.335636 42.368893 80.69782
v 44.681435 42.402424 80.747439
v 57.672315 40.005806 80.201513
v 57.449599 40.31797 79.782478
v 57.760461 40.555374 79.965829
v 57.873886 40.269276 80.240029
v 57.026768 40.135242 79.762303
v 56.630612 40.495209 79.004448
v 57.118458 40.706905 79.142309
v 56.146342 40.305805 79.264531
v 55.751438 40.673588 78.37073
v 56.242047 40.902512 78.208987
v 55.26445 40.467236 78.925711
v 54.870067 40.838264 77.975441
v 55.362888 41.080978 77.573701
v 54.381401 40.621445 78.712381
v 53.987611 40.99617 77.697796
v 54.481561 41.245926 77.173704
v 53.498004 40.773491 78.536696
v 53.104894 41.152458 77.448387
v 53.599582 41.406807 76.844295
v 52.614261 40.923374 78.398659
v 52.221180000000004 41.302521 77.30721199999999
v 52.716952 41.563637 76.585474
v 51.729591 41.06749 78.361012
v 51.33599 41.443386 77.326036
v 51.832586 41.709641 76.514887
v 50.844227000000004 41.207272 78.398659
v 50.450061 41.579651 77.424859
v 50.946918 41.84753 76.585476
v 49.958054000000004 41.342003 78.524147
v 49.562477 41.705585 77.703443
v 50.059732 41.975952 76.820767
v 49.071047 41.471542 78.739988
v 48.674119 41.826702 78.065792
v 49.170984000000004 42.094635 77.225468
v 48.18337 41.596897 79.028612
v 47.78433 41.938889 78.583433
v 48.280978 42.205467 77.766639
v 47.294674 41.715904 79.427666
v 46.893291 42.043285 79.236602
v 47.389063 42.304401 78.514866
v 46.405607 41.832603 79.866876
v 46.002591 42.149792 79.853065
v 46.496452 42.399006 79.338385
v 45.517352 41.95435 80.218245
v 45.109472 42.241226 80.275757
v 45.605362 42.503078 79.9972
v 44.625898 42.056168 80.460279
v 44.309992 42.208996 80.521052
v 44.684630999999996 42.422359 80.40069
v 57.53306 40.838333 79.566057
v 57.935477 40.653286 80.186601
v 56.716464 41.030479 78.528683
v 55.839238 41.221004 77.683727
v 54.959082 41.393253 77.156674
v 54.077479 41.55648 76.78648
v 53.195529 41.717548 76.453934
v 52.312249 41.870319 76.2657
v 51.427 42.010822 76.29079899999999
v 50.540769 42.145195 76.422564
v 49.652328 42.265789 76.79401
v 48.762856 42.379959 77.277142
v 47.871476 42.482227 77.967331
v 46.978429 42.574108 78.838222
v 46.085835 42.668804 79.660172
v 45.184707 42.710297 80.217846
v 44.337360000000004 42.379639 80.510901
v 44.188615999999996 42.159729 80.568095
v 58.048911 40.121826 80.352627
v 45.559379 42.216377 80.523299
v 45.111421 42.253368 80.618762
v 45.569794 42.281315 80.816731
v 45.999833 42.132599 80.746041
v 46.444394 42.074429 80.523299
v 46.451570000000004 42.119167 81.168099
v 46.882953 41.978836 80.95153
v 47.329411 41.93248 80.523299
v 57.770719 40.619328 80.084497
v 57.127197 40.761391 79.425681
v 56.249064 40.946266 78.679024
v 55.368734 41.117428 78.170794
v 54.486669 41.277775 77.850797
v 53.604083 41.434872 77.58727
v 52.720975 41.588726 77.380213
v 51.83648 41.733917 77.323744
v 50.950942 41.87262 77.380215
v 50.064189999999996 42.003746 77.568448
v 49.176187999999996 42.127083 77.892209
v 48.28718 42.244141 78.325145
v 47.396645 42.351673 78.923726
v 46.505553 42.455746 79.582542
v 45.615678 42.56739 80.109594
v 44.691434 42.464771 80.437984
v 57.784289 40.703938 81.161854
v 57.126592 40.757622 82.040275
v 56.232396 40.842339 83.035819
v 55.341131 40.945328 83.713457
v 54.452181 41.062744 84.140121
v 53.563924 41.184494 84.49149
v 52.676363 41.31057 84.767566
v 51.790652 41.448189 84.842859
v 50.906329 41.594467 84.767565
v 50.023626 41.750839 84.516587
v 49.142590999999996 41.91761 84.084906
v 48.262897 42.092739 83.507657
v 47.385241 42.280571 82.709548
v 46.508324 42.473019 81.831128
v 45.629788 42.655365 81.128391
v 44.704222 42.544498 80.767415
v 57.712955 40.259174 80.063259
v 57.069432 40.401237 79.404443
v 56.1913 40.586113 78.657786
v 55.31097 40.757278 78.149557
v 54.428905 40.917622 77.82956
v 53.546318 41.074718 77.566032
v 52.663211000000004 41.228573 77.358976
v 51.778715 41.373764 77.302506
v 50.893177 41.512466 77.358977
v 50.006425 41.643593 77.54721
v 49.118423 41.76693 77.870971
v 48.229416 41.883987 78.303907
v 47.33888 41.991524 78.902488
v 46.447788 42.095592 79.561304
v 45.557913 42.207241 80.088357
v 44.652984000000004 42.22504 80.423847
v 57.795552 40.774155 79.940432
v 57.154054 40.928844 79.062011
v 56.278217 41.128029 78.066467
v 55.399449 41.308933 77.388828
v 54.518367 41.47541 76.962165
v 53.636591 41.637554 76.610795
v 52.75412 41.795376 76.334719
v 51.869798 41.941654 76.259426
v 50.984087 42.079269 76.334722
v 50.096756 42.206791 76.585699
v 49.207758999999996 42.323921 77.01738
v 48.317420999999996 42.432682 77.594629
v 47.425045 42.528744 78.392738
v 46.531929 42.620193 79.271158
v 45.640433 42.721741 79.973894
v 44.707632000000004 42.565762 80.397549
v 44.20204 42.243423 80.555799
v 57.946785 40.392689 80.306032
v 45.558048 42.20808 80.667611
v 46.441443 42.05603 80.843295
v 47.324435 41.901459 81.062901
v 48.207611 41.748043 81.262428
v 49.091296 41.597797 81.406739
v 49.975318 41.449646 81.51466
v 50.859756000000004 41.304092 81.577404
v 51.744599 41.16106 81.596227
v 52.629789 41.020195 81.577404
v 53.515442 40.882214 81.508385
v 54.401268 40.745316 81.420543
v 55.287268 40.609505 81.313878
v 56.173846 40.477291 81.144468
v 57.061158 40.349655 80.895582
v 57.71278 40.258091 80.675977
v 59.027227 39.868198 80.569775
v 57.655016 39.897942 80.654739
v 57.003393 39.989502 80.874344
v 56.116082 40.117142 81.12323
v 55.229503 40.249352 81.29264
v 54.343504 40.385162 81.399305
v 53.457677000000004 40.522064 81.487148
v 52.572025 40.660046 81.556166
v 51.686834 40.800911 81.574989
v 50.801991 40.943939 81.556166
v 49.917553 41.089493 81.493422
v 49.033532 41.237644 81.385502
v 48.149847 41.38789 81.24119
v 47.26667 41.541309 81.041663
v 46.383678 41.695877 80.822057
v 45.500282999999996 41.847927 80.646373
v 44.615733 41.992786 80.595712
v 44.18372 42.1292 80.61799
v 44.65528 42.239357 80.610251
v 49.127312 41.822346 83.192852
v 50.009343 41.661785 83.516613
v 50.892624 41.509014 83.704847
v 51.777121 41.363823 83.761317
v 52.662657 41.225117 83.704847
v 53.549583 41.095078 83.497791
v 54.437029 40.968277 83.234263
v 55.324996 40.84473 82.914267
v 56.214698 40.731998 82.406037
v 57.1066 40.632977 81.659379
v 57.762272 40.566662 81.000564
v 57.94262 40.366718 80.757791
v 57.704508 40.206509 80.979326
v 57.048835 40.272823 81.638142
v 56.156934 40.371845 82.384799
v 55.267231 40.484577 82.893029
v 54.379264 40.608128 83.213026
v 53.491818 40.734924 83.476552
v 52.604893 40.864967 83.683609
v 51.719356 41.00367 83.740079
v 50.834859 41.148861 83.683609
v 49.951578 41.301632 83.495376
v 49.069547 41.462196 83.171615
v 48.188523 41.629032 82.738678
v 47.309027 41.805393 82.140097
v 46.430085 41.985214 81.481281
v 45.54993 42.157459 80.954229
v 44.650425999999996 42.209091 80.701246
v 44.20109 42.237499 80.658839
v 44.688876 42.448822 80.715383
v 45.607694 42.517612 80.975466
v 46.487849 42.345367 81.502519
v 47.366791 42.165543 82.161335
v 48.246288 41.989185 82.759916
v 49.107589000000004 41.699375 79.639859
v 49.9936 41.563633 79.531938
v 50.879194999999996 41.425293 79.469194
v 51.764386 41.284424 79.450371
v 52.649229 41.141399 79.469194
v 53.533609 40.99548 79.538213
v 54.417815 40.848484 79.626055
v 55.301847 40.700401 79.73272
v 56.185302 40.548717 79.90213
v 57.068024 40.39246 80.151016
v 57.715596 40.275646 80.370621
v 59.02828 39.87476 80.455581
v 57.657832 39.915493 80.349383
v 57.010259 40.03231 80.129778
v 56.127537 40.188564 79.880892
v 55.244083 40.340248 79.711482
v 54.36005 40.488331 79.604817
v 53.475844 40.635326 79.516975
v 52.591464 40.781246 79.447956
v 51.706621 40.924271 79.429133
v 50.82143 41.06514 79.447956
v 49.935836 41.20348 79.5107
v 49.049824 41.339222 79.618621
v 48.163477 41.472874 79.762933
v 47.276621 41.603352 79.962459
v 46.38958 41.732674 80.182065
v 45.502945 41.864521 80.357749
v 44.616586 41.9981 80.503245
v 44.184036 42.131172 80.583643
v 44.656133 42.244671 80.517785
v 45.560709 42.22467 80.378987
v 46.447345 42.092827 80.203303
v 47.334386 41.963501 79.983697
v 48.221242000000004 41.833027 79.784171
v 58.481366 40.095284 80.586927
v 58.458854 39.954918 80.645069
v 58.437562 39.822166 80.570821
v 58.461295 39.970139 80.380289
v 58.482587 40.10289 80.454537
v 58.438782 39.829773 80.438431
vt 0.980829 0.998008
vt 0.392947 0.001992
vt 0.964845 0.998008
vt 0.376963 0.001992
vt 0.935470 0.998008
vt 0.347588 0.001992
vt 0.913438 0.998008
vt 0.325556 0.001992
vt 0.900478 0.998008
vt 0.312597 0.001992
vt 0.617515 0.001993
vt 0.632095 0.001993
vt 0.303525 0.001992
vt 0.646675 0.001993
vt 0.294453 0.001992
vt 0.433223 0.657735
vt 0.661254 0.001993
vt 0.447802 0.657735
vt 0.675834 0.001993
vt 0.462382 0.657735
vt 0.690414 0.001993
vt 0.476961 0.657735
vt 0.498292 0.657735
vt 0.704994 0.001993
vt 0.508661 0.657735
vt 0.719572 0.001993
vt 0.520583 0.657735
vt 0.734152 0.001993
vt 0.538468 0.657735
vt 0.748732 0.001993
vt 0.561796 0.657735
vt 0.763312 0.001993
vt 0.583826 0.657735
vt 0.777891 0.001993
vt 0.598083 0.657735
vt 0.792471 0.437605
vt 0.606532 0.222122
vt 0.005854 0.001992
vt 0.793442 0.998008
vt 0.021837 0.001992
vt 0.809426 0.998008
vt 0.051212 0.001992
vt 0.838801 0.998008
vt 0.073244 0.001992
vt 0.860834 0.998008
vt 0.086203 0.001992
vt 0.873791 0.998008
vt 0.800200 0.571600
vt 0.095275 0.001992
vt 0.814780 0.571600
vt 0.104347 0.001992
vt 0.829360 0.571600
vt 0.140928 0.001993
vt 0.155507 0.001993
vt 0.843939 0.571600
vt 0.170087 0.001993
vt 0.858519 0.571600
vt 0.184667 0.001993
vt 0.873098 0.571600
vt 0.199247 0.001993
vt 0.887678 0.571600
vt 0.213825 0.001993
vt 0.902257 0.571600
vt 0.228405 0.001993
vt 0.916837 0.571600
vt 0.242985 0.001993
vt 0.931417 0.571600
vt 0.257565 0.001993
vt 0.945996 0.571600
vt 0.272144 0.001993
vt 0.960576 0.571600
vt 0.286724 0.437605
vt 0.975156 0.135986
vt 0.610081 0.222122
vt 0.008320 0.277310
vt 0.021921 0.258915
vt 0.047031 0.258915
vt 0.067483 0.258915
vt 0.086203 0.235266
vt 0.111768 0.235265
vt 0.095275 0.235266
vt 0.126348 0.235267
vt 0.104347 0.235266
vt 0.140928 0.235267
vt 0.155507 0.258917
vt 0.170087 0.258917
vt 0.184667 0.258917
vt 0.199246 0.258917
vt 0.213825 0.258917
vt 0.228405 0.258917
vt 0.242985 0.258916
vt 0.257565 0.258915
vt 0.272144 0.291105
vt 0.286724 0.506026
vt 0.610081 0.153702
vt 0.390481 0.277310
vt 0.376879 0.258915
vt 0.351769 0.258915
vt 0.331317 0.258915
vt 0.312597 0.235266
vt 0.404063 0.424462
vt 0.418643 0.424462
vt 0.303525 0.235266
vt 0.433223 0.424462
vt 0.294453 0.235266
vt 0.447802 0.400812
vt 0.462382 0.400812
vt 0.476961 0.424462
vt 0.498292 0.424460
vt 0.491541 0.424462
vt 0.508661 0.424460
vt 0.526611 0.400811
vt 0.543318 0.400811
vt 0.564397 0.400811
vt 0.584292 0.400813
vt 0.598083 0.424463
vt 0.879843 0.998008
vt 0.894423 0.727247
vt 0.606532 0.153702
vt 0.546931 0.661674
vt 0.605858 0.235264
vt 0.546931 0.676254
vt 0.546930 0.690833
vt 0.546930 0.705413
vt 0.546931 0.719993
vt 0.546930 0.734572
vt 0.546931 0.749151
vt 0.546930 0.763731
vt 0.546931 0.778311
vt 0.546931 0.792890
vt 0.546930 0.807470
vt 0.546931 0.822049
vt 0.546931 0.836629
vt 0.546931 0.851209
vt 0.546931 0.864819
vt 0.546931 0.872612
vt 0.779613 0.575537
vt 0.664435 0.887192
vt 0.779613 0.808811
vt 0.664435 0.879402
vt 0.664435 0.865791
vt 0.664435 0.851210
vt 0.664435 0.836633
vt 0.664435 0.822052
vt 0.664435 0.807472
vt 0.664435 0.792895
vt 0.664435 0.778314
vt 0.664435 0.763733
vt 0.664435 0.749153
vt 0.664435 0.734575
vt 0.664435 0.719995
vt 0.664435 0.705418
vt 0.664435 0.690838
vt 0.664129 0.676257
vt 0.661989 0.661676
vt 0.608306 0.001992
vt 0.608000 0.095753
vt 0.589568 0.719993
vt 0.902257 0.149130
vt 0.595529 0.734572
vt 0.887678 0.149130
vt 0.600714 0.749151
vt 0.873098 0.149130
vt 0.602009 0.763731
vt 0.858519 0.149130
vt 0.602657 0.778311
vt 0.843939 0.149130
vt 0.600065 0.792890
vt 0.829360 0.149130
vt 0.595529 0.807471
vt 0.814780 0.149130
vt 0.590994 0.822049
vt 0.800200 0.149130
vt 0.829731 0.575538
vt 0.584514 0.836629
vt 0.823251 0.575538
vt 0.573498 0.851209
vt 0.812234 0.575538
vt 0.558810 0.865789
vt 0.797548 0.575538
vt 0.550818 0.872612
vt 0.789554 0.575538
vt 0.001965 0.424462
vt 0.769673 0.575537
vt 0.783500 0.575537
vt 0.660545 0.887192
vt 0.783500 0.808811
vt 0.769673 0.808810
vt 0.001965 0.657737
vt 0.652554 0.880372
vt 0.009957 0.657737
vt 0.637868 0.865791
vt 0.024645 0.657737
vt 0.626850 0.851210
vt 0.035661 0.657737
vt 0.620370 0.836633
vt 0.042141 0.657737
vt 0.111768 0.657735
vt 0.615838 0.822052
vt 0.126348 0.657735
vt 0.611300 0.807471
vt 0.140928 0.657735
vt 0.608710 0.792895
vt 0.155507 0.657735
vt 0.609358 0.778314
vt 0.170087 0.657735
vt 0.610653 0.763733
vt 0.184667 0.657735
vt 0.615838 0.749152
vt 0.199247 0.657735
vt 0.621800 0.734576
vt 0.213825 0.657735
vt 0.630740 0.719995
vt 0.228405 0.657735
vt 0.642405 0.705419
vt 0.242985 0.657735
vt 0.653417 0.690838
vt 0.257565 0.657735
vt 0.660545 0.676257
vt 0.272144 0.657735
vt 0.661101 0.661676
vt 0.286724 0.657735
vt 0.609194 0.001992
vt 0.609194 0.088128
vt 0.975156 0.001992
vt 0.550818 0.661674
vt 0.609745 0.235264
vt 0.960576 0.149130
vt 0.557947 0.676254
vt 0.945996 0.149130
vt 0.568962 0.690833
vt 0.931417 0.149130
vt 0.580625 0.705413
vt 0.916837 0.149130
vt 0.719572 0.424463
vt 0.504294 0.719993
vt 0.704994 0.424463
vt 0.498332 0.734572
vt 0.690414 0.424463
vt 0.493148 0.749151
vt 0.675834 0.424463
vt 0.491852 0.763731
vt 0.661254 0.424463
vt 0.491204 0.778311
vt 0.646675 0.424463
vt 0.493796 0.792890
vt 0.632095 0.424463
vt 0.498332 0.807471
vt 0.944542 0.575538
vt 0.617515 0.424463
vt 0.502868 0.822049
vt 0.951022 0.575538
vt 0.509348 0.836629
vt 0.962037 0.575538
vt 0.520363 0.851209
vt 0.976724 0.575538
vt 0.535051 0.865789
vt 0.984717 0.575538
vt 0.543042 0.872612
vt 0.775725 0.575537
vt 0.744916 0.808810
vt 0.396834 0.424463
vt 0.396834 0.657736
vt 0.744916 0.575536
vt 0.775725 0.808811
vt 0.668325 0.887192
vt 0.388843 0.657736
vt 0.676315 0.880372
vt 0.374155 0.657736
vt 0.691002 0.865791
vt 0.363140 0.657736
vt 0.702019 0.851210
vt 0.356660 0.657736
vt 0.708499 0.836633
vt 0.404063 0.001992
vt 0.418643 0.001992
vt 0.713032 0.822052
vt 0.433223 0.001992
vt 0.717569 0.807471
vt 0.447802 0.001992
vt 0.720159 0.792895
vt 0.462382 0.001992
vt 0.719512 0.778314
vt 0.476961 0.001992
vt 0.718217 0.763733
vt 0.491541 0.001992
vt 0.713032 0.749152
vt 0.557258 0.001992
vt 0.563220 0.001992
vt 0.707070 0.734576
vt 0.572163 0.001992
vt 0.698129 0.719995
vt 0.583826 0.001992
vt 0.686465 0.705419
vt 0.594843 0.001992
vt 0.675452 0.690838
vt 0.601970 0.001992
vt 0.668325 0.676257
vt 0.879843 0.575539
vt 0.894423 0.575537
vt 0.662871 0.661676
vt 0.607419 0.001992
vt 0.792471 0.571600
vt 0.607419 0.088128
vt 0.777891 0.424463
vt 0.601970 0.235264
vt 0.543042 0.661674
vt 0.763312 0.424463
vt 0.535915 0.676254
vt 0.748732 0.424463
vt 0.524899 0.690833
vt 0.734152 0.424463
vt 0.513235 0.705413
vt 0.779613 0.639930
vt 0.779613 0.744417
vt 0.782561 0.631911
vt 0.750969 0.631912
vt 0.782561 0.752436
vt 0.750969 0.752435
vt 0.776664 0.631911
vt 0.726213 0.752436
vt 0.776664 0.752436
vt 0.726213 0.631910
vt 0.976779 0.786773
vt 0.959769 0.786773
vt 0.940492 0.786773
vt 0.927370 0.786773
vt 0.624805 0.213228
vt 0.639385 0.213228
vt 0.653965 0.213228
vt 0.668544 0.213228
vt 0.683124 0.213228
vt 0.697704 0.213228
vt 0.712283 0.213228
vt 0.726862 0.213228
vt 0.741442 0.213228
vt 0.756022 0.213228
vt 0.770602 0.213228
vt 0.785181 0.358915
vt 0.013845 0.118629
vt 0.036524 0.118629
vt 0.062228 0.118629
vt 0.079724 0.118629
vt 0.090739 0.118629
vt 0.099811 0.118629
vt 0.148218 0.118630
vt 0.162797 0.118630
vt 0.177377 0.118630
vt 0.191957 0.118630
vt 0.206536 0.118630
vt 0.221115 0.118630
vt 0.235695 0.118630
vt 0.250275 0.118630
vt 0.264855 0.118629
vt 0.279434 0.295222
vt 0.388897 0.446501
vt 0.371887 0.446501
vt 0.352610 0.446501
vt 0.339488 0.446501
vt 0.411353 0.213227
vt 0.425933 0.213227
vt 0.440512 0.213227
vt 0.455092 0.213227
vt 0.469672 0.213227
vt 0.484251 0.213227
vt 0.537431 0.213226
vt 0.548609 0.213226
vt 0.564063 0.213226
vt 0.581072 0.213227
vt 0.594680 0.213227
vt 0.887133 0.719083
vt 0.384955 0.118629
vt 0.362275 0.118629
vt 0.336572 0.118629
vt 0.319076 0.118629
vt 0.308061 0.118629
vt 0.298989 0.118629
vt 0.440512 0.541099
vt 0.455092 0.541099
vt 0.469672 0.541099
vt 0.503477 0.541098
vt 0.514622 0.541098
vt 0.529526 0.541098
vt 0.550132 0.541098
vt 0.572811 0.541098
vt 0.590954 0.541099
vt 0.602307 0.364505
vt 0.606975 0.116486
vt 0.394891 0.329864
vt 0.550656 0.668964
vt 0.555192 0.683544
vt 0.560862 0.698123
vt 0.566014 0.712703
vt 0.569739 0.727282
vt 0.572526 0.741862
vt 0.574146 0.756441
vt 0.574632 0.771021
vt 0.574146 0.785600
vt 0.572364 0.800180
vt 0.570096 0.814760
vt 0.567342 0.829339
vt 0.562968 0.843919
vt 0.556542 0.858499
vt 0.550872 0.869200
vt 0.781087 0.692174
vt 0.660492 0.883782
vt 0.654823 0.873081
vt 0.648397 0.858500
vt 0.644023 0.843921
vt 0.641269 0.829343
vt 0.639002 0.814762
vt 0.637220 0.800183
vt 0.636734 0.785605
vt 0.637220 0.771024
vt 0.638840 0.756443
vt 0.641627 0.741864
vt 0.645352 0.727285
vt 0.650504 0.712707
vt 0.656173 0.698128
vt 0.660708 0.683547
vt 0.662017 0.668966
vt 0.608750 0.045060
vt 0.608276 0.161696
vt 0.894968 0.360365
vt 0.880388 0.360365
vt 0.865809 0.360365
vt 0.851229 0.360365
vt 0.836649 0.360365
vt 0.822070 0.360365
vt 0.807490 0.360365
vt 0.846902 0.786773
vt 0.833780 0.786773
vt 0.814502 0.786773
vt 0.797492 0.786773
vt 0.003910 0.329864
vt 0.009903 0.446501
vt 0.026913 0.446501
vt 0.046191 0.446501
vt 0.059312 0.446501
vt 0.119058 0.446501
vt 0.133638 0.446501
vt 0.148218 0.446501
vt 0.162797 0.446501
vt 0.177377 0.446501
vt 0.191957 0.446501
vt 0.206536 0.446501
vt 0.221115 0.446501
vt 0.235695 0.446501
vt 0.250275 0.446501
vt 0.264855 0.446500
vt 0.279434 0.514190
vt 0.609637 0.116486
vt 0.967866 0.214677
vt 0.953286 0.360365
vt 0.938706 0.360365
vt 0.924127 0.360365
vt 0.909547 0.360365
vt 0.524122 0.727282
vt 0.521335 0.741862
vt 0.519715 0.756441
vt 0.519229 0.771021
vt 0.519715 0.785600
vt 0.521497 0.800180
vt 0.523765 0.814760
vt 0.526519 0.829339
vt 0.530893 0.843919
vt 0.537319 0.858499
vt 0.542989 0.869200
vt 0.778138 0.692174
vt 0.668377 0.883782
vt 0.674047 0.873081
vt 0.680473 0.858500
vt 0.684847 0.843921
vt 0.687600 0.829343
vt 0.689868 0.814762
vt 0.691649 0.800183
vt 0.692135 0.785605
vt 0.691649 0.771024
vt 0.690029 0.756443
vt 0.687243 0.741864
vt 0.683517 0.727285
vt 0.678366 0.712707
vt 0.672697 0.698128
vt 0.668162 0.683547
vt 0.664405 0.668966
vt 0.607863 0.045060
vt 0.605888 0.161696
vt 0.543205 0.668964
vt 0.538669 0.683544
vt 0.532999 0.698123
vt 0.527848 0.712703
vt 0.781322 0.603724
vt 0.760321 0.692173
vt 0.781322 0.780623
vt 0.735565 0.692173
vt 0.777904 0.603724
vt 0.777904 0.780623
vt 0.972837 0.998008
vt 0.384955 0.001992
vt 0.969529 0.786773
vt 0.980720 0.575538
vt 0.539047 0.869200
vt 0.982773 0.786773
vt 0.394891 0.213227
vt 0.950158 0.998008
vt 0.362275 0.001992
vt 0.949442 0.786773
vt 0.969380 0.575538
vt 0.527707 0.858499
vt 0.924454 0.998008
vt 0.336572 0.001992
vt 0.933081 0.786773
vt 0.956530 0.575538
vt 0.514856 0.843919
vt 0.906958 0.998008
vt 0.319076 0.001992
vt 0.922510 0.786773
vt 0.617515 0.213228
vt 0.947782 0.575538
vt 0.506108 0.829339
vt 0.624805 0.001993
vt 0.308061 0.001992
vt 0.632095 0.213228
vt 0.624805 0.424463
vt 0.500600 0.814760
vt 0.639385 0.001993
vt 0.298989 0.001992
vt 0.646675 0.213228
vt 0.639385 0.424463
vt 0.496064 0.800180
vt 0.653965 0.001993
vt 0.440512 0.657735
vt 0.661254 0.213228
vt 0.653965 0.424463
vt 0.492500 0.785600
vt 0.668544 0.001993
vt 0.455092 0.657735
vt 0.675834 0.213228
vt 0.668544 0.424463
vt 0.491528 0.771021
vt 0.683124 0.001993
vt 0.469672 0.657735
vt 0.690414 0.213228
vt 0.683124 0.424463
vt 0.492500 0.756441
vt 0.697704 0.001993
vt 0.503477 0.657735
vt 0.704993 0.213228
vt 0.697704 0.424463
vt 0.495740 0.741862
vt 0.712283 0.001993
vt 0.514622 0.657735
vt 0.719572 0.213228
vt 0.712283 0.424463
vt 0.501313 0.727282
vt 0.726862 0.001993
vt 0.529526 0.657735
vt 0.734152 0.213228
vt 0.726862 0.424463
vt 0.508765 0.712703
vt 0.741442 0.001993
vt 0.550132 0.657735
vt 0.748732 0.213228
vt 0.741442 0.424463
vt 0.519067 0.698123
vt 0.756022 0.001993
vt 0.572811 0.657735
vt 0.763312 0.213228
vt 0.756022 0.424463
vt 0.530407 0.683544
vt 0.770602 0.001993
vt 0.590954 0.657735
vt 0.777891 0.249650
vt 0.770602 0.424463
vt 0.539479 0.668964
vt 0.785181 0.219799
vt 0.602307 0.439929
vt 0.792471 0.504602
vt 0.606975 0.155125
vt 0.785181 0.498031
vt 0.604695 0.161696
vt 0.013845 0.001992
vt 0.801434 0.998008
vt 0.023511 0.118629
vt 0.012860 0.258916
vt 0.007366 0.171438
vt 0.036524 0.001992
vt 0.824114 0.998008
vt 0.050294 0.118629
vt 0.034122 0.258915
vt 0.062228 0.001992
vt 0.849817 0.998008
vt 0.072110 0.118629
vt 0.058219 0.258915
vt 0.079724 0.001992
vt 0.867312 0.998008
vt 0.085717 0.118629
vt 0.074621 0.258915
vt 0.090739 0.001992
vt 0.807490 0.571600
vt 0.095275 0.118629
vt 0.090739 0.235266
vt 0.119058 0.235266
vt 0.099811 0.001992
vt 0.822070 0.571600
vt 0.104347 0.118629
vt 0.140928 0.118630
vt 0.099811 0.235266
vt 0.133638 0.235267
vt 0.148218 0.001993
vt 0.836649 0.571600
vt 0.155507 0.118630
vt 0.148218 0.258917
vt 0.162797 0.001993
vt 0.851229 0.571600
vt 0.170087 0.118630
vt 0.162797 0.258917
vt 0.177377 0.001993
vt 0.865809 0.571600
vt 0.184667 0.118630
vt 0.177377 0.258917
vt 0.191957 0.001993
vt 0.880388 0.571600
vt 0.199246 0.118630
vt 0.191957 0.258917
vt 0.206536 0.001993
vt 0.894968 0.571600
vt 0.213825 0.118630
vt 0.206536 0.258917
vt 0.221115 0.001993
vt 0.909547 0.571600
vt 0.228405 0.118630
vt 0.221115 0.258917
vt 0.235695 0.001993
vt 0.924127 0.571600
vt 0.242985 0.118630
vt 0.235695 0.258917
vt 0.250275 0.001993
vt 0.938706 0.571600
vt 0.257565 0.118629
vt 0.250275 0.258916
vt 0.264855 0.001993
vt 0.953286 0.571600
vt 0.272144 0.162777
vt 0.264855 0.258915
vt 0.279434 0.219799
vt 0.967866 0.353793
vt 0.286724 0.471816
vt 0.610081 0.187912
vt 0.279434 0.387676
vt 0.392839 0.657736
vt 0.672320 0.883782
vt 0.381647 0.446501
vt 0.385940 0.258915
vt 0.393392 0.417342
vt 0.381499 0.657736
vt 0.683659 0.873081
vt 0.361560 0.446501
vt 0.364678 0.258915
vt 0.368647 0.657736
vt 0.696511 0.858500
vt 0.345198 0.446501
vt 0.340582 0.258915
vt 0.359900 0.657736
vt 0.705259 0.843921
vt 0.334628 0.446501
vt 0.404063 0.213227
vt 0.324179 0.258915
vt 0.411353 0.001992
vt 0.710765 0.829343
vt 0.418643 0.213227
vt 0.411353 0.424462
vt 0.308061 0.235266
vt 0.425933 0.001992
vt 0.715300 0.814762
vt 0.433223 0.213227
vt 0.425933 0.424462
vt 0.298989 0.235266
vt 0.440512 0.001992
vt 0.718864 0.800183
vt 0.447802 0.213227
vt 0.440512 0.400812
vt 0.455092 0.001992
vt 0.719835 0.785605
vt 0.462382 0.213227
vt 0.455092 0.400812
vt 0.469672 0.001992
vt 0.718864 0.771024
vt 0.476961 0.213227
vt 0.469672 0.400812
vt 0.484251 0.001992
vt 0.715624 0.756443
vt 0.491541 0.213227
vt 0.532960 0.213226
vt 0.484251 0.424462
vt 0.503477 0.424460
vt 0.560239 0.001992
vt 0.710051 0.741864
vt 0.542461 0.213226
vt 0.520324 0.400811
vt 0.567692 0.001992
vt 0.702600 0.727285
vt 0.555826 0.213226
vt 0.534296 0.400811
vt 0.577994 0.001992
vt 0.692297 0.712707
vt 0.572689 0.213226
vt 0.553615 0.400811
vt 0.589334 0.001992
vt 0.680958 0.698128
vt 0.588605 0.213227
vt 0.574876 0.400812
vt 0.598407 0.001992
vt 0.671888 0.683547
vt 0.600026 0.213227
vt 0.879843 0.786773
vt 0.591886 0.400813
vt 0.887133 0.575538
vt 0.665598 0.668966
vt 0.894423 0.651392
vt 0.606975 0.077847
vt 0.887133 0.862627
vt 0.602307 0.289082
vt 0.375289 0.118629
vt 0.391435 0.171438
vt 0.348506 0.118629
vt 0.326690 0.118629
vt 0.313083 0.118629
vt 0.303525 0.118629
vt 0.294453 0.118629
vt 0.433223 0.541099
vt 0.447802 0.541099
vt 0.462382 0.541099
vt 0.476961 0.541099
vt 0.498292 0.541098
vt 0.508855 0.541098
vt 0.521328 0.541098
vt 0.539149 0.541098
vt 0.561634 0.541098
vt 0.582854 0.541099
vt 0.597357 0.496950
vt 0.605586 0.214204
vt 0.607419 0.062917
vt 0.396834 0.541099
vt 0.744916 0.692173
vt 0.546931 0.668964
vt 0.548874 0.661674
vt 0.607801 0.235264
vt 0.554382 0.668964
vt 0.953286 0.149130
vt 0.552682 0.676254
vt 0.546931 0.683544
vt 0.563454 0.683544
vt 0.938706 0.149130
vt 0.557987 0.690833
vt 0.546930 0.698123
vt 0.574793 0.698123
vt 0.924127 0.149130
vt 0.563608 0.705413
vt 0.546931 0.712703
vt 0.585097 0.712703
vt 0.909547 0.149130
vt 0.568063 0.719993
vt 0.546931 0.727282
vt 0.592548 0.727282
vt 0.894968 0.149130
vt 0.571181 0.734572
vt 0.546931 0.741862
vt 0.598121 0.741862
vt 0.880388 0.149130
vt 0.573579 0.749151
vt 0.546931 0.756441
vt 0.601361 0.756441
vt 0.865809 0.149130
vt 0.574429 0.763731
vt 0.546931 0.771021
vt 0.602333 0.771021
vt 0.851229 0.149130
vt 0.574591 0.778311
vt 0.546931 0.785600
vt 0.601361 0.785600
vt 0.836649 0.149130
vt 0.573376 0.792890
vt 0.546930 0.800180
vt 0.597797 0.800180
vt 0.822070 0.149130
vt 0.571230 0.807470
vt 0.546931 0.814760
vt 0.593261 0.814760
vt 0.807490 0.149130
vt 0.568841 0.822049
vt 0.546931 0.829339
vt 0.587754 0.829339
vt 0.826491 0.575538
vt 0.565439 0.836629
vt 0.546931 0.843919
vt 0.579006 0.843919
vt 0.817743 0.575538
vt 0.559985 0.851209
vt 0.546931 0.858499
vt 0.566154 0.858499
vt 0.804891 0.575538
vt 0.553289 0.864819
vt 0.546931 0.869200
vt 0.554814 0.869200
vt 0.793551 0.575538
vt 0.548874 0.872612
vt 0.781556 0.575537
vt 0.779613 0.692173
vt 0.781146 0.639930
vt 0.782561 0.692174
vt 0.750969 0.692173
vt 0.781146 0.744417
vt 0.656549 0.883782
vt 0.005961 0.657737
vt 0.658076 0.879402
vt 0.664435 0.883782
vt 0.662490 0.887192
vt 0.781556 0.808811
vt 0.645211 0.873081
vt 0.017301 0.657737
vt 0.651380 0.865791
vt 0.664435 0.873081
vt 0.632359 0.858500
vt 0.030153 0.657737
vt 0.645926 0.851210
vt 0.664435 0.858500
vt 0.623610 0.843921
vt 0.038901 0.657737
vt 0.642524 0.836633
vt 0.664435 0.843921
vt 0.618104 0.829343
vt 0.119058 0.657735
vt 0.640136 0.822052
vt 0.664435 0.829343
vt 0.613569 0.814762
vt 0.133638 0.657735
vt 0.637989 0.807472
vt 0.664435 0.814762
vt 0.610005 0.800183
vt 0.148218 0.657735
vt 0.636775 0.792894
vt 0.664435 0.800183
vt 0.609034 0.785605
vt 0.162797 0.657735
vt 0.636937 0.778314
vt 0.664435 0.785605
vt 0.610005 0.771024
vt 0.177377 0.657735
vt 0.637787 0.763733
vt 0.664435 0.771024
vt 0.613245 0.756443
vt 0.191957 0.657735
vt 0.640185 0.749153
vt 0.664435 0.756443
vt 0.618819 0.741864
vt 0.206536 0.657735
vt 0.643303 0.734575
vt 0.664435 0.741864
vt 0.626270 0.727285
vt 0.221115 0.657735
vt 0.647758 0.719995
vt 0.664435 0.727285
vt 0.636573 0.712707
vt 0.235695 0.657735
vt 0.653379 0.705418
vt 0.664435 0.712707
vt 0.647911 0.698128
vt 0.250275 0.657735
vt 0.658683 0.690838
vt 0.664435 0.698128
vt 0.656981 0.683547
vt 0.264855 0.657735
vt 0.661926 0.676257
vt 0.664435 0.683547
vt 0.660823 0.668966
vt 0.279434 0.657735
vt 0.661545 0.661676
vt 0.608750 0.001992
vt 0.663211 0.668966
vt 0.608306 0.045060
vt 0.609194 0.062917
vt 0.608631 0.095753
vt 0.607082 0.161696
vt 0.609469 0.161696
vt 0.967866 0.075561
vt 0.902257 0.360365
vt 0.887678 0.360365
vt 0.873098 0.360365
vt 0.858519 0.360365
vt 0.843939 0.360365
vt 0.829360 0.360365
vt 0.814780 0.360365
vt 0.800200 0.360365
vt 0.851761 0.786773
vt 0.841192 0.786773
vt 0.824829 0.786773
vt 0.804742 0.786773
vt 0.791498 0.786773
vt 0.003910 0.213227
vt 0.001965 0.541099
vt 0.769673 0.692173
vt 0.005408 0.417342
vt 0.017153 0.446501
vt 0.037240 0.446501
vt 0.053602 0.446501
vt 0.064172 0.446501
vt 0.111768 0.446500
vt 0.126348 0.446501
vt 0.140928 0.446501
vt 0.155507 0.446501
vt 0.170087 0.446501
vt 0.184667 0.446501
vt 0.199246 0.446501
vt 0.213825 0.446501
vt 0.228405 0.446501
vt 0.242985 0.446501
vt 0.257565 0.446500
vt 0.272144 0.463423
vt 0.286724 0.581881
vt 0.609637 0.077847
vt 0.609637 0.155125
vt 0.975156 0.068989
vt 0.960576 0.323943
vt 0.945996 0.360365
vt 0.931417 0.360365
vt 0.916837 0.360365
vt 0.525798 0.719993
vt 0.522680 0.734572
vt 0.520282 0.749151
vt 0.519432 0.763731
vt 0.519270 0.778311
vt 0.520485 0.792890
vt 0.522631 0.807470
vt 0.525021 0.822049
vt 0.528423 0.836629
vt 0.533876 0.851209
vt 0.540572 0.864819
vt 0.544986 0.872612
vt 0.777669 0.575537
vt 0.776664 0.692174
vt 0.726213 0.692173
vt 0.778080 0.639930
vt 0.778080 0.744417
vt 0.670794 0.879402
vt 0.666380 0.887192
vt 0.777669 0.808811
vt 0.677489 0.865791
vt 0.682943 0.851210
vt 0.686345 0.836633
vt 0.688734 0.822052
vt 0.690880 0.807472
vt 0.692095 0.792894
vt 0.691933 0.778314
vt 0.691083 0.763733
vt 0.688685 0.749153
vt 0.685566 0.734575
vt 0.681112 0.719995
vt 0.675490 0.705418
vt 0.670186 0.690838
vt 0.666331 0.676257
vt 0.662430 0.661676
vt 0.607863 0.001992
vt 0.607369 0.095753
vt 0.603914 0.235264
vt 0.544986 0.661674
vt 0.541180 0.676254
vt 0.535874 0.690833
vt 0.530253 0.705413
vt 0.783031 0.603724
vt 0.760321 0.603724
vt 0.779613 0.603724
vt 0.760321 0.780622
vt 0.783031 0.780624
vt 0.779613 0.780623
vt 0.735565 0.780623
vt 0.776195 0.603724
vt 0.735565 0.603723
vt 0.776195 0.780624
vn -0.315648 0.640046 0.700506
vn -0.476517 0.655613 0.585750
vn -0.533124 0.495984 0.685404
vn -0.417020 0.369314 0.830483
vn -0.346413 0.800952 0.488338
vn -0.456984 0.646743 0.610647
vn -0.235420 0.816174 0.527672
vn -0.314704 0.666946 0.675385
vn 0.043938 0.924843 0.377803
vn -0.187824 0.900561 0.392062
vn -0.328531 0.774228 0.540961
vn -0.070092 0.945525 0.317914
vn -0.211663 0.854619 0.474156
vn -0.049624 0.930703 0.362394
vn -0.128481 0.892476 0.432412
vn 0.000229 0.961314 0.275454
vn -0.113850 0.899210 0.422444
vn 0.049743 0.967459 0.248090
vn -0.038545 0.921347 0.386826
vn 0.053078 0.957447 0.283685
vn 0.010372 0.949408 0.313875
vn 0.077953 0.969308 0.233165
vn 0.015997 0.932032 0.362023
vn 0.094251 0.970025 0.223984
vn 0.049075 0.937699 0.343966
vn 0.101676 0.963143 0.249035
vn 0.083565 0.961099 0.263259
vn 0.103412 0.970640 0.217175
vn 0.067615 0.941574 0.329949
vn 0.106721 0.971470 0.211795
vn 0.076036 0.945013 0.318071
vn 0.116352 0.966302 0.229615
vn 0.111697 0.964716 0.238427
vn 0.113117 0.972525 0.203471
vn 0.083248 0.947789 0.307841
vn 0.123099 0.972780 0.196332
vn 0.096963 0.949143 0.299542
vn 0.126722 0.967790 0.217542
vn 0.119850 0.967436 0.222942
vn 0.134752 0.972249 0.191244
vn 0.115396 0.948923 0.293649
vn 0.147668 0.971047 0.187780
vn 0.137343 0.946969 0.290495
vn 0.147419 0.966154 0.211694
vn 0.136133 0.967377 0.213655
vn 0.158256 0.968916 0.190149
vn 0.156267 0.944253 0.289770
vn 0.164245 0.967228 0.193631
vn 0.165629 0.942307 0.290902
vn 0.162011 0.964003 0.210834
vn 0.157227 0.964842 0.210619
vn 0.170062 0.966579 0.191841
vn 0.176428 0.939488 0.293658
vn 0.181931 0.964463 0.191607
vn 0.199909 0.933205 0.298605
vn 0.180065 0.959257 0.217721
vn 0.167646 0.962460 0.213464
vn 0.198984 0.959352 0.200122
vn 0.224984 0.924843 0.306671
vn 0.211761 0.954390 0.210468
vn 0.240139 0.917062 0.318326
vn 0.200617 0.952183 0.230435
vn 0.192980 0.955560 0.222854
vn 0.219513 0.951011 0.217699
vn 0.255942 0.907436 0.333248
vn 0.234565 0.945023 0.227839
vn 0.284360 0.891733 0.352068
vn 0.225315 0.939989 0.256231
vn 0.209420 0.947492 0.241664
vn 0.260104 0.933949 0.245121
vn 0.322954 0.867968 0.377269
vn 0.292797 0.917341 0.269731
vn 0.369710 0.832798 0.412022
vn 0.274252 0.912383 0.303880
vn 0.246902 0.928991 0.275707
vn 0.338004 0.889336 0.307952
vn 0.418723 0.782838 0.460256
vn 0.385148 0.848309 0.363362
vn 0.460078 0.714662 0.526864
vn 0.332575 0.852202 0.403913
vn 0.303988 0.888293 0.344278
vn 0.429148 0.786550 0.444039
vn 0.484830 0.622193 0.614667
vn 0.454413 0.693934 0.558539
vn 0.474960 0.503134 0.721989
vn 0.362147 0.705968 0.608653
vn 0.355995 0.795599 0.490194
vn 0.411390 0.584213 0.699609
vn 0.411636 0.371863 0.832030
vn 0.289418 0.476638 0.830093
vn 0.304692 0.264346 0.915032
vn 0.243619 0.439188 0.864733
vn 0.327485 0.574483 0.750149
vn 0.154748 0.388764 0.908249
vn 0.214715 0.203709 0.955196
vn 0.056412 0.362458 0.930292
vn 0.146144 0.189894 0.970867
vn 0.106836 0.316118 0.942685
vn 0.165965 0.357166 0.919178
vn -0.303395 0.716434 -0.628231
vn -0.466353 0.718916 -0.515436
vn 0.802241 -0.144066 0.579357
vn 0.889274 -0.155748 0.430040
vn -0.338220 0.852007 -0.399614
vn 0.776345 -0.146132 0.613134
vn 0.657952 -0.472073 0.586726
vn 0.721646 -0.369070 0.585674
vn 0.776428 -0.301543 0.553382
vn -0.181533 0.939756 -0.289663
vn 0.752076 -0.145229 0.642877
vn -0.065234 0.975801 -0.208703
vn 0.711314 -0.148641 0.686978
vn 0.469720 -0.695346 0.543927
vn 0.573791 -0.590220 0.567807
vn 0.004282 0.986545 -0.163435
vn 0.649286 -0.146880 0.746227
vn 0.053277 0.989462 -0.134636
vn 0.561719 -0.142015 0.815049
vn 0.237333 -0.833774 0.498492
vn 0.352251 -0.778523 0.519443
vn 0.081202 0.989559 -0.119077
vn 0.469654 -0.131291 0.873034
vn 0.097324 0.989202 -0.109576
vn 0.398771 -0.120548 0.909093
vn 0.076687 -0.886107 0.457092
vn 0.140685 -0.867166 0.477735
vn 0.106360 0.989023 -0.102575
vn 0.355503 -0.112904 0.927831
vn 0.109573 0.989226 -0.097082
vn 0.342632 -0.108844 0.933143
vn 0.022434 -0.907433 0.419598
vn 0.039302 -0.898139 0.437953
vn 0.115808 0.989314 -0.088575
vn 0.322530 -0.108734 0.940293
vn 0.125654 0.988740 -0.081270
vn 0.267705 -0.104013 0.957870
vn -0.022340 -0.918565 0.394638
vn 0.007541 -0.914130 0.405351
vn 0.137217 0.987616 -0.076067
vn 0.181511 -0.093816 0.978904
vn 0.150072 0.986012 -0.072522
vn 0.066599 -0.078690 0.994672
vn -0.113652 -0.916226 0.384205
vn -0.063635 -0.919700 0.387430
vn 0.160702 0.984155 -0.074922
vn -0.036295 -0.058596 0.997622
vn 0.166751 0.982872 -0.078466
vn -0.089097 -0.046173 0.994952
vn -0.178666 -0.906919 0.381544
vn -0.157155 -0.910909 0.381507
vn 0.172538 0.982015 -0.076660
vn -0.146027 -0.041183 0.988423
vn 0.184402 0.979873 -0.076448
vn -0.258918 -0.025679 0.965558
vn -0.255184 -0.882091 0.395976
vn -0.203002 -0.899143 0.387726
vn 0.201610 0.975755 -0.085175
vn -0.369922 -0.000248 0.929063
vn 0.214584 0.971997 -0.095788
vn -0.423783 0.014327 0.905650
vn -0.340430 -0.842162 0.418176
vn -0.309375 -0.860892 0.403921
vn 0.222475 0.969459 -0.103218
vn -0.459651 0.019118 0.887894
vn 0.237715 0.964658 -0.113694
vn -0.521459 0.030122 0.852744
vn -0.422191 -0.780462 0.461121
vn -0.370418 -0.818524 0.439100
vn 0.263576 0.955613 -0.131650
vn -0.589667 0.046378 0.806313
vn 0.296740 0.941898 -0.157396
vn -0.644911 0.060672 0.761846
vn -0.553140 -0.656143 0.513335
vn -0.486479 -0.726808 0.484860
vn 0.342669 0.918408 -0.197751
vn -0.680714 0.072696 0.728933
vn 0.390862 0.883954 -0.256618
vn -0.686886 0.076673 0.722710
vn -0.640390 -0.482044 0.597942
vn -0.609413 -0.572170 0.548851
vn 0.436397 0.831807 -0.343008
vn -0.665412 0.072775 0.742920
vn 0.463861 0.752896 -0.466884
vn -0.609171 0.059644 0.790793
vn -0.597213 -0.301355 0.743318
vn -0.640094 -0.389419 0.662294
vn 0.414112 0.661443 -0.625304
vn -0.511466 0.044839 0.858133
vn 0.240656 0.581516 -0.777126
vn -0.382172 0.017418 0.923927
vn -0.335272 -0.191892 0.922372
vn -0.497730 -0.229325 0.836466
vn 0.023465 0.518117 -0.854988
vn -0.244428 -0.028796 0.969240
vn -0.115374 0.488885 -0.864685
vn -0.228032 -0.025879 0.973310
vn -0.112183 -0.171076 0.978850
vn -0.182157 -0.183866 0.965926
vn 0.255172 -0.430267 -0.865885
vn 0.360377 -0.643713 -0.675101
vn 0.599308 -0.423886 -0.679080
vn 0.615187 -0.230436 -0.753952
vn 0.235414 -0.816177 -0.527670
vn 0.510410 -0.582159 -0.632907
vn 0.669125 -0.402426 -0.624760
vn 0.732679 -0.300287 -0.610745
vn 0.786787 -0.236963 -0.569925
vn 0.128479 -0.892476 -0.432411
vn 0.391864 -0.714140 -0.580040
vn 0.049625 -0.930705 -0.362389
vn 0.275042 -0.806094 -0.523989
vn 0.480373 -0.628932 -0.611299
vn 0.584753 -0.521870 -0.621060
vn -0.010370 -0.949409 -0.313873
vn 0.168233 -0.863154 -0.476091
vn -0.053081 -0.957447 -0.283685
vn 0.081681 -0.893686 -0.441197
vn 0.247337 -0.771407 -0.586306
vn 0.362565 -0.714240 -0.598672
vn -0.083565 -0.961099 -0.263261
vn 0.016331 -0.909644 -0.415069
vn -0.101675 -0.963143 -0.249035
vn -0.023970 -0.918374 -0.394987
vn 0.086010 -0.827969 -0.554138
vn 0.150357 -0.806857 -0.571292
vn -0.111700 -0.964715 -0.238427
vn -0.046709 -0.924231 -0.378967
vn -0.116350 -0.966302 -0.229617
vn -0.057181 -0.929217 -0.365084
vn 0.031106 -0.853398 -0.520330
vn 0.048296 -0.842076 -0.537192
vn -0.119849 -0.967436 -0.222942
vn -0.065653 -0.932986 -0.353873
vn -0.126722 -0.967790 -0.217542
vn -0.082168 -0.935033 -0.344908
vn -0.014115 -0.867267 -0.497643
vn 0.015954 -0.861667 -0.507223
vn -0.136132 -0.967378 -0.213656
vn -0.104688 -0.935101 -0.338565
vn -0.147421 -0.966154 -0.211693
vn -0.131673 -0.932853 -0.335331
vn -0.105600 -0.866042 -0.488692
vn -0.055533 -0.869177 -0.491372
vn -0.157230 -0.964841 -0.210617
vn -0.155049 -0.929765 -0.333913
vn -0.162009 -0.964003 -0.210836
vn -0.166505 -0.927531 -0.334609
vn -0.170665 -0.857034 -0.486174
vn -0.149149 -0.861024 -0.486201
vn -0.167645 -0.962460 -0.213464
vn -0.179800 -0.923628 -0.338502
vn -0.180065 -0.959257 -0.217721
vn -0.208792 -0.915178 -0.344753
vn -0.246932 -0.830632 -0.499074
vn -0.194892 -0.848574 -0.491873
vn -0.192979 -0.955560 -0.222854
vn -0.239050 -0.904567 -0.353006
vn -0.200617 -0.952183 -0.230434
vn -0.256814 -0.894705 -0.365444
vn -0.331795 -0.788337 -0.518110
vn -0.300990 -0.808605 -0.505533
vn -0.209424 -0.947492 -0.241662
vn -0.275887 -0.881772 -0.382577
vn -0.225315 -0.939988 -0.256232
vn -0.309852 -0.860923 -0.403489
vn -0.412822 -0.722033 -0.555200
vn -0.361421 -0.762425 -0.536733
vn -0.246898 -0.928991 -0.275712
vn -0.354646 -0.830209 -0.430091
vn -0.274256 -0.912381 -0.303883
vn -0.407287 -0.785642 -0.465709
vn -0.542916 -0.592410 -0.595224
vn -0.476718 -0.665945 -0.573810
vn -0.303989 -0.888292 -0.344278
vn -0.459025 -0.725131 -0.513304
vn -0.332571 -0.852201 -0.403918
vn -0.498638 -0.646417 -0.577499
vn -0.628781 -0.409674 -0.660910
vn -0.598617 -0.504864 -0.621909
vn -0.355993 -0.795598 -0.490197
vn -0.516707 -0.545999 -0.659469
vn -0.362147 -0.705966 -0.608656
vn -0.496226 -0.425748 -0.756636
vn -0.583132 -0.213560 -0.783804
vn -0.627402 -0.310284 -0.714206
vn -0.341670 -0.572204 -0.745549
vn -0.433198 -0.297379 -0.850826
vn -0.298927 -0.426682 -0.853572
vn -0.349129 -0.194277 -0.916714
vn -0.397171 -0.067824 -0.915235
vn -0.498144 -0.126727 -0.857784
vn -0.266363 -0.324819 -0.907493
vn -0.286912 -0.138391 -0.947908
vn -0.279548 -0.258253 -0.924748
vn -0.278649 -0.096618 -0.955521
vn -0.289504 -0.023525 -0.956888
vn -0.319545 -0.043259 -0.946583
vn 0.812904 -0.077578 -0.577208
vn 0.897193 -0.106383 -0.428635
vn 0.787630 -0.075729 -0.611477
vn 0.763922 -0.071398 -0.641347
vn 0.723978 -0.069690 -0.686294
vn 0.663045 -0.061085 -0.746083
vn 0.576752 -0.048275 -0.815491
vn 0.485757 -0.030882 -0.873548
vn 0.415539 -0.016007 -0.909435
vn 0.372623 -0.006209 -0.927962
vn 0.359841 -0.001565 -0.933012
vn 0.339872 -0.000609 -0.940471
vn 0.285376 0.006158 -0.958396
vn 0.199568 0.018778 -0.979704
vn 0.084954 0.035736 -0.995744
vn -0.017890 0.056146 -0.998262
vn -0.070745 0.068239 -0.995158
vn -0.127793 0.072502 -0.989147
vn -0.241101 0.085412 -0.966734
vn -0.352777 0.106614 -0.929614
vn -0.407080 0.118464 -0.905678
vn -0.443286 0.121222 -0.888146
vn -0.505736 0.128194 -0.853111
vn -0.574797 0.139097 -0.806387
vn -0.630872 0.148253 -0.761591
vn -0.667281 0.156468 -0.728185
vn -0.673566 0.159713 -0.721665
vn -0.651719 0.158131 -0.741794
vn -0.594596 0.150512 -0.789811
vn -0.510098 0.144522 -0.847888
vn -0.434229 0.131580 -0.891141
vn -0.370367 0.104521 -0.922986
vn -0.390392 0.112618 -0.913735
vn -0.707520 0.176546 -0.684286
vn -0.780784 0.136363 -0.609739
vn 0.779813 -0.119654 -0.614471
vn 0.223871 0.017912 -0.974454
vn 0.158098 0.985711 0.058121
vn 0.133635 0.989326 0.058097
vn 0.184333 0.962188 -0.200539
vn 0.207601 0.970993 -0.118639
vn 0.048103 0.997170 0.057768
vn 0.081267 0.947264 -0.309979
vn 0.174607 0.556882 -0.812032
vn 0.322445 0.663950 -0.674685
vn 0.372527 0.770677 -0.516992
vn 0.158100 0.985711 0.058131
vn 0.158096 0.985711 0.058129
vn 0.200324 0.977368 -0.067992
vn 0.192802 0.980520 -0.037532
vn 0.364103 0.846153 -0.389172
vn 0.339040 0.892520 -0.297422
vn 0.158095 0.985712 0.058124
vn 0.158099 0.985711 0.058126
vn 0.186006 0.982372 -0.018624
vn 0.179870 0.983669 -0.006564
vn 0.309328 0.921570 -0.234573
vn 0.278826 0.940905 -0.192233
vn 0.158099 0.985711 0.058125
vn 0.158100 0.985711 0.058125
vn 0.174650 0.984629 0.001571
vn 0.170679 0.985301 0.007034
vn 0.250946 0.954204 -0.162854
vn 0.228994 0.962920 -0.142644
vn 0.158098 0.985711 0.058126
vn 0.158098 0.985711 0.058126
vn 0.167824 0.985755 0.011042
vn 0.166238 0.985985 0.014070
vn 0.212825 0.968722 -0.127605
vn 0.203812 0.972104 -0.116076
vn 0.158098 0.985711 0.058126
vn 0.158097 0.985711 0.058127
vn 0.164858 0.986186 0.016085
vn 0.162621 0.986534 0.017462
vn 0.196032 0.974599 -0.108302
vn 0.183024 0.977696 -0.103017
vn 0.158098 0.985711 0.058128
vn 0.158098 0.985711 0.058126
vn 0.160511 0.986859 0.018602
vn 0.159549 0.987001 0.019299
vn 0.170526 0.980403 -0.098650
vn 0.164837 0.981641 -0.095967
vn 0.158097 0.985711 0.058127
vn 0.158098 0.985711 0.058127
vn 0.158741 0.987131 0.019356
vn 0.157106 0.987398 0.019068
vn 0.160053 0.982454 -0.095742
vn 0.150267 0.983891 -0.096840
vn 0.158100 0.985711 0.058126
vn 0.158097 0.985711 0.058127
vn 0.155224 0.987705 0.018545
vn 0.153668 0.987967 0.017514
vn 0.139013 0.985344 -0.098856
vn 0.129672 0.986209 -0.102843
vn 0.158096 0.985711 0.058126
vn 0.158098 0.985711 0.058126
vn 0.152536 0.988167 0.016084
vn 0.151974 0.988281 0.014321
vn 0.122905 0.986484 -0.108373
vn 0.119532 0.986125 -0.115194
vn 0.158098 0.985711 0.058126
vn 0.158097 0.985711 0.058128
vn 0.151252 0.988423 0.011966
vn 0.149635 0.988700 0.009089
vn 0.115042 0.985564 -0.124213
vn 0.105216 0.985228 -0.135116
vn 0.158099 0.985711 0.058125
vn 0.158098 0.985711 0.058125
vn 0.146676 0.989171 0.005154
vn 0.141609 0.989922 -0.000682
vn 0.087374 0.984846 -0.149813
vn 0.057274 0.983591 -0.171078
vn 0.158098 0.985711 0.058125
vn 0.158098 0.985711 0.058123
vn 0.134312 0.990892 -0.009628
vn 0.123617 0.992016 -0.024964
vn 0.015133 0.979111 -0.202764
vn -0.043941 0.966152 -0.254203
vn 0.158097 0.985711 0.058129
vn 0.158099 0.985711 0.058127
vn 0.108104 0.992898 -0.049672
vn 0.082848 0.992338 -0.091663
vn -0.121455 0.936281 -0.329586
vn -0.226541 0.871511 -0.434911
vn 0.210008 0.975976 0.058022
vn 0.172814 0.983238 0.058125
vn 0.105123 0.984786 -0.138371
vn 0.221269 0.975166 0.009526
vn -0.302942 0.740276 -0.600181
vn 0.049896 0.962002 -0.268444
vn 0.071889 -0.995808 -0.056557
vn 0.987380 -0.158369 -0.000030
vn 0.819470 -0.163792 0.549218
vn 0.106020 -0.947123 0.302849
vn 0.379705 0.923379 0.056523
vn 0.390348 0.825622 0.407403
vn 0.168965 0.378651 0.909986
vn 0.191869 -0.088406 0.977431
vn 0.025772 -0.514130 0.857325
vn 0.239673 -0.526928 0.815416
vn 0.348588 -0.717218 0.603394
vn -0.045978 -0.982585 0.180035
vn -0.057739 -0.958407 0.279505
vn 0.226542 -0.871512 0.434908
vn -0.082847 -0.992338 0.091657
vn -0.158099 -0.985711 -0.058130
vn -0.143345 -0.987965 -0.058118
vn -0.105744 -0.992699 -0.058019
vn 0.121456 -0.936283 0.329579
vn -0.108102 -0.992899 0.049666
vn 0.043939 -0.966152 0.254205
vn -0.123620 -0.992016 0.024960
vn -0.158099 -0.985711 -0.058130
vn -0.158097 -0.985711 -0.058132
vn -0.015137 -0.979110 0.202768
vn -0.134315 -0.990892 0.009629
vn -0.057274 -0.983592 0.171076
vn -0.141606 -0.989923 0.000682
vn -0.158096 -0.985712 -0.058124
vn -0.158099 -0.985711 -0.058124
vn -0.087372 -0.984847 0.149810
vn -0.146674 -0.989172 -0.005155
vn -0.105217 -0.985227 0.135117
vn -0.149635 -0.988700 -0.009089
vn -0.158098 -0.985711 -0.058126
vn -0.158099 -0.985711 -0.058124
vn -0.115043 -0.985564 0.124216
vn -0.151253 -0.988423 -0.011964
vn -0.119532 -0.986125 0.115196
vn -0.151977 -0.988280 -0.014320
vn -0.158099 -0.985711 -0.058125
vn -0.158096 -0.985711 -0.058126
vn -0.122906 -0.986483 0.108373
vn -0.152535 -0.988167 -0.016080
vn -0.129674 -0.986209 0.102843
vn -0.153667 -0.987968 -0.017511
vn -0.158098 -0.985711 -0.058127
vn -0.158098 -0.985711 -0.058126
vn -0.139011 -0.985344 0.098857
vn -0.155224 -0.987705 -0.018546
vn -0.150266 -0.983891 0.096841
vn -0.157106 -0.987398 -0.019068
vn -0.158097 -0.985711 -0.058128
vn -0.158098 -0.985711 -0.058128
vn -0.160056 -0.982454 0.095740
vn -0.158742 -0.987130 -0.019354
vn -0.164838 -0.981641 0.095963
vn -0.159549 -0.987001 -0.019300
vn -0.158099 -0.985711 -0.058126
vn -0.158097 -0.985711 -0.058125
vn -0.170525 -0.980403 0.098650
vn -0.160511 -0.986859 -0.018605
vn -0.183022 -0.977697 0.103016
vn -0.162619 -0.986535 -0.017463
vn -0.158096 -0.985711 -0.058127
vn -0.158099 -0.985711 -0.058127
vn -0.196031 -0.974599 0.108299
vn -0.164857 -0.986186 -0.016086
vn -0.203813 -0.972105 0.116074
vn -0.166239 -0.985985 -0.014069
vn -0.158098 -0.985711 -0.058125
vn -0.158097 -0.985711 -0.058126
vn -0.212825 -0.968722 0.127603
vn -0.167823 -0.985755 -0.011041
vn -0.228994 -0.962920 0.142642
vn -0.170679 -0.985302 -0.007032
vn -0.158099 -0.985711 -0.058125
vn -0.158097 -0.985711 -0.058124
vn -0.250946 -0.954203 0.162855
vn -0.174652 -0.984629 -0.001567
vn -0.278830 -0.940904 0.192236
vn -0.179874 -0.983668 0.006564
vn -0.158099 -0.985711 -0.058125
vn -0.158101 -0.985711 -0.058125
vn -0.309328 -0.921571 0.234572
vn -0.186006 -0.982372 0.018621
vn -0.339038 -0.892524 0.297413
vn -0.192799 -0.980520 0.037534
vn -0.158096 -0.985712 -0.058126
vn -0.158098 -0.985711 -0.058125
vn -0.364104 -0.846153 0.389171
vn -0.200324 -0.977367 0.068002
vn -0.372525 -0.770677 0.516993
vn -0.207601 -0.970991 0.118649
vn -0.158099 -0.985711 -0.058130
vn -0.158095 -0.985711 -0.058131
vn -0.337050 -0.661236 0.670197
vn -0.207703 -0.957692 0.199213
vn -0.234683 -0.545124 0.804837
vn -0.186114 -0.932858 0.308444
vn -0.158096 -0.985712 -0.058124
vn -0.158100 -0.985711 -0.058129
vn -0.130670 -0.458742 0.878909
vn -0.160257 -0.892859 0.420858
vn -0.109615 -0.398380 0.910647
vn -0.208494 -0.837034 0.505870
vn -0.270846 -0.960894 -0.057670
vn -0.172310 -0.983328 -0.058093
vn -0.197064 0.978879 0.054424
vn -0.987370 0.158431 0.000096
vn -0.927636 -0.107513 0.357677
vn -0.189968 0.868166 -0.458477
vn -0.724669 0.047389 0.687466
vn -0.067832 0.443802 -0.893554
vn -0.063178 0.996391 0.056689
vn -0.052702 0.912825 -0.404936
vn 0.024206 0.485221 -0.874057
vn 0.261067 0.939374 -0.222309
vn 0.244978 0.947244 -0.206674
vn 0.289842 0.925901 -0.242277
vn 0.229601 0.953656 -0.194485
vn 0.204378 0.961063 -0.185977
vn 0.180805 0.966763 -0.180776
vn 0.169949 0.969260 -0.177913
vn 0.160569 0.971072 -0.176739
vn 0.141662 0.973872 -0.177495
vn 0.119771 0.976199 -0.180805
vn 0.101444 0.977113 -0.186973
vn 0.087889 0.976732 -0.195626
vn 0.080873 0.975155 -0.206233
vn 0.072673 0.973109 -0.218579
vn 0.054396 0.970886 -0.233284
vn 0.021660 0.967359 -0.252481
vn -0.032401 0.959643 -0.279347
vn -0.107017 0.941814 -0.318643
vn -0.203815 0.903548 -0.376909
vn -0.319352 0.831465 -0.454621
vn -0.446366 0.712939 -0.540810
vn -0.520958 0.571820 -0.633739
vn -0.402074 0.462490 -0.790215
vn 0.205904 -0.094108 0.974037
vn 0.768515 -0.190102 0.610938
vn 0.601467 -0.315964 0.733760
vn 0.587170 -0.499545 0.636935
vn 0.499308 -0.651388 0.571301
vn 0.381892 -0.776313 0.501495
vn 0.266215 -0.861118 0.433134
vn 0.160363 -0.912201 0.377059
vn 0.074503 -0.938441 0.337310
vn 0.009664 -0.951231 0.308327
vn -0.030255 -0.957562 0.286637
vn -0.052689 -0.961520 0.269636
vn -0.062902 -0.964870 0.255086
vn -0.071161 -0.967321 0.243364
vn -0.087502 -0.968310 0.233921
vn -0.109902 -0.967627 0.227198
vn -0.136830 -0.964995 0.223747
vn -0.160180 -0.961738 0.222265
vn -0.171646 -0.959587 0.223002
vn -0.185017 -0.956142 0.227070
vn -0.214126 -0.948434 0.233716
vn -0.244539 -0.938808 0.242571
vn -0.262543 -0.930417 0.255727
vn -0.281939 -0.919512 0.273875
vn -0.316303 -0.901161 0.296415
vn -0.361618 -0.873650 0.325529
vn -0.414945 -0.833404 0.365046
vn -0.467615 -0.778691 0.418302
vn -0.508483 -0.707809 0.490359
vn -0.528166 -0.617427 0.582945
vn -0.509599 -0.509125 0.693614
vn -0.430596 -0.399351 0.809386
vn -0.282566 -0.320185 0.904234
vn -0.145954 -0.279860 0.948881
vn -0.101614 -0.244486 0.964314
vn -0.626672 0.079997 0.775167
vn -0.036680 0.332559 -0.942369
vn 0.071069 0.342931 -0.936668
vn 0.237459 0.388747 -0.890218
vn 0.408845 0.470917 -0.781718
vn 0.487618 0.582050 -0.650727
vn 0.495386 0.688016 -0.530309
vn 0.468928 0.769843 -0.432954
vn 0.426284 0.829981 -0.359741
vn 0.376338 0.874137 -0.307011
vn 0.328916 0.905141 -0.269321
vn 0.166957 0.980349 0.105078
vn 0.165427 0.980926 0.102067
vn 0.169737 0.979437 0.109057
vn 0.164082 0.981359 0.100062
vn 0.161871 0.981864 0.098692
vn 0.159782 0.982320 0.097560
vn 0.158836 0.982542 0.096867
vn 0.158027 0.982678 0.096811
vn 0.156384 0.982912 0.097096
vn 0.154498 0.983159 0.097616
vn 0.152921 0.983303 0.098643
vn 0.151760 0.983339 0.100066
vn 0.151166 0.983251 0.101819
vn 0.150402 0.983122 0.104161
vn 0.148735 0.983069 0.107020
vn 0.145698 0.983091 0.110927
vn 0.140522 0.983174 0.116716
vn 0.133068 0.983119 0.125577
vn 0.122094 0.982489 0.140742
vn 0.106125 0.980551 0.165097
vn 0.080099 0.975210 0.206278
vn 0.101522 0.962331 0.252216
vn 0.220380 0.969598 0.106359
vn 0.042067 -0.412512 -0.909980
vn 0.209886 0.023977 -0.977432
vn 0.829576 -0.100685 -0.549242
vn 0.112566 -0.906299 -0.407371
vn 0.185263 0.480279 -0.857327
vn 0.396892 0.866441 -0.302915
vn -0.041629 -0.955432 -0.292261
vn -0.051580 -0.920005 -0.388497
vn -0.080106 -0.975210 -0.206273
vn -0.106122 -0.980551 -0.165096
vn -0.122091 -0.982489 -0.140745
vn -0.133066 -0.983119 -0.125579
vn -0.140522 -0.983174 -0.116717
vn -0.145699 -0.983091 -0.110928
vn -0.148735 -0.983069 -0.107018
vn -0.150402 -0.983122 -0.104160
vn -0.151166 -0.983250 -0.101820
vn -0.151761 -0.983339 -0.100068
vn -0.152920 -0.983303 -0.098644
vn -0.154497 -0.983159 -0.097616
vn -0.156385 -0.982912 -0.097096
vn -0.158027 -0.982678 -0.096812
vn -0.158836 -0.982542 -0.096867
vn -0.159783 -0.982319 -0.097559
vn -0.161870 -0.981864 -0.098694
vn -0.164081 -0.981359 -0.100062
vn -0.165427 -0.980926 -0.102066
vn -0.166959 -0.980349 -0.105078
vn -0.169737 -0.979436 -0.109059
vn -0.173609 -0.978138 -0.114483
vn -0.178683 -0.976246 -0.122544
vn -0.184593 -0.973570 -0.134487
vn -0.191042 -0.969555 -0.153184
vn -0.198007 -0.962925 -0.183216
vn -0.204358 -0.950779 -0.232932
vn -0.210559 -0.925489 -0.314858
vn -0.216455 -0.879986 -0.422814
vn -0.231873 -0.825779 -0.514125
vn -0.307776 -0.762953 -0.568486
vn -0.936406 -0.047406 -0.347702
vn -0.101737 0.834468 0.541584
vn 0.019188 0.862792 0.505195
vn 0.113970 0.897795 0.425411
vn 0.187347 0.929983 0.316280
vn 0.204355 0.950782 0.232923
vn 0.198007 0.962926 0.183212
vn 0.191047 0.969554 0.153184
vn 0.184594 0.973570 0.134484
vn 0.178679 0.976246 0.122544
vn 0.173610 0.978138 0.114479
vn 0.265361 0.947755 0.177042
vn 0.250348 0.966428 0.057814
vn 0.199388 0.425588 0.882677
vn 0.077252 -0.076210 0.994095
vn 0.019973 -0.453157 0.891207
vn -0.056502 -0.960917 0.271009
vn -0.064446 -0.996244 -0.057828
vn 0.095588 0.038127 -0.994691
vn 0.036825 -0.348063 -0.936748
vn 0.215134 0.523741 -0.824265
vn 0.267571 0.961517 -0.062375
vn -0.050498 -0.923475 -0.380320
s 1
g pCube3
usemtl phong2SG
f 699/1077/699 1049/1574/700 1223/1400/701 1052/1579/702
f 1049/1574/700 700/1079/703 1050/1576/704 1223/1400/701
f 1223/1400/701 1050/1576/704 845/1332/705 1051/1577/706
f 1052/1579/702 1223/1400/701 1051/1577/706 846/1334/707
f 700/1079/703 1053/1581/708 1224/1401/709 1050/1576/704
f 1053/1581/708 701/1081/710 1054/1583/711 1224/1401/709
f 1224/1401/709 1054/1583/711 844/1330/712 1055/1584/713
f 1050/1576/704 1224/1401/709 1055/1584/713 845/1332/705
f 701/1081/710 1056/1586/714 1225/1402/715 1054/1583/711
f 1056/1586/714 702/1083/716 1057/1588/717 1225/1402/715
f 1225/1402/715 1057/1588/717 843/1328/718 1058/1589/719
f 1054/1583/711 1225/1402/715 1058/1589/719 844/1330/712
f 702/1083/716 1059/1591/720 1226/1403/721 1057/1588/717
f 1059/1591/720 703/1085/722 1060/1593/723 1226/1403/721
f 1226/1403/721 1060/1593/723 842/1325/724 1061/1595/725
f 1057/1588/717 1226/1403/721 1061/1595/725 843/1328/718
f 703/1087/722 1062/1597/726 1227/1404/727 1060/1594/723
f 1062/1597/726 704/1088/728 1063/1599/729 1227/1404/727
f 1227/1404/727 1063/1599/729 841/1323/730 1064/1600/731
f 1060/1594/723 1227/1404/727 1064/1600/731 842/1326/724
f 704/1088/728 1065/1602/732 1228/1405/733 1063/1599/729
f 1065/1602/732 705/1090/734 1066/1604/735 1228/1405/733
f 1228/1405/733 1066/1604/735 840/1321/736 1067/1605/737
f 1063/1599/729 1228/1405/733 1067/1605/737 841/1323/730
f 705/1090/734 1068/1607/738 1229/1406/739 1066/1604/735
f 1068/1607/738 706/1093/740 1069/1609/741 1229/1406/739
f 1229/1406/739 1069/1609/741 839/1319/742 1070/1610/743
f 1066/1604/735 1229/1406/739 1070/1610/743 840/1321/736
f 706/1093/740 1071/1612/744 1230/1407/745 1069/1609/741
f 1071/1612/744 707/1095/746 1072/1614/747 1230/1407/745
f 1230/1407/745 1072/1614/747 838/1317/748 1073/1615/749
f 1069/1609/741 1230/1407/745 1073/1615/749 839/1319/742
f 707/1095/746 1074/1617/750 1231/1408/751 1072/1614/747
f 1074/1617/750 708/1097/752 1075/1619/753 1231/1408/751
f 1231/1408/751 1075/1619/753 837/1315/754 1076/1620/755
f 1072/1614/747 1231/1408/751 1076/1620/755 838/1317/748
f 708/1097/752 1077/1622/756 1232/1409/757 1075/1619/753
f 1077/1622/756 709/1100/758 1078/1624/759 1232/1409/757
f 1232/1409/757 1078/1624/759 836/1313/760 1079/1625/761
f 1075/1619/753 1232/1409/757 1079/1625/761 837/1315/754
f 709/1100/758 1080/1627/762 1233/1410/763 1078/1624/759
f 1080/1627/762 710/1102/764 1081/1629/765 1233/1410/763
f 1233/1410/763 1081/1629/765 835/1311/766 1082/1630/767
f 1078/1624/759 1233/1410/763 1082/1630/767 836/1313/760
f 710/1102/764 1083/1632/768 1234/1411/769 1081/1629/765
f 1083/1632/768 711/1104/770 1084/1634/771 1234/1411/769
f 1234/1411/769 1084/1634/771 868/1388/772 1085/1635/773
f 1081/1629/765 1234/1411/769 1085/1635/773 835/1311/766
f 711/1104/770 1086/1637/774 1235/1412/775 1084/1634/771
f 1086/1637/774 712/1106/776 1087/1639/777 1235/1412/775
f 1235/1412/775 1087/1639/777 867/1386/778 1088/1640/779
f 1084/1634/771 1235/1412/775 1088/1640/779 868/1388/772
f 712/1106/776 1089/1642/780 1236/1413/781 1087/1639/777
f 1089/1642/780 713/1108/782 1090/1644/783 1236/1413/781
f 1236/1413/781 1090/1644/783 866/1384/784 1091/1645/785
f 1087/1639/777 1236/1413/781 1091/1645/785 867/1386/778
f 713/1108/782 1092/1647/786 1237/1414/787 1090/1644/783
f 1092/1647/786 714/1110/788 1093/1649/789 1237/1414/787
f 1237/1414/787 1093/1649/789 865/1381/790 1094/1650/791
f 1090/1644/783 1237/1414/787 1094/1650/791 866/1384/784
f 714/1110/788 1095/1652/792 1238/1415/793 1093/1649/789
f 1095/1652/792 715/1112/794 1096/1654/795 1238/1415/793
f 1238/1415/793 1096/1654/795 864/1379/796 1097/1656/797
f 1093/1649/789 1238/1415/793 1097/1656/797 865/1381/790
f 716/1114/798 1098/1658/799 1239/1416/800 1101/1662/801
f 1098/1658/799 717/1116/802 1099/1660/803 1239/1416/800
f 1239/1416/800 1099/1660/803 734/1152/804 1100/1661/805
f 1101/1662/801 1239/1416/800 1100/1661/805 733/1151/806
f 717/1116/802 1102/1663/807 1240/1417/808 1099/1660/803
f 1102/1663/807 718/1118/809 1103/1665/810 1240/1417/808
f 1240/1417/808 1103/1665/810 735/1153/811 1104/1666/812
f 1099/1660/803 1240/1417/808 1104/1666/812 734/1152/804
f 718/1118/809 1105/1667/813 1241/1418/814 1103/1665/810
f 1105/1667/813 719/1120/815 1106/1669/816 1241/1418/814
f 1241/1418/814 1106/1669/816 736/1154/817 1107/1670/818
f 1103/1665/810 1241/1418/814 1107/1670/818 735/1153/811
f 719/1120/815 1108/1671/819 1242/1419/820 1106/1669/816
f 1108/1671/819 720/1122/821 1109/1673/822 1242/1419/820
f 1242/1419/820 1109/1673/822 737/1155/823 1110/1674/824
f 1106/1669/816 1242/1419/820 1110/1674/824 736/1154/817
f 720/1122/821 1111/1675/825 1243/1420/826 1109/1673/822
f 1111/1675/825 721/1125/827 1112/1677/828 1243/1420/826
f 1243/1420/826 1112/1677/828 738/1157/829 1113/1678/830
f 1109/1673/822 1243/1420/826 1113/1678/830 737/1155/823
f 721/1125/827 1114/1680/831 1244/1421/832 1112/1677/828
f 1114/1680/831 722/1127/833 1115/1682/834 1244/1421/832
f 1244/1421/832 1115/1682/834 739/1159/835 1116/1684/836
f 1112/1677/828 1244/1421/832 1116/1684/836 738/1157/829
f 722/1129/833 1117/1686/837 1245/1422/838 1115/1683/834
f 1117/1686/837 723/1130/839 1118/1688/840 1245/1422/838
f 1245/1422/838 1118/1688/840 740/1161/841 1119/1689/842
f 1115/1683/834 1245/1422/838 1119/1689/842 739/1160/835
f 723/1130/839 1120/1690/843 1246/1423/844 1118/1688/840
f 1120/1690/843 724/1132/845 1121/1692/846 1246/1423/844
f 1246/1423/844 1121/1692/846 741/1162/847 1122/1693/848
f 1118/1688/840 1246/1423/844 1122/1693/848 740/1161/841
f 724/1132/845 1123/1694/849 1247/1424/850 1121/1692/846
f 1123/1694/849 725/1134/851 1124/1696/852 1247/1424/850
f 1247/1424/850 1124/1696/852 742/1163/853 1125/1697/854
f 1121/1692/846 1247/1424/850 1125/1697/854 741/1162/847
f 725/1134/851 1126/1698/855 1248/1425/856 1124/1696/852
f 1126/1698/855 726/1136/857 1127/1700/858 1248/1425/856
f 1248/1425/856 1127/1700/858 743/1164/859 1128/1701/860
f 1124/1696/852 1248/1425/856 1128/1701/860 742/1163/853
f 726/1136/857 1129/1702/861 1249/1426/862 1127/1700/858
f 1129/1702/861 727/1138/863 1130/1704/864 1249/1426/862
f 1249/1426/862 1130/1704/864 744/1165/865 1131/1705/866
f 1127/1700/858 1249/1426/862 1131/1705/866 743/1164/859
f 727/1138/863 1132/1706/867 1250/1427/868 1130/1704/864
f 1132/1706/867 728/1140/869 1133/1708/870 1250/1427/868
f 1250/1427/868 1133/1708/870 745/1166/871 1134/1709/872
f 1130/1704/864 1250/1427/868 1134/1709/872 744/1165/865
f 728/1140/869 1135/1710/873 1251/1428/874 1133/1708/870
f 1135/1710/873 729/1142/875 1136/1712/876 1251/1428/874
f 1251/1428/874 1136/1712/876 746/1167/877 1137/1713/878
f 1133/1708/870 1251/1428/874 1137/1713/878 745/1166/871
f 729/1142/875 1138/1714/879 1252/1429/880 1136/1712/876
f 1138/1714/879 730/1144/881 1139/1716/882 1252/1429/880
f 1252/1429/880 1139/1716/882 747/1168/883 1140/1717/884
f 1136/1712/876 1252/1429/880 1140/1717/884 746/1167/877
f 730/1144/881 1141/1718/885 1253/1430/886 1139/1716/882
f 1141/1718/885 731/1146/887 1142/1720/888 1253/1430/886
f 1253/1430/886 1142/1720/888 748/1169/889 1143/1721/890
f 1139/1716/882 1253/1430/886 1143/1721/890 747/1168/883
f 731/1146/887 1144/1722/891 1254/1431/892 1142/1720/888
f 1144/1722/891 732/1148/893 1145/1724/894 1254/1431/892
f 1254/1431/892 1145/1724/894 749/1170/895 1146/1726/896
f 1142/1720/888 1254/1431/892 1146/1726/896 748/1169/889
f 847/1339/897 1147/1727/898 1255/1432/899 1150/1731/900
f 1147/1727/898 848/1343/901 1148/1729/902 1255/1432/899
f 1255/1432/899 1148/1729/902 751/1173/903 1149/1730/904
f 1150/1731/900 1255/1432/899 1149/1730/904 750/1172/905
f 848/1343/901 1151/1732/906 1256/1433/907 1148/1729/902
f 1151/1732/906 849/1345/908 1152/1734/909 1256/1433/907
f 1256/1433/907 1152/1734/909 752/1174/910 1153/1735/911
f 1148/1729/902 1256/1433/907 1153/1735/911 751/1173/903
f 849/1345/908 1154/1736/912 1257/1434/913 1152/1734/909
f 1154/1736/912 850/1347/914 1155/1738/915 1257/1434/913
f 1257/1434/913 1155/1738/915 753/1175/916 1156/1739/917
f 1152/1734/909 1257/1434/913 1156/1739/917 752/1174/910
f 850/1347/914 1157/1740/918 1258/1435/919 1155/1738/915
f 1157/1740/918 851/1349/920 1158/1742/921 1258/1435/919
f 1258/1435/919 1158/1742/921 754/1176/922 1159/1744/923
f 1155/1738/915 1258/1435/919 1159/1744/923 753/1175/916
f 851/1351/920 1160/1745/924 1259/1436/925 1158/1743/921
f 1160/1745/924 852/1352/926 1161/1747/927 1259/1436/925
f 1259/1436/925 1161/1747/927 755/1178/928 1162/1748/929
f 1158/1743/921 1259/1436/925 1162/1748/929 754/1177/922
f 852/1352/926 1163/1750/930 1260/1437/931 1161/1747/927
f 1163/1750/930 853/1354/932 1164/1752/933 1260/1437/931
f 1260/1437/931 1164/1752/933 756/1180/934 1165/1753/935
f 1161/1747/927 1260/1437/931 1165/1753/935 755/1178/928
f 853/1354/932 1166/1755/936 1261/1438/937 1164/1752/933
f 1166/1755/936 854/1356/938 1167/1757/939 1261/1438/937
f 1261/1438/937 1167/1757/939 757/1182/940 1168/1758/941
f 1164/1752/933 1261/1438/937 1168/1758/941 756/1180/934
f 854/1356/938 1169/1759/942 1262/1439/943 1167/1757/939
f 1169/1759/942 855/1358/944 1170/1761/945 1262/1439/943
f 1262/1439/943 1170/1761/945 758/1183/946 1171/1762/947
f 1167/1757/939 1262/1439/943 1171/1762/947 757/1182/940
f 855/1358/944 1172/1763/948 1263/1440/949 1170/1761/945
f 1172/1763/948 856/1360/950 1173/1765/951 1263/1440/949
f 1263/1440/949 1173/1765/951 759/1184/952 1174/1766/953
f 1170/1761/945 1263/1440/949 1174/1766/953 758/1183/946
f 856/1360/950 1175/1767/954 1264/1441/955 1173/1765/951
f 1175/1767/954 857/1362/956 1176/1769/957 1264/1441/955
f 1264/1441/955 1176/1769/957 760/1186/958 1177/1771/959
f 1173/1765/951 1264/1441/955 1177/1771/959 759/1184/952
f 857/1364/956 1178/1773/960 1265/1442/961 1176/1770/957
f 1178/1773/960 858/1365/962 1179/1775/963 1265/1442/961
f 1265/1442/961 1179/1775/963 761/1188/964 1180/1776/965
f 1176/1770/957 1265/1442/961 1180/1776/965 760/1187/958
f 858/1365/962 1181/1777/966 1266/1443/967 1179/1775/963
f 1181/1777/966 859/1367/968 1182/1779/969 1266/1443/967
f 1266/1443/967 1182/1779/969 762/1189/970 1183/1780/971
f 1179/1775/963 1266/1443/967 1183/1780/971 761/1188/964
f 859/1367/968 1184/1781/972 1267/1444/973 1182/1779/969
f 1184/1781/972 860/1369/974 1185/1783/975 1267/1444/973
f 1267/1444/973 1185/1783/975 763/1190/976 1186/1784/977
f 1182/1779/969 1267/1444/973 1186/1784/977 762/1189/970
f 860/1369/974 1187/1785/978 1268/1445/979 1185/1783/975
f 1187/1785/978 861/1371/980 1188/1787/981 1268/1445/979
f 1268/1445/979 1188/1787/981 764/1191/982 1189/1788/983
f 1185/1783/975 1268/1445/979 1189/1788/983 763/1190/976
f 861/1371/980 1190/1789/984 1269/1446/985 1188/1787/981
f 1190/1789/984 862/1373/986 1191/1791/987 1269/1446/985
f 1269/1446/985 1191/1791/987 765/1192/988 1192/1793/989
f 1188/1787/981 1269/1446/985 1192/1793/989 764/1191/982
f 862/1375/986 1193/1794/990 1270/1447/991 1191/1792/987
f 1193/1794/990 863/1376/992 1194/1796/993 1270/1447/991
f 1270/1447/991 1194/1796/993 766/1194/994 1195/1798/995
f 1191/1792/987 1270/1447/991 1195/1798/995 765/1193/988
f 750/1172/905 1149/1730/904 1271/1448/996 1197/1801/997
f 1149/1730/904 751/1173/903 1196/1800/998 1271/1448/996
f 1271/1448/996 1196/1800/998 700/1080/703 1049/1575/700
f 1197/1801/997 1271/1448/996 1049/1575/700 699/1078/699
f 751/1173/903 1153/1735/911 1272/1449/999 1196/1800/998
f 1153/1735/911 752/1174/910 1198/1802/1000 1272/1449/999
f 1272/1449/999 1198/1802/1000 701/1082/710 1053/1582/708
f 1196/1800/998 1272/1449/999 1053/1582/708 700/1080/703
f 752/1174/910 1156/1739/917 1273/1450/1001 1198/1802/1000
f 1156/1739/917 753/1175/916 1199/1803/1002 1273/1450/1001
f 1273/1450/1001 1199/1803/1002 702/1084/716 1056/1587/714
f 1198/1802/1000 1273/1450/1001 1056/1587/714 701/1082/710
f 753/1175/916 1159/1744/923 1274/1451/1003 1199/1803/1002
f 1159/1744/923 754/1176/922 1200/1804/1004 1274/1451/1003
f 1274/1451/1003 1200/1804/1004 703/1086/722 1059/1592/720
f 1199/1803/1002 1274/1451/1003 1059/1592/720 702/1084/716
f 754/1176/922 1162/1749/929 1275/1452/1005 1200/1804/1004
f 1162/1749/929 755/1179/928 1201/1805/1006 1275/1452/1005
f 1275/1452/1005 1201/1805/1006 704/1089/728 1062/1598/726
f 1200/1804/1004 1275/1452/1005 1062/1598/726 703/1086/722
f 755/1179/928 1165/1754/935 1276/1453/1007 1201/1805/1006
f 1165/1754/935 756/1181/934 1202/1806/1008 1276/1453/1007
f 1276/1453/1007 1202/1806/1008 705/1091/734 1065/1603/732
f 1201/1805/1006 1276/1453/1007 1065/1603/732 704/1089/728
f 756/1180/934 1168/1758/941 1277/1454/1009 1202/1807/1008
f 1168/1758/941 757/1182/940 1203/1808/1010 1277/1454/1009
f 1277/1454/1009 1203/1808/1010 706/1094/740 1068/1608/738
f 1202/1807/1008 1277/1454/1009 1068/1608/738 705/1092/734
f 757/1182/940 1171/1762/947 1278/1455/1011 1203/1808/1010
f 1171/1762/947 758/1183/946 1204/1809/1012 1278/1455/1011
f 1278/1455/1011 1204/1809/1012 707/1096/746 1071/1613/744
f 1203/1808/1010 1278/1455/1011 1071/1613/744 706/1094/740
f 758/1183/946 1174/1766/953 1279/1456/1013 1204/1809/1012
f 1174/1766/953 759/1184/952 1205/1810/1014 1279/1456/1013
f 1279/1456/1013 1205/1810/1014 708/1098/752 1074/1618/750
f 1204/1809/1012 1279/1456/1013 1074/1618/750 707/1096/746
f 759/1185/952 1177/1772/959 1280/1457/1015 1205/1811/1014
f 1177/1772/959 760/1187/958 1206/1812/1016 1280/1457/1015
f 1280/1457/1015 1206/1812/1016 709/1101/758 1077/1623/756
f 1205/1811/1014 1280/1457/1015 1077/1623/756 708/1099/752
f 760/1187/958 1180/1776/965 1281/1458/1017 1206/1812/1016
f 1180/1776/965 761/1188/964 1207/1813/1018 1281/1458/1017
f 1281/1458/1017 1207/1813/1018 710/1103/764 1080/1628/762
f 1206/1812/1016 1281/1458/1017 1080/1628/762 709/1101/758
f 761/1188/964 1183/1780/971 1282/1459/1019 1207/1813/1018
f 1183/1780/971 762/1189/970 1208/1814/1020 1282/1459/1019
f 1282/1459/1019 1208/1814/1020 711/1105/770 1083/1633/768
f 1207/1813/1018 1282/1459/1019 1083/1633/768 710/1103/764
f 762/1189/970 1186/1784/977 1283/1460/1021 1208/1814/1020
f 1186/1784/977 763/1190/976 1209/1815/1022 1283/1460/1021
f 1283/1460/1021 1209/1815/1022 712/1107/776 1086/1638/774
f 1208/1814/1020 1283/1460/1021 1086/1638/774 711/1105/770
f 763/1190/976 1189/1788/983 1284/1461/1023 1209/1815/1022
f 1189/1788/983 764/1191/982 1210/1816/1024 1284/1461/1023
f 1284/1461/1023 1210/1816/1024 713/1109/782 1089/1643/780
f 1209/1815/1022 1284/1461/1023 1089/1643/780 712/1107/776
f 764/1191/982 1192/1793/989 1285/1462/1025 1210/1816/1024
f 1192/1793/989 765/1192/988 1211/1817/1026 1285/1462/1025
f 1285/1462/1025 1211/1817/1026 714/1111/788 1092/1648/786
f 1210/1816/1024 1285/1462/1025 1092/1648/786 713/1109/782
f 765/1192/988 1195/1799/995 1286/1463/1027 1211/1817/1026
f 1195/1799/995 766/1195/994 1212/1818/1028 1286/1463/1027
f 1286/1463/1027 1212/1818/1028 715/1113/794 1095/1653/792
f 1211/1817/1026 1286/1463/1027 1095/1653/792 714/1111/788
f 715/1113/794 1212/1818/1028 1287/1464/1029 1096/1655/795
f 1212/1818/1028 766/1195/994 1194/1797/993 1287/1464/1029
f 1287/1464/1029 1194/1797/993 863/1378/992 1213/1819/1030
f 1096/1655/795 1287/1464/1029 1213/1819/1030 864/1380/796
f 750/1172/905 1197/1801/997 1288/1465/1031 1150/1731/900
f 1197/1801/997 699/1078/699 1052/1580/702 1288/1465/1031
f 1288/1465/1031 1052/1580/702 846/1338/707 1214/1820/1032
f 1150/1731/900 1288/1465/1031 1214/1820/1032 847/1339/897
f 768/1198/1033 1215/1822/1034 1289/1466/1035 1218/1827/1036
f 1215/1822/1034 767/1196/1037 1216/1823/1038 1289/1466/1035
f 1289/1466/1035 1216/1823/1038 831/1302/1039 1217/1825/1040
f 1218/1827/1036 1289/1466/1035 1217/1825/1040 832/1305/1041
f 769/1199/1042 1219/1828/1043 1290/1467/1044 1221/1831/1045
f 1219/1828/1043 768/1198/1033 1218/1827/1036 1290/1467/1044
f 1290/1467/1044 1218/1827/1036 832/1305/1041 1220/1829/1046
f 1221/1831/1045 1290/1467/1044 1220/1829/1046 833/1307/1047
f 770/1200/1048 1222/1832/1049 1291/1468/1050 876/1835/1051
f 1222/1832/1049 769/1199/1042 1221/1831/1045 1291/1468/1050
f 1291/1468/1050 1221/1831/1045 833/1307/1047 875/1833/1052
f 876/1835/1051 1291/1468/1050 875/1833/1052 834/1309/1053
f 771/1201/1054 877/1836/1055 1292/1469/1056 879/1839/1057
f 877/1836/1055 770/1200/1048 876/1835/1051 1292/1469/1056
f 1292/1469/1056 876/1835/1051 834/1309/1053 878/1837/1058
f 879/1839/1057 1292/1469/1056 878/1837/1058 801/1234/1059
f 772/1202/1060 880/1840/1061 1293/1470/1062 882/1843/1063
f 880/1840/1061 771/1201/1054 879/1839/1057 1293/1470/1062
f 1293/1470/1062 879/1839/1057 801/1234/1059 881/1841/1064
f 882/1843/1063 1293/1470/1062 881/1841/1064 802/1236/1065
f 773/1203/1066 883/1844/1067 1294/1471/1068 885/1847/1069
f 883/1844/1067 772/1202/1060 882/1843/1063 1294/1471/1068
f 1294/1471/1068 882/1843/1063 802/1236/1065 884/1845/1070
f 885/1847/1069 1294/1471/1068 884/1845/1070 803/1238/1071
f 774/1204/1072 886/1848/1073 1295/1472/1074 888/1851/1075
f 886/1848/1073 773/1203/1066 885/1847/1069 1295/1472/1074
f 1295/1472/1074 885/1847/1069 803/1238/1071 887/1849/1076
f 888/1851/1075 1295/1472/1074 887/1849/1076 804/1240/1077
f 775/1205/1078 889/1852/1079 1296/1473/1080 891/1855/1081
f 889/1852/1079 774/1204/1072 888/1851/1075 1296/1473/1080
f 1296/1473/1080 888/1851/1075 804/1240/1077 890/1853/1082
f 891/1855/1081 1296/1473/1080 890/1853/1082 805/1242/1083
f 776/1206/1084 892/1856/1085 1297/1474/1086 894/1859/1087
f 892/1856/1085 775/1205/1078 891/1855/1081 1297/1474/1086
f 1297/1474/1086 891/1855/1081 805/1242/1083 893/1857/1088
f 894/1859/1087 1297/1474/1086 893/1857/1088 806/1244/1089
f 777/1207/1090 895/1860/1091 1298/1475/1092 897/1863/1093
f 895/1860/1091 776/1206/1084 894/1859/1087 1298/1475/1092
f 1298/1475/1092 894/1859/1087 806/1244/1089 896/1861/1094
f 897/1863/1093 1298/1475/1092 896/1861/1094 807/1246/1095
f 778/1208/1096 898/1864/1097 1299/1476/1098 900/1867/1099
f 898/1864/1097 777/1207/1090 897/1863/1093 1299/1476/1098
f 1299/1476/1098 897/1863/1093 807/1246/1095 899/1865/1100
f 900/1867/1099 1299/1476/1098 899/1865/1100 808/1248/1101
f 779/1209/1102 901/1868/1103 1300/1477/1104 903/1871/1105
f 901/1868/1103 778/1208/1096 900/1867/1099 1300/1477/1104
f 1300/1477/1104 900/1867/1099 808/1248/1101 902/1869/1106
f 903/1871/1105 1300/1477/1104 902/1869/1106 809/1251/1107
f 780/1210/1108 904/1872/1109 1301/1478/1110 906/1875/1111
f 904/1872/1109 779/1209/1102 903/1871/1105 1301/1478/1110
f 1301/1478/1110 903/1871/1105 809/1251/1107 905/1873/1112
f 906/1875/1111 1301/1478/1110 905/1873/1112 810/1253/1113
f 781/1211/1114 907/1876/1115 1302/1479/1116 909/1879/1117
f 907/1876/1115 780/1210/1108 906/1875/1111 1302/1479/1116
f 1302/1479/1116 906/1875/1111 810/1253/1113 908/1877/1118
f 909/1879/1117 1302/1479/1116 908/1877/1118 811/1255/1119
f 782/1212/1120 910/1880/1121 1303/1480/1122 912/1883/1123
f 910/1880/1121 781/1211/1114 909/1879/1117 1303/1480/1122
f 1303/1480/1122 909/1879/1117 811/1255/1119 911/1881/1124
f 912/1883/1123 1303/1480/1122 911/1881/1124 812/1257/1125
f 870/1391/1126 913/1885/1127 1304/1481/1128 916/1889/1129
f 913/1885/1127 869/1390/1130 914/1886/1131 1304/1481/1128
f 1304/1481/1128 914/1886/1131 871/1392/1132 915/1887/1133
f 916/1889/1129 1304/1481/1128 915/1887/1133 872/1394/1134
f 813/1262/1135 917/1890/1136 1305/1482/1137 920/1894/1138
f 917/1890/1136 814/1266/1139 918/1892/1140 1305/1482/1137
f 1305/1482/1137 918/1892/1140 784/1216/1141 919/1893/1142
f 920/1894/1138 1305/1482/1137 919/1893/1142 783/1214/1143
f 814/1266/1139 921/1896/1144 1306/1483/1145 918/1892/1140
f 921/1896/1144 815/1268/1146 922/1898/1147 1306/1483/1145
f 1306/1483/1145 922/1898/1147 785/1217/1148 923/1899/1149
f 918/1892/1140 1306/1483/1145 923/1899/1149 784/1216/1141
f 815/1268/1146 924/1900/1150 1307/1484/1151 922/1898/1147
f 924/1900/1150 816/1270/1152 925/1902/1153 1307/1484/1151
f 1307/1484/1151 925/1902/1153 786/1218/1154 926/1903/1155
f 922/1898/1147 1307/1484/1151 926/1903/1155 785/1217/1148
f 816/1270/1152 927/1904/1156 1308/1485/1157 925/1902/1153
f 927/1904/1156 817/1272/1158 928/1906/1159 1308/1485/1157
f 1308/1485/1157 928/1906/1159 787/1219/1160 929/1907/1161
f 925/1902/1153 1308/1485/1157 929/1907/1161 786/1218/1154
f 817/1272/1158 930/1908/1162 1309/1486/1163 928/1906/1159
f 930/1908/1162 818/1275/1164 931/1910/1165 1309/1486/1163
f 1309/1486/1163 931/1910/1165 788/1220/1166 932/1911/1167
f 928/1906/1159 1309/1486/1163 932/1911/1167 787/1219/1160
f 818/1275/1164 933/1912/1168 1310/1487/1169 931/1910/1165
f 933/1912/1168 819/1277/1170 934/1914/1171 1310/1487/1169
f 1310/1487/1169 934/1914/1171 789/1221/1172 935/1915/1173
f 931/1910/1165 1310/1487/1169 935/1915/1173 788/1220/1166
f 819/1277/1170 936/1916/1174 1311/1488/1175 934/1914/1171
f 936/1916/1174 820/1279/1176 937/1918/1177 1311/1488/1175
f 1311/1488/1175 937/1918/1177 790/1222/1178 938/1919/1179
f 934/1914/1171 1311/1488/1175 938/1919/1179 789/1221/1172
f 820/1279/1176 939/1920/1180 1312/1489/1181 937/1918/1177
f 939/1920/1180 821/1281/1182 940/1922/1183 1312/1489/1181
f 1312/1489/1181 940/1922/1183 791/1223/1184 941/1923/1185
f 937/1918/1177 1312/1489/1181 941/1923/1185 790/1222/1178
f 821/1281/1182 942/1924/1186 1313/1490/1187 940/1922/1183
f 942/1924/1186 822/1283/1188 943/1926/1189 1313/1490/1187
f 1313/1490/1187 943/1926/1189 792/1224/1190 944/1927/1191
f 940/1922/1183 1313/1490/1187 944/1927/1191 791/1223/1184
f 822/1283/1188 945/1928/1192 1314/1491/1193 943/1926/1189
f 945/1928/1192 823/1285/1194 946/1930/1195 1314/1491/1193
f 1314/1491/1193 946/1930/1195 793/1225/1196 947/1931/1197
f 943/1926/1189 1314/1491/1193 947/1931/1197 792/1224/1190
f 823/1285/1194 948/1932/1198 1315/1492/1199 946/1930/1195
f 948/1932/1198 824/1287/1200 949/1934/1201 1315/1492/1199
f 1315/1492/1199 949/1934/1201 794/1226/1202 950/1935/1203
f 946/1930/1195 1315/1492/1199 950/1935/1203 793/1225/1196
f 824/1287/1200 951/1936/1204 1316/1493/1205 949/1934/1201
f 951/1936/1204 825/1289/1206 952/1938/1207 1316/1493/1205
f 1316/1493/1205 952/1938/1207 795/1227/1208 953/1939/1209
f 949/1934/1201 1316/1493/1205 953/1939/1209 794/1226/1202
f 825/1289/1206 954/1940/1210 1317/1494/1211 952/1938/1207
f 954/1940/1210 826/1291/1212 955/1942/1213 1317/1494/1211
f 1317/1494/1211 955/1942/1213 796/1228/1214 956/1943/1215
f 952/1938/1207 1317/1494/1211 956/1943/1215 795/1227/1208
f 826/1291/1212 957/1944/1216 1318/1495/1217 955/1942/1213
f 957/1944/1216 827/1293/1218 958/1946/1219 1318/1495/1217
f 1318/1495/1217 958/1946/1219 797/1229/1220 959/1947/1221
f 955/1942/1213 1318/1495/1217 959/1947/1221 796/1228/1214
f 827/1293/1218 960/1948/1222 1319/1496/1223 958/1946/1219
f 960/1948/1222 828/1295/1224 961/1950/1225 1319/1496/1223
f 1319/1496/1223 961/1950/1225 798/1230/1226 962/1951/1227
f 958/1946/1219 1319/1496/1223 962/1951/1227 797/1229/1220
f 828/1295/1224 963/1952/1228 1320/1497/1229 961/1950/1225
f 963/1952/1228 829/1297/1230 964/1954/1231 1320/1497/1229
f 1320/1497/1229 964/1954/1231 799/1231/1232 965/1956/1233
f 961/1950/1225 1320/1497/1229 965/1956/1233 798/1230/1226
f 800/1233/1234 966/1957/1235 1321/1498/1236 968/1959/1237
f 966/1957/1235 799/1232/1232 964/1955/1231 1321/1498/1236
f 1321/1498/1236 964/1955/1231 829/1299/1230 967/1958/1238
f 968/1959/1237 1321/1498/1236 967/1958/1238 830/1300/1239
f 767/1197/1037 969/1960/1240 1322/1499/1241 1216/1824/1038
f 969/1960/1240 800/1233/1234 968/1959/1237 1322/1499/1241
f 1322/1499/1241 968/1959/1237 830/1300/1239 970/1961/1242
f 1216/1824/1038 1322/1499/1241 970/1961/1242 831/1303/1039
f 802/1237/1065 881/1842/1064 1323/1500/1243 972/1964/1244
f 881/1842/1064 801/1235/1059 971/1963/1245 1323/1500/1243
f 1323/1500/1243 971/1963/1245 727/1139/863 1129/1703/861
f 972/1964/1244 1323/1500/1243 1129/1703/861 726/1137/857
f 803/1239/1071 884/1846/1070 1324/1501/1246 973/1965/1247
f 884/1846/1070 802/1237/1065 972/1964/1244 1324/1501/1246
f 1324/1501/1246 972/1964/1244 726/1137/857 1126/1699/855
f 973/1965/1247 1324/1501/1246 1126/1699/855 725/1135/851
f 804/1241/1077 887/1850/1076 1325/1502/1248 974/1966/1249
f 887/1850/1076 803/1239/1071 973/1965/1247 1325/1502/1248
f 1325/1502/1248 973/1965/1247 725/1135/851 1123/1695/849
f 974/1966/1249 1325/1502/1248 1123/1695/849 724/1133/845
f 805/1243/1083 890/1854/1082 1326/1503/1250 975/1967/1251
f 890/1854/1082 804/1241/1077 974/1966/1249 1326/1503/1250
f 1326/1503/1250 974/1966/1249 724/1133/845 1120/1691/843
f 975/1967/1251 1326/1503/1250 1120/1691/843 723/1131/839
f 806/1245/1089 893/1858/1088 1327/1504/1252 976/1968/1253
f 893/1858/1088 805/1243/1083 975/1967/1251 1327/1504/1252
f 1327/1504/1252 975/1967/1251 723/1131/839 1117/1687/837
f 976/1968/1253 1327/1504/1252 1117/1687/837 722/1128/833
f 807/1247/1095 896/1862/1094 1328/1505/1254 977/1969/1255
f 896/1862/1094 806/1245/1089 976/1968/1253 1328/1505/1254
f 1328/1505/1254 976/1968/1253 722/1128/833 1114/1681/831
f 977/1969/1255 1328/1505/1254 1114/1681/831 721/1126/827
f 808/1249/1101 899/1866/1100 1329/1506/1256 978/1970/1257
f 899/1866/1100 807/1247/1095 977/1969/1255 1329/1506/1256
f 1329/1506/1256 977/1969/1255 721/1126/827 1111/1676/825
f 978/1970/1257 1329/1506/1256 1111/1676/825 720/1124/821
f 809/1252/1107 902/1870/1106 1330/1507/1258 979/1972/1259
f 902/1870/1106 808/1250/1101 978/1971/1257 1330/1507/1258
f 1330/1507/1258 978/1971/1257 720/1123/821 1108/1672/819
f 979/1972/1259 1330/1507/1258 1108/1672/819 719/1121/815
f 810/1254/1113 905/1874/1112 1331/1508/1260 980/1973/1261
f 905/1874/1112 809/1252/1107 979/1972/1259 1331/1508/1260
f 1331/1508/1260 979/1972/1259 719/1121/815 1105/1668/813
f 980/1973/1261 1331/1508/1260 1105/1668/813 718/1119/809
f 811/1256/1119 908/1878/1118 1332/1509/1262 981/1974/1263
f 908/1878/1118 810/1254/1113 980/1973/1261 1332/1509/1262
f 1332/1509/1262 980/1973/1261 718/1119/809 1102/1664/807
f 981/1974/1263 1332/1509/1262 1102/1664/807 717/1117/802
f 812/1258/1125 911/1882/1124 1333/1510/1264 982/1975/1265
f 911/1882/1124 811/1256/1119 981/1974/1263 1333/1510/1264
f 1333/1510/1264 981/1974/1263 717/1117/802 1098/1659/799
f 982/1975/1265 1333/1510/1264 1098/1659/799 716/1115/798
f 813/1265/1135 983/1977/1266 1334/1511/1267 984/1979/1268
f 983/1977/1266 812/1259/1125 982/1976/1265 1334/1511/1267
f 1334/1511/1267 982/1976/1265 716/1114/798 1101/1662/801
f 984/1979/1268 1334/1511/1267 1101/1662/801 733/1151/806
f 733/1151/806 1100/1661/805 1335/1512/1269 984/1979/1268
f 1100/1661/805 734/1152/804 985/1980/1270 1335/1512/1269
f 1335/1512/1269 985/1980/1270 814/1267/1139 917/1891/1136
f 984/1979/1268 1335/1512/1269 917/1891/1136 813/1265/1135
f 734/1152/804 1104/1666/812 1336/1513/1271 985/1980/1270
f 1104/1666/812 735/1153/811 986/1981/1272 1336/1513/1271
f 1336/1513/1271 986/1981/1272 815/1269/1146 921/1897/1144
f 985/1980/1270 1336/1513/1271 921/1897/1144 814/1267/1139
f 735/1153/811 1107/1670/818 1337/1514/1273 986/1981/1272
f 1107/1670/818 736/1154/817 987/1982/1274 1337/1514/1273
f 1337/1514/1273 987/1982/1274 816/1271/1152 924/1901/1150
f 986/1981/1272 1337/1514/1273 924/1901/1150 815/1269/1146
f 736/1154/817 1110/1674/824 1338/1515/1275 987/1982/1274
f 1110/1674/824 737/1155/823 988/1983/1276 1338/1515/1275
f 1338/1515/1275 988/1983/1276 817/1273/1158 927/1905/1156
f 987/1982/1274 1338/1515/1275 927/1905/1156 816/1271/1152
f 737/1156/823 1113/1679/830 1339/1516/1277 988/1984/1276
f 1113/1679/830 738/1158/829 989/1985/1278 1339/1516/1277
f 1339/1516/1277 989/1985/1278 818/1276/1164 930/1909/1162
f 988/1984/1276 1339/1516/1277 930/1909/1162 817/1274/1158
f 738/1158/829 1116/1685/836 1340/1517/1279 989/1985/1278
f 1116/1685/836 739/1160/835 990/1986/1280 1340/1517/1279
f 1340/1517/1279 990/1986/1280 819/1278/1170 933/1913/1168
f 989/1985/1278 1340/1517/1279 933/1913/1168 818/1276/1164
f 739/1160/835 1119/1689/842 1341/1518/1281 990/1986/1280
f 1119/1689/842 740/1161/841 991/1987/1282 1341/1518/1281
f 1341/1518/1281 991/1987/1282 820/1280/1176 936/1917/1174
f 990/1986/1280 1341/1518/1281 936/1917/1174 819/1278/1170
f 740/1161/841 1122/1693/848 1342/1519/1283 991/1987/1282
f 1122/1693/848 741/1162/847 992/1988/1284 1342/1519/1283
f 1342/1519/1283 992/1988/1284 821/1282/1182 939/1921/1180
f 991/1987/1282 1342/1519/1283 939/1921/1180 820/1280/1176
f 741/1162/847 1125/1697/854 1343/1520/1285 992/1988/1284
f 1125/1697/854 742/1163/853 993/1989/1286 1343/1520/1285
f 1343/1520/1285 993/1989/1286 822/1284/1188 942/1925/1186
f 992/1988/1284 1343/1520/1285 942/1925/1186 821/1282/1182
f 742/1163/853 1128/1701/860 1344/1521/1287 993/1989/1286
f 1128/1701/860 743/1164/859 994/1990/1288 1344/1521/1287
f 1344/1521/1287 994/1990/1288 823/1286/1194 945/1929/1192
f 993/1989/1286 1344/1521/1287 945/1929/1192 822/1284/1188
f 743/1164/859 1131/1705/866 1345/1522/1289 994/1990/1288
f 1131/1705/866 744/1165/865 995/1991/1290 1345/1522/1289
f 1345/1522/1289 995/1991/1290 824/1288/1200 948/1933/1198
f 994/1990/1288 1345/1522/1289 948/1933/1198 823/1286/1194
f 744/1165/865 1134/1709/872 1346/1523/1291 995/1991/1290
f 1134/1709/872 745/1166/871 996/1992/1292 1346/1523/1291
f 1346/1523/1291 996/1992/1292 825/1290/1206 951/1937/1204
f 995/1991/1290 1346/1523/1291 951/1937/1204 824/1288/1200
f 745/1166/871 1137/1713/878 1347/1524/1293 996/1992/1292
f 1137/1713/878 746/1167/877 997/1993/1294 1347/1524/1293
f 1347/1524/1293 997/1993/1294 826/1292/1212 954/1941/1210
f 996/1992/1292 1347/1524/1293 954/1941/1210 825/1290/1206
f 746/1167/877 1140/1717/884 1348/1525/1295 997/1993/1294
f 1140/1717/884 747/1168/883 998/1994/1296 1348/1525/1295
f 1348/1525/1295 998/1994/1296 827/1294/1218 957/1945/1216
f 997/1993/1294 1348/1525/1295 957/1945/1216 826/1292/1212
f 747/1168/883 1143/1721/890 1349/1526/1297 998/1994/1296
f 1143/1721/890 748/1169/889 999/1995/1298 1349/1526/1297
f 1349/1526/1297 999/1995/1298 828/1296/1224 960/1949/1222
f 998/1994/1296 1349/1526/1297 960/1949/1222 827/1294/1218
f 748/1169/889 1146/1726/896 1350/1527/1299 999/1995/1298
f 1146/1726/896 749/1170/895 1000/1996/1300 1350/1527/1299
f 1350/1527/1299 1000/1996/1300 829/1298/1230 963/1953/1228
f 999/1995/1298 1350/1527/1299 963/1953/1228 828/1296/1224
f 830/1300/1239 967/1958/1238 1351/1528/1301 1001/1998/1302
f 967/1958/1238 829/1299/1230 1000/1997/1300 1351/1528/1301
f 1351/1528/1301 1000/1997/1300 749/1171/895 1145/1725/894
f 1001/1998/1302 1351/1528/1301 1145/1725/894 732/1150/893
f 831/1304/1039 970/1962/1242 1352/1529/1303 1002/2000/1304
f 970/1962/1242 830/1301/1239 1001/1999/1302 1352/1529/1303
f 1352/1529/1303 1001/1999/1302 732/1149/893 1144/1723/891
f 1002/2000/1304 1352/1529/1303 1144/1723/891 731/1147/887
f 832/1306/1041 1217/1826/1040 1353/1530/1305 1003/2001/1306
f 1217/1826/1040 831/1304/1039 1002/2000/1304 1353/1530/1305
f 1353/1530/1305 1002/2000/1304 731/1147/887 1141/1719/885
f 1003/2001/1306 1353/1530/1305 1141/1719/885 730/1145/881
f 833/1308/1047 1220/1830/1046 1354/1531/1307 1004/2002/1308
f 1220/1830/1046 832/1306/1041 1003/2001/1306 1354/1531/1307
f 1354/1531/1307 1003/2001/1306 730/1145/881 1138/1715/879
f 1004/2002/1308 1354/1531/1307 1138/1715/879 729/1143/875
f 834/1310/1053 875/1834/1052 1355/1532/1309 1005/2003/1310
f 875/1834/1052 833/1308/1047 1004/2002/1308 1355/1532/1309
f 1355/1532/1309 1004/2002/1308 729/1143/875 1135/1711/873
f 1005/2003/1310 1355/1532/1309 1135/1711/873 728/1141/869
f 801/1235/1059 878/1838/1058 1356/1533/1311 971/1963/1245
f 878/1838/1058 834/1310/1053 1005/2003/1310 1356/1533/1311
f 1356/1533/1311 1005/2003/1310 728/1141/869 1132/1707/867
f 971/1963/1245 1356/1533/1311 1132/1707/867 727/1139/863
f 836/1314/760 1082/1631/767 1357/1534/1312 1007/2005/1313
f 1082/1631/767 835/1312/766 1006/2004/1314 1357/1534/1312
f 1357/1534/1312 1006/2004/1314 771/1201/1054 880/1840/1061
f 1007/2005/1313 1357/1534/1312 880/1840/1061 772/1202/1060
f 837/1316/754 1079/1626/761 1358/1535/1315 1008/2006/1316
f 1079/1626/761 836/1314/760 1007/2005/1313 1358/1535/1315
f 1358/1535/1315 1007/2005/1313 772/1202/1060 883/1844/1067
f 1008/2006/1316 1358/1535/1315 883/1844/1067 773/1203/1066
f 838/1318/748 1076/1621/755 1359/1536/1317 1009/2007/1318
f 1076/1621/755 837/1316/754 1008/2006/1316 1359/1536/1317
f 1359/1536/1317 1008/2006/1316 773/1203/1066 886/1848/1073
f 1009/2007/1318 1359/1536/1317 886/1848/1073 774/1204/1072
f 839/1320/742 1073/1616/749 1360/1537/1319 1010/2008/1320
f 1073/1616/749 838/1318/748 1009/2007/1318 1360/1537/1319
f 1360/1537/1319 1009/2007/1318 774/1204/1072 889/1852/1079
f 1010/2008/1320 1360/1537/1319 889/1852/1079 775/1205/1078
f 840/1322/736 1070/1611/743 1361/1538/1321 1011/2009/1322
f 1070/1611/743 839/1320/742 1010/2008/1320 1361/1538/1321
f 1361/1538/1321 1010/2008/1320 775/1205/1078 892/1856/1085
f 1011/2009/1322 1361/1538/1321 892/1856/1085 776/1206/1084
f 841/1324/730 1067/1606/737 1362/1539/1323 1012/2010/1324
f 1067/1606/737 840/1322/736 1011/2009/1322 1362/1539/1323
f 1362/1539/1323 1011/2009/1322 776/1206/1084 895/1860/1091
f 1012/2010/1324 1362/1539/1323 895/1860/1091 777/1207/1090
f 842/1327/724 1064/1601/731 1363/1540/1325 1013/2011/1326
f 1064/1601/731 841/1324/730 1012/2010/1324 1363/1540/1325
f 1363/1540/1325 1012/2010/1324 777/1207/1090 898/1864/1097
f 1013/2011/1326 1363/1540/1325 898/1864/1097 778/1208/1096
f 843/1329/718 1061/1596/725 1364/1541/1327 1014/2012/1328
f 1061/1596/725 842/1327/724 1013/2011/1326 1364/1541/1327
f 1364/1541/1327 1013/2011/1326 778/1208/1096 901/1868/1103
f 1014/2012/1328 1364/1541/1327 901/1868/1103 779/1209/1102
f 844/1331/712 1058/1590/719 1365/1542/1329 1015/2013/1330
f 1058/1590/719 843/1329/718 1014/2012/1328 1365/1542/1329
f 1365/1542/1329 1014/2012/1328 779/1209/1102 904/1872/1109
f 1015/2013/1330 1365/1542/1329 904/1872/1109 780/1210/1108
f 845/1333/705 1055/1585/713 1366/1543/1331 1016/2014/1332
f 1055/1585/713 844/1331/712 1015/2013/1330 1366/1543/1331
f 1366/1543/1331 1015/2013/1330 780/1210/1108 907/1876/1115
f 1016/2014/1332 1366/1543/1331 907/1876/1115 781/1211/1114
f 846/1335/707 1051/1578/706 1367/1544/1333 1017/2015/1334
f 1051/1578/706 845/1333/705 1016/2014/1332 1367/1544/1333
f 1367/1544/1333 1016/2014/1332 781/1211/1114 910/1880/1121
f 1017/2015/1334 1367/1544/1333 910/1880/1121 782/1212/1120
f 874/1398/1335 1018/2017/1336 1368/1545/1337 1020/2020/1338
f 1018/2017/1336 873/1396/1339 1019/2019/1340 1368/1545/1337
f 1368/1545/1337 1019/2019/1340 869/1390/1130 913/1885/1127
f 1020/2020/1338 1368/1545/1337 913/1885/1127 870/1391/1126
f 783/1214/1143 919/1893/1142 1369/1546/1341 1022/2022/1342
f 919/1893/1142 784/1216/1141 1021/2021/1343 1369/1546/1341
f 1369/1546/1341 1021/2021/1343 848/1344/901 1147/1728/898
f 1022/2022/1342 1369/1546/1341 1147/1728/898 847/1342/897
f 784/1216/1141 923/1899/1149 1370/1547/1344 1021/2021/1343
f 923/1899/1149 785/1217/1148 1023/2024/1345 1370/1547/1344
f 1370/1547/1344 1023/2024/1345 849/1346/908 1151/1733/906
f 1021/2021/1343 1370/1547/1344 1151/1733/906 848/1344/901
f 785/1217/1148 926/1903/1155 1371/1548/1346 1023/2024/1345
f 926/1903/1155 786/1218/1154 1024/2025/1347 1371/1548/1346
f 1371/1548/1346 1024/2025/1347 850/1348/914 1154/1737/912
f 1023/2024/1345 1371/1548/1346 1154/1737/912 849/1346/908
f 786/1218/1154 929/1907/1161 1372/1549/1348 1024/2025/1347
f 929/1907/1161 787/1219/1160 1025/2026/1349 1372/1549/1348
f 1372/1549/1348 1025/2026/1349 851/1350/920 1157/1741/918
f 1024/2025/1347 1372/1549/1348 1157/1741/918 850/1348/914
f 787/1219/1160 932/1911/1167 1373/1550/1350 1025/2026/1349
f 932/1911/1167 788/1220/1166 1026/2027/1351 1373/1550/1350
f 1373/1550/1350 1026/2027/1351 852/1353/926 1160/1746/924
f 1025/2026/1349 1373/1550/1350 1160/1746/924 851/1350/920
f 788/1220/1166 935/1915/1173 1374/1551/1352 1026/2027/1351
f 935/1915/1173 789/1221/1172 1027/2028/1353 1374/1551/1352
f 1374/1551/1352 1027/2028/1353 853/1355/932 1163/1751/930
f 1026/2027/1351 1374/1551/1352 1163/1751/930 852/1353/926
f 789/1221/1172 938/1919/1179 1375/1552/1354 1027/2028/1353
f 938/1919/1179 790/1222/1178 1028/2029/1355 1375/1552/1354
f 1375/1552/1354 1028/2029/1355 854/1357/938 1166/1756/936
f 1027/2028/1353 1375/1552/1354 1166/1756/936 853/1355/932
f 790/1222/1178 941/1923/1185 1376/1553/1356 1028/2029/1355
f 941/1923/1185 791/1223/1184 1029/2030/1357 1376/1553/1356
f 1376/1553/1356 1029/2030/1357 855/1359/944 1169/1760/942
f 1028/2029/1355 1376/1553/1356 1169/1760/942 854/1357/938
f 791/1223/1184 944/1927/1191 1377/1554/1358 1029/2030/1357
f 944/1927/1191 792/1224/1190 1030/2031/1359 1377/1554/1358
f 1377/1554/1358 1030/2031/1359 856/1361/950 1172/1764/948
f 1029/2030/1357 1377/1554/1358 1172/1764/948 855/1359/944
f 792/1224/1190 947/1931/1197 1378/1555/1360 1030/2031/1359
f 947/1931/1197 793/1225/1196 1031/2032/1361 1378/1555/1360
f 1378/1555/1360 1031/2032/1361 857/1363/956 1175/1768/954
f 1030/2031/1359 1378/1555/1360 1175/1768/954 856/1361/950
f 793/1225/1196 950/1935/1203 1379/1556/1362 1031/2032/1361
f 950/1935/1203 794/1226/1202 1032/2033/1363 1379/1556/1362
f 1379/1556/1362 1032/2033/1363 858/1366/962 1178/1774/960
f 1031/2032/1361 1379/1556/1362 1178/1774/960 857/1363/956
f 794/1226/1202 953/1939/1209 1380/1557/1364 1032/2033/1363
f 953/1939/1209 795/1227/1208 1033/2034/1365 1380/1557/1364
f 1380/1557/1364 1033/2034/1365 859/1368/968 1181/1778/966
f 1032/2033/1363 1380/1557/1364 1181/1778/966 858/1366/962
f 795/1227/1208 956/1943/1215 1381/1558/1366 1033/2034/1365
f 956/1943/1215 796/1228/1214 1034/2035/1367 1381/1558/1366
f 1381/1558/1366 1034/2035/1367 860/1370/974 1184/1782/972
f 1033/2034/1365 1381/1558/1366 1184/1782/972 859/1368/968
f 796/1228/1214 959/1947/1221 1382/1559/1368 1034/2035/1367
f 959/1947/1221 797/1229/1220 1035/2036/1369 1382/1559/1368
f 1382/1559/1368 1035/2036/1369 861/1372/980 1187/1786/978
f 1034/2035/1367 1382/1559/1368 1187/1786/978 860/1370/974
f 797/1229/1220 962/1951/1227 1383/1560/1370 1035/2036/1369
f 962/1951/1227 798/1230/1226 1036/2037/1371 1383/1560/1370
f 1383/1560/1370 1036/2037/1371 862/1374/986 1190/1790/984
f 1035/2036/1369 1383/1560/1370 1190/1790/984 861/1372/980
f 798/1230/1226 965/1956/1233 1384/1561/1372 1036/2037/1371
f 965/1956/1233 799/1231/1232 1037/2038/1373 1384/1561/1372
f 1384/1561/1372 1037/2038/1373 863/1377/992 1193/1795/990
f 1036/2037/1371 1384/1561/1372 1193/1795/990 862/1374/986
f 864/1380/796 1213/1819/1030 1385/1562/1374 1038/2040/1375
f 1213/1819/1030 863/1378/992 1037/2039/1373 1385/1562/1374
f 1385/1562/1374 1037/2039/1373 799/1232/1232 966/1957/1235
f 1038/2040/1375 1385/1562/1374 966/1957/1235 800/1233/1234
f 865/1382/790 1097/1657/797 1386/1563/1376 1039/2041/1377
f 1097/1657/797 864/1380/796 1038/2040/1375 1386/1563/1376
f 1386/1563/1376 1038/2040/1375 800/1233/1234 969/1960/1240
f 1039/2041/1377 1386/1563/1376 969/1960/1240 767/1197/1037
f 866/1385/784 1094/1651/791 1387/1564/1378 1040/2043/1379
f 1094/1651/791 865/1383/790 1039/2042/1377 1387/1564/1378
f 1387/1564/1378 1039/2042/1377 767/1196/1037 1215/1822/1034
f 1040/2043/1379 1387/1564/1378 1215/1822/1034 768/1198/1033
f 867/1387/778 1091/1646/785 1388/1565/1380 1041/2044/1381
f 1091/1646/785 866/1385/784 1040/2043/1379 1388/1565/1380
f 1388/1565/1380 1040/2043/1379 768/1198/1033 1219/1828/1043
f 1041/2044/1381 1388/1565/1380 1219/1828/1043 769/1199/1042
f 868/1389/772 1088/1641/779 1389/1566/1382 1042/2045/1383
f 1088/1641/779 867/1387/778 1041/2044/1381 1389/1566/1382
f 1389/1566/1382 1041/2044/1381 769/1199/1042 1222/1832/1049
f 1042/2045/1383 1389/1566/1382 1222/1832/1049 770/1200/1048
f 835/1312/766 1085/1636/773 1390/1567/1384 1006/2004/1314
f 1085/1636/773 868/1389/772 1042/2045/1383 1390/1567/1384
f 1390/1567/1384 1042/2045/1383 770/1200/1048 877/1836/1055
f 1006/2004/1314 1390/1567/1384 877/1836/1055 771/1201/1054
f 782/1213/1120 912/1884/1123 1391/1568/1385 1044/2048/1386
f 912/1884/1123 812/1261/1125 1043/2046/1387 1391/1568/1385
f 1391/1568/1385 1043/2046/1387 871/1392/1132 914/1886/1131
f 1044/2048/1386 1391/1568/1385 914/1886/1131 869/1390/1130
f 812/1260/1125 983/1978/1266 1392/1569/1388 1043/2047/1387
f 983/1978/1266 813/1264/1135 1045/2049/1389 1392/1569/1388
f 1392/1569/1388 1045/2049/1389 872/1395/1134 915/1888/1133
f 1043/2047/1387 1392/1569/1388 915/1888/1133 871/1393/1132
f 813/1263/1135 920/1895/1138 1393/1570/1390 1045/2050/1389
f 920/1895/1138 783/1215/1143 1046/2051/1391 1393/1570/1390
f 1393/1570/1390 1046/2051/1391 870/1391/1126 916/1889/1129
f 1045/2050/1389 1393/1570/1390 916/1889/1129 872/1394/1134
f 847/1340/897 1214/1821/1032 1394/1571/1392 1048/2054/1393
f 1214/1821/1032 846/1337/707 1047/2052/1394 1394/1571/1392
f 1394/1571/1392 1047/2052/1394 873/1397/1339 1018/2018/1336
f 1048/2054/1393 1394/1571/1392 1018/2018/1336 874/1399/1335
f 846/1336/707 1017/2016/1334 1395/1572/1395 1047/2053/1394
f 1017/2016/1334 782/1213/1120 1044/2048/1386 1395/1572/1395
f 1395/1572/1395 1044/2048/1386 869/1390/1130 1019/2019/1340
f 1047/2053/1394 1395/1572/1395 1019/2019/1340 873/1396/1339
f 783/1215/1143 1022/2023/1342 1396/1573/1396 1046/2051/1391
f 1022/2023/1342 847/1341/897 1048/2055/1393 1396/1573/1396
f 1396/1573/1396 1048/2055/1393 874/1398/1335 1020/2020/1338
f 1046/2051/1391 1396/1573/1396 1020/2020/1338 870/1391/1126