# This file uses centimeters as units for non-parametric coordinates.

mtllib rose.mtl
g default
v 60.976649 34.076302 81.104036
v 61.107019 33.249226 81.499131
v 61.448733 31.553141 81.987535
v 61.984229 30.015781 82.38535
v 62.721987 28.812124 82.633491
v 63.559543 27.773129 82.807781
v 64.421053 26.773651 82.964348
v 65.37437800000001 25.925659 83.052969
v 66.463432 25.301607 83.041152
v 67.620352 24.789522 82.979116
v 68.929763 24.529032 82.804237
v 70.310233 24.38578 82.576774
v 71.82244 24.459881 82.251826
v 73.449616 24.723661 81.841802
v 75.045652 24.936073 81.454819
v 76.457329 24.844307 81.093021
v 77.3678 24.463581 80.408586
v 61.515068 34.964626 80.705608
v 62.360508 35.317337 80.571553
v 64.022242 35.799133 80.083149
v 65.632917 36.03569 79.685336
v 67.041331 35.938545 79.437193
v 68.349946 35.676739 79.262903
v 69.63461 35.375423 79.106335
v 70.827456 34.922611 79.017712
v 71.884571 34.245861 79.02953
v 72.873826 33.457146 79.091568
v 73.710587 32.41684 79.266446
v 74.476286 31.259287 79.493912
v 75.110249 29.884386 79.818858
v 75.62924699999999 28.319801 80.228883
v 76.179379 26.806595 80.615866
v 76.891403 25.560484 80.771806
v 77.516417 24.70878 80.298612
v 61.46232 34.877598 80.44029
v 62.289299 35.199852 80.213372
v 63.951032 35.681644 79.724968
v 65.561707 35.918205 79.327153
v 66.970122 35.821056 79.079013
v 68.278737 35.559254 78.904722
v 69.563401 35.257935 78.748154
v 70.756246 34.805122 78.659532
v 71.813362 34.128372 78.671348
v 72.802615 33.339657 78.733386
v 73.639375 32.299347 78.908265
v 74.405075 31.141798 79.135731
v 75.039039 29.766897 79.460679
v 75.55803900000001 28.202314 79.870702
v 76.10817 26.689104 80.257685
v 76.82637199999999 25.453188 80.444698
v 77.48876200000001 24.663153 80.159504
v 60.923902 33.989273 80.838717
v 61.035809 33.131737 81.140949
v 61.377522 31.43565 81.629354
v 61.913018 29.898291 82.027169
v 62.650776 28.694637 82.275309
v 63.488333 27.65564 82.449601
v 64.34984299999999 26.656164 82.606166
v 65.303166 25.808174 82.694787
v 66.392221 25.184118 82.682971
v 67.54914 24.672033 82.620936
v 68.858552 24.411543 82.446056
v 70.239024 24.268293 82.218592
v 71.751229 24.342392 81.893645
v 73.378407 24.606174 81.48362
v 74.974441 24.818583 81.09664
v 76.39229399999999 24.737009 80.765916
v 77.340143 24.417952 80.269479
v 76.547573 24.993198 80.294634
v 75.473926 25.642675 80.338242
v 74.400841 26.293074 80.338242
v 73.327754 26.943476 80.338243
v 72.254671 27.593878 80.33824
v 71.181583 28.244276 80.338241
v 70.10849999999999 28.894678 80.338241
v 69.035414 29.545078 80.33824
v 67.962327 30.19548 80.33824
v 66.889241 30.845877 80.338241
v 65.816154 31.496277 80.338241
v 64.743071 32.146679 80.338242
v 63.669985 32.797077 80.33824
v 62.596899 33.447479 80.33824
v 61.595175 34.05463 80.338241
v 60.909447 34.463776 80.323815
v 60.820237 34.316586 79.875094
v 61.500226 33.897972 79.860667
v 62.50195 33.290825 79.860666
v 63.575037 32.640427 79.860666
v 64.648122 31.990023 79.860666
v 65.72120699999999 31.339622 79.860667
v 66.794292 30.689222 79.860667
v 67.867379 30.038824 79.860668
v 68.940466 29.388426 79.860667
v 70.013551 28.738024 79.860667
v 71.086635 28.087622 79.860667
v 72.15972 27.437222 79.860668
v 73.232805 26.786821 79.860667
v 74.305894 26.136423 79.860667
v 75.378977 25.486021 79.860667
v 76.460108 24.848894 79.854714
v 77.451712 24.366663 79.841039
v 77.485491 24.422396 80.010951
v 73.387111 29.462271 79.624259
v 72.477963 30.383152 79.502945
v 71.530921 31.241507 79.409676
v 70.502542 31.96567 79.376591
v 69.437972 32.630123 79.370288
v 68.301017 33.175144 79.417551
v 67.115089 33.639366 79.501055
v 65.916388 34.082516 79.59401
v 64.66446 34.437847 79.726351
v 63.304659 34.615204 79.938519
v 61.95093 34.641586 80.199001
v 61.07372 34.646038 80.275522
v 60.996716 34.51899 79.888211
v 61.855984 34.484932 79.721429
v 63.209712 34.458553 79.460946
v 64.569512 34.281197 79.248777
v 65.821443 33.925869 79.116433
v 67.020143 33.482716 79.023478
v 68.206068 33.018494 78.939977
v 69.343027 32.473476 78.892713
v 70.407597 31.809025 78.899014
v 71.435971 31.084854 78.932101
v 72.383015 30.2265 79.025371
v 73.292162 29.305618 79.146687
v 74.131049 28.26882 79.319991
v 74.908623 27.130856 79.538669
v 75.702798 26.020288 79.74506
v 76.595634 25.072498 79.86851
v 77.494211 24.436783 79.863411
v 77.527428 24.491587 80.030491
v 76.68298300000001 25.216614 80.307864
v 75.797745 26.176941 80.222637
v 75.00357 27.287506 80.016246
v 74.225998 28.425474 79.797564
v 71.165215 25.796402 81.268453
v 69.928191 26.176325 81.389766
v 68.729065 26.618771 81.483036
v 67.61127 27.195404 81.51612
v 66.529667 27.831755 81.522422
v 65.520454 28.587536 81.475158
v 64.560209 29.424112 81.391656
v 63.612738 30.281759 81.298703
v 62.718494 31.227228 81.166361
v 61.932123 32.350674 80.954193
v 61.282403 33.538593 80.69371
v 60.839172 34.259064 80.449085
v 60.762173 34.132019 80.06177
v 61.187456 33.381939 80.216135
v 61.837175 32.194023 80.476616
v 62.623546 31.070576 80.688786
v 63.517789 30.125109 80.821127
v 64.465261 29.26746 80.914082
v 65.425506 28.430887 80.997584
v 66.43472 27.675106 81.044848
v 67.516323 27.038755 81.038547
v 68.634121 26.462122 81.005462
v 69.833246 26.019672 80.91219
v 71.070271 25.639753 80.790877
v 72.37755 25.375748 80.617573
v 73.74615299999999 25.212914 80.398894
v 75.098144 25.022678 80.192503
v 76.364128 24.690538 80.039824
v 77.42787200000001 24.327326 79.912503
v 77.461084 24.382128 80.079582
v 76.451473 24.834652 80.479179
v 75.193093 25.179335 80.670075
v 73.841101 25.369566 80.876467
v 72.472498 25.5324 81.095148
v 59.790859 35.089092 80.206413
v 59.748331 35.018929 79.992497
v 59.985962 35.109051 80.139073
v 59.95106 35.051468 79.963521
v 59.855803 34.89431 80.23539
v 59.820905 34.836731 80.059835
v 74.61819 27.86211 79.904384
v 73.766129 27.666744 80.013847
v 72.791212 27.268677 80.338241
v 73.815922 28.95933 79.703979
v 72.810144 28.510344 79.927192
v 71.718127 27.919077 80.338241
v 72.938711 29.932899 79.559033
v 71.819026 29.29598 79.866536
v 70.645041 28.569475 80.338241
v 72.012107 30.824974 79.450639
v 70.808963 30.050362 79.819901
v 69.571957 29.219877 80.33824
v 71.024183 31.615883 79.387619
v 69.758231 30.737642 79.803359
v 68.498871 29.870279 80.33824
v 69.976644 32.308434 79.368713
v 68.689403 31.395071 79.800207
v 67.425784 30.520679 80.338241
v 68.878011 32.916683 79.387618
v 67.584382 31.992779 79.823839
v 66.352697 31.171076 80.338241
v 67.711246 33.412525 79.456939
v 66.454875 32.550091 79.865591
v 65.279613 31.821478 80.338241
v 66.518932 33.866211 79.54517
v 65.318982 33.09687 79.912069
v 64.206528 32.471878 80.338241
v 65.301069 34.277744 79.652303
v 64.156476 33.599735 79.978239
v 63.133441 33.12228 80.33824
v 63.998044 34.548775 79.822457
v 62.940032 34.013611 80.084323
v 62.060356 33.772678 80.33824
v 62.587146 34.641823 80.072437
v 61.762306 34.330376 80.214564
v 61.272718 34.250069 80.338241
v 61.501439 34.627438 80.293006
v 60.972131 34.567196 80.277429
v 59.597516 35.158306 80.099455
v 59.831151 35.155571 80.176595
v 59.840491 35.170982 80.046991
v 59.788622 35.085403 79.962682
v 61.406492 34.470783 79.815434
v 61.667358 34.173717 79.736991
v 61.177769 34.093414 79.860667
v 60.882919 34.420006 79.828709
v 62.492199 34.485172 79.594864
v 62.845084 33.856956 79.606749
v 61.965407 33.616024 79.860666
v 63.903097 34.392124 79.344883
v 64.061528 33.443081 79.500664
v 63.038494 32.965626 79.860665
v 65.206123 34.121098 79.174727
v 65.224035 32.940216 79.434492
v 64.111579 32.315224 79.860666
v 66.423986 33.709564 79.067592
v 66.359927 32.39344 79.388015
v 65.184664 31.664824 79.860667
v 67.616299 33.255875 78.979364
v 67.489433 31.836126 79.346265
v 66.257749 31.014423 79.860667
v 68.783064 32.760036 78.910043
v 68.594456 31.238417 79.322634
v 67.33083500000001 30.364023 79.860667
v 69.8817 32.151787 78.891137
v 69.663284 30.580994 79.325784
v 68.403922 29.713625 79.860667
v 70.929235 31.459232 78.910043
v 70.714014 29.893707 79.342327
v 69.477009 29.063225 79.860667
v 71.917157 30.668322 78.973064
v 71.724078 29.139328 79.388962
v 70.550094 28.412823 79.860667
v 72.843762 29.776247 79.08146
v 72.715193 28.353687 79.449621
v 71.623178 27.762421 79.860668
v 73.720973 28.802675 79.226407
v 73.67117999999999 27.51009 79.536272
v 72.696262 27.11202 79.860668
v 74.52324300000001 27.70546 79.426809
v 74.59651099999999 26.615908 79.645611
v 73.76935 26.461622 79.860667
v 75.298259 26.563278 79.647378
v 75.530139 25.735422 79.748806
v 74.842435 25.811222 79.860667
v 76.132887 25.519453 79.823835
v 76.517982 24.944386 79.811886
v 75.915519 25.16082 79.860667
v 77.098146 24.691147 79.863888
v 77.468298 24.394028 79.828766
v 77.020786 24.563513 79.836855
v 77.607038 24.320328 79.901215
v 77.637619 24.370779 79.920523
v 77.502077 24.44976 79.998678
v 77.085791 24.670763 80.163814
v 77.162699 24.797651 80.188581
v 74.007066 30.485126 79.537553
v 73.17989 31.54125 79.355581
v 72.295866 32.503578 79.215678
v 71.289843 33.264626 79.166049
v 70.229532 33.936104 79.156595
v 69.06064 34.428432 79.227491
v 67.818292 34.799572 79.352746
v 66.556783 35.139095 79.492179
v 65.215434 35.346893 79.690692
v 63.712276 35.287724 80.008943
v 62.182544 35.02372 80.399666
v 61.351183 34.804382 80.568416
v 60.935443 34.648285 80.124776
v 61.279972 34.686893 80.210237
v 62.087599 34.867069 79.922093
v 63.61733 35.131073 79.531369
v 65.120487 35.190243 79.213117
v 66.461838 34.982445 79.014602
v 67.723345 34.642921 78.87517
v 68.965693 34.271782 78.749917
v 70.134586 33.779457 78.67902
v 71.194898 33.107979 78.688472
v 72.200916 32.346924 78.738102
v 73.084941 31.384596 78.878006
v 73.912119 30.328476 79.059979
v 74.633906 29.098478 79.319937
v 75.263724 27.71673 79.647955
v 75.918444 26.376081 79.957541
v 76.712828 25.265854 80.124039
v 77.53878 24.510317 79.991893
v 77.570305 24.56233 80.150473
v 76.799837 25.40941 80.561693
v 76.013391 26.532734 80.435118
v 75.358669 27.873379 80.125531
v 74.728854 29.255129 79.79751
v 71.699197 26.677408 80.74929
v 70.544141 27.192568 80.809946
v 69.408035 27.738995 80.856581
v 68.312595 28.35251 80.873123
v 67.23525 28.995888 80.876274
v 66.1941 29.698977 80.852643
v 65.177434 30.442463 80.810891
v 64.167157 31.196487 80.764415
v 63.183492 31.994421 80.698244
v 62.253763 32.881344 80.59216
v 61.428042 33.778881 80.461919
v 60.846762 34.360355 80.370201
v 59.698695 34.937038 80.151919
v 59.750565 35.022614 80.23623
v 59.708039 34.952454 80.022313
v 61.333095 33.622223 79.984344
v 60.757553 34.213165 79.921478
v 62.158816 32.724689 80.114584
v 63.088544999999996 31.837769 80.220669
v 64.072208 31.039833 80.28684
v 65.082486 30.28581 80.333318
v 66.099152 29.542324 80.375069
v 67.140302 28.839233 80.398701
v 68.217648 28.19586 80.39555
v 69.313089 27.582342 80.379008
v 70.449194 27.035915 80.332371
v 71.604248 26.520756 80.271715
v 72.794431 26.063553 80.185063
v 74.015276 25.656937 80.075724
v 75.227813 25.236618 79.972528
v 76.402231 24.753405 79.897543
v 77.435127 24.339298 79.853312
v 77.468906 24.395031 80.023225
v 76.489693 24.897707 80.337463
v 75.322762 25.393274 80.450101
v 74.110224 25.813587 80.553298
v 72.889379 26.220207 80.662638
v 60.391447 34.915375 80.177089
v 60.321832 34.800518 80.280536
v 60.337445 34.826275 79.90547
v 60.249831 34.681725 79.918374
v 60.234212 34.65596 80.293441
v 60.180216 34.566868 80.021818
v 61.022751 33.837658 81.322871
v 61.179753 33.369228 81.141729
v 61.086979 33.943626 80.599705
v 60.965819 34.168579 80.853583
v 61.25151 32.438179 81.73644
v 61.653471 31.89093 81.532452
v 61.57655 32.974457 80.820275
v 61.691199 30.742746 82.205151
v 62.296484 30.530964 81.850704
v 62.311824 31.766705 81.070255
v 62.333149 29.38102 82.524191
v 63.101307 29.437958 82.049217
v 63.15497 30.736931 81.240409
v 63.134777 28.282749 82.725067
v 63.98597 28.476685 82.188648
v 64.08328 29.847666 81.347543
v 63.98431 27.263512 82.890496
v 64.889795 27.547022 82.313902
v 65.037138 29.000555 81.43577
v 64.881747 26.323311 83.020475
v 65.86707200000001 26.73855 82.384799
v 66.016544 28.195595 81.505092
v 65.906929 25.593874 83.055923
v 66.952933 26.109224 82.375345
v 67.064082 27.503042 81.523998
v 67.02792 25.022511 83.020473
v 68.093084 25.569475 82.325717
v 68.162716 26.894793 81.505092
v 68.260687 24.635567 82.902311
v 69.355231 25.231005 82.185812
v 69.320963 26.384903 81.442072
v 69.60842099999999 24.438303 82.699072
v 70.674224 24.986322 82.003843
v 70.540528 25.976177 81.333678
v 71.048772 24.39385 82.427298
v 72.098606 24.915525 81.743885
v 71.809488 25.648947 81.188733
v 72.62964099999999 24.581236 82.05154
v 73.614965 24.996469 81.415865
v 73.153393 25.445364 80.988328
v 74.261606 24.852921 81.637971
v 75.106412 25.03632 81.106278
v 74.52454900000001 25.286745 80.767757
v 75.781795 24.940191 81.307116
v 76.452576 24.836468 80.818665
v 75.836088 25.029768 80.591301
v 77.059544 24.627459 80.710694
v 77.470793 24.398148 80.22411
v 77.037191 24.590582 80.281454
v 61.799862 35.119797 80.747811
v 62.388181 35.362991 80.469656
v 61.728652 35.002308 80.389631
v 61.431513 34.936916 80.675593
v 63.146379 35.564491 80.334244
v 64.093915 35.917381 79.948693
v 63.07517 35.447002 79.976063
v 64.852862 35.959126 79.865533
v 65.74043 36.213074 79.524358
v 64.781652 35.841637 79.507352
v 66.357084 36.02005 79.546494
v 67.171199 36.152809 79.259674
v 66.285875 35.902561 79.188313
v 67.701626 35.81752 79.345617
v 68.495515 35.916916 79.073764
v 67.630417 35.700031 78.987436
v 68.998266 35.535961 79.180188
v 69.794285 35.638863 78.906759
v 68.927057 35.418472 78.822007
v 70.247001 35.175358 79.050207
v 70.995114 35.199226 78.81222700000001
v 70.175792 35.057873 78.692027
v 71.367989 34.603992 79.014759
v 72.051166 34.520718 78.824831
v 71.29678 34.486507 78.656577
v 72.39317 33.874554 79.05021
v 73.03483 33.722782 78.891006
v 72.32196 33.757065 78.692028
v 73.306578 32.960705 79.168372
v 73.855836 32.656483 79.077543
v 73.235366 32.843212 78.810191
v 74.105013 31.857162 79.371612
v 74.601043 31.465122 79.320173
v 74.033802 31.739672 79.013431
v 74.810832 30.600815 79.643387
v 75.205731 30.041924 79.666783
v 74.739621 30.483328 79.285207
v 75.376135 29.112633 80.019144
v 75.687792 28.416391 80.104143
v 75.304926 28.995146 79.660964
v 75.890341 27.540146 80.432714
v 76.203058 26.845663 80.516924
v 75.819132 27.422657 80.074532
v 76.516321 26.152077 80.763569
v 76.893072 25.563238 80.696714
v 76.44511 26.034586 80.405388
v 77.29486299999999 25.015711 80.53656
v 77.59712999999999 24.606588 80.206517
v 77.248365 24.938995 80.302672
v 60.992033 33.786976 80.12213
v 61.084807 33.212578 80.664154
v 60.951542 33.720169 80.964691
v 60.894611 34.051094 80.495402
v 61.481602 32.817799 80.342699
v 61.558521999999996 31.734278 81.054876
v 61.180299 32.320686 81.378258
v 62.216877 31.610052 80.592679
v 62.201537 30.37431 81.373129
v 61.619988 30.625256 81.84697
v 63.060022000000004 30.580278 80.762834
v 63.006359 29.281309 81.571641
v 62.261938 29.263533 82.166009
v 63.988331 29.691015 80.869968
v 63.891023 28.320032 81.711074
v 63.063567 28.16526 82.366885
v 64.94219 28.843903 80.958197
v 64.794848 27.390373 81.836327
v 63.9131 27.146023 82.532315
v 65.921597 28.038946 81.027518
v 65.772124 26.581902 81.907223
v 64.810536 26.205824 82.662293
v 66.969134 27.346394 81.046424
v 66.857986 25.952576 81.89777
v 65.835718 25.476387 82.697741
v 68.06777 26.738146 81.027519
v 67.998139 25.412825 81.848143
v 66.956709 24.905024 82.662292
v 69.22601900000001 26.228251 80.964498
v 69.260285 25.074354 81.708238
v 68.189475 24.518078 82.544131
v 70.445584 25.819527 80.856102
v 70.57928 24.829674 81.526267
v 69.537211 24.320818 82.340891
v 71.714542 25.492294 80.711157
v 72.003658 24.758869 81.266311
v 70.977561 24.276361 82.069117
v 73.058445 25.288712 80.510755
v 73.520019 24.839817 80.93829
v 72.558432 24.463745 81.693359
v 74.4296 25.130091 80.290184
v 75.011462 24.879665 80.628706
v 74.190395 24.73543 81.27979
v 75.741139 24.873116 80.113728
v 76.365566 24.692911 80.381013
v 75.710583 24.822701 80.948937
v 76.972643 24.484079 79.95676
v 77.439268 24.346132 80.065531
v 77.01304400000001 24.550741 80.47681
v 61.051125 33.157009 81.459073
v 60.943246 34.131332 81.036909
v 61.348838 31.388325 81.980038
v 61.848496 29.791836 82.404373
v 62.563898 28.551296 82.669057
v 63.385752 27.486393 82.854968
v 64.233156 26.463644 83.021972
v 65.178497 25.60248 83.116501
v 66.268616 24.980185 83.103896
v 67.431125 24.47732 83.037725
v 68.75629 24.242823 82.851187
v 70.157254 24.133383 82.608559
v 71.698735 24.255783 82.261948
v 73.362852 24.580511 81.824588
v 74.993749 24.850441 81.411808
v 76.430058 24.799314 81.039345
v 77.470276 24.397293 80.300387
v 77.59100000000001 24.293859 79.955021
v 60.711677 34.279099 80.29036
v 76.010469 25.317476 80.338241
v 76.605448 25.08869 80.251806
v 76.227835 25.676105 80.301411
v 75.625088 25.892076 80.226383
v 74.937383 25.967875 80.338242
v 75.39320599999999 26.719929 80.124956
v 74.691459 26.772558 80.123187
v 73.864297 26.618275 80.338243
v 61.047846 33.879063 81.000721
v 61.388383 32.664001 81.331576
v 61.954752 31.177576 81.706545
v 62.682928 29.958117 81.961777
v 63.538848 28.949417 82.122478
v 64.433092 28.003948 82.25482
v 65.365659 27.121708 82.358803
v 66.400422 26.408081 82.387162
v 67.511831 25.820908 82.358802
v 68.712661 25.381271 82.264272
v 70.005466 25.093384 82.101681
v 71.372363 24.927738 81.884262
v 72.851676 24.947565 81.583656
v 74.371866 25.034838 81.2528
v 75.802634 24.974573 80.988116
v 77.048283 24.608879 80.518278
v 61.811654 35.139252 80.657666
v 63.195431 35.64542 80.216527
v 64.94414 36.109726 79.716569
v 66.477105 36.218067 79.376261
v 67.839744 36.045403 79.161993
v 69.151287 35.788425 78.985535
v 70.411733 35.447147 78.846889
v 71.535914 34.88105 78.809076
v 72.557901 34.146339 78.84689
v 73.460663 33.214924 78.97293
v 74.240788 32.081177 79.18972
v 74.922123 30.784433 79.479614
v 75.453575 29.240398 79.880421
v 75.930522 27.606438 80.321562
v 76.526693 26.169189 80.674474
v 77.29384 25.014023 80.486147
v 60.952901 33.722412 80.523146
v 61.293436 32.507347 80.854001
v 61.859803 31.020924 81.22897
v 62.58798 29.801466 81.484201
v 63.4439 28.792767 81.644902
v 64.338145 27.847298 81.777246
v 65.270711 26.965061 81.881228
v 66.305474 26.251432 81.909586
v 67.416885 25.664261 81.881228
v 68.617715 25.224621 81.786698
v 69.910522 24.936733 81.624105
v 71.277417 24.771088 81.406687
v 72.756729 24.790913 81.106082
v 74.276918 24.878183 80.775227
v 75.707685 24.817919 80.510543
v 76.985085 24.504608 80.200386
v 60.982736 33.771637 81.271064
v 61.174236 32.310688 81.712203
v 61.571698 30.545586 82.212162
v 62.184906 29.13644 82.55247
v 62.968437 28.008307 82.766738
v 63.803067 26.964479 82.943196
v 64.688794 26.004961 83.08184
v 65.710782 25.270256 83.119651
v 66.834967 24.704163 83.081839
v 68.078379 24.33478 82.9558
v 69.444424 24.167728 82.739011
v 70.909259 24.163671 82.449118
v 72.52398099999999 24.406908 82.04831
v 74.193204 24.740065 81.60717
v 75.743198 24.876513 81.254259
v 77.042831 24.599884 80.671892
v 77.601147 24.310606 80.073317
v 60.906829 34.212872 80.645346
v 76.108406 25.479059 80.26577
v 75.15454700000001 26.32617 80.177543
v 74.230496 27.222462 80.067257
v 73.29282 28.096272 79.967053
v 72.317673 28.908257 79.894579
v 71.317827 29.679493 79.840383
v 70.287323 30.400148 79.808873
v 69.22701 31.071625 79.79942
v 68.14115 31.700951 79.808872
v 67.021225 32.274071 79.843533
v 65.888525 32.826111 79.887648
v 64.743052 33.357082 79.941215
v 63.554996 33.817795 80.026291
v 62.313004 34.189518 80.151281
v 61.376331 34.421024 80.261567
v 59.636265 35.222237 80.070781
v 61.281382 34.264366 79.783994
v 62.218056 34.032864 79.673708
v 63.460048 33.661144 79.548717
v 64.648104 33.200432 79.46364
v 65.793578 32.66946 79.410072
v 66.926276 32.117416 79.365958
v 68.046202 31.544298 79.331298
v 69.132064 30.914976 79.321846
v 70.192375 30.243498 79.331298
v 71.222878 29.52284 79.362809
v 72.222723 28.751602 79.417007
v 73.19787 27.939617 79.48948
v 74.13555 27.065809 79.589681
v 75.0596 26.169519 79.699966
v 76.013454 25.322405 79.788194
v 77.052162 24.61528 79.813637
v 77.618694 24.339558 79.892591
v 77.117167 24.72253 80.140596
v 73.602739 31.028469 79.439713
v 72.749375 32.041382 79.277122
v 71.804031 32.902542 79.182592
v 70.769268 33.616173 79.154232
v 69.657861 34.20335 79.18259
v 68.444256 34.621906 79.286574
v 67.192327 34.977238 79.418918
v 65.902076 35.269341 79.579619
v 64.484081 35.350677 79.83485
v 62.904277 35.165051 80.209819
v 61.669536 34.904774 80.540673
v 61.213415 34.7187 80.418473
v 61.574588 34.748119 80.0631
v 62.809332 35.0084 79.732245
v 64.389135 35.194027 79.357276
v 65.80713 35.11269 79.102043
v 67.097382 34.820587 78.941341
v 68.34931 34.465256 78.808998
v 69.562915 34.0467 78.705015
v 70.674323 33.459526 78.676656
v 71.709085 32.745895 78.705016
v 72.654426 31.884727 78.799547
v 73.507792 30.871815 78.962139
v 74.287064 29.73666 79.17956
v 74.953925 28.416035 79.480165
v 75.579907 27.027964 79.811019
v 76.295305 25.787426 80.075704
v 77.173342 24.81521 80.061076
v 77.671076 24.425982 80.02157
v 77.23654 24.919483 80.37897
v 76.390253 25.94408 80.55328
v 75.674852 27.184616 80.288596
v 75.048872 28.572685 79.957739
v 74.382012 29.893312 79.657133
v 71.118582 26.929897 80.781902
v 69.972255 27.459457 80.8361
v 68.856589 28.039604 80.867609
v 67.77073 28.66893 80.877061
v 66.710417 29.340406 80.867609
v 65.68417 30.068085 80.832948
v 64.670699 30.816841 80.788835
v 63.670002 31.586674 80.735268
v 62.711885 32.426762 80.650191
v 61.807705 33.355839 80.525201
v 61.1691 34.079117 80.414916
v 59.558767 35.094376 80.128129
v 61.074154 33.922462 79.937341
v 61.712758 33.199184 80.047626
v 62.616938 32.270107 80.172615
v 63.575053 31.430019 80.257693
v 64.57575 30.660187 80.311261
v 65.589222 29.911432 80.355375
v 66.615469 29.183752 80.390036
v 67.675781 28.512278 80.399489
v 68.761642 27.882954 80.390036
v 69.877309 27.302805 80.358525
v 71.023634 26.773243 80.304328
v 72.194655 26.284428 80.231856
v 73.40315 25.857435 80.131654
v 74.62527 25.452925 80.021369
v 75.817582 24.999237 79.93314
v 76.98940999999999 24.511747 79.860073
v 77.595385 24.301098 79.90984
v 77.054415 24.618994 80.187033
v 75.912532 25.155891 80.410714
v 74.720219 25.609579 80.498942
v 73.498097 26.014088 80.609229
v 72.289603 26.441082 80.70943
v 60.366756 34.874638 80.247292
v 60.375677 34.889355 80.032968
v 60.294753 34.75584 79.885132
v 60.195983 34.592884 80.165941
v 60.276906 34.726395 80.313779
v 60.204908 34.607609 79.951616
vt 0.742520 0.834136
vt 0.733904 0.834136
vt 0.738438 0.711227
vt 0.745331 0.711227
vt 0.722304 0.834136
vt 0.729158 0.711227
vt 0.744484 0.560593
vt 0.749079 0.560592
vt 0.746837 0.773519
vt 0.749605 0.683501
vt 0.710029 0.834136
vt 0.719338 0.711227
vt 0.738297 0.560593
vt 0.750529 0.510381
vt 0.752827 0.510381
vt 0.752333 0.521556
vt 0.699392 0.834136
vt 0.710828 0.711227
vt 0.731751 0.560593
vt 0.747436 0.510381
vt 0.690583 0.834136
vt 0.703782 0.711227
vt 0.726077 0.560593
vt 0.744163 0.510381
vt 0.683797 0.834136
vt 0.698352 0.711227
vt 0.721379 0.560593
vt 0.741326 0.510381
vt 0.678454 0.834136
vt 0.694078 0.711227
vt 0.717760 0.560593
vt 0.108356 0.062610
vt 0.112673 0.001993
vt 0.113610 0.034957
vt 0.107448 0.085168
vt 0.121288 0.001993
vt 0.122800 0.034957
vt 0.112673 0.168343
vt 0.108355 0.185833
vt 0.132889 0.001993
vt 0.135173 0.034957
vt 0.121289 0.168344
vt 0.109862 0.346703
vt 0.105587 0.318978
vt 0.104163 0.235802
vt 0.145163 0.001993
vt 0.148266 0.034956
vt 0.132889 0.168343
vt 0.116754 0.346703
vt 0.106113 0.497337
vt 0.102860 0.494453
vt 0.102665 0.386437
vt 0.155801 0.001992
vt 0.159613 0.034956
vt 0.145163 0.168343
vt 0.126035 0.346702
vt 0.110709 0.497337
vt 0.102366 0.547548
vt 0.100885 0.540848
vt 0.102860 0.314573
vt 0.105587 0.152627
vt 0.164609 0.001992
vt 0.169008 0.034956
vt 0.155801 0.168343
vt 0.135854 0.346702
vt 0.116895 0.497337
vt 0.104663 0.547548
vt 0.098617 0.547548
vt 0.098617 0.540848
vt 0.171396 0.001992
vt 0.176248 0.034956
vt 0.164609 0.168343
vt 0.144364 0.346702
vt 0.123442 0.497337
vt 0.107757 0.547548
vt 0.094870 0.547548
vt 0.096350 0.540849
vt 0.098617 0.520748
vt 0.100243 0.520748
vt 0.176739 0.001992
vt 0.181947 0.034956
vt 0.171396 0.168343
vt 0.151411 0.346702
vt 0.129115 0.497337
vt 0.111030 0.547548
vt 0.091121 0.497337
vt 0.094376 0.494454
vt 0.096993 0.520748
vt 0.098617 0.486322
vt 0.100075 0.486323
vt 0.181215 0.001992
vt 0.186722 0.034956
vt 0.176739 0.168343
vt 0.156840 0.346703
vt 0.133813 0.497337
vt 0.113866 0.547548
vt 0.092572 0.547548
vt 0.086526 0.497337
vt 0.087373 0.346703
vt 0.091648 0.318978
vt 0.097160 0.486322
vt 0.098617 0.436648
vt 0.100019 0.436649
vt 0.185259 0.001992
vt 0.191035 0.034956
vt 0.181215 0.168343
vt 0.161114 0.346703
vt 0.137433 0.497337
vt 0.089479 0.547549
vt 0.080340 0.497337
vt 0.080481 0.346703
vt 0.084563 0.168343
vt 0.088880 0.185832
vt 0.093072 0.235802
vt 0.094570 0.386437
vt 0.097216 0.436648
vt 0.098617 0.386974
vt 0.100075 0.386974
vt 0.189302 0.001992
vt 0.195347 0.034956
vt 0.185259 0.168343
vt 0.164696 0.346703
vt 0.086206 0.547549
vt 0.073793 0.497338
vt 0.071201 0.346703
vt 0.075946 0.168343
vt 0.083625 0.034956
vt 0.089787 0.085168
vt 0.091648 0.152627
vt 0.094375 0.314573
vt 0.097160 0.386974
vt 0.098617 0.352548
vt 0.100243 0.352549
vt 0.189302 0.168343
vt 0.083369 0.547549
vt 0.068120 0.497337
vt 0.061381 0.346703
vt 0.064346 0.168344
vt 0.074435 0.034956
vt 0.084563 0.001992
vt 0.088880 0.062610
vt 0.096993 0.352549
vt 0.098618 0.332448
vt 0.100885 0.332448
vt 0.052871 0.346703
vt 0.052072 0.168344
vt 0.062062 0.034957
vt 0.075946 0.001992
vt 0.096350 0.332448
vt 0.098618 0.325747
vt 0.102366 0.325748
vt 0.101461 0.373574
vt 0.063422 0.497337
vt 0.045824 0.346703
vt 0.041435 0.168343
vt 0.048969 0.034957
vt 0.064346 0.001992
vt 0.094870 0.325747
vt 0.095774 0.373574
vt 0.059802 0.497337
vt 0.040395 0.346703
vt 0.032626 0.168343
vt 0.037622 0.034956
vt 0.052072 0.001993
vt 0.025839 0.168343
vt 0.028227 0.034956
vt 0.041435 0.001992
vt 0.036121 0.346703
vt 0.020496 0.168344
vt 0.020987 0.034956
vt 0.032626 0.001992
vt 0.032539 0.346703
vt 0.016020 0.168343
vt 0.015288 0.034957
vt 0.025839 0.001992
vt 0.010513 0.034957
vt 0.020496 0.001993
vt 0.011977 0.168343
vt 0.006201 0.034956
vt 0.016020 0.001993
vt 0.007933 0.168343
vt 0.001888 0.034956
vt 0.011977 0.001993
vt 0.007933 0.001992
vt 0.543520 0.773133
vt 0.543812 0.755646
vt 0.545905 0.755646
vt 0.547063 0.773133
vt 0.539978 0.773133
vt 0.541718 0.755645
vt 0.544685 0.703183
vt 0.545820 0.703183
vt 0.543550 0.703182
vt 0.545558 0.640483
vt 0.546157 0.640483
vt 0.544958 0.640482
vt 0.545849 0.592282
vt 0.546270 0.592283
vt 0.545427 0.592282
vt 0.545558 0.561570
vt 0.546157 0.561570
vt 0.546692 0.609261
vt 0.546757 0.660957
vt 0.544958 0.561570
vt 0.545819 0.551332
vt 0.544685 0.551332
vt 0.545006 0.609261
vt 0.544358 0.583360
vt 0.543550 0.551332
vt 0.612655 0.711226
vt 0.621935 0.711226
vt 0.628789 0.834135
vt 0.617189 0.834135
vt 0.606610 0.560592
vt 0.612796 0.560592
vt 0.631755 0.711227
vt 0.641064 0.834136
vt 0.605762 0.711226
vt 0.608574 0.834135
vt 0.600564 0.510381
vt 0.603658 0.510381
vt 0.619343 0.560592
vt 0.602014 0.560592
vt 0.640265 0.711227
vt 0.651701 0.834136
vt 0.601488 0.683501
vt 0.604256 0.773518
vt 0.606930 0.510381
vt 0.598266 0.510381
vt 0.625016 0.560592
vt 0.598760 0.521556
vt 0.647311 0.711227
vt 0.660510 0.834136
vt 0.609767 0.510381
vt 0.629714 0.560592
vt 0.652741 0.711227
vt 0.667297 0.834136
vt 0.633333 0.560592
vt 0.657015 0.711227
vt 0.672640 0.834136
vt 0.603271 0.124902
vt 0.610203 0.124902
vt 0.610203 0.275536
vt 0.603271 0.275536
vt 0.617134 0.124902
vt 0.617134 0.275536
vt 0.610203 0.325748
vt 0.603271 0.325748
vt 0.610203 0.001993
vt 0.617134 0.001993
vt 0.624065 0.124902
vt 0.624065 0.275537
vt 0.617134 0.325748
vt 0.596340 0.275536
vt 0.596340 0.325748
vt 0.624065 0.001993
vt 0.630997 0.124902
vt 0.630997 0.275537
vt 0.624065 0.325748
vt 0.589409 0.275536
vt 0.589409 0.325748
vt 0.630997 0.001993
vt 0.637928 0.124902
vt 0.637928 0.275536
vt 0.630997 0.325748
vt 0.637928 0.001993
vt 0.644859 0.124902
vt 0.644859 0.275536
vt 0.637928 0.325748
vt 0.644859 0.001993
vt 0.651790 0.124902
vt 0.651790 0.275537
vt 0.644859 0.325748
vt 0.651790 0.001993
vt 0.658722 0.124902
vt 0.658722 0.275537
vt 0.651790 0.325748
vt 0.658722 0.001993
vt 0.665653 0.124902
vt 0.665653 0.275537
vt 0.658722 0.325748
vt 0.665653 0.001993
vt 0.672584 0.124902
vt 0.672584 0.275537
vt 0.665653 0.325748
vt 0.672584 0.001993
vt 0.679515 0.124902
vt 0.679515 0.275536
vt 0.672584 0.325748
vt 0.679515 0.001993
vt 0.686447 0.124902
vt 0.686447 0.275537
vt 0.679515 0.325748
vt 0.686447 0.001993
vt 0.693378 0.124902
vt 0.693378 0.275537
vt 0.686447 0.325748
vt 0.693378 0.001993
vt 0.700309 0.124902
vt 0.700309 0.275536
vt 0.693378 0.325748
vt 0.700309 0.001993
vt 0.707241 0.124902
vt 0.707241 0.275536
vt 0.700309 0.325748
vt 0.707241 0.001993
vt 0.714172 0.124902
vt 0.714172 0.275536
vt 0.707241 0.325748
vt 0.714172 0.001992
vt 0.721103 0.124902
vt 0.721103 0.275536
vt 0.714172 0.325748
vt 0.721103 0.001992
vt 0.728034 0.124902
vt 0.728034 0.275536
vt 0.721103 0.325748
vt 0.728034 0.001992
vt 0.734966 0.124902
vt 0.734966 0.275536
vt 0.728034 0.325748
vt 0.734966 0.001993
vt 0.741897 0.124902
vt 0.741897 0.275536
vt 0.734966 0.325748
vt 0.741897 0.001993
vt 0.748828 0.124902
vt 0.748828 0.275537
vt 0.741897 0.325748
vt 0.748828 0.001993
vt 0.755759 0.124902
vt 0.755759 0.275537
vt 0.748828 0.325748
vt 0.755759 0.001993
vt 0.762691 0.159533
vt 0.762691 0.297310
vt 0.755760 0.325748
vt 0.762691 0.047031
vt 0.769622 0.263424
vt 0.769622 0.362630
vt 0.762691 0.343235
vt 0.769622 0.182148
vt 0.774821 0.376501
vt 0.774821 0.437924
vt 0.769622 0.395698
vt 0.773473 0.301413
vt 0.776553 0.438685
vt 0.776553 0.489620
vt 0.774821 0.458398
vt 0.774820 0.345774
vt 0.776553 0.506599
vt 0.243133 0.001993
vt 0.250064 0.001993
vt 0.250064 0.034957
vt 0.243133 0.034957
vt 0.256995 0.001993
vt 0.256995 0.034957
vt 0.250064 0.168343
vt 0.243133 0.168343
vt 0.263927 0.001993
vt 0.263927 0.034957
vt 0.256995 0.168343
vt 0.250064 0.346703
vt 0.243133 0.346703
vt 0.270858 0.001994
vt 0.270858 0.034957
vt 0.263927 0.168344
vt 0.256995 0.346703
vt 0.250064 0.497337
vt 0.243133 0.497338
vt 0.236202 0.168343
vt 0.236202 0.346703
vt 0.277789 0.001994
vt 0.277789 0.034957
vt 0.270858 0.168344
vt 0.263927 0.346703
vt 0.256995 0.497337
vt 0.250064 0.547549
vt 0.243133 0.547549
vt 0.236202 0.497338
vt 0.229270 0.168343
vt 0.229270 0.346703
vt 0.284721 0.001993
vt 0.284721 0.034957
vt 0.277789 0.168344
vt 0.270858 0.346703
vt 0.263927 0.497337
vt 0.256995 0.547548
vt 0.236202 0.547549
vt 0.229270 0.497338
vt 0.291652 0.001993
vt 0.291652 0.034957
vt 0.284721 0.168344
vt 0.277789 0.346703
vt 0.270858 0.497337
vt 0.711731 0.075665
vt 0.229270 0.547549
vt 0.222339 0.346703
vt 0.222339 0.497337
vt 0.298583 0.001993
vt 0.298583 0.034957
vt 0.291652 0.168343
vt 0.284721 0.346703
vt 0.277789 0.497337
vt 0.567762 0.075353
vt 0.222339 0.547549
vt 0.215408 0.346703
vt 0.215408 0.497337
vt 0.305514 0.001993
vt 0.305514 0.034957
vt 0.298583 0.168344
vt 0.291652 0.346703
vt 0.284720 0.497337
vt 0.423863 0.074711
vt 0.215408 0.547549
vt 0.312446 0.001992
vt 0.312446 0.034957
vt 0.305514 0.168344
vt 0.298583 0.346703
vt 0.291652 0.497337
vt 0.284720 0.547548
vt 0.208477 0.497337
vt 0.208477 0.547549
vt 0.319377 0.001992
vt 0.319377 0.034956
vt 0.312446 0.168343
vt 0.305514 0.346703
vt 0.298583 0.497337
vt 0.291652 0.547548
vt 0.201545 0.497337
vt 0.201545 0.547549
vt 0.326308 0.001993
vt 0.326308 0.034957
vt 0.319377 0.168343
vt 0.312446 0.346703
vt 0.305514 0.497337
vt 0.298583 0.547549
vt 0.333239 0.001993
vt 0.333239 0.034957
vt 0.326308 0.168343
vt 0.319377 0.346702
vt 0.312446 0.497337
vt 0.305514 0.547549
vt 0.340171 0.001993
vt 0.340171 0.034957
vt 0.333239 0.168343
vt 0.326308 0.346702
vt 0.319377 0.497337
vt 0.312445 0.547548
vt 0.347102 0.001993
vt 0.347102 0.034957
vt 0.340171 0.168343
vt 0.333239 0.346702
vt 0.326308 0.497337
vt 0.319377 0.547548
vt 0.354033 0.001992
vt 0.354033 0.034957
vt 0.347102 0.168343
vt 0.340171 0.346702
vt 0.333239 0.497337
vt 0.326308 0.547548
vt 0.360964 0.001993
vt 0.360964 0.034957
vt 0.354033 0.168343
vt 0.347102 0.346703
vt 0.340171 0.497337
vt 0.333239 0.547549
vt 0.367896 0.001993
vt 0.367896 0.034957
vt 0.360964 0.168343
vt 0.354033 0.346703
vt 0.347102 0.497337
vt 0.340171 0.547548
vt 0.374827 0.047031
vt 0.374827 0.076933
vt 0.367896 0.168343
vt 0.360964 0.346703
vt 0.354033 0.497337
vt 0.347102 0.547548
vt 0.381758 0.182147
vt 0.381758 0.202864
vt 0.374827 0.198950
vt 0.367896 0.346703
vt 0.360964 0.497338
vt 0.354033 0.547549
vt 0.385609 0.301412
vt 0.386957 0.345773
vt 0.381758 0.290771
vt 0.374827 0.362793
vt 0.367896 0.497337
vt 0.360964 0.547549
vt 0.385609 0.366018
vt 0.381758 0.411063
vt 0.374827 0.501360
vt 0.367896 0.547549
vt 0.388690 0.438685
vt 0.386957 0.450149
vt 0.381758 0.513427
vt 0.374827 0.547549
vt 0.388690 0.489620
vt 0.386957 0.515520
vt 0.381758 0.547548
vt 0.388690 0.506598
vt 0.386957 0.537310
vt 0.409340 0.052204
vt 0.416271 0.052204
vt 0.416271 0.202838
vt 0.409340 0.202838
vt 0.409340 0.001992
vt 0.416271 0.001992
vt 0.423202 0.052204
vt 0.423202 0.202838
vt 0.423202 0.001992
vt 0.402408 0.001992
vt 0.402408 0.052204
vt 0.430134 0.052204
vt 0.430134 0.202839
vt 0.430134 0.001992
vt 0.395477 0.001992
vt 0.395477 0.052204
vt 0.437065 0.052205
vt 0.437065 0.202839
vt 0.430134 0.381198
vt 0.423202 0.381198
vt 0.437065 0.001993
vt 0.443996 0.052205
vt 0.443996 0.202839
vt 0.437065 0.381198
vt 0.443996 0.001993
vt 0.450927 0.052205
vt 0.450927 0.202839
vt 0.443996 0.381198
vt 0.450927 0.001993
vt 0.457859 0.052204
vt 0.457859 0.202838
vt 0.450927 0.381198
vt 0.443996 0.514585
vt 0.437065 0.514585
vt 0.457859 0.001993
vt 0.464790 0.052205
vt 0.464790 0.202838
vt 0.457859 0.381198
vt 0.450927 0.514585
vt 0.443996 0.547549
vt 0.437065 0.547549
vt 0.464790 0.001993
vt 0.471721 0.052205
vt 0.471721 0.202839
vt 0.464790 0.381197
vt 0.457859 0.514584
vt 0.450927 0.547549
vt 0.471721 0.001993
vt 0.478652 0.052205
vt 0.478652 0.202839
vt 0.471721 0.381198
vt 0.464790 0.514584
vt 0.457859 0.547548
vt 0.478652 0.001993
vt 0.485584 0.052205
vt 0.485584 0.202839
vt 0.478652 0.381198
vt 0.471721 0.514584
vt 0.464790 0.547548
vt 0.485584 0.001993
vt 0.492515 0.052204
vt 0.492515 0.202839
vt 0.485584 0.381198
vt 0.478652 0.514584
vt 0.471721 0.547548
vt 0.492515 0.001993
vt 0.499446 0.052204
vt 0.499446 0.202839
vt 0.492515 0.381198
vt 0.485584 0.514584
vt 0.478652 0.547548
vt 0.499446 0.001992
vt 0.506378 0.052204
vt 0.506378 0.202839
vt 0.499446 0.381198
vt 0.492515 0.514585
vt 0.485584 0.547548
vt 0.506378 0.001992
vt 0.513309 0.052204
vt 0.513309 0.202839
vt 0.506377 0.381198
vt 0.499446 0.514585
vt 0.492515 0.547548
vt 0.513309 0.001993
vt 0.520240 0.052204
vt 0.520240 0.202839
vt 0.513309 0.381198
vt 0.506378 0.514585
vt 0.499446 0.547548
vt 0.520240 0.001993
vt 0.527171 0.052204
vt 0.527171 0.202839
vt 0.520240 0.381198
vt 0.513309 0.514585
vt 0.506378 0.547549
vt 0.527171 0.001993
vt 0.534103 0.052204
vt 0.534103 0.202839
vt 0.527171 0.381199
vt 0.520240 0.514585
vt 0.513309 0.547549
vt 0.534103 0.001993
vt 0.541034 0.052205
vt 0.541034 0.202839
vt 0.534103 0.381198
vt 0.527171 0.514585
vt 0.520240 0.547549
vt 0.541034 0.001993
vt 0.547965 0.052204
vt 0.547965 0.202839
vt 0.541034 0.381198
vt 0.534103 0.514585
vt 0.527171 0.547549
vt 0.547965 0.001993
vt 0.554896 0.052204
vt 0.554896 0.202839
vt 0.547965 0.381198
vt 0.541034 0.514585
vt 0.534102 0.547549
vt 0.554896 0.001993
vt 0.561828 0.052204
vt 0.561828 0.202839
vt 0.554896 0.381198
vt 0.547965 0.514585
vt 0.541034 0.547549
vt 0.561828 0.001992
vt 0.568759 0.048182
vt 0.568759 0.186749
vt 0.561828 0.381199
vt 0.554896 0.514585
vt 0.547965 0.547549
vt 0.568759 0.001993
vt 0.575690 0.036114
vt 0.575690 0.138478
vt 0.568759 0.350592
vt 0.561828 0.514585
vt 0.554896 0.547549
vt 0.575690 0.001993
vt 0.580889 0.034021
vt 0.580889 0.099392
vt 0.575690 0.258770
vt 0.568759 0.472608
vt 0.561828 0.547549
vt 0.580889 0.012231
vt 0.582621 0.110856
vt 0.582621 0.059921
vt 0.579541 0.183523
vt 0.575690 0.346677
vt 0.568759 0.502510
vt 0.580889 0.203767
vt 0.575690 0.367394
vt 0.579541 0.248129
vt 0.416550 0.573890
vt 0.417181 0.551332
vt 0.416550 0.641349
vt 0.415739 0.724524
vt 0.924992 0.674253
vt 0.931923 0.656765
vt 0.931923 0.702691
vt 0.924992 0.724464
vt 0.938855 0.604302
vt 0.938855 0.637371
vt 0.931923 0.840468
vt 0.924992 0.875099
vt 0.918061 0.674253
vt 0.918061 0.724465
vt 0.944053 0.541602
vt 0.944053 0.562077
vt 0.938855 0.736576
vt 0.931923 0.952969
vt 0.924992 0.998008
vt 0.918061 0.875099
vt 0.911129 0.674253
vt 0.911129 0.724465
vt 0.944053 0.623500
vt 0.938855 0.817853
vt 0.918061 0.998008
vt 0.911129 0.875099
vt 0.904198 0.674253
vt 0.904198 0.724464
vt 0.945786 0.510381
vt 0.945786 0.561315
vt 0.942705 0.698588
vt 0.911129 0.998008
vt 0.904198 0.875098
vt 0.897267 0.674253
vt 0.897267 0.724464
vt 0.944053 0.654227
vt 0.904198 0.998008
vt 0.897267 0.875098
vt 0.890336 0.674252
vt 0.890336 0.724464
vt 0.897267 0.998007
vt 0.890336 0.875098
vt 0.883404 0.674252
vt 0.883404 0.724464
vt 0.890336 0.998007
vt 0.883404 0.875098
vt 0.876473 0.674252
vt 0.876473 0.724463
vt 0.883404 0.998008
vt 0.876473 0.875098
vt 0.869542 0.674252
vt 0.869542 0.724463
vt 0.876473 0.998008
vt 0.869542 0.875098
vt 0.862610 0.674252
vt 0.862610 0.724464
vt 0.869542 0.998008
vt 0.862610 0.875098
vt 0.855679 0.674252
vt 0.855679 0.724464
vt 0.862610 0.998007
vt 0.855679 0.875098
vt 0.848748 0.674253
vt 0.848748 0.724464
vt 0.855679 0.998008
vt 0.848748 0.875099
vt 0.841817 0.674252
vt 0.841817 0.724464
vt 0.848748 0.998008
vt 0.841817 0.875098
vt 0.423863 0.191408
vt 0.834885 0.724464
vt 0.841817 0.998007
vt 0.834885 0.875098
vt 0.567762 0.192049
vt 0.827954 0.724464
vt 0.834885 0.998006
vt 0.827954 0.875098
vt 0.711731 0.192361
vt 0.821023 0.724464
vt 0.827954 0.998006
vt 0.821023 0.875098
vt 0.855818 0.192123
vt 0.814092 0.724463
vt 0.821023 0.998007
vt 0.814092 0.875098
vt 0.807160 0.674252
vt 0.807160 0.724463
vt 0.814092 0.998007
vt 0.807160 0.875098
vt 0.800229 0.674252
vt 0.800229 0.724463
vt 0.807160 0.998007
vt 0.800229 0.875098
vt 0.793298 0.674252
vt 0.793298 0.724464
vt 0.800229 0.998007
vt 0.793298 0.875098
vt 0.786366 0.674252
vt 0.786366 0.724464
vt 0.793298 0.998008
vt 0.786366 0.875098
vt 0.779435 0.674252
vt 0.779435 0.724464
vt 0.786366 0.998007
vt 0.779435 0.875098
vt 0.772504 0.674252
vt 0.772504 0.724464
vt 0.779435 0.998007
vt 0.772504 0.875098
vt 0.765573 0.674252
vt 0.765573 0.724463
vt 0.758641 0.674252
vt 0.758641 0.724463
vt 0.398013 0.551332
vt 0.402669 0.558032
vt 0.402669 0.608243
vt 0.398521 0.569207
vt 0.575572 0.673408
vt 0.577795 0.623733
vt 0.579524 0.632642
vt 0.577795 0.673408
vt 0.584464 0.589308
vt 0.584464 0.610333
vt 0.584464 0.673408
vt 0.577795 0.723082
vt 0.579524 0.714174
vt 0.592452 0.551332
vt 0.591133 0.623196
vt 0.584464 0.736482
vt 0.584464 0.757507
vt 0.592452 0.731212
vt 0.591944 0.777607
vt 0.408483 0.551332
vt 0.409294 0.634507
vt 0.409925 0.724524
vt 0.409294 0.701966
vt 0.388051 0.590368
vt 0.392199 0.551332
vt 0.392199 0.601543
vt 0.387543 0.608243
vt 0.556829 0.614766
vt 0.555100 0.655532
vt 0.552877 0.655532
vt 0.555100 0.605858
vt 0.561769 0.592457
vt 0.561769 0.655532
vt 0.556829 0.696298
vt 0.555100 0.705206
vt 0.561769 0.571433
vt 0.569758 0.597727
vt 0.568438 0.705743
vt 0.561769 0.718606
vt 0.561769 0.739631
vt 0.569249 0.551332
vt 0.569758 0.777607
vt 0.449334 0.558263
vt 0.449334 0.551332
vt 0.452876 0.551332
vt 0.454802 0.558263
vt 0.443866 0.558263
vt 0.445791 0.551332
vt 0.449334 0.565194
vt 0.457189 0.565194
vt 0.441478 0.565194
vt 0.449334 0.572126
vt 0.459846 0.572126
vt 0.438821 0.572126
vt 0.449334 0.579057
vt 0.462580 0.579057
vt 0.436087 0.579057
vt 0.449334 0.585988
vt 0.465191 0.585988
vt 0.433477 0.585988
vt 0.449334 0.592920
vt 0.467478 0.592919
vt 0.431189 0.592920
vt 0.449334 0.599851
vt 0.469426 0.599851
vt 0.429241 0.599851
vt 0.449334 0.606782
vt 0.471021 0.606782
vt 0.427646 0.606782
vt 0.449334 0.613713
vt 0.472392 0.613713
vt 0.426276 0.613713
vt 0.449334 0.620644
vt 0.473670 0.620644
vt 0.424997 0.620645
vt 0.449334 0.627576
vt 0.474671 0.627576
vt 0.423996 0.627576
vt 0.287915 0.153685
vt 0.279988 0.190656
vt 0.295843 0.116714
vt 0.431873 0.154052
vt 0.423863 0.191408
vt 0.439883 0.116696
vt 0.575831 0.154419
vt 0.567762 0.192049
vt 0.583900 0.116788
vt 0.449334 0.655301
vt 0.711731 0.192361
vt 0.423033 0.655301
vt 0.449334 0.662232
vt 0.475211 0.662232
vt 0.423457 0.662232
vt 0.449334 0.669163
vt 0.474479 0.669163
vt 0.424189 0.669163
vt 0.449334 0.676095
vt 0.473516 0.676095
vt 0.425151 0.676095
vt 0.449334 0.683026
vt 0.472438 0.683026
vt 0.426229 0.683026
vt 0.449334 0.689957
vt 0.471360 0.689957
vt 0.427308 0.689957
vt 0.449334 0.696889
vt 0.470166 0.696889
vt 0.428501 0.696889
vt 0.449334 0.703820
vt 0.468741 0.703820
vt 0.429926 0.703820
vt 0.449334 0.710751
vt 0.466931 0.710751
vt 0.431736 0.710751
vt 0.449334 0.717682
vt 0.464582 0.717682
vt 0.434085 0.717682
vt 0.449334 0.724614
vt 0.461746 0.724614
vt 0.436922 0.724614
vt 0.449334 0.731545
vt 0.458473 0.731545
vt 0.440195 0.731545
vt 0.449334 0.737554
vt 0.455379 0.737554
vt 0.443288 0.737554
vt 0.449334 0.741720
vt 0.453082 0.741720
vt 0.445586 0.741720
vt 0.504077 0.755582
vt 0.501779 0.751417
vt 0.507825 0.751417
vt 0.507825 0.755582
vt 0.498686 0.745407
vt 0.507825 0.745407
vt 0.513871 0.751417
vt 0.511573 0.755582
vt 0.495413 0.738476
vt 0.507825 0.738476
vt 0.516964 0.745407
vt 0.492576 0.731545
vt 0.507825 0.731545
vt 0.520237 0.738476
vt 0.490227 0.724613
vt 0.507825 0.724613
vt 0.523073 0.731545
vt 0.488417 0.717683
vt 0.507825 0.717683
vt 0.525423 0.724613
vt 0.486993 0.710751
vt 0.507825 0.710751
vt 0.527232 0.717683
vt 0.485798 0.703820
vt 0.507825 0.703820
vt 0.528657 0.710751
vt 0.484721 0.696889
vt 0.507825 0.696889
vt 0.529851 0.703820
vt 0.483642 0.689957
vt 0.507825 0.689957
vt 0.530929 0.696889
vt 0.482680 0.683027
vt 0.507825 0.683027
vt 0.532008 0.689957
vt 0.481948 0.676095
vt 0.507825 0.676095
vt 0.532970 0.683027
vt 0.711731 0.075665
vt 0.507825 0.669163
vt 0.533702 0.676095
vt 0.567762 0.075353
vt 0.575831 0.037722
vt 0.534125 0.669163
vt 0.423863 0.074711
vt 0.431873 0.037356
vt 0.583900 0.000092
vt 0.279988 0.073959
vt 0.287915 0.036989
vt 0.439883 0.000000
vt 0.482487 0.641439
vt 0.507825 0.641439
vt 0.295843 0.000018
vt 0.483488 0.634507
vt 0.507825 0.634507
vt 0.151720 0.000422
vt 0.484767 0.627575
vt 0.507825 0.627575
vt 0.532161 0.634507
vt 0.486138 0.620645
vt 0.507825 0.620645
vt 0.530883 0.627575
vt 0.487732 0.613713
vt 0.507825 0.613713
vt 0.529512 0.620645
vt 0.489680 0.606782
vt 0.507825 0.606782
vt 0.527918 0.613713
vt 0.491968 0.599851
vt 0.507825 0.599851
vt 0.525970 0.606781
vt 0.494579 0.592919
vt 0.507825 0.592919
vt 0.523683 0.599851
vt 0.497312 0.585989
vt 0.507825 0.585989
vt 0.521072 0.592919
vt 0.499969 0.579057
vt 0.507825 0.579057
vt 0.518337 0.585989
vt 0.502357 0.572126
vt 0.507825 0.572126
vt 0.515680 0.579057
vt 0.504282 0.565195
vt 0.507825 0.565195
vt 0.513293 0.572126
vt 0.505440 0.558263
vt 0.507534 0.558263
vt 0.511368 0.565195
vt 0.505526 0.551332
vt 0.506661 0.551332
vt 0.509628 0.558263
vt 0.507796 0.551332
vt 0.143958 0.036622
vt 0.000000 0.036255
vt 0.007455 0.001485
vt 0.151720 0.000422
vt 0.287915 0.036989
vt 0.143958 0.036622
vt 0.295843 0.000018
vt 0.431873 0.037356
vt 0.287915 0.036989
vt 0.439883 0.000000
vt 0.575831 0.037722
vt 0.431873 0.037356
vt 0.583900 0.000092
vt 0.719788 0.038089
vt 0.575831 0.037722
vt 0.727846 0.000513
vt 0.727846 0.117209
vt 0.583900 0.116788
vt 0.575831 0.154419
vt 0.719788 0.154785
vt 0.439883 0.116696
vt 0.431873 0.154052
vt 0.575831 0.154419
vt 0.295843 0.116714
vt 0.287915 0.153685
vt 0.431873 0.154052
vt 0.151720 0.117118
vt 0.143958 0.153318
vt 0.287915 0.153685
vt 0.423863 0.074711
vt 0.279988 0.073959
vt 0.287915 0.036989
vt 0.431873 0.037356
vt 0.136195 0.072822
vt 0.143958 0.036622
vt 0.415853 0.138485
vt 0.272060 0.137348
vt 0.279988 0.073959
vt 0.423863 0.074711
vt 0.711731 0.075665
vt 0.567762 0.075353
vt 0.575831 0.037722
vt 0.719788 0.038089
vt 0.559693 0.139402
vt 0.415853 0.138485
vt 0.567762 0.075353
vt 0.703674 0.139659
vt 0.559693 0.139402
vt 0.711731 0.075665
vt 0.855819 0.075426
vt 0.719788 0.038089
vt 0.863746 0.038456
vt 0.847891 0.138815
vt 0.703674 0.139659
vt 0.855819 0.075426
vt 1.000000 0.191444
vt 0.855818 0.192123
vt 0.847891 0.255511
vt 0.992297 0.253787
vt 0.711731 0.192361
vt 0.703674 0.256355
vt 0.847891 0.255511
vt 0.863746 0.155152
vt 0.719788 0.154785
vt 0.711731 0.192361
vt 0.855818 0.192123
vt 0.567762 0.192049
vt 0.559692 0.256098
vt 0.703674 0.256355
vt 0.423863 0.191408
vt 0.415853 0.255181
vt 0.559692 0.256098
vt 0.575831 0.154419
vt 0.431873 0.154052
vt 0.423863 0.191408
vt 0.567762 0.192049
vt 0.719788 0.154785
vt 0.279988 0.190656
vt 0.272060 0.254044
vt 0.415853 0.255181
vt 0.287915 0.153685
vt 0.143958 0.153318
vt 0.136195 0.189519
vt 0.279988 0.190656
vn 0.790694 0.507684 0.342140
vn 0.870363 0.327954 0.367307
vn 0.919576 0.350094 0.178367
vn 0.859276 0.510465 0.032713
vn 0.757862 0.345780 0.553245
vn 0.864069 0.357496 0.354375
vn 0.690754 0.441848 0.572389
vn 0.785314 0.492427 0.375230
vn 0.419406 0.493066 0.762223
vn 0.609297 0.372330 0.700091
vn 0.761434 0.393897 0.514843
vn 0.489260 0.384814 0.782651
vn 0.656030 0.418058 0.628373
vn 0.490150 0.429797 0.758306
vn 0.578247 0.436610 0.689204
vn 0.415246 0.391840 0.820995
vn 0.563289 0.437751 0.700770
vn 0.362939 0.397984 0.842546
vn 0.490418 0.454210 0.743763
vn 0.374880 0.427093 0.822834
vn 0.422454 0.426684 0.799671
vn 0.332991 0.401735 0.853068
vn 0.436580 0.466006 0.769569
vn 0.315307 0.403389 0.858987
vn 0.402197 0.470565 0.785370
vn 0.319597 0.426711 0.846035
vn 0.340872 0.427936 0.837064
vn 0.304614 0.403011 0.863014
vn 0.381205 0.470068 0.796064
vn 0.299486 0.400604 0.865924
vn 0.369437 0.465641 0.804173
vn 0.298896 0.419552 0.857110
vn 0.306600 0.423883 0.852244
vn 0.290444 0.397541 0.870404
vn 0.359283 0.461776 0.810974
vn 0.278813 0.397284 0.874316
vn 0.344339 0.462830 0.816835
vn 0.284869 0.415704 0.863736
vn 0.293064 0.416244 0.860729
vn 0.266594 0.399490 0.877118
vn 0.326257 0.468182 0.821196
vn 0.253947 0.403598 0.878988
vn 0.306144 0.477406 0.823626
vn 0.264540 0.422098 0.867094
vn 0.275116 0.417669 0.865947
vn 0.245822 0.411012 0.877862
vn 0.289490 0.486805 0.824146
vn 0.242146 0.416868 0.876120
vn 0.281813 0.492563 0.823385
vn 0.251536 0.429087 0.867533
vn 0.255590 0.426414 0.867666
vn 0.236305 0.418512 0.876931
vn 0.273503 0.500290 0.821527
vn 0.225846 0.424511 0.876803
vn 0.254878 0.516209 0.817658
vn 0.238761 0.443859 0.863703
vn 0.247766 0.434079 0.866133
vn 0.214594 0.439990 0.871985
vn 0.235885 0.535190 0.811129
vn 0.207792 0.454626 0.866105
vn 0.226961 0.551713 0.802560
vn 0.226142 0.464347 0.856296
vn 0.229639 0.454535 0.860618
vn 0.204026 0.464217 0.861903
vn 0.218578 0.570935 0.791364
vn 0.194956 0.479756 0.855468
vn 0.200022 0.599251 0.775170
vn 0.215100 0.496902 0.840726
vn 0.223109 0.477549 0.849806
vn 0.179348 0.506030 0.843664
vn 0.173938 0.636992 0.750991
vn 0.159878 0.541274 0.825507
vn 0.142565 0.685044 0.714416
vn 0.190507 0.557988 0.807686
vn 0.203835 0.522798 0.827728
vn 0.133577 0.592543 0.794386
vn 0.111703 0.742755 0.660180
vn 0.110389 0.656621 0.746098
vn 0.090897 0.808036 0.582079
vn 0.174634 0.661281 0.729528
vn 0.179089 0.603155 0.777259
vn 0.096227 0.735940 0.670173
vn 0.087108 0.877186 0.472183
vn 0.105160 0.827099 0.552131
vn 0.113601 0.938475 0.326128
vn 0.209023 0.819036 0.534311
vn 0.181604 0.734692 0.653641
vn 0.178208 0.899188 0.399628
vn 0.181700 0.970302 0.159687
vn 0.311353 0.919381 0.240413
vn 0.279088 0.960111 0.017222
vn 0.355112 0.915773 0.187765
vn 0.269106 0.892302 0.362462
vn 0.434771 0.893334 0.113706
vn 0.355037 0.932549 -0.065590
vn 0.518575 0.852368 0.067440
vn 0.414950 0.905008 -0.093689
vn 0.469934 0.882267 0.027690
vn 0.421799 0.902940 0.082370
vn 0.146558 -0.555041 0.818811
vn 0.336537 -0.552792 0.762341
vn -0.413148 0.890587 -0.190166
vn -0.561615 0.814988 -0.142774
vn 0.327405 -0.364421 0.871782
vn -0.375838 0.903438 -0.206264
vn -0.386594 0.759755 -0.522797
vn -0.409374 0.812030 -0.415957
vn -0.450587 0.827749 -0.334368
vn 0.278813 -0.172929 0.944647
vn -0.341002 0.914412 -0.218099
vn 0.233972 -0.036380 0.971563
vn -0.286804 0.927224 -0.240829
vn -0.318365 0.581970 -0.748301
vn -0.361301 0.677256 -0.640926
vn 0.202491 0.040816 0.978433
vn -0.206197 0.941522 -0.266496
vn 0.177407 0.091875 0.979840
vn -0.099026 0.950038 -0.296008
vn -0.190595 0.392389 -0.899836
vn -0.258367 0.482608 -0.836861
vn 0.162233 0.120007 0.979428
vn 0.008174 0.948258 -0.317395
vn 0.153606 0.136603 0.978644
vn 0.087190 0.940322 -0.328925
vn -0.094602 0.260732 -0.960765
vn -0.131350 0.316231 -0.939545
vn 0.149611 0.147273 0.977715
vn 0.134126 0.933003 -0.333939
vn 0.149755 0.153561 0.976725
vn 0.148477 0.930921 -0.333677
vn -0.074864 0.196472 -0.977647
vn -0.076918 0.222374 -0.971923
vn 0.148869 0.163955 0.975170
vn 0.168511 0.925655 -0.338773
vn 0.144239 0.175253 0.973900
vn 0.223500 0.910493 -0.347924
vn -0.053733 0.149442 -0.987309
vn -0.071640 0.175462 -0.981876
vn 0.137009 0.185691 0.973009
vn 0.307489 0.881750 -0.357724
vn 0.127761 0.195405 0.972365
vn 0.413842 0.833700 -0.365621
vn 0.016624 0.090866 -0.995724
vn -0.023781 0.120540 -0.992424
vn 0.117323 0.199002 0.972951
vn 0.505464 0.782715 -0.363130
vn 0.110238 0.199238 0.973731
vn 0.551027 0.753514 -0.358591
vn 0.071294 0.054371 -0.995972
vn 0.052486 0.065542 -0.996469
vn 0.106143 0.203763 0.973249
vn 0.595905 0.717583 -0.360515
vn 0.095905 0.210121 0.972960
vn 0.681630 0.639234 -0.356034
vn 0.148345 0.028147 -0.988535
vn 0.096551 0.047305 -0.994203
vn 0.076292 0.211803 0.974330
vn 0.761957 0.552553 -0.337797
vn 0.059326 0.209673 0.975970
vn 0.798771 0.506227 -0.325115
vn 0.240768 0.006056 -0.970564
vn 0.202837 0.008353 -0.979177
vn 0.048453 0.207541 0.977026
vn 0.820792 0.472751 -0.320634
vn 0.029391 0.206594 0.977985
vn 0.857282 0.411856 -0.308938
vn 0.346923 0.006582 -0.937871
vn 0.282550 0.010635 -0.959194
vn -0.003300 0.204678 0.978824
vn 0.894967 0.339143 -0.289857
vn -0.047182 0.199646 0.978732
vn 0.922429 0.274847 -0.271264
vn 0.516150 -0.001628 -0.856496
vn 0.426921 -0.000275 -0.904289
vn -0.111575 0.188073 0.975797
vn 0.939007 0.230331 -0.255368
vn -0.190159 0.160753 0.968503
vn 0.942149 0.222535 -0.250667
vn 0.680040 0.049365 -0.731511
vn 0.604212 0.010810 -0.796751
vn -0.285300 0.106459 0.952507
vn 0.933400 0.250198 -0.257226
vn -0.391926 0.006964 0.919971
vn 0.907138 0.318021 -0.275615
vn 0.768974 0.223138 -0.599073
vn 0.738502 0.118081 -0.663831
vn -0.455981 -0.165548 0.874457
vn 0.856026 0.424341 -0.295220
vn -0.412054 -0.399069 0.819119
vn 0.774596 0.544671 -0.321456
vn 0.674563 0.532916 -0.510848
vn 0.754389 0.366578 -0.544535
vn -0.290953 -0.593631 0.750299
vn 0.670665 0.649712 -0.357887
vn -0.190455 -0.683369 0.704793
vn 0.660110 0.662577 -0.353901
vn 0.525690 0.705894 -0.474726
vn 0.572931 0.654453 -0.493397
vn -0.761842 -0.639399 -0.103754
vn -0.815858 -0.462899 -0.346555
vn -0.949738 -0.295805 -0.102460
vn -0.943507 -0.314389 0.104660
vn -0.690758 -0.441846 -0.572386
vn -0.900080 -0.334858 -0.278794
vn -0.973885 -0.209206 -0.088205
vn -0.989361 -0.144879 0.013235
vn -0.995137 -0.070685 0.068603
vn -0.578248 -0.436610 -0.689204
vn -0.815177 -0.380279 -0.436892
vn -0.490147 -0.429797 -0.758307
vn -0.718478 -0.415188 -0.558040
vn -0.878384 -0.341995 -0.333886
vn -0.937629 -0.273616 -0.214442
vn -0.422453 -0.426684 -0.799672
vn -0.623873 -0.445131 -0.642371
vn -0.374880 -0.427093 -0.822834
vn -0.544584 -0.469857 -0.694739
vn -0.716473 -0.475252 -0.510688
vn -0.800395 -0.411680 -0.435761
vn -0.340872 -0.427936 -0.837064
vn -0.482765 -0.487466 -0.727540
vn -0.319596 -0.426712 -0.846035
vn -0.442354 -0.494901 -0.747928
vn -0.584817 -0.548066 -0.598008
vn -0.639888 -0.522796 -0.563230
vn -0.306599 -0.423884 -0.852244
vn -0.417507 -0.495438 -0.761728
vn -0.298896 -0.419552 -0.857110
vn -0.403517 -0.490783 -0.772209
vn -0.530512 -0.555298 -0.640470
vn -0.549637 -0.557562 -0.622112
vn -0.293064 -0.416245 -0.860729
vn -0.392136 -0.486988 -0.780431
vn -0.284869 -0.415704 -0.863736
vn -0.374769 -0.489165 -0.787569
vn -0.486283 -0.564216 -0.667225
vn -0.514028 -0.554429 -0.654510
vn -0.275117 -0.417669 -0.865947
vn -0.353200 -0.496457 -0.792957
vn -0.264540 -0.422098 -0.867094
vn -0.328834 -0.508351 -0.795894
vn -0.406530 -0.607289 -0.682593
vn -0.449798 -0.582338 -0.677173
vn -0.255589 -0.426415 -0.867666
vn -0.308080 -0.519582 -0.796945
vn -0.251535 -0.429088 -0.867533
vn -0.298386 -0.526094 -0.796361
vn -0.349350 -0.639642 -0.684699
vn -0.368154 -0.628464 -0.685198
vn -0.247766 -0.434079 -0.866133
vn -0.288276 -0.535937 -0.793517
vn -0.238762 -0.443858 -0.863703
vn -0.265153 -0.555590 -0.788045
vn -0.285547 -0.687723 -0.667457
vn -0.329850 -0.656206 -0.678670
vn -0.229640 -0.454535 -0.860618
vn -0.241351 -0.577197 -0.780124
vn -0.226142 -0.464346 -0.856296
vn -0.230070 -0.595437 -0.769755
vn -0.213115 -0.742798 -0.634691
vn -0.238037 -0.719042 -0.652930
vn -0.223109 -0.477550 -0.849805
vn -0.219141 -0.617694 -0.755269
vn -0.215100 -0.496903 -0.840726
vn -0.195578 -0.649889 -0.734434
vn -0.145759 -0.806284 -0.573290
vn -0.190502 -0.769845 -0.609137
vn -0.203836 -0.522798 -0.827728
vn -0.163081 -0.690988 -0.704230
vn -0.190507 -0.557988 -0.807686
vn -0.124582 -0.741362 -0.659440
vn -0.021245 -0.888275 -0.458820
vn -0.086292 -0.847019 -0.524512
vn -0.179088 -0.603156 -0.777258
vn -0.088105 -0.798224 -0.595882
vn -0.174635 -0.661280 -0.729528
vn -0.064472 -0.858745 -0.508331
vn 0.069788 -0.957482 -0.279925
vn 0.036664 -0.925584 -0.376762
vn -0.181606 -0.734692 -0.653642
vn -0.060969 -0.918062 -0.391720
vn -0.209023 -0.819037 -0.534311
vn -0.090796 -0.965003 -0.246021
vn 0.028671 -0.998274 -0.051251
vn 0.071217 -0.982860 -0.170043
vn -0.254543 -0.896000 -0.363858
vn -0.151665 -0.984581 -0.087165
vn -0.300631 -0.935082 -0.187731
vn -0.223136 -0.973860 0.042505
vn -0.146284 -0.977215 0.153790
vn -0.052281 -0.996468 0.065710
vn -0.324347 -0.943298 -0.070626
vn -0.273290 -0.955160 0.113935
vn -0.302716 -0.953069 -0.004746
vn -0.271680 -0.949529 0.156794
vn -0.242218 -0.943927 0.224349
vn -0.218244 -0.955572 0.198122
vn -0.973816 -0.034450 0.224715
vn -0.977878 0.128205 0.165280
vn -0.969493 -0.076022 0.233032
vn -0.963556 -0.112729 0.242593
vn -0.952526 -0.171142 0.251804
vn -0.929623 -0.252052 0.268834
vn -0.889464 -0.354094 0.288914
vn -0.838517 -0.448683 0.309149
vn -0.794376 -0.514161 0.323428
vn -0.765506 -0.551288 0.331786
vn -0.756178 -0.561656 0.335764
vn -0.743223 -0.578606 0.335908
vn -0.705448 -0.622168 0.339484
vn -0.641986 -0.684772 0.344878
vn -0.551053 -0.758262 0.348396
vn -0.462084 -0.813623 0.352839
vn -0.413723 -0.838208 0.355304
vn -0.362762 -0.864108 0.348886
vn -0.255085 -0.906240 0.337137
vn -0.139071 -0.934042 0.328977
vn -0.079304 -0.942497 0.324671
vn -0.040177 -0.947749 0.316477
vn 0.030334 -0.952510 0.302993
vn 0.113177 -0.950717 0.288665
vn 0.183913 -0.943622 0.275234
vn 0.232639 -0.935098 0.267342
vn 0.241960 -0.932693 0.267469
vn 0.213657 -0.937292 0.275382
vn 0.140908 -0.946168 0.291396
vn 0.041236 -0.947819 0.316132
vn -0.046055 -0.943375 0.328516
vn -0.121985 -0.938729 0.322346
vn -0.098655 -0.940853 0.324133
vn 0.293187 -0.918069 0.266815
vn 0.378275 -0.904835 0.195403
vn -0.977332 -0.090441 0.191423
vn -0.659558 -0.667217 0.346128
vn 0.185623 0.306256 0.933676
vn 0.206712 0.293345 0.933391
vn 0.029521 0.105869 0.993942
vn 0.053466 0.187007 0.980903
vn 0.278918 0.247148 0.927967
vn 0.055587 -0.042896 0.997532
vn -0.382329 -0.468327 0.796552
vn -0.404523 -0.256043 0.877954
vn -0.336657 -0.081274 0.938113
vn 0.185624 0.306258 0.933676
vn 0.185623 0.306257 0.933676
vn 0.086299 0.225374 0.970443
vn 0.108426 0.246587 0.963036
vn -0.244686 0.031362 0.969095
vn -0.165353 0.100342 0.981117
vn 0.185624 0.306259 0.933675
vn 0.185624 0.306259 0.933675
vn 0.123875 0.258563 0.958019
vn 0.135235 0.265228 0.954655
vn -0.101520 0.140185 0.984907
vn -0.049996 0.161187 0.985657
vn 0.185624 0.306259 0.933675
vn 0.185624 0.306260 0.933675
vn 0.143812 0.269133 0.952305
vn 0.149960 0.271506 0.950682
vn -0.008768 0.172028 0.985053
vn 0.021739 0.177879 0.983812
vn 0.185624 0.306259 0.933675
vn 0.185624 0.306259 0.933675
vn 0.154410 0.273273 0.949463
vn 0.157274 0.274906 0.948521
vn 0.044100 0.182205 0.982271
vn 0.058166 0.187205 0.980597
vn 0.185624 0.306259 0.933675
vn 0.185625 0.306259 0.933675
vn 0.159460 0.275819 0.947890
vn 0.162072 0.275764 0.947463
vn 0.069106 0.189673 0.979412
vn 0.083275 0.187325 0.978762
vn 0.185624 0.306259 0.933675
vn 0.185624 0.306259 0.933675
vn 0.164458 0.275584 0.947105
vn 0.165632 0.275645 0.946882
vn 0.096462 0.184446 0.978098
vn 0.102809 0.183706 0.977590
vn 0.185624 0.306258 0.933675
vn 0.185624 0.306258 0.933675
vn 0.166359 0.275265 0.946865
vn 0.167636 0.274175 0.946956
vn 0.107076 0.181385 0.977566
vn 0.114971 0.175328 0.977774
vn 0.185624 0.306259 0.933675
vn 0.185624 0.306259 0.933675
vn 0.169007 0.272763 0.947120
vn 0.169851 0.271105 0.947446
vn 0.123618 0.167717 0.978054
vn 0.129556 0.159455 0.978667
vn 0.185625 0.306258 0.933675
vn 0.185624 0.306259 0.933675
vn 0.170130 0.269348 0.947896
vn 0.169752 0.267621 0.948453
vn 0.132454 0.151253 0.979581
vn 0.131743 0.143766 0.980803
vn 0.185625 0.306259 0.933675
vn 0.185626 0.306258 0.933675
vn 0.169222 0.265328 0.949192
vn 0.169207 0.262141 0.950080
vn 0.130804 0.133838 0.982333
vn 0.133373 0.119466 0.983839
vn 0.185624 0.306259 0.933675
vn 0.185623 0.306259 0.933675
vn 0.169827 0.257377 0.951271
vn 0.171315 0.249950 0.952983
vn 0.140627 0.097556 0.985245
vn 0.154425 0.063367 0.985970
vn 0.185625 0.306260 0.933675
vn 0.185624 0.306259 0.933675
vn 0.173157 0.238800 0.955506
vn 0.174673 0.220586 0.959600
vn 0.172002 0.013466 0.985005
vn 0.191243 -0.063364 0.979495
vn 0.185626 0.306260 0.933674
vn 0.185626 0.306260 0.933674
vn 0.175441 0.192025 0.965581
vn 0.175234 0.143749 0.973976
vn 0.208856 -0.172842 0.962551
vn 0.224126 -0.328045 0.917690
vn 0.140212 0.333199 0.932373
vn 0.172842 0.313961 0.933571
vn 0.131711 0.116685 0.984397
vn 0.106780 0.299741 0.948026
vn 0.166964 -0.527792 0.832802
vn 0.106093 -0.023844 0.994070
vn -0.376264 -0.179613 -0.908936
vn -0.855176 0.518338 0.000029
vn -0.447891 0.872115 -0.197001
vn -0.212545 0.140651 -0.966976
vn -0.014855 0.416673 0.908935
vn 0.121289 0.691446 0.712174
vn 0.421039 0.900848 0.105822
vn 0.299847 0.887212 -0.350637
vn 0.252924 0.623474 -0.739804
vn 0.053200 0.705323 -0.706887
vn -0.196078 0.559660 -0.805192
vn -0.158959 -0.049645 -0.986036
vn -0.093166 0.029122 -0.995225
vn -0.224125 0.328040 -0.917692
vn -0.175232 -0.143745 -0.973977
vn -0.185625 -0.306258 -0.933675
vn -0.198364 -0.298487 -0.933572
vn -0.230515 -0.278460 -0.932375
vn -0.208856 0.172842 -0.962551
vn -0.175440 -0.192022 -0.965582
vn -0.191244 0.063365 -0.979495
vn -0.174673 -0.220584 -0.959600
vn -0.185624 -0.306258 -0.933675
vn -0.185626 -0.306258 -0.933675
vn -0.172002 -0.013466 -0.985005
vn -0.173156 -0.238798 -0.955506
vn -0.154426 -0.063367 -0.985970
vn -0.171316 -0.249949 -0.952983
vn -0.185624 -0.306259 -0.933675
vn -0.185623 -0.306259 -0.933675
vn -0.140628 -0.097556 -0.985244
vn -0.169829 -0.257375 -0.951271
vn -0.133374 -0.119465 -0.983839
vn -0.169207 -0.262140 -0.950080
vn -0.185624 -0.306259 -0.933675
vn -0.185624 -0.306258 -0.933675
vn -0.130803 -0.133838 -0.982333
vn -0.169221 -0.265328 -0.949192
vn -0.131742 -0.143766 -0.980803
vn -0.169752 -0.267621 -0.948453
vn -0.185625 -0.306260 -0.933675
vn -0.185624 -0.306259 -0.933675
vn -0.132452 -0.151254 -0.979581
vn -0.170130 -0.269349 -0.947896
vn -0.129555 -0.159455 -0.978667
vn -0.169850 -0.271105 -0.947446
vn -0.185624 -0.306259 -0.933675
vn -0.185624 -0.306259 -0.933675
vn -0.123618 -0.167716 -0.978054
vn -0.169006 -0.272763 -0.947121
vn -0.114972 -0.175328 -0.977774
vn -0.167636 -0.274175 -0.946956
vn -0.185624 -0.306259 -0.933675
vn -0.185624 -0.306260 -0.933675
vn -0.107077 -0.181385 -0.977565
vn -0.166359 -0.275266 -0.946865
vn -0.102810 -0.183706 -0.977590
vn -0.165633 -0.275644 -0.946882
vn -0.185625 -0.306259 -0.933675
vn -0.185624 -0.306259 -0.933675
vn -0.096463 -0.184446 -0.978097
vn -0.164460 -0.275584 -0.947104
vn -0.083275 -0.187326 -0.978762
vn -0.162072 -0.275764 -0.947463
vn -0.185625 -0.306258 -0.933675
vn -0.185624 -0.306259 -0.933675
vn -0.069106 -0.189674 -0.979412
vn -0.159459 -0.275819 -0.947891
vn -0.058165 -0.187206 -0.980597
vn -0.157273 -0.274906 -0.948521
vn -0.185624 -0.306258 -0.933675
vn -0.185625 -0.306258 -0.933675
vn -0.044100 -0.182206 -0.982271
vn -0.154409 -0.273274 -0.949463
vn -0.021739 -0.177879 -0.983812
vn -0.149960 -0.271505 -0.950683
vn -0.185624 -0.306259 -0.933675
vn -0.185623 -0.306259 -0.933675
vn 0.008767 -0.172027 -0.985053
vn -0.143813 -0.269132 -0.952306
vn 0.049995 -0.161186 -0.985657
vn -0.135236 -0.265227 -0.954655
vn -0.185624 -0.306259 -0.933675
vn -0.185625 -0.306258 -0.933675
vn 0.101519 -0.140183 -0.984907
vn -0.123875 -0.258563 -0.958019
vn 0.165352 -0.100340 -0.981117
vn -0.108427 -0.246587 -0.963036
vn -0.185625 -0.306259 -0.933675
vn -0.185624 -0.306259 -0.933675
vn 0.244685 -0.031361 -0.969095
vn -0.086300 -0.225374 -0.970443
vn 0.336658 0.081273 -0.938113
vn -0.053468 -0.187010 -0.980902
vn -0.185626 -0.306260 -0.933675
vn -0.185626 -0.306259 -0.933675
vn 0.415065 0.244780 -0.876244
vn -0.009724 -0.119100 -0.992835
vn 0.431417 0.431290 -0.792381
vn 0.033754 -0.013828 -0.999335
vn -0.185623 -0.306259 -0.933675
vn -0.185624 -0.306260 -0.933675
vn 0.407867 0.564180 -0.717875
vn 0.079702 0.099021 -0.991888
vn 0.423834 0.612188 -0.667526
vn 0.177429 0.151311 -0.972432
vn -0.085818 -0.363947 -0.927458
vn -0.173278 -0.313694 -0.933580
vn 0.472875 0.105734 0.874763
vn 0.855185 -0.518324 -0.000017
vn 0.905592 -0.240166 -0.349605
vn 0.181539 -0.327610 0.927208
vn 0.947173 0.167933 -0.273244
vn -0.256772 -0.688462 0.678298
vn 0.369357 0.184620 0.910764
vn 0.108463 -0.200340 0.973704
vn -0.310535 -0.614488 0.725240
vn -0.050738 0.126595 0.990656
vn -0.027544 0.131808 0.990892
vn -0.088099 0.123886 0.988378
vn -0.007060 0.134357 0.990908
vn 0.019969 0.128635 0.991491
vn 0.043512 0.120833 0.991719
vn 0.054545 0.117599 0.991562
vn 0.063340 0.113685 0.991496
vn 0.079277 0.103102 0.991507
vn 0.096253 0.088706 0.991396
vn 0.108491 0.073709 0.991361
vn 0.115220 0.059097 0.991581
vn 0.115273 0.046297 0.992254
vn 0.115296 0.031348 0.992836
vn 0.122363 0.008873 0.992446
vn 0.138686 -0.025482 0.990009
vn 0.167479 -0.078604 0.982737
vn 0.204033 -0.154981 0.966618
vn 0.243458 -0.262640 0.933675
vn 0.278807 -0.402381 0.871984
vn 0.305877 -0.563459 0.767433
vn 0.280094 -0.704978 0.651578
vn 0.073612 -0.785795 0.614090
vn 0.285005 0.891214 -0.352859
vn -0.383291 0.889664 -0.248166
vn -0.222307 0.875506 -0.429033
vn -0.311772 0.756761 -0.574553
vn -0.316315 0.628281 -0.710780
vn -0.290882 0.484748 -0.824868
vn -0.254494 0.350336 -0.901386
vn -0.210293 0.237230 -0.948419
vn -0.167189 0.152807 -0.974011
vn -0.132085 0.091115 -0.987042
vn -0.111924 0.050271 -0.992445
vn -0.103085 0.023325 -0.994399
vn -0.102879 0.005239 -0.994680
vn -0.102612 -0.009304 -0.994678
vn -0.094170 -0.026210 -0.995211
vn -0.078936 -0.043955 -0.995910
vn -0.057810 -0.061194 -0.996450
vn -0.038463 -0.074744 -0.996461
vn -0.028075 -0.080110 -0.996391
vn -0.014107 -0.083589 -0.996400
vn 0.015271 -0.092925 -0.995556
vn 0.047367 -0.100846 -0.993774
vn 0.071054 -0.098618 -0.992585
vn 0.099085 -0.092657 -0.990756
vn 0.143715 -0.090096 -0.985509
vn 0.203222 -0.086631 -0.975293
vn 0.278141 -0.076912 -0.957456
vn 0.363508 -0.053111 -0.930076
vn 0.453191 -0.004658 -0.891401
vn 0.541318 0.075640 -0.837409
vn 0.612242 0.194926 -0.766266
vn 0.636583 0.352047 -0.686167
vn 0.585125 0.524955 -0.618103
vn 0.506944 0.643879 -0.573086
vn 0.488515 0.687123 -0.537787
vn 0.919680 0.299156 -0.254351
vn -0.338747 -0.730378 0.593126
vn -0.421219 -0.664357 0.617418
vn -0.521316 -0.526543 0.671552
vn -0.584292 -0.329071 0.741832
vn -0.551849 -0.159441 0.818561
vn -0.467940 -0.038581 0.882917
vn -0.374391 0.040364 0.926392
vn -0.285809 0.086907 0.954338
vn -0.206003 0.109947 0.972355
vn -0.139510 0.119835 0.982943
vn 0.199995 0.348485 0.915729
vn 0.199930 0.345285 0.916955
vn 0.199419 0.353108 0.914083
vn 0.200168 0.342984 0.917766
vn 0.201451 0.340734 0.918323
vn 0.202734 0.338735 0.918781
vn 0.203234 0.337684 0.919057
vn 0.203908 0.337216 0.919080
vn 0.205461 0.336581 0.918966
vn 0.207338 0.336004 0.918756
vn 0.209180 0.335994 0.918342
vn 0.210843 0.336520 0.917769
vn 0.212170 0.337606 0.917064
vn 0.213917 0.339069 0.916118
vn 0.216680 0.340465 0.914950
vn 0.221104 0.341976 0.913326
vn 0.228228 0.343849 0.910868
vn 0.238698 0.346936 0.907005
vn 0.255000 0.353116 0.900158
vn 0.279556 0.363800 0.888537
vn 0.319662 0.382042 0.867099
vn 0.321053 0.429084 0.844282
vn 0.153723 0.377195 0.913287
vn -0.603821 -0.790063 -0.105836
vn -0.647813 -0.676324 0.350605
vn -0.980378 -0.006419 0.197024
vn -0.556863 -0.427434 -0.712182
vn -0.435700 -0.512689 0.739807
vn -0.223027 0.123358 0.966976
vn -0.387913 -0.427397 -0.816612
vn -0.416998 -0.505165 -0.755593
vn -0.319665 -0.382042 -0.867098
vn -0.279555 -0.363800 -0.888537
vn -0.254999 -0.353115 -0.900158
vn -0.238697 -0.346936 -0.907005
vn -0.228228 -0.343849 -0.910868
vn -0.221105 -0.341976 -0.913326
vn -0.216679 -0.340465 -0.914950
vn -0.213915 -0.339070 -0.916118
vn -0.212170 -0.337606 -0.917064
vn -0.210843 -0.336521 -0.917769
vn -0.209181 -0.335995 -0.918341
vn -0.207339 -0.336005 -0.918755
vn -0.205461 -0.336582 -0.918966
vn -0.203907 -0.337216 -0.919080
vn -0.203234 -0.337684 -0.919057
vn -0.202735 -0.338735 -0.918780
vn -0.201452 -0.340735 -0.918323
vn -0.200169 -0.342983 -0.917766
vn -0.199930 -0.345284 -0.916955
vn -0.199995 -0.348484 -0.915730
vn -0.199419 -0.353108 -0.914082
vn -0.198548 -0.359440 -0.911801
vn -0.197821 -0.368486 -0.908342
vn -0.198098 -0.381024 -0.903094
vn -0.200881 -0.399125 -0.894620
vn -0.208081 -0.426297 -0.880326
vn -0.223902 -0.468207 -0.854781
vn -0.251936 -0.533997 -0.807078
vn -0.287207 -0.617333 -0.732401
vn -0.303920 -0.690837 -0.656031
vn -0.250305 -0.766155 -0.591906
vn 0.581929 -0.809254 -0.080416
vn 0.593397 0.530273 0.605550
vn 0.484556 0.572397 0.661488
vn 0.377651 0.565874 0.732917
vn 0.272972 0.523112 0.807366
vn 0.223900 0.468204 0.854783
vn 0.208079 0.426295 0.880327
vn 0.200881 0.399125 0.894621
vn 0.198099 0.381022 0.903094
vn 0.197821 0.368486 0.908342
vn 0.198547 0.359440 0.911801
vn 0.145424 0.455864 0.878089
vn 0.104294 0.353693 0.929529
vn 0.396257 0.903579 0.162867
vn 0.405543 0.839547 -0.361519
vn 0.292119 0.658462 -0.693609
vn -0.099094 0.022458 -0.994825
vn -0.265301 -0.256101 -0.929531
vn -0.558556 -0.751113 0.351916
vn -0.594017 -0.803560 -0.037875
vn -0.431216 -0.461668 0.775187
vn 0.029376 0.264389 0.963969
vn -0.414864 -0.498522 -0.761159
s 1

g pCube1
usemtl phong2SG
f 1/9/1 351/1/2 525/4/3
f 1/9/1 525/4/3 354/10/4
f 351/2/1 2/2/5 352/3/6
f 351/2/1 352/3/6 525/4/3
f 525/4/3 352/3/6 147/7/7
f 525/4/3 147/7/7 353/8/8
f 354/10/4 525/4/3 353/8/8
f 354/10/4 353/8/8 148/16/9
f 2/2/5 355/5/10 526/6/11
f 2/2/5 526/6/11 352/3/6
f 355/5/10 3/11/12 356/12/13
f 355/5/10 356/12/13 526/6/11
f 526/6/11 356/12/13 146/19/14
f 526/6/11 146/19/14 357/13/15
f 352/3/6 526/6/11 357/13/15
f 352/3/6 357/13/15 147/7/7
f 3/11/12 358/17/16 527/18/17
f 3/11/12 527/18/17 356/12/13
f 358/17/16 4/21/18 359/22/19
f 358/17/16 359/22/19 527/18/17
f 527/18/17 359/22/19 145/27/20
f 527/18/17 145/27/20 360/23/21
f 356/12/13 527/18/17 360/23/21
f 356/12/13 360/23/21 146/19/14
f 4/21/18 361/25/22 528/26/23
f 4/21/18 528/26/23 359/22/19
f 361/25/22 5/29/24 362/30/25
f 361/25/22 362/30/25 528/26/23
f 528/241/23 362/242/25 144/243/26
f 528/241/23 144/243/26 363/244/27
f 359/22/19 528/26/23 363/31/27
f 359/22/19 363/31/27 145/27/20
f 5/249/24 364/250/28 529/245/29
f 5/249/24 529/245/29 362/242/25
f 364/250/28 6/256/30 365/251/31
f 364/250/28 365/251/31 529/245/29
f 529/245/29 365/251/31 143/252/32
f 529/245/29 143/252/32 366/246/33
f 362/242/25 529/245/29 366/246/33
f 362/242/25 366/246/33 144/243/26
f 6/256/30 367/262/34 530/257/35
f 6/256/30 530/257/35 365/251/31
f 367/262/34 7/266/36 368/263/37
f 367/262/34 368/263/37 530/257/35
f 530/257/35 368/263/37 142/264/38
f 530/257/35 142/264/38 369/258/39
f 365/251/31 530/257/35 369/258/39
f 365/251/31 369/258/39 143/252/32
f 7/266/36 370/270/40 531/267/41
f 7/266/36 531/267/41 368/263/37
f 370/270/40 8/274/42 371/271/43
f 370/270/40 371/271/43 531/267/41
f 531/267/41 371/271/43 141/272/44
f 531/267/41 141/272/44 372/268/45
f 368/263/37 531/267/41 372/268/45
f 368/263/37 372/268/45 142/264/38
f 8/274/42 373/278/46 532/275/47
f 8/274/42 532/275/47 371/271/43
f 373/278/46 9/282/48 374/279/49
f 373/278/46 374/279/49 532/275/47
f 532/275/47 374/279/49 140/280/50
f 532/275/47 140/280/50 375/276/51
f 371/271/43 532/275/47 375/276/51
f 371/271/43 375/276/51 141/272/44
f 9/282/48 376/286/52 533/283/53
f 9/282/48 533/283/53 374/279/49
f 376/286/52 10/290/54 377/287/55
f 376/286/52 377/287/55 533/283/53
f 533/283/53 377/287/55 139/288/56
f 533/283/53 139/288/56 378/284/57
f 374/279/49 533/283/53 378/284/57
f 374/279/49 378/284/57 140/280/50
f 10/290/54 379/294/58 534/291/59
f 10/290/54 534/291/59 377/287/55
f 379/294/58 11/298/60 380/295/61
f 379/294/58 380/295/61 534/291/59
f 534/291/59 380/295/61 138/296/62
f 534/291/59 138/296/62 381/292/63
f 377/287/55 534/291/59 381/292/63
f 377/287/55 381/292/63 139/288/56
f 11/298/60 382/302/64 535/299/65
f 11/298/60 535/299/65 380/295/61
f 382/302/64 12/306/66 383/303/67
f 382/302/64 383/303/67 535/299/65
f 535/299/65 383/303/67 137/304/68
f 535/299/65 137/304/68 384/300/69
f 380/295/61 535/299/65 384/300/69
f 380/295/61 384/300/69 138/296/62
f 12/306/66 385/310/70 536/307/71
f 12/306/66 536/307/71 383/303/67
f 385/310/70 13/314/72 386/311/73
f 385/310/70 386/311/73 536/307/71
f 536/307/71 386/311/73 170/312/74
f 536/307/71 170/312/74 387/308/75
f 383/303/67 536/307/71 387/308/75
f 383/303/67 387/308/75 137/304/68
f 13/314/72 388/318/76 537/315/77
f 13/314/72 537/315/77 386/311/73
f 388/318/76 14/322/78 389/319/79
f 388/318/76 389/319/79 537/315/77
f 537/315/77 389/319/79 169/320/80
f 537/315/77 169/320/80 390/316/81
f 386/311/73 537/315/77 390/316/81
f 386/311/73 390/316/81 170/312/74
f 14/322/78 391/326/82 538/323/83
f 14/322/78 538/323/83 389/319/79
f 391/326/82 15/330/84 392/327/85
f 391/326/82 392/327/85 538/323/83
f 538/323/83 392/327/85 168/328/86
f 538/323/83 168/328/86 393/324/87
f 389/319/79 538/323/83 393/324/87
f 389/319/79 393/324/87 169/320/80
f 15/330/84 394/334/88 539/331/89
f 15/330/84 539/331/89 392/327/85
f 394/334/88 16/338/90 395/335/91
f 394/334/88 395/335/91 539/331/89
f 539/331/89 395/335/91 167/336/92
f 539/331/89 167/336/92 396/332/93
f 392/327/85 539/331/89 396/332/93
f 392/327/85 396/332/93 168/328/86
f 16/338/90 397/342/94 540/339/95
f 16/338/90 540/339/95 395/335/91
f 397/342/94 17/346/96 398/343/97
f 397/342/94 398/343/97 540/339/95
f 540/339/95 398/343/97 166/344/98
f 540/339/95 166/344/98 399/340/99
f 395/335/91 540/339/95 399/340/99
f 395/335/91 399/340/99 167/336/92
f 18/32/100 400/33/101 541/34/102
f 18/32/100 541/34/102 403/35/103
f 400/33/101 19/36/104 401/37/105
f 400/33/101 401/37/105 541/34/102
f 541/34/102 401/37/105 36/42/106
f 541/34/102 36/42/106 402/38/107
f 403/35/103 541/34/102 402/38/107
f 403/35/103 402/38/107 35/39/108
f 19/36/104 404/40/109 542/41/110
f 19/36/104 542/41/110 401/37/105
f 404/40/109 20/46/111 405/47/112
f 404/40/109 405/47/112 542/41/110
f 542/41/110 405/47/112 37/55/113
f 542/41/110 37/55/113 406/48/114
f 401/37/105 542/41/110 406/48/114
f 401/37/105 406/48/114 36/42/106
f 20/46/111 407/53/115 543/54/116
f 20/46/111 543/54/116 405/47/112
f 407/53/115 21/62/117 408/63/118
f 407/53/115 408/63/118 543/54/116
f 543/54/116 408/63/118 38/72/119
f 543/54/116 38/72/119 409/64/120
f 405/47/112 543/54/116 409/64/120
f 405/47/112 409/64/120 37/55/113
f 21/62/117 410/70/121 544/71/122
f 21/62/117 544/71/122 408/63/118
f 410/70/121 22/80/123 411/81/124
f 410/70/121 411/81/124 544/71/122
f 544/71/122 411/81/124 39/93/125
f 544/71/122 39/93/125 412/82/126
f 408/63/118 544/71/122 412/82/126
f 408/63/118 412/82/126 38/72/119
f 22/80/123 413/91/127 545/92/128
f 22/80/123 545/92/128 411/81/124
f 413/91/127 23/104/129 414/105/130
f 413/91/127 414/105/130 545/92/128
f 545/92/128 414/105/130 40/121/131
f 545/92/128 40/121/131 415/106/132
f 411/81/124 545/92/128 415/106/132
f 411/81/124 415/106/132 39/93/125
f 23/104/129 416/119/133 546/120/134
f 23/104/129 546/120/134 414/105/130
f 416/352/133 24/353/135 417/354/136
f 416/352/133 417/354/136 546/355/134
f 546/355/134 417/354/136 41/358/137
f 546/355/134 41/358/137 418/359/138
f 414/105/130 546/120/134 418/134/138
f 414/105/130 418/134/138 40/121/131
f 24/353/135 419/356/139 547/357/140
f 24/353/135 547/357/140 417/354/136
f 419/356/139 25/360/141 420/361/142
f 419/356/139 420/361/142 547/357/140
f 547/357/140 420/361/142 42/367/143
f 547/357/140 42/367/143 421/362/144
f 417/354/136 547/357/140 421/362/144
f 417/354/136 421/362/144 41/358/137
f 25/360/141 422/365/145 548/366/146
f 25/360/141 548/366/146 420/361/142
f 422/365/145 26/373/147 423/374/148
f 422/365/145 423/374/148 548/366/146
f 548/366/146 423/374/148 43/385/149
f 548/366/146 43/385/149 424/375/150
f 420/361/142 548/366/146 424/375/150
f 420/361/142 424/375/150 42/367/143
f 26/373/147 425/383/151 549/384/152
f 26/373/147 549/384/152 423/374/148
f 425/383/151 27/391/153 426/392/154
f 425/383/151 426/392/154 549/384/152
f 549/384/152 426/392/154 44/402/155
f 549/384/152 44/402/155 427/393/156
f 423/374/148 549/384/152 427/393/156
f 423/374/148 427/393/156 43/385/149
f 27/391/153 428/400/157 550/401/158
f 27/391/153 550/401/158 426/392/154
f 428/400/157 28/409/159 429/410/160
f 428/400/157 429/410/160 550/401/158
f 550/401/158 429/410/160 45/418/161
f 550/401/158 45/418/161 430/411/162
f 426/392/154 550/401/158 430/411/162
f 426/392/154 430/411/162 44/402/155
f 28/409/159 431/416/163 551/417/164
f 28/409/159 551/417/164 429/410/160
f 431/416/163 29/424/165 432/425/166
f 431/416/163 432/425/166 551/417/164
f 551/417/164 432/425/166 46/434/167
f 551/417/164 46/434/167 433/426/168
f 429/410/160 551/417/164 433/426/168
f 429/410/160 433/426/168 45/418/161
f 29/424/165 434/432/169 552/433/170
f 29/424/165 552/433/170 432/425/166
f 434/432/169 30/438/171 435/439/172
f 434/432/169 435/439/172 552/433/170
f 552/433/170 435/439/172 47/446/173
f 552/433/170 47/446/173 436/440/174
f 432/425/166 552/433/170 436/440/174
f 432/425/166 436/440/174 46/434/167
f 30/438/171 437/444/175 553/445/176
f 30/438/171 553/445/176 435/439/172
f 437/444/175 31/450/177 438/451/178
f 437/444/175 438/451/178 553/445/176
f 553/445/176 438/451/178 48/458/179
f 553/445/176 48/458/179 439/452/180
f 435/439/172 553/445/176 439/452/180
f 435/439/172 439/452/180 47/446/173
f 31/450/177 440/456/181 554/457/182
f 31/450/177 554/457/182 438/451/178
f 440/456/181 32/462/183 441/463/184
f 440/456/181 441/463/184 554/457/182
f 554/457/182 441/463/184 49/470/185
f 554/457/182 49/470/185 442/464/186
f 438/451/178 554/457/182 442/464/186
f 438/451/178 442/464/186 48/458/179
f 32/462/183 443/468/187 555/469/188
f 32/462/183 555/469/188 441/463/184
f 443/468/187 33/474/189 444/475/190
f 443/468/187 444/475/190 555/469/188
f 555/469/188 444/475/190 50/482/191
f 555/469/188 50/482/191 445/476/192
f 441/463/184 555/469/188 445/476/192
f 441/463/184 445/476/192 49/470/185
f 33/474/189 446/480/193 556/481/194
f 33/474/189 556/481/194 444/475/190
f 446/480/193 34/486/195 447/487/196
f 446/480/193 447/487/196 556/481/194
f 556/481/194 447/487/196 51/492/197
f 556/481/194 51/492/197 448/488/198
f 444/475/190 556/481/194 448/488/198
f 444/475/190 448/488/198 50/482/191
f 149/87/199 449/86/200 557/99/201
f 149/87/199 557/99/201 452/100/202
f 449/86/200 150/98/203 450/111/204
f 449/86/200 450/111/204 557/99/201
f 557/99/201 450/111/204 53/126/205
f 557/99/201 53/126/205 451/112/206
f 452/100/202 557/99/201 451/112/206
f 452/100/202 451/112/206 52/113/207
f 150/98/203 453/110/208 558/125/209
f 150/98/203 558/125/209 450/111/204
f 453/110/208 151/124/210 454/137/211
f 453/110/208 454/137/211 558/125/209
f 558/125/209 454/137/211 54/146/212
f 558/125/209 54/146/212 455/138/213
f 450/111/204 558/125/209 455/138/213
f 450/111/204 455/138/213 53/126/205
f 151/124/210 456/136/214 559/145/215
f 151/124/210 559/145/215 454/137/211
f 456/136/214 152/153/216 457/154/217
f 456/136/214 457/154/217 559/145/215
f 559/145/215 457/154/217 55/162/218
f 559/145/215 55/162/218 458/155/219
f 454/137/211 559/145/215 458/155/219
f 454/137/211 458/155/219 54/146/212
f 152/153/216 459/160/220 560/161/221
f 152/153/216 560/161/221 457/154/217
f 459/505/220 153/506/222 460/507/223
f 459/505/220 460/507/223 560/508/221
f 560/161/221 460/168/223 56/169/224
f 560/161/221 56/169/224 461/165/225
f 457/154/217 560/161/221 461/165/225
f 457/154/217 461/165/225 55/162/218
f 153/506/222 462/511/226 561/512/227
f 153/506/222 561/512/227 460/507/223
f 462/511/226 154/516/228 463/517/229
f 462/511/226 463/517/229 561/512/227
f 561/512/227 463/517/229 57/523/230
f 561/512/227 57/523/230 464/524/231
f 460/168/223 561/172/227 464/173/231
f 460/168/223 464/173/231 56/169/224
f 154/516/228 465/521/232 562/522/233
f 154/516/228 562/522/233 463/517/229
f 465/521/232 155/526/234 466/527/235
f 465/521/232 466/527/235 562/522/233
f 562/522/233 466/527/235 58/532/236
f 562/522/233 58/532/236 467/528/237
f 463/517/229 562/522/233 467/528/237
f 463/517/229 467/528/237 57/523/230
f 155/526/234 468/530/238 563/531/239
f 155/526/234 563/531/239 466/527/235
f 468/530/238 156/534/240 469/535/241
f 468/530/238 469/535/241 563/531/239
f 563/531/239 469/535/241 59/542/242
f 563/531/239 59/542/242 470/536/243
f 466/527/235 563/531/239 470/536/243
f 466/527/235 470/536/243 58/532/236
f 156/534/240 471/540/244 564/541/245
f 156/534/240 564/541/245 469/535/241
f 471/540/244 157/547/246 472/548/247
f 471/540/244 472/548/247 564/541/245
f 564/541/245 472/548/247 60/555/248
f 564/541/245 60/555/248 473/549/249
f 469/535/241 564/541/245 473/549/249
f 469/535/241 473/549/249 59/542/242
f 157/547/246 474/553/250 565/554/251
f 157/547/246 565/554/251 472/548/247
f 474/553/250 158/559/252 475/560/253
f 474/553/250 475/560/253 565/554/251
f 565/554/251 475/560/253 61/567/254
f 565/554/251 61/567/254 476/561/255
f 472/548/247 565/554/251 476/561/255
f 472/548/247 476/561/255 60/555/248
f 158/559/252 477/565/256 566/566/257
f 158/559/252 566/566/257 475/560/253
f 477/565/256 159/571/258 478/572/259
f 477/565/256 478/572/259 566/566/257
f 566/566/257 478/572/259 62/579/260
f 566/566/257 62/579/260 479/573/261
f 475/560/253 566/566/257 479/573/261
f 475/560/253 479/573/261 61/567/254
f 159/571/258 480/577/262 567/578/263
f 159/571/258 567/578/263 478/572/259
f 480/577/262 160/583/264 481/584/265
f 480/577/262 481/584/265 567/578/263
f 567/578/263 481/584/265 63/591/266
f 567/578/263 63/591/266 482/585/267
f 478/572/259 567/578/263 482/585/267
f 478/572/259 482/585/267 62/579/260
f 160/583/264 483/589/268 568/590/269
f 160/583/264 568/590/269 481/584/265
f 483/589/268 161/595/270 484/596/271
f 483/589/268 484/596/271 568/590/269
f 568/590/269 484/596/271 64/603/272
f 568/590/269 64/603/272 485/597/273
f 481/584/265 568/590/269 485/597/273
f 481/584/265 485/597/273 63/591/266
f 161/595/270 486/601/274 569/602/275
f 161/595/270 569/602/275 484/596/271
f 486/601/274 162/607/276 487/608/277
f 486/601/274 487/608/277 569/602/275
f 569/602/275 487/608/277 65/615/278
f 569/602/275 65/615/278 488/609/279
f 484/596/271 569/602/275 488/609/279
f 484/596/271 488/609/279 64/603/272
f 162/607/276 489/613/280 570/614/281
f 162/607/276 570/614/281 487/608/277
f 489/613/280 163/619/282 490/620/283
f 489/613/280 490/620/283 570/614/281
f 570/614/281 490/620/283 66/627/284
f 570/614/281 66/627/284 491/621/285
f 487/608/277 570/614/281 491/621/285
f 487/608/277 491/621/285 65/615/278
f 163/619/282 492/625/286 571/626/287
f 163/619/282 571/626/287 490/620/283
f 492/625/286 164/631/288 493/632/289
f 492/625/286 493/632/289 571/626/287
f 571/626/287 493/632/289 67/639/290
f 571/626/287 67/639/290 494/633/291
f 490/620/283 571/626/287 494/633/291
f 490/620/283 494/633/291 66/627/284
f 164/631/288 495/637/292 572/638/293
f 164/631/288 572/638/293 493/632/289
f 495/637/292 165/643/294 496/644/295
f 495/637/292 496/644/295 572/638/293
f 572/638/293 496/644/295 68/651/296
f 572/638/293 68/651/296 497/645/297
f 493/632/289 572/638/293 497/645/297
f 493/632/289 497/645/297 67/639/290
f 52/113/207 451/112/206 573/127/298
f 52/113/207 573/127/298 499/128/299
f 451/112/206 53/126/205 498/139/300
f 451/112/206 498/139/300 573/127/298
f 573/127/298 498/139/300 2/148/5
f 573/127/298 2/148/5 351/140/2
f 499/128/299 573/127/298 351/140/2
f 499/128/299 351/140/2 1/141/1
f 53/126/205 455/138/213 574/147/301
f 53/126/205 574/147/301 498/139/300
f 455/138/213 54/146/212 500/156/302
f 455/138/213 500/156/302 574/147/301
f 574/147/301 500/156/302 3/164/12
f 574/147/301 3/164/12 355/157/10
f 498/139/300 574/147/301 355/157/10
f 498/139/300 355/157/10 2/148/5
f 54/146/212 458/155/219 575/163/303
f 54/146/212 575/163/303 500/156/302
f 458/155/219 55/162/218 501/166/304
f 458/155/219 501/166/304 575/163/303
f 575/163/303 501/166/304 4/171/18
f 575/163/303 4/171/18 358/167/16
f 500/156/302 575/163/303 358/167/16
f 500/156/302 358/167/16 3/164/12
f 55/162/218 461/165/225 576/170/305
f 55/162/218 576/170/305 501/166/304
f 461/165/225 56/169/224 502/174/306
f 461/165/225 502/174/306 576/170/305
f 576/170/305 502/174/306 5/177/24
f 576/170/305 5/177/24 361/175/22
f 501/166/304 576/170/305 361/175/22
f 501/166/304 361/175/22 4/171/18
f 56/169/224 464/173/231 577/176/307
f 56/169/224 577/176/307 502/174/306
f 464/173/231 57/178/230 503/179/308
f 464/173/231 503/179/308 577/176/307
f 577/176/307 503/179/308 6/183/30
f 577/176/307 6/183/30 364/180/28
f 502/174/306 577/176/307 364/180/28
f 502/174/306 364/180/28 5/177/24
f 57/178/230 467/181/237 578/182/309
f 57/178/230 578/182/309 503/179/308
f 467/528/237 58/532/236 504/537/310
f 467/528/237 504/537/310 578/538/309
f 578/538/309 504/537/310 7/544/36
f 578/538/309 7/544/36 367/545/34
f 503/179/308 578/182/309 367/184/34
f 503/179/308 367/184/34 6/183/30
f 58/532/236 470/536/243 579/543/311
f 58/532/236 579/543/311 504/537/310
f 470/536/243 59/542/242 505/550/312
f 470/536/243 505/550/312 579/543/311
f 579/543/311 505/550/312 8/557/42
f 579/543/311 8/557/42 370/551/40
f 504/537/310 579/543/311 370/551/40
f 504/537/310 370/551/40 7/544/36
f 59/542/242 473/549/249 580/556/313
f 59/542/242 580/556/313 505/550/312
f 473/549/249 60/555/248 506/562/314
f 473/549/249 506/562/314 580/556/313
f 580/556/313 506/562/314 9/569/48
f 580/556/313 9/569/48 373/563/46
f 505/550/312 580/556/313 373/563/46
f 505/550/312 373/563/46 8/557/42
f 60/555/248 476/561/255 581/568/315
f 60/555/248 581/568/315 506/562/314
f 476/561/255 61/567/254 507/574/316
f 476/561/255 507/574/316 581/568/315
f 581/568/315 507/574/316 10/581/54
f 581/568/315 10/581/54 376/575/52
f 506/562/314 581/568/315 376/575/52
f 506/562/314 376/575/52 9/569/48
f 61/567/254 479/573/261 582/580/317
f 61/567/254 582/580/317 507/574/316
f 479/573/261 62/579/260 508/586/318
f 479/573/261 508/586/318 582/580/317
f 582/580/317 508/586/318 11/593/60
f 582/580/317 11/593/60 379/587/58
f 507/574/316 582/580/317 379/587/58
f 507/574/316 379/587/58 10/581/54
f 62/579/260 482/585/267 583/592/319
f 62/579/260 583/592/319 508/586/318
f 482/585/267 63/591/266 509/598/320
f 482/585/267 509/598/320 583/592/319
f 583/592/319 509/598/320 12/605/66
f 583/592/319 12/605/66 382/599/64
f 508/586/318 583/592/319 382/599/64
f 508/586/318 382/599/64 11/593/60
f 63/591/266 485/597/273 584/604/321
f 63/591/266 584/604/321 509/598/320
f 485/597/273 64/603/272 510/610/322
f 485/597/273 510/610/322 584/604/321
f 584/604/321 510/610/322 13/617/72
f 584/604/321 13/617/72 385/611/70
f 509/598/320 584/604/321 385/611/70
f 509/598/320 385/611/70 12/605/66
f 64/603/272 488/609/279 585/616/323
f 64/603/272 585/616/323 510/610/322
f 488/609/279 65/615/278 511/622/324
f 488/609/279 511/622/324 585/616/323
f 585/616/323 511/622/324 14/629/78
f 585/616/323 14/629/78 388/623/76
f 510/610/322 585/616/323 388/623/76
f 510/610/322 388/623/76 13/617/72
f 65/615/278 491/621/285 586/628/325
f 65/615/278 586/628/325 511/622/324
f 491/621/285 66/627/284 512/634/326
f 491/621/285 512/634/326 586/628/325
f 586/628/325 512/634/326 15/641/84
f 586/628/325 15/641/84 391/635/82
f 511/622/324 586/628/325 391/635/82
f 511/622/324 391/635/82 14/629/78
f 66/627/284 494/633/291 587/640/327
f 66/627/284 587/640/327 512/634/326
f 494/633/291 67/639/290 513/646/328
f 494/633/291 513/646/328 587/640/327
f 587/640/327 513/646/328 16/653/90
f 587/640/327 16/653/90 394/647/88
f 512/634/326 587/640/327 394/647/88
f 512/634/326 394/647/88 15/641/84
f 67/639/290 497/645/297 588/652/329
f 67/639/290 588/652/329 513/646/328
f 497/645/297 68/651/296 514/654/330
f 497/645/297 514/654/330 588/652/329
f 588/652/329 514/654/330 17/656/96
f 588/652/329 17/656/96 397/655/94
f 513/646/328 588/652/329 397/655/94
f 513/646/328 397/655/94 16/653/90
f 17/346/96 514/350/330 589/347/331
f 17/346/96 589/347/331 398/343/97
f 514/654/330 68/651/296 496/644/295
f 514/654/330 496/644/295 589/649/331
f 589/649/331 496/644/295 165/643/294
f 589/649/331 165/643/294 515/650/332
f 398/343/97 589/347/331 515/348/332
f 398/343/97 515/348/332 166/344/98
f 52/113/207 499/128/299 590/114/333
f 52/113/207 590/114/333 452/100/202
f 499/657/299 1/658/1 354/659/4
f 499/657/299 354/659/4 590/660/333
f 590/114/333 354/129/4 148/130/9
f 590/114/333 148/130/9 516/115/334
f 452/100/202 590/114/333 516/115/334
f 452/100/202 516/115/334 149/87/199
f 70/813/335 517/814/336 591/815/337
f 70/813/335 591/815/337 520/816/338
f 517/185/336 69/186/339 518/187/340
f 517/185/336 518/187/340 591/188/337
f 591/661/337 518/662/340 133/663/341
f 591/661/337 133/663/341 519/664/342
f 520/669/338 591/661/337 519/664/342
f 520/669/338 519/664/342 134/670/343
f 71/822/344 521/819/345 592/820/346
f 71/822/344 592/820/346 523/823/347
f 521/819/345 70/813/335 520/816/338
f 521/819/345 520/816/338 592/820/346
f 592/677/346 520/669/338 134/670/343
f 592/677/346 134/670/343 522/678/348
f 523/683/347 592/677/346 522/678/348
f 523/683/347 522/678/348 135/684/349
f 72/828/350 524/825/351 593/826/352
f 72/828/350 593/826/352 178/829/353
f 524/825/351 71/822/344 523/823/347
f 524/825/351 523/823/347 593/826/352
f 593/690/352 523/683/347 135/684/349
f 593/690/352 135/684/349 177/691/354
f 178/695/353 593/690/352 177/691/354
f 178/695/353 177/691/354 136/696/355
f 73/834/356 179/831/357 594/832/358
f 73/834/356 594/832/358 181/835/359
f 179/831/357 72/828/350 178/829/353
f 179/831/357 178/829/353 594/832/358
f 594/699/358 178/695/353 136/696/355
f 594/699/358 136/696/355 180/700/360
f 181/703/359 594/699/358 180/700/360
f 181/703/359 180/700/360 103/704/361
f 74/840/362 182/837/363 595/838/364
f 74/840/362 595/838/364 184/841/365
f 182/837/363 73/834/356 181/835/359
f 182/837/363 181/835/359 595/838/364
f 595/707/364 181/703/359 103/704/361
f 595/707/364 103/704/361 183/708/366
f 184/711/365 595/707/364 183/708/366
f 184/711/365 183/708/366 104/712/367
f 75/846/368 185/843/369 596/844/370
f 75/846/368 596/844/370 187/847/371
f 185/843/369 74/840/362 184/841/365
f 185/843/369 184/841/365 596/844/370
f 596/715/370 184/711/365 104/712/367
f 596/715/370 104/712/367 186/716/372
f 187/719/371 596/715/370 186/716/372
f 187/719/371 186/716/372 105/720/373
f 76/852/374 188/849/375 597/850/376
f 76/852/374 597/850/376 190/853/377
f 188/1073/375 75/1074/368 187/1075/371
f 188/1073/375 187/1075/371 597/1076/376
f 597/723/376 187/719/371 105/720/373
f 597/723/376 105/720/373 189/724/378
f 190/727/377 597/1070/376 189/1071/378
f 190/727/377 189/1071/378 106/1072/379
f 77/1069/380 191/855/381 598/856/382
f 77/1069/380 598/856/382 193/859/383
f 191/1065/381 76/1066/374 190/1067/377
f 191/1065/381 190/1067/377 598/1068/382
f 598/731/382 190/1062/377 106/1063/379
f 598/731/382 106/1063/379 192/1064/384
f 193/735/383 598/1059/382 192/1060/384
f 193/735/383 192/1060/384 107/1061/385
f 78/864/386 194/861/387 599/862/388
f 78/864/386 599/862/388 196/865/389
f 194/1055/387 77/1056/380 193/1057/383
f 194/1055/387 193/1057/383 599/1058/388
f 599/739/388 193/1052/383 107/1053/385
f 599/739/388 107/1053/385 195/1054/390
f 196/1048/389 599/1049/388 195/1050/390
f 196/1048/389 195/1050/390 108/1051/391
f 79/870/392 197/867/393 600/868/394
f 79/870/392 600/868/394 199/871/395
f 197/867/393 78/864/386 196/865/389
f 197/867/393 196/865/389 600/868/394
f 600/747/394 196/743/389 108/744/391
f 600/747/394 108/744/391 198/748/396
f 199/751/395 600/747/394 198/748/396
f 199/751/395 198/748/396 109/752/397
f 80/876/398 200/873/399 601/874/400
f 80/876/398 601/874/400 202/877/401
f 200/873/399 79/870/392 199/871/395
f 200/873/399 199/871/395 601/874/400
f 601/755/400 199/751/395 109/752/397
f 601/755/400 109/752/397 201/756/402
f 202/759/401 601/755/400 201/756/402
f 202/759/401 201/756/402 110/760/403
f 81/882/404 203/879/405 602/880/406
f 81/882/404 602/880/406 205/883/407
f 203/879/405 80/876/398 202/877/401
f 203/879/405 202/877/401 602/880/406
f 602/763/406 202/759/401 110/760/403
f 602/763/406 110/760/403 204/764/408
f 205/767/407 602/763/406 204/764/408
f 205/767/407 204/764/408 111/768/409
f 82/888/410 206/885/411 603/886/412
f 82/888/410 603/886/412 208/889/413
f 206/885/411 81/882/404 205/883/407
f 206/885/411 205/883/407 603/886/412
f 603/769/412 205/767/407 111/768/409
f 603/769/412 111/768/409 207/770/414
f 208/228/413 603/234/412 207/230/414
f 208/228/413 207/230/414 112/222/415
f 83/894/416 209/891/417 604/892/418
f 83/894/416 604/892/418 211/895/419
f 209/891/417 82/888/410 208/889/413
f 209/891/417 208/889/413 604/892/418
f 604/221/418 208/228/413 112/222/415
f 604/221/418 112/222/415 210/215/420
f 211/220/419 604/221/418 210/215/420
f 211/220/419 210/215/420 113/214/421
f 84/143/422 212/150/423 605/151/424
f 84/143/422 605/151/424 214/144/425
f 212/897/423 83/894/416 211/895/419
f 212/897/423 211/895/419 605/898/424
f 605/229/424 211/220/419 113/214/421
f 605/229/424 113/214/421 213/223/426
f 214/771/425 605/772/424 213/773/426
f 214/771/425 213/773/426 114/774/427
f 172/89/428 215/102/429 606/103/430
f 172/89/428 606/103/430 218/90/431
f 215/102/429 171/117/432 216/118/433
f 215/102/429 216/118/433 606/103/430
f 606/775/430 216/776/433 173/777/434
f 606/775/430 173/777/434 217/778/435
f 218/782/431 606/775/430 217/778/435
f 218/782/431 217/778/435 174/783/436
f 115/51/437 219/50/438 607/58/439
f 115/51/437 607/58/439 222/59/440
f 219/50/438 116/57/441 220/67/442
f 219/50/438 220/67/442 607/58/439
f 607/900/439 220/901/442 86/902/443
f 607/900/439 86/902/443 221/903/444
f 222/59/440 607/58/439 221/68/444
f 222/59/440 221/68/444 85/69/445
f 116/57/441 223/66/446 608/75/447
f 116/57/441 608/75/447 220/67/442
f 223/66/446 117/74/448 224/85/449
f 223/66/446 224/85/449 608/75/447
f 608/904/447 224/908/449 87/909/450
f 608/904/447 87/909/450 225/905/451
f 220/901/442 608/904/447 225/905/451
f 220/901/442 225/905/451 86/902/443
f 117/74/448 226/84/452 609/96/453
f 117/74/448 609/96/453 224/85/449
f 226/430/452 118/422/454 227/423/455
f 226/430/452 227/423/455 609/431/453
f 609/911/453 227/914/455 88/915/456
f 609/911/453 88/915/456 228/912/457
f 224/908/449 609/911/453 228/912/457
f 224/908/449 228/912/457 87/909/450
f 118/422/454 229/408/458 610/415/459
f 118/422/454 610/415/459 227/423/455
f 229/408/458 119/399/460 230/406/461
f 229/408/458 230/406/461 610/415/459
f 610/917/459 230/920/461 89/921/462
f 610/917/459 89/921/462 231/918/463
f 227/914/455 610/917/459 231/918/463
f 227/914/455 231/918/463 88/915/456
f 119/399/460 232/390/464 611/397/465
f 119/399/460 611/397/465 230/406/461
f 232/390/464 120/380/466 233/389/467
f 232/390/464 233/389/467 611/397/465
f 611/923/465 233/926/467 90/927/468
f 611/923/465 90/927/468 234/924/469
f 230/920/461 611/923/465 234/924/469
f 230/920/461 234/924/469 89/921/462
f 120/380/466 235/370/470 612/379/471
f 120/380/466 612/379/471 233/389/467
f 235/370/470 121/369/472 236/378/473
f 235/370/470 236/378/473 612/379/471
f 612/929/471 236/932/473 91/933/474
f 612/929/471 91/933/474 237/930/475
f 233/926/467 612/929/471 237/930/475
f 233/926/467 237/930/475 90/927/468
f 121/369/472 238/377/476 613/388/477
f 121/369/472 613/388/477 236/378/473
f 238/1045/476 122/1046/478 239/396/479
f 238/1045/476 239/396/479 613/1047/477
f 613/1042/477 239/938/479 92/1043/480
f 613/1042/477 92/1043/480 240/1044/481
f 236/932/473 613/935/477 240/936/481
f 236/932/473 240/936/481 91/933/474
f 122/1039/478 241/1040/482 614/405/483
f 122/1039/478 614/405/483 239/1041/479
f 241/1036/482 123/1037/484 242/414/485
f 241/1036/482 242/414/485 614/1038/483
f 614/941/483 242/944/485 93/945/486
f 614/941/483 93/945/486 243/942/487
f 239/1032/479 614/1033/483 243/1034/487
f 239/1032/479 243/1034/487 92/1035/480
f 123/1028/484 244/1029/488 615/1030/489
f 123/1028/484 615/1030/489 242/1031/485
f 244/413/488 124/420/490 245/429/491
f 244/413/488 245/429/491 615/421/489
f 615/947/489 245/1026/491 94/1027/492
f 615/947/489 94/1027/492 246/948/493
f 242/1022/485 615/1023/489 246/1024/493
f 242/1022/485 246/1024/493 93/1025/486
f 124/420/490 247/428/494 616/437/495
f 124/420/490 616/437/495 245/429/491
f 247/428/494 125/436/496 248/443/497
f 247/428/494 248/443/497 616/437/495
f 616/953/495 248/956/497 95/957/498
f 616/953/495 95/957/498 249/954/499
f 245/950/491 616/953/495 249/954/499
f 245/950/491 249/954/499 94/951/492
f 125/436/496 250/442/500 617/449/501
f 125/436/496 617/449/501 248/443/497
f 250/442/500 126/448/502 251/455/503
f 250/442/500 251/455/503 617/449/501
f 617/959/501 251/962/503 96/963/504
f 617/959/501 96/963/504 252/960/505
f 248/956/497 617/959/501 252/960/505
f 248/956/497 252/960/505 95/957/498
f 126/448/502 253/454/506 618/461/507
f 126/448/502 618/461/507 251/455/503
f 253/454/506 127/460/508 254/467/509
f 253/454/506 254/467/509 618/461/507
f 618/965/507 254/968/509 97/969/510
f 618/965/507 97/969/510 255/966/511
f 251/962/503 618/965/507 255/966/511
f 251/962/503 255/966/511 96/963/504
f 127/460/508 256/466/512 619/473/513
f 127/460/508 619/473/513 254/467/509
f 256/466/512 128/472/514 257/479/515
f 256/466/512 257/479/515 619/473/513
f 619/971/513 257/974/515 98/975/516
f 619/971/513 98/975/516 258/972/517
f 254/968/509 619/971/513 258/972/517
f 254/968/509 258/972/517 97/969/510
f 128/472/514 259/478/518 620/485/519
f 128/472/514 620/485/519 257/479/515
f 259/478/518 129/484/520 260/491/521
f 259/478/518 260/491/521 620/485/519
f 620/977/519 260/980/521 99/981/522
f 620/977/519 99/981/522 261/978/523
f 257/974/515 620/977/519 261/978/523
f 257/974/515 261/978/523 98/975/516
f 129/484/520 262/490/524 621/495/525
f 129/484/520 621/495/525 260/491/521
f 262/490/524 130/494/526 263/499/527
f 262/490/524 263/499/527 621/495/525
f 621/983/525 263/986/527 100/987/528
f 621/983/525 100/987/528 264/984/529
f 260/980/521 621/983/525 264/984/529
f 260/980/521 264/984/529 99/981/522
f 130/494/526 265/498/530 622/502/531
f 130/494/526 622/502/531 263/499/527
f 265/498/530 131/501/532 266/504/533
f 265/498/530 266/504/533 622/502/531
f 622/205/531 266/201/533 101/200/534
f 622/205/531 101/200/534 267/206/535
f 263/986/527 622/989/531 267/990/535
f 263/986/527 267/990/535 100/987/528
f 102/194/536 268/197/537 623/198/538
f 102/194/536 623/198/538 270/195/539
f 268/197/537 101/200/534 266/201/533
f 268/197/537 266/201/533 623/198/538
f 623/503/538 266/504/533 131/501/532
f 623/503/538 131/501/532 269/500/540
f 270/195/539 623/198/538 269/202/540
f 270/195/539 269/202/540 132/203/541
f 69/186/339 271/191/542 624/192/543
f 69/186/339 624/192/543 518/187/340
f 271/191/542 102/194/536 270/195/539
f 271/191/542 270/195/539 624/192/543
f 624/665/543 270/671/539 132/672/541
f 624/665/543 132/672/541 272/666/544
f 518/662/340 624/665/543 272/666/544
f 518/662/340 272/666/544 133/663/341
f 104/712/367 183/708/366 625/710/545
f 104/712/367 625/710/545 274/714/546
f 183/708/366 103/704/361 273/706/547
f 183/708/366 273/706/547 625/710/545
f 625/710/545 273/706/547 29/709/165
f 625/710/545 29/709/165 431/713/163
f 274/714/546 625/710/545 431/713/163
f 274/714/546 431/713/163 28/717/159
f 105/720/373 186/716/372 626/718/548
f 105/720/373 626/718/548 275/722/549
f 186/716/372 104/712/367 274/714/546
f 186/716/372 274/714/546 626/718/548
f 626/718/548 274/714/546 28/717/159
f 626/718/548 28/717/159 428/721/157
f 275/722/549 626/718/548 428/721/157
f 275/722/549 428/721/157 27/725/153
f 106/728/379 189/724/378 627/726/550
f 106/728/379 627/726/550 276/730/551
f 189/724/378 105/720/373 275/722/549
f 189/724/378 275/722/549 627/726/550
f 627/726/550 275/722/549 27/725/153
f 627/726/550 27/725/153 425/729/151
f 276/730/551 627/726/550 425/729/151
f 276/730/551 425/729/151 26/733/147
f 107/736/385 192/732/384 628/734/552
f 107/736/385 628/734/552 277/738/553
f 192/732/384 106/728/379 276/730/551
f 192/732/384 276/730/551 628/734/552
f 628/734/552 276/730/551 26/733/147
f 628/734/552 26/733/147 422/737/145
f 277/738/553 628/734/552 422/737/145
f 277/738/553 422/737/145 25/741/141
f 108/744/391 195/740/390 629/742/554
f 108/744/391 629/742/554 278/746/555
f 195/740/390 107/736/385 277/738/553
f 195/740/390 277/738/553 629/742/554
f 629/742/554 277/738/553 25/741/141
f 629/742/554 25/741/141 419/745/139
f 278/746/555 629/742/554 419/745/139
f 278/746/555 419/745/139 24/749/135
f 109/752/397 198/748/396 630/750/556
f 109/752/397 630/750/556 279/754/557
f 198/748/396 108/744/391 278/746/555
f 198/748/396 278/746/555 630/750/556
f 630/750/556 278/746/555 24/749/135
f 630/750/556 24/749/135 416/753/133
f 279/754/557 630/750/556 416/753/133
f 279/754/557 416/753/133 23/757/129
f 110/760/403 201/756/402 631/758/558
f 110/760/403 631/758/558 280/762/559
f 201/756/402 109/752/397 279/754/557
f 201/756/402 279/754/557 631/758/558
f 631/758/558 279/754/557 23/757/129
f 631/758/558 23/757/129 413/761/127
f 280/762/559 631/758/558 413/761/127
f 280/762/559 413/761/127 22/765/123
f 111/235/409 204/238/408 632/236/560
f 111/235/409 632/236/560 281/232/561
f 204/764/408 110/760/403 280/762/559
f 204/764/408 280/762/559 632/766/560
f 632/236/560 280/239/559 22/240/123
f 632/236/560 22/240/123 410/237/121
f 281/232/561 632/236/560 410/237/121
f 281/232/561 410/237/121 21/233/117
f 112/222/415 207/230/414 633/224/562
f 112/222/415 633/224/562 282/216/563
f 207/230/414 111/235/409 281/232/561
f 207/230/414 281/232/561 633/224/562
f 633/224/562 281/232/561 21/233/117
f 633/224/562 21/233/117 407/225/115
f 282/216/563 633/224/562 407/225/115
f 282/216/563 407/225/115 20/217/111
f 113/214/421 210/215/420 634/211/564
f 113/214/421 634/211/564 283/210/565
f 210/215/420 112/222/415 282/216/563
f 210/215/420 282/216/563 634/211/564
f 634/211/564 282/216/563 20/217/111
f 634/211/564 20/217/111 404/212/109
f 283/210/565 634/211/564 404/212/109
f 283/210/565 404/212/109 19/213/104
f 114/231/427 213/223/426 635/218/566
f 114/231/427 635/218/566 284/226/567
f 213/223/426 113/214/421 283/210/565
f 213/223/426 283/210/565 635/218/566
f 635/218/566 283/210/565 19/213/104
f 635/218/566 19/213/104 400/219/101
f 284/226/567 635/218/566 400/219/101
f 284/226/567 400/219/101 18/227/100
f 115/51/437 285/52/568 636/45/569
f 115/51/437 636/45/569 286/44/570
f 285/52/568 114/60/427 284/61/567
f 285/52/568 284/61/567 636/45/569
f 636/790/569 284/791/567 18/792/100
f 636/790/569 18/792/100 403/793/103
f 286/44/570 636/45/569 403/35/103
f 286/44/570 403/35/103 35/39/108
f 35/39/108 402/38/107 637/43/571
f 35/39/108 637/43/571 286/44/570
f 402/38/107 36/42/106 287/49/572
f 402/38/107 287/49/572 637/43/571
f 637/43/571 287/49/572 116/57/441
f 637/43/571 116/57/441 219/50/438
f 286/44/570 637/43/571 219/50/438
f 286/44/570 219/50/438 115/51/437
f 36/42/106 406/48/114 638/56/573
f 36/42/106 638/56/573 287/49/572
f 406/48/114 37/55/113 288/65/574
f 406/48/114 288/65/574 638/56/573
f 638/56/573 288/65/574 117/74/448
f 638/56/573 117/74/448 223/66/446
f 287/49/572 638/56/573 223/66/446
f 287/49/572 223/66/446 116/57/441
f 37/55/113 409/64/120 639/73/575
f 37/55/113 639/73/575 288/65/574
f 409/64/120 38/72/119 289/83/576
f 409/64/120 289/83/576 639/73/575
f 639/73/575 289/83/576 118/95/454
f 639/73/575 118/95/454 226/84/452
f 288/65/574 639/73/575 226/84/452
f 288/65/574 226/84/452 117/74/448
f 38/72/119 412/82/126 640/94/577
f 38/72/119 640/94/577 289/83/576
f 412/82/126 39/93/125 290/107/578
f 412/82/126 290/107/578 640/94/577
f 640/407/577 290/398/578 119/399/460
f 640/407/577 119/399/460 229/408/458
f 289/83/576 640/94/577 229/108/458
f 289/83/576 229/108/458 118/95/454
f 39/93/125 415/106/132 641/122/579
f 39/93/125 641/122/579 290/107/578
f 415/381/132 40/371/131 291/372/580
f 415/381/132 291/372/580 641/382/579
f 641/382/579 291/372/580 120/380/466
f 641/382/579 120/380/466 232/390/464
f 290/398/578 641/382/579 232/390/464
f 290/398/578 232/390/464 119/399/460
f 40/371/131 418/359/138 642/364/581
f 40/371/131 642/364/581 291/372/580
f 418/359/138 41/358/137 292/363/582
f 418/359/138 292/363/582 642/364/581
f 642/364/581 292/363/582 121/369/472
f 642/364/581 121/369/472 235/370/470
f 291/372/580 642/364/581 235/370/470
f 291/372/580 235/370/470 120/380/466
f 41/358/137 421/362/144 643/368/583
f 41/358/137 643/368/583 292/363/582
f 421/362/144 42/367/143 293/376/584
f 421/362/144 293/376/584 643/368/583
f 643/368/583 293/376/584 122/387/478
f 643/368/583 122/387/478 238/377/476
f 292/363/582 643/368/583 238/377/476
f 292/363/582 238/377/476 121/369/472
f 42/367/143 424/375/150 644/386/585
f 42/367/143 644/386/585 293/376/584
f 424/375/150 43/385/149 294/394/586
f 424/375/150 294/394/586 644/386/585
f 644/386/585 294/394/586 123/404/484
f 644/386/585 123/404/484 241/395/482
f 293/376/584 644/386/585 241/395/482
f 293/376/584 241/395/482 122/387/478
f 43/385/149 427/393/156 645/403/587
f 43/385/149 645/403/587 294/394/586
f 427/393/156 44/402/155 295/412/588
f 427/393/156 295/412/588 645/403/587
f 645/403/587 295/412/588 124/420/490
f 645/403/587 124/420/490 244/413/488
f 294/394/586 645/403/587 244/413/488
f 294/394/586 244/413/488 123/404/484
f 44/402/155 430/411/162 646/419/589
f 44/402/155 646/419/589 295/412/588
f 430/411/162 45/418/161 296/427/590
f 430/411/162 296/427/590 646/419/589
f 646/419/589 296/427/590 125/436/496
f 646/419/589 125/436/496 247/428/494
f 295/412/588 646/419/589 247/428/494
f 295/412/588 247/428/494 124/420/490
f 45/418/161 433/426/168 647/435/591
f 45/418/161 647/435/591 296/427/590
f 433/426/168 46/434/167 297/441/592
f 433/426/168 297/441/592 647/435/591
f 647/435/591 297/441/592 126/448/502
f 647/435/591 126/448/502 250/442/500
f 296/427/590 647/435/591 250/442/500
f 296/427/590 250/442/500 125/436/496
f 46/434/167 436/440/174 648/447/593
f 46/434/167 648/447/593 297/441/592
f 436/440/174 47/446/173 298/453/594
f 436/440/174 298/453/594 648/447/593
f 648/447/593 298/453/594 127/460/508
f 648/447/593 127/460/508 253/454/506
f 297/441/592 648/447/593 253/454/506
f 297/441/592 253/454/506 126/448/502
f 47/446/173 439/452/180 649/459/595
f 47/446/173 649/459/595 298/453/594
f 439/452/180 48/458/179 299/465/596
f 439/452/180 299/465/596 649/459/595
f 649/459/595 299/465/596 128/472/514
f 649/459/595 128/472/514 256/466/512
f 298/453/594 649/459/595 256/466/512
f 298/453/594 256/466/512 127/460/508
f 48/458/179 442/464/186 650/471/597
f 48/458/179 650/471/597 299/465/596
f 442/464/186 49/470/185 300/477/598
f 442/464/186 300/477/598 650/471/597
f 650/471/597 300/477/598 129/484/520
f 650/471/597 129/484/520 259/478/518
f 299/465/596 650/471/597 259/478/518
f 299/465/596 259/478/518 128/472/514
f 49/470/185 445/476/192 651/483/599
f 49/470/185 651/483/599 300/477/598
f 445/476/192 50/482/191 301/489/600
f 445/476/192 301/489/600 651/483/599
f 651/483/599 301/489/600 130/494/526
f 651/483/599 130/494/526 262/490/524
f 300/477/598 651/483/599 262/490/524
f 300/477/598 262/490/524 129/484/520
f 50/482/191 448/488/198 652/493/601
f 50/482/191 652/493/601 301/489/600
f 448/488/198 51/492/197 302/497/602
f 448/488/198 302/497/602 652/493/601
f 652/493/601 302/497/602 131/501/532
f 652/493/601 131/501/532 265/498/530
f 301/489/600 652/493/601 265/498/530
f 301/489/600 265/498/530 130/494/526
f 132/672/541 269/685/540 653/686/603
f 132/672/541 653/686/603 303/679/604
f 269/500/540 131/501/532 302/497/602
f 269/500/540 302/497/602 653/496/603
f 653/496/603 302/497/602 51/492/197
f 653/496/603 51/492/197 447/487/196
f 303/679/604 653/686/603 447/692/196
f 303/679/604 447/692/196 34/687/195
f 133/663/341 272/666/544 654/673/605
f 133/663/341 654/673/605 304/667/606
f 272/666/544 132/672/541 303/679/604
f 272/666/544 303/679/604 654/673/605
f 654/673/605 303/679/604 34/687/195
f 654/673/605 34/687/195 446/680/193
f 304/667/606 654/673/605 446/680/193
f 304/667/606 446/680/193 33/674/189
f 134/670/343 519/664/342 655/668/607
f 134/670/343 655/668/607 305/676/608
f 519/664/342 133/663/341 304/667/606
f 519/664/342 304/667/606 655/668/607
f 655/668/607 304/667/606 33/674/189
f 655/668/607 33/674/189 443/675/187
f 305/676/608 655/668/607 443/675/187
f 305/676/608 443/675/187 32/681/183
f 135/684/349 522/678/348 656/682/609
f 135/684/349 656/682/609 306/689/610
f 522/678/348 134/670/343 305/676/608
f 522/678/348 305/676/608 656/682/609
f 656/682/609 305/676/608 32/681/183
f 656/682/609 32/681/183 440/688/181
f 306/689/610 656/682/609 440/688/181
f 306/689/610 440/688/181 31/693/177
f 136/696/355 177/691/354 657/694/611
f 136/696/355 657/694/611 307/698/612
f 177/691/354 135/684/349 306/689/610
f 177/691/354 306/689/610 657/694/611
f 657/694/611 306/689/610 31/693/177
f 657/694/611 31/693/177 437/697/175
f 307/698/612 657/694/611 437/697/175
f 307/698/612 437/697/175 30/701/171
f 103/704/361 180/700/360 658/702/613
f 103/704/361 658/702/613 273/706/547
f 180/700/360 136/696/355 307/698/612
f 180/700/360 307/698/612 658/702/613
f 658/702/613 307/698/612 30/701/171
f 658/702/613 30/701/171 434/705/169
f 273/706/547 658/702/613 434/705/169
f 273/706/547 434/705/169 29/709/165
f 138/296/62 384/300/69 659/305/614
f 138/296/62 659/305/614 309/301/615
f 384/300/69 137/304/68 308/309/616
f 384/300/69 308/309/616 659/305/614
f 659/839/614 308/836/616 73/834/356
f 659/839/614 73/834/356 182/837/363
f 309/842/615 659/839/614 182/837/363
f 309/842/615 182/837/363 74/840/362
f 139/288/56 381/292/63 660/297/617
f 139/288/56 660/297/617 310/293/618
f 381/292/63 138/296/62 309/301/615
f 381/292/63 309/301/615 660/297/617
f 660/845/617 309/842/615 74/840/362
f 660/845/617 74/840/362 185/843/369
f 310/848/618 660/845/617 185/843/369
f 310/848/618 185/843/369 75/846/368
f 140/280/50 378/284/57 661/289/619
f 140/280/50 661/289/619 311/285/620
f 378/284/57 139/288/56 310/293/618
f 378/284/57 310/293/618 661/289/619
f 661/851/619 310/1019/618 75/1020/368
f 661/851/619 75/1020/368 188/1021/375
f 311/854/620 661/1016/619 188/1017/375
f 311/854/620 188/1017/375 76/1018/374
f 141/272/44 375/276/51 662/281/621
f 141/272/44 662/281/621 312/277/622
f 375/276/51 140/280/50 311/285/620
f 375/276/51 311/285/620 662/281/621
f 662/857/621 311/1013/620 76/1014/374
f 662/857/621 76/1014/374 191/1015/381
f 312/1009/622 662/1010/621 191/1011/381
f 312/1009/622 191/1011/381 77/1012/380
f 142/264/38 372/268/45 663/273/623
f 142/264/38 663/273/623 313/269/624
f 372/268/45 141/272/44 312/277/622
f 372/268/45 312/277/622 663/273/623
f 663/863/623 312/860/622 77/858/380
f 663/863/623 77/858/380 194/861/387
f 313/866/624 663/863/623 194/861/387
f 313/866/624 194/861/387 78/864/386
f 143/252/32 369/258/39 664/265/625
f 143/252/32 664/265/625 314/259/626
f 369/258/39 142/264/38 313/269/624
f 369/258/39 313/269/624 664/265/625
f 664/869/625 313/866/624 78/864/386
f 664/869/625 78/864/386 197/867/393
f 314/872/626 664/869/625 197/867/393
f 314/872/626 197/867/393 79/870/392
f 144/243/26 366/246/33 665/253/627
f 144/243/26 665/253/627 315/247/628
f 366/246/33 143/252/32 314/259/626
f 366/246/33 314/259/626 665/253/627
f 665/875/627 314/872/626 79/870/392
f 665/875/627 79/870/392 200/873/399
f 315/878/628 665/875/627 200/873/399
f 315/878/628 200/873/399 80/876/398
f 145/254/20 363/244/27 666/248/629
f 145/254/20 666/248/629 316/255/630
f 363/244/27 144/243/26 315/247/628
f 363/244/27 315/247/628 666/248/629
f 666/881/629 315/878/628 80/876/398
f 666/881/629 80/876/398 203/879/405
f 316/884/630 666/881/629 203/879/405
f 316/884/630 203/879/405 81/882/404
f 146/19/14 360/23/21 667/28/631
f 146/19/14 667/28/631 317/24/632
f 360/260/21 145/254/20 316/255/630
f 360/260/21 316/255/630 667/261/631
f 667/887/631 316/884/630 81/882/404
f 667/887/631 81/882/404 206/885/411
f 317/890/632 667/887/631 206/885/411
f 317/890/632 206/885/411 82/888/410
f 147/7/7 357/13/15 668/20/633
f 147/7/7 668/20/633 318/14/634
f 357/13/15 146/19/14 317/24/632
f 357/13/15 317/24/632 668/20/633
f 668/893/633 317/890/632 82/888/410
f 668/893/633 82/888/410 209/891/417
f 318/896/634 668/893/633 209/891/417
f 318/896/634 209/891/417 83/894/416
f 148/794/9 353/795/8 669/796/635
f 148/794/9 669/796/635 319/797/636
f 353/8/8 147/7/7 318/14/634
f 353/8/8 318/14/634 669/15/635
f 669/899/635 318/896/634 83/894/416
f 669/899/635 83/894/416 212/897/423
f 319/149/636 669/158/635 212/150/423
f 319/149/636 212/150/423 84/143/422
f 176/798/637 320/799/638 670/800/639
f 176/798/637 670/800/639 322/801/640
f 320/799/638 175/804/641 321/805/642
f 320/799/638 321/805/642 670/800/639
f 670/116/639 321/131/642 171/117/432
f 670/116/639 171/117/432 215/102/429
f 322/101/640 670/116/639 215/102/429
f 322/101/640 215/102/429 172/89/428
f 85/69/445 221/68/444 671/76/643
f 85/69/445 671/76/643 324/77/644
f 221/903/444 86/902/443 323/906/645
f 221/903/444 323/906/645 671/907/643
f 671/76/643 323/97/645 150/98/203
f 671/76/643 150/98/203 449/86/200
f 324/77/644 671/76/643 449/86/200
f 324/77/644 449/86/200 149/87/199
f 86/902/443 225/905/451 672/910/646
f 86/902/443 672/910/646 323/906/645
f 225/905/451 87/909/450 325/913/647
f 225/905/451 325/913/647 672/910/646
f 672/109/646 325/123/647 151/124/210
f 672/109/646 151/124/210 453/110/208
f 323/97/645 672/109/646 453/110/208
f 323/97/645 453/110/208 150/98/203
f 87/909/450 228/912/457 673/916/648
f 87/909/450 673/916/648 325/913/647
f 228/912/457 88/915/456 326/919/649
f 228/912/457 326/919/649 673/916/648
f 673/519/648 326/514/649 152/515/216
f 673/519/648 152/515/216 456/520/214
f 325/123/647 673/135/648 456/136/214
f 325/123/647 456/136/214 151/124/210
f 88/915/456 231/918/463 674/922/650
f 88/915/456 674/922/650 326/919/649
f 231/918/463 89/921/462 327/925/651
f 231/918/463 327/925/651 674/922/650
f 674/509/650 327/510/651 153/506/222
f 674/509/650 153/506/222 459/505/220
f 326/514/649 674/509/650 459/505/220
f 326/514/649 459/505/220 152/515/216
f 89/921/462 234/924/469 675/928/652
f 89/921/462 675/928/652 327/925/651
f 234/924/469 90/927/468 328/931/653
f 234/924/469 328/931/653 675/928/652
f 675/513/652 328/518/653 154/516/228
f 675/513/652 154/516/228 462/511/226
f 327/510/651 675/513/652 462/511/226
f 327/510/651 462/511/226 153/506/222
f 90/927/468 237/930/475 676/934/654
f 90/927/468 676/934/654 328/931/653
f 237/930/475 91/933/474 329/937/655
f 237/930/475 329/937/655 676/934/654
f 676/525/654 329/529/655 155/526/234
f 676/525/654 155/526/234 465/521/232
f 328/518/653 676/525/654 465/521/232
f 328/518/653 465/521/232 154/516/228
f 91/933/474 240/936/481 677/940/656
f 91/933/474 677/940/656 329/937/655
f 240/936/481 92/939/480 330/943/657
f 240/936/481 330/943/657 677/940/656
f 677/533/656 330/539/657 156/534/240
f 677/533/656 156/534/240 468/530/238
f 329/529/655 677/533/656 468/530/238
f 329/529/655 468/530/238 155/526/234
f 92/1006/480 243/1007/487 678/946/658
f 92/1006/480 678/946/658 330/1008/657
f 243/1003/487 93/1004/486 331/949/659
f 243/1003/487 331/949/659 678/1005/658
f 678/546/658 331/552/659 157/547/246
f 678/546/658 157/547/246 471/540/244
f 330/539/657 678/546/658 471/540/244
f 330/539/657 471/540/244 156/534/240
f 93/1000/486 246/1001/493 679/952/660
f 93/1000/486 679/952/660 331/1002/659
f 246/997/493 94/998/492 332/955/661
f 246/997/493 332/955/661 679/999/660
f 679/558/660 332/564/661 158/559/252
f 679/558/660 158/559/252 474/553/250
f 331/552/659 679/558/660 474/553/250
f 331/552/659 474/553/250 157/547/246
f 94/993/492 249/994/499 680/995/662
f 94/993/492 680/995/662 332/996/661
f 249/954/499 95/957/498 333/961/663
f 249/954/499 333/961/663 680/958/662
f 680/570/662 333/576/663 159/571/258
f 680/570/662 159/571/258 477/565/256
f 332/564/661 680/570/662 477/565/256
f 332/564/661 477/565/256 158/559/252
f 95/957/498 252/960/505 681/964/664
f 95/957/498 681/964/664 333/961/663
f 252/960/505 96/963/504 334/967/665
f 252/960/505 334/967/665 681/964/664
f 681/582/664 334/588/665 160/583/264
f 681/582/664 160/583/264 480/577/262
f 333/576/663 681/582/664 480/577/262
f 333/576/663 480/577/262 159/571/258
f 96/963/504 255/966/511 682/970/666
f 96/963/504 682/970/666 334/967/665
f 255/966/511 97/969/510 335/973/667
f 255/966/511 335/973/667 682/970/666
f 682/594/666 335/600/667 161/595/270
f 682/594/666 161/595/270 483/589/268
f 334/588/665 682/594/666 483/589/268
f 334/588/665 483/589/268 160/583/264
f 97/969/510 258/972/517 683/976/668
f 97/969/510 683/976/668 335/973/667
f 258/972/517 98/975/516 336/979/669
f 258/972/517 336/979/669 683/976/668
f 683/606/668 336/612/669 162/607/276
f 683/606/668 162/607/276 486/601/274
f 335/600/667 683/606/668 486/601/274
f 335/600/667 486/601/274 161/595/270
f 98/975/516 261/978/523 684/982/670
f 98/975/516 684/982/670 336/979/669
f 261/978/523 99/981/522 337/985/671
f 261/978/523 337/985/671 684/982/670
f 684/618/670 337/624/671 163/619/282
f 684/618/670 163/619/282 489/613/280
f 336/612/669 684/618/670 489/613/280
f 336/612/669 489/613/280 162/607/276
f 99/981/522 264/984/529 685/988/672
f 99/981/522 685/988/672 337/985/671
f 264/984/529 100/987/528 338/991/673
f 264/984/529 338/991/673 685/988/672
f 685/630/672 338/636/673 164/631/288
f 685/630/672 164/631/288 492/625/286
f 337/624/671 685/630/672 492/625/286
f 337/624/671 492/625/286 163/619/282
f 100/987/528 267/990/535 686/992/674
f 100/987/528 686/992/674 338/991/673
f 267/206/535 101/200/534 339/204/675
f 267/206/535 339/204/675 686/209/674
f 686/642/674 339/648/675 165/643/294
f 686/642/674 165/643/294 495/637/292
f 338/636/673 686/642/674 495/637/292
f 338/636/673 495/637/292 164/631/288
f 166/344/98 515/348/332 687/351/676
f 166/344/98 687/351/676 340/349/677
f 515/207/332 165/208/294 339/204/675
f 515/207/332 339/204/675 687/199/676
f 687/199/676 339/204/675 101/200/534
f 687/199/676 101/200/534 268/197/537
f 340/196/677 687/199/676 268/197/537
f 340/196/677 268/197/537 102/194/536
f 167/336/92 399/340/99 688/345/678
f 167/336/92 688/345/678 341/341/679
f 399/340/99 166/344/98 340/349/677
f 399/340/99 340/349/677 688/345/678
f 688/193/678 340/196/677 102/194/536
f 688/193/678 102/194/536 271/191/542
f 341/190/679 688/193/678 271/191/542
f 341/190/679 271/191/542 69/186/339
f 168/328/86 396/332/93 689/337/680
f 168/328/86 689/337/680 342/333/681
f 396/332/93 167/336/92 341/341/679
f 396/332/93 341/341/679 689/337/680
f 689/189/680 341/190/679 69/186/339
f 689/189/680 69/186/339 517/185/336
f 342/817/681 689/818/680 517/814/336
f 342/817/681 517/814/336 70/813/335
f 169/320/80 393/324/87 690/329/682
f 169/320/80 690/329/682 343/325/683
f 393/324/87 168/328/86 342/333/681
f 393/324/87 342/333/681 690/329/682
f 690/821/682 342/817/681 70/813/335
f 690/821/682 70/813/335 521/819/345
f 343/824/683 690/821/682 521/819/345
f 343/824/683 521/819/345 71/822/344
f 170/312/74 390/316/81 691/321/684
f 170/312/74 691/321/684 344/317/685
f 390/316/81 169/320/80 343/325/683
f 390/316/81 343/325/683 691/321/684
f 691/827/684 343/824/683 71/822/344
f 691/827/684 71/822/344 524/825/351
f 344/830/685 691/827/684 524/825/351
f 344/830/685 524/825/351 72/828/350
f 137/304/68 387/308/75 692/313/686
f 137/304/68 692/313/686 308/309/616
f 387/308/75 170/312/74 344/317/685
f 387/308/75 344/317/685 692/313/686
f 692/833/686 344/830/685 72/828/350
f 692/833/686 72/828/350 179/831/357
f 308/836/616 692/833/686 179/831/357
f 308/836/616 179/831/357 73/834/356
f 84/143/422 214/144/425 693/133/687
f 84/143/422 693/133/687 346/132/688
f 214/144/425 114/60/427 345/152/689
f 214/144/425 345/152/689 693/133/687
f 693/779/687 345/780/689 173/777/434
f 693/779/687 173/777/434 216/776/433
f 346/132/688 693/133/687 216/118/433
f 346/132/688 216/118/433 171/117/432
f 114/784/427 285/785/568 694/781/690
f 114/784/427 694/781/690 345/780/689
f 285/785/568 115/788/437 347/786/691
f 285/785/568 347/786/691 694/781/690
f 694/781/690 347/786/691 174/783/436
f 694/781/690 174/783/436 217/778/435
f 345/780/689 694/781/690 217/778/435
f 345/780/689 217/778/435 173/777/434
f 115/788/437 222/789/440 695/787/692
f 115/788/437 695/787/692 347/786/691
f 222/59/440 85/69/445 348/78/693
f 222/59/440 348/78/693 695/79/692
f 695/79/692 348/78/693 172/89/428
f 695/79/692 172/89/428 218/90/431
f 347/786/691 695/787/692 218/782/431
f 347/786/691 218/782/431 174/783/436
f 149/807/199 516/808/334 696/803/694
f 149/807/199 696/803/694 350/802/695
f 516/808/334 148/812/9 349/809/696
f 516/808/334 349/809/696 696/803/694
f 696/803/694 349/809/696 175/804/641
f 696/803/694 175/804/641 320/799/638
f 350/802/695 696/803/694 320/799/638
f 350/802/695 320/799/638 176/798/637
f 148/130/9 319/149/636 697/142/697
f 148/130/9 697/142/697 349/159/696
f 319/149/636 84/143/422 346/132/688
f 319/149/636 346/132/688 697/142/697
f 697/142/697 346/132/688 171/117/432
f 697/142/697 171/117/432 321/131/642
f 349/809/696 697/810/697 321/805/642
f 349/809/696 321/805/642 175/804/641
f 85/69/445 324/77/644 698/88/698
f 85/69/445 698/88/698 348/78/693
f 324/811/644 149/807/199 350/802/695
f 324/811/644 350/802/695 698/806/698
f 698/806/698 350/802/695 176/798/637
f 698/806/698 176/798/637 322/801/640
f 348/78/693 698/88/698 322/101/640
f 348/78/693 322/101/640 172/89/428
