
g default
v 60.471204 -1.087162 79.784006
v 60.371922 -1.087162 79.589154
v 60.217288 -1.094601 79.43452
v 60.022436 -1.151104 79.335238
v 59.806442 -1.249528 79.301028
v 59.590448 -1.344066 79.335238
v 59.395596 -1.384446 79.43452
v 59.240962 -1.395436 79.589155
v 59.14168 -1.431878 79.784006
v 59.10747 -1.438172 80.0
v 59.14168 -1.438172 80.215994
v 59.240962 -1.431878 80.410845
v 59.395597 -1.390741 80.56548
v 59.590448 -1.344066 80.664762
v 59.806442 -1.249528 80.698972
v 60.022436 -1.151104 80.664762
v 60.217287 -1.094601 80.56548
v 60.371922 -1.087162 80.410845
v 60.471204 -1.087162 80.215994
v 60.505414 -1.087162 80.0
v 60.536984 -0.096185 79.762632
v 60.427878 -0.096184 79.5485
v 60.257942 -0.097359 79.378564
v 60.04381 -0.106528 79.269458
v 59.806442 -0.122515 79.231862
v 59.569074 -0.137881 79.269458
v 59.354942 -0.144413 79.378564
v 59.185006 -0.146148 79.548501
v 59.0759 -0.152111 79.762634
v 59.038305 -0.153105 80.0
v 59.0759 -0.153105 80.237367
v 59.185006 -0.152111 80.4515
v 59.354942 -0.145407 80.621436
v 59.569074 -0.137881 80.730542
v 59.806442 -0.122515 80.768137
v 60.043809 -0.106528 80.730542
v 60.257942 -0.097359 80.621436
v 60.427878 -0.096184 80.451499
v 60.536984 -0.096184 80.237367
v 60.574579 -0.096184 80.0
v 59.806442 -1.41691 80.0
v 60.455788 1.226746 79.819595
v 60.358809 1.226748 79.629262
v 60.20776 1.226748 79.478214
v 60.017427 1.226748 79.381234
v 59.806442 1.226748 79.347817
v 59.595457 1.226748 79.381234
v 59.405124 1.226748 79.478215
v 59.254075 1.226748 79.62927
v 59.157096 1.226748 79.819603
v 59.123679 1.226748 80.030581
v 59.157096 1.226748 80.241566
v 59.254075 1.226748 80.431898
v 59.405124 1.226748 80.582947
v 59.595457 1.226748 80.679926
v 59.806442 1.226748 80.713344
v 60.017427 1.226748 80.679929
v 60.20776 1.226748 80.582943
v 60.358808 1.226748 80.431891
v 60.455788 1.226748 80.241565
v 60.489205 1.226748 80.03058
v 60.342629 4.604803 79.997757
v 60.25726 4.604803 79.830213
v 60.124296 4.604803 79.697249
v 59.956752 4.604803 79.61188
v 59.771027 4.604803 79.582465
v 59.585302 4.604803 79.61188
v 59.417758 4.604803 79.69725
v 59.284794 4.604803 79.830221
v 59.199425 4.604803 79.997765
v 59.170009 4.604803 80.183483
v 59.199425 4.604803 80.369207
v 59.284794 4.604803 80.536751
v 59.417758 4.604803 80.669715
v 59.585302 4.604803 80.755084
v 59.771027 4.604803 80.7845
v 59.956751 4.604803 80.755086
v 60.124296 4.604803 80.669711
v 60.25726 4.604803 80.536744
v 60.342628 4.604803 80.369206
v 60.372044 4.604803 80.183482
v 60.061422 9.693684 79.84771
v 59.977365 9.693684 79.682739
v 59.846444 9.693684 79.551819
v 59.681474 9.693684 79.467762
v 59.498603 9.693684 79.438798
v 59.315733 9.693684 79.467762
v 59.150763 9.693684 79.55182
v 59.019842 9.693684 79.682747
v 58.935785 9.693684 79.847717
v 58.906821 9.693684 80.030581
v 58.935785 9.693684 80.213451
v 59.019842 9.693684 80.378421
v 59.150763 9.693684 80.509342
v 59.315733 9.693684 80.593398
v 59.498603 9.693684 80.622363
v 59.681474 9.693684 80.593401
v 59.846444 9.693684 80.509338
v 59.977365 9.693684 80.378414
v 60.061421 9.693684 80.21345
v 60.090385 9.693684 80.03058
v 59.68411 14.450203 79.79987
v 59.592121 14.450201 79.61933
v 59.448844 14.450201 79.476053
v 59.268304 14.450201 79.384064
v 59.068174 14.450201 79.352366
v 58.868044 14.450201 79.384064
v 58.687504 14.450201 79.476054
v 58.544227 14.450201 79.619339
v 58.452237 14.450201 79.799878
v 58.42054 14.450201 80.000001
v 58.452237 14.450201 80.20013
v 58.544227 14.450201 80.380669
v 58.687504 14.450201 80.523947
v 58.868044 14.450201 80.615936
v 59.068174 14.450201 80.647634
v 59.268304 14.450201 80.615939
v 59.448843 14.450201 80.523942
v 59.59212 14.450201 80.380662
v 59.68411 14.450201 80.200129
v 59.715807 14.450201 80.0
v 59.434281 16.696335 79.792529
v 59.338917 16.696335 79.605366
v 59.190384 16.696335 79.456833
v 59.003221 16.696335 79.36147
v 58.79575 16.696335 79.328609
v 58.588279 16.696335 79.361469
v 58.401117 16.696335 79.456835
v 58.252584 16.696335 79.605375
v 58.15722 16.696335 79.792538
v 58.12436 16.696335 80.000001
v 58.15722 16.696335 80.207471
v 58.252584 16.696335 80.394633
v 58.401117 16.696335 80.543166
v 58.588279 16.696335 80.63853
v 58.79575 16.696335 80.671391
v 59.003222 16.696335 80.638533
v 59.190384 16.696335 80.543162
v 59.338916 16.696335 80.394625
v 59.434281 16.696335 80.20747
v 59.467141 16.696335 80.0
v 59.466595 17.234371 79.770522
v 59.391053 17.641647 79.795067
v 59.361116 17.234371 79.563507
v 59.296856 17.641647 79.610195
v 59.196828 17.234371 79.399219
v 59.150141 17.641647 79.463479
v 58.989813 17.234371 79.29374
v 58.965268 17.641647 79.369282
v 58.760335 17.234371 79.257394
v 58.760335 17.641647 79.336823
v 58.530858 17.234371 79.293739
v 58.555403 17.641647 79.36928
v 58.323843 17.234371 79.39922
v 58.37053 17.641647 79.463479
v 58.159555 17.234371 79.563519
v 58.223815 17.641647 79.610207
v 58.054076 17.234371 79.770534
v 58.129617 17.641647 79.795079
v 58.01773 17.234371 80.000002
v 58.097159 17.641647 80.000002
v 58.054075 17.234371 80.229478
v 58.129617 17.641647 80.204933
v 58.159555 17.234371 80.436492
v 58.223814 17.641647 80.389805
v 58.323843 17.234371 80.60078
v 58.37053 17.641647 80.536521
v 58.530857 17.234371 80.70626
v 58.555403 17.641647 80.630718
v 58.760335 17.234371 80.742606
v 58.760335 17.641647 80.66317599999999
v 58.989813 17.234371 80.706262
v 58.965268 17.641647 80.630719
v 59.196828 17.234371 80.600776
v 59.15014 17.641647 80.536518
v 59.361116 17.234371 80.436484
v 59.296856 17.641647 80.389797
v 59.466595 17.234371 80.229474
v 59.391053 17.641647 80.204928
v 59.502941 17.234371 80.0
v 59.423511 17.641647 79.999999
v 59.402665999999996 19.323862 79.811653
v 59.316092 19.323864 79.641742
v 59.18125 19.323864 79.506901
v 59.01134 19.323864 79.420327
v 58.822993 19.323864 79.390495
v 58.634645 19.323864 79.420325
v 58.464735 19.323864 79.5069
v 58.329893 19.323864 79.641753
v 58.24332 19.323864 79.811664
v 58.213489 19.323864 80.000002
v 58.24332 19.323864 80.188347
v 58.329893 19.323864 80.358258
v 58.464735 19.323864 80.493099
v 58.634645 19.323864 80.579673
v 58.822993 19.323864 80.609504
v 59.01134 19.323864 80.579674
v 59.18125 19.323864 80.493097
v 59.316092 19.323864 80.35825
v 59.402665999999996 19.323864 80.188343
v 59.432497 19.323864 79.999999
v 59.827047 24.656563 79.795915
v 59.733239 24.656563 79.611807
v 59.58713 24.656563 79.465698
v 59.403022 24.656563 79.371891
v 59.198937 24.656563 79.339566
v 58.994852 24.656563 79.371889
v 58.810744 24.656563 79.465698
v 58.664636 24.656563 79.611819
v 58.570828 24.656563 79.795927
v 58.538504 24.656563 80.000002
v 58.570828 24.656563 80.204085
v 58.664635 24.656563 80.388193
v 58.810744 24.656563 80.534301
v 58.994852 24.656563 80.628109
v 59.198937 24.656563 80.660433
v 59.403022 24.656563 80.628111
v 59.58713 24.656563 80.534299
v 59.733239 24.656563 80.388185
v 59.827046 24.656563 80.204081
v 59.85937 24.656563 80.0
v 59.899079 25.886551 79.792869
v 59.899079 30.714127 79.792869
v 59.803871 25.886555 79.606013
v 59.803871 30.714128 79.606013
v 59.655581 25.886555 79.457723
v 59.655581 30.714128 79.457723
v 59.468726 25.886555 79.362516
v 59.468726 30.714128 79.362516
v 59.261595 25.886555 79.329709
v 59.261595 30.714128 79.329709
v 59.054464 25.886555 79.362514
v 59.054464 30.714128 79.362514
v 58.867608 25.886555 79.457724
v 58.867608 30.714128 79.457725
v 58.719319 25.886555 79.606024
v 58.719319 30.714128 79.606023
v 58.62411 25.886555 79.792879
v 58.62411 30.714128 79.792877
v 58.591305 25.886555 80.000002
v 58.591305 30.714128 80.000002
v 58.62411 25.886555 80.207133
v 58.62411 30.714128 80.207135
v 58.719318 25.886555 80.393987
v 58.719318 30.714128 80.393987
v 58.867608 25.886555 80.542274
v 58.867608 30.714128 80.542272
v 59.054464 25.886555 80.637484
v 59.054464 30.714128 80.637483
v 59.261595 25.886555 80.670291
v 59.261595 30.714128 80.670291
v 59.468726 25.886555 80.637486
v 59.468726 30.714128 80.637486
v 59.655581 25.886555 80.542273
v 59.655581 30.714128 80.542273
v 59.803871 25.886555 80.393979
v 59.803871 30.714128 80.393979
v 59.899079 25.886555 80.207129
v 59.899079 30.714128 80.207131
v 59.931885 25.886555 80.000002
v 59.931885 30.714128 80.000004
v 60.227019 66.059853 79.716887
v 60.096885 66.059853 79.461484
v 59.355857 66.067513 80.000001
v 59.894197 66.059853 79.258797
v 59.638796 66.059853 79.128663
v 59.355682 66.059853 79.083822
v 59.072567 66.059853 79.128661
v 58.817166 66.059853 79.258799
v 58.614478 66.059853 79.461498
v 58.484344 66.059853 79.716896
v 58.439504 66.059853 80.000003
v 58.484344 66.059853 80.28312
v 58.614478 66.059853 80.538516
v 58.817165 66.059853 80.741198
v 59.072567 66.059853 80.871336
v 59.355682 66.059853 80.916178
v 59.638796 66.059853 80.871339
v 59.894197 66.059853 80.741199
v 60.096885 66.059853 80.538506
v 60.227018 66.059853 80.283115
v 60.271859 66.059853 80.000006
v 59.273202 58.007668 80.713813
v 59.052621 58.007668 80.678876
v 58.853633 58.007668 80.577482
v 58.695714 58.007668 80.419569
v 58.594325 58.007668 80.220585
v 58.559389 58.007668 80.000002
v 58.594325 58.007668 79.779428
v 58.695715 58.007668 79.580442
v 58.853633 58.007668 79.422515
v 59.052621 58.007668 79.321122
v 59.273202 58.007668 79.286186
v 59.493782 58.007668 79.321123
v 59.692771 58.007668 79.422513
v 59.850689 58.007668 79.580431
v 59.952079 58.007668 79.77942
v 59.987015 58.007668 80.000005
v 59.952078 58.007668 80.220581
v 59.850689 58.007668 80.419561
v 59.692771 58.007668 80.577484
v 59.493782 58.007668 80.678878
v 59.6445 65.507782 80.92786100000001
v 59.343021 65.507782 80.975608
v 59.041541 65.507782 80.927858
v 58.769572 65.507782 80.789277
v 58.553736 65.507782 80.573448
v 58.415162 65.507782 80.301486
v 58.367413 65.507782 80.000003
v 58.415162 65.507782 79.698532
v 58.553737 65.507782 79.426566
v 58.769572 65.507782 79.210719
v 59.041541 65.507782 79.07213899999999
v 59.343021 65.507782 79.024391
v 59.6445 65.507782 79.072141
v 59.916469 65.507782 79.210716
v 60.132304 65.507782 79.426552
v 60.27088 65.507782 79.698521
v 60.318629 65.507782 80.000006
v 60.270879 65.507782 80.30148
v 60.132304 65.507782 80.573437
v 59.916469 65.507782 80.789279
v 59.33807 17.076366 79.580251
v 59.421951 17.234373 79.66289
v 59.439504 17.076366 79.779325
v 59.33807 17.392378 79.580251
v 59.351184 17.641645 79.698947
v 59.439504 17.392378 79.779325
v 59.180084 17.076366 79.422265
v 59.285397 17.234373 79.474939
v 59.180084 17.392378 79.422265
v 59.229236 17.641645 79.531099
v 58.98101 17.076366 79.320832
v 59.097445 17.234373 79.338384
v 58.98101 17.392378 79.320832
v 59.061388 17.641645 79.409151
v 58.760335 17.076366 79.28588
v 58.876495 17.234373 79.266593
v 58.760335 17.392378 79.28588
v 58.864071 17.641645 79.345039
v 58.53966 17.076366 79.320831
v 58.644175 17.234373 79.266593
v 58.53966 17.392378 79.32083
v 58.6566 17.641645 79.345038
v 58.340586 17.076366 79.422266
v 58.423225 17.234373 79.338383
v 58.340586 17.392378 79.422265
v 58.459283 17.641645 79.409149
v 58.1826 17.076366 79.580261
v 58.235274 17.234373 79.474945
v 58.1826 17.392378 79.580263
v 58.291435 17.641645 79.531105
v 58.081167 17.076366 79.779335
v 58.09872 17.234373 79.662903
v 58.081167 17.392378 79.779337
v 58.169487 17.641645 79.698961
v 58.046216 17.076366 80.000001
v 58.026929 17.234373 79.883846
v 58.046216 17.392378 80.000002
v 58.105374 17.641645 79.896271
v 58.081167 17.076366 80.220675
v 58.026929 17.234373 80.11616
v 58.081167 17.392378 80.220675
v 58.105374 17.641645 80.103736
v 58.1826 17.076366 80.419749
v 58.098719 17.234373 80.33711
v 58.1826 17.392378 80.419749
v 58.169486 17.641645 80.301052
v 58.340586 17.076366 80.577735
v 58.235274 17.234373 80.525061
v 58.340586 17.392378 80.577735
v 58.291435 17.641645 80.4689
v 58.53966 17.076366 80.679168
v 58.423225 17.234373 80.661615
v 58.53966 17.392378 80.679168
v 58.459283 17.641645 80.590849
v 58.760335 17.076366 80.71412
v 58.644175 17.234373 80.733406
v 58.760335 17.392378 80.71412
v 58.6566 17.641645 80.654961
v 58.98101 17.076366 80.679171
v 58.876495 17.234373 80.733408
v 58.98101 17.392378 80.67917
v 58.864071 17.641645 80.654962
v 59.180084 17.076366 80.577731
v 59.097445 17.234373 80.661615
v 59.180084 17.392378 80.577731
v 59.061388 17.641645 80.590849
v 59.33807 17.076366 80.41974
v 59.285396 17.234373 80.525053
v 59.33807 17.392378 80.41974
v 59.229236 17.641645 80.468894
v 59.439503 17.076366 80.220673
v 59.421951 17.234373 80.337103
v 59.439503 17.392378 80.220671
v 59.351184 17.641645 80.301046
v 59.474455 17.076366 80.0
v 59.493742 17.234373 80.116159
v 59.474455 17.392378 79.999999
v 59.415296 17.641645 80.103734
v 59.493742 17.234373 79.88384
v 59.415296 17.641645 79.896264
v 59.265397 18.073437 79.633051
v 59.366024 19.323862 79.723312
v 59.354071 18.073437 79.807084
v 59.127284 18.073437 79.494939
v 59.253944 19.323862 79.569048
v 58.953252 18.073437 79.406265
v 59.099681 19.323862 79.456969
v 58.760335 18.073437 79.375709
v 58.918333 19.323862 79.398046
v 58.567419 18.073437 79.406263
v 58.727653000000004 19.323862 79.398045
v 58.393387 18.073437 79.494938
v 58.546305 19.323862 79.456967
v 58.255274 18.073437 79.633063
v 58.392041 19.323862 79.569054
v 58.1666 18.073437 79.807095
v 58.279962 19.323862 79.723325
v 58.136045 18.073437 80.000002
v 58.221039 19.323862 79.904666
v 58.1666 18.073437 80.192916
v 58.221039 19.323862 80.09534
v 58.255274 18.073437 80.366948
v 58.279962 19.323862 80.276688
v 58.393387 18.073437 80.505061
v 58.392041 19.323862 80.430951
v 58.567419 18.073437 80.593735
v 58.546305 19.323862 80.543031
v 58.760335 18.073437 80.62429
v 58.727653000000004 19.323862 80.601954
v 58.953252 18.073437 80.593736
v 58.918333 19.323862 80.601955
v 59.127284 18.073437 80.505059
v 59.099681 19.323862 80.54303
v 59.265397 18.073437 80.366941
v 59.253944 19.323862 80.430946
v 59.35407 18.073437 80.192912
v 59.366023 19.323862 80.276681
v 59.384625 18.073437 79.999999
v 59.424947 19.323862 80.095338
v 59.424947 19.323862 79.90466
v 59.521343 22.02903 79.629189
v 59.787343 24.656559 79.700193
v 59.61095 22.02903 79.805053
v 59.381776 22.02903 79.489622
v 59.665898 24.656559 79.533039
v 59.205912 22.02903 79.400015
v 59.498745 24.656559 79.411595
v 59.010965 22.02903 79.369138
v 59.302244 24.656559 79.347748
v 58.816018 22.02903 79.400013
v 59.095631 24.656559 79.347747
v 58.640154 22.02903 79.489622
v 58.89913 24.656559 79.411593
v 58.500587 22.02903 79.6292
v 58.731976 24.656559 79.533045
v 58.41098 22.02903 79.805065
v 58.610532 24.656559 79.700206
v 58.380104 22.02903 80.000002
v 58.546685 24.656559 79.8967
v 58.41098 22.02903 80.194947
v 58.546685 24.656559 80.103307
v 58.500587 22.02903 80.370811
v 58.610532 24.656559 80.299808
v 58.640154 22.02903 80.510378
v 58.731976 24.656559 80.466961
v 58.816018 22.02903 80.599985
v 58.89913 24.656559 80.588405
v 59.010965 22.02903 80.630862
v 59.095631 24.656559 80.652252
v 59.205912 22.02903 80.599986
v 59.302244 24.656559 80.652253
v 59.381776 22.02903 80.510375
v 59.498745 24.656559 80.588405
v 59.521343 22.02903 80.370803
v 59.665898 24.656559 80.466955
v 59.61095 22.02903 80.194943
v 59.787342 24.656559 80.2998
v 59.641827 22.02903 79.999999
v 59.851189 24.656559 80.103305
v 59.85119 24.656559 79.896694
v 59.803871 25.674063 79.606013
v 59.858782 25.886555 79.695718
v 59.899079 25.674063 79.792869
v 59.803871 26.099041 79.606013
v 59.858782 30.714127 79.695718
v 59.899079 26.099041 79.792869
v 59.655581 25.674063 79.457723
v 59.735525 25.886555 79.526069
v 59.655581 26.099041 79.457723
v 59.735525 30.714127 79.526069
v 59.468726 25.674063 79.362516
v 59.565877 25.886555 79.402813
v 59.468726 26.099041 79.362516
v 59.565877 30.714127 79.402813
v 59.261595 25.674063 79.329709
v 59.366443 25.886555 79.338013
v 59.261595 26.099041 79.329709
v 59.366443 30.714127 79.338013
v 59.054463 25.674063 79.362514
v 59.156746 25.886555 79.338012
v 59.054463 26.099041 79.362514
v 59.156746 30.714127 79.338012
v 58.867608 25.674063 79.457724
v 58.957312 25.886555 79.402811
v 58.867608 26.099041 79.457725
v 58.957312 30.714127 79.402812
v 58.719319 25.674063 79.606025
v 58.787664 25.886555 79.526075
v 58.719319 26.099041 79.606023
v 58.787664 30.714127 79.526075
v 58.62411 25.674063 79.79288
v 58.664407 25.886555 79.69573
v 58.62411 26.099041 79.792878
v 58.664407 30.714127 79.695728
v 58.591305 25.674063 80.000002
v 58.599607 25.886555 79.895157
v 58.591305 26.099041 80.000002
v 58.599607 30.714127 79.895156
v 58.62411 25.674063 80.207132
v 58.599607 25.886555 80.10485
v 58.62411 26.099041 80.207134
v 58.599607 30.714127 80.104851
v 58.719318 25.674063 80.393987
v 58.664407 25.886555 80.304283
v 58.719318 26.099041 80.393987
v 58.664407 30.714127 80.304285
v 58.867608 25.674063 80.542275
v 58.787664 25.886555 80.473929
v 58.867608 26.099041 80.542273
v 58.787664 30.714127 80.473928
v 59.054463 25.674063 80.637484
v 58.957312 25.886555 80.597186
v 59.054463 26.099041 80.637483
v 58.957312 30.714127 80.597185
v 59.261595 25.674063 80.670291
v 59.156746 25.886555 80.661987
v 59.261595 26.099041 80.670291
v 59.156746 30.714127 80.661987
v 59.468726 25.674063 80.637486
v 59.366443 25.886555 80.661988
v 59.468726 26.099041 80.637486
v 59.366443 30.714127 80.661988
v 59.655581 25.674063 80.542273
v 59.565877 25.886555 80.597187
v 59.655581 26.099041 80.542273
v 59.565877 30.714127 80.597187
v 59.803871 25.674063 80.393979
v 59.735525 25.886555 80.473924
v 59.803871 26.099041 80.393979
v 59.735525 30.714127 80.473924
v 59.899079 25.674063 80.207128
v 59.858782 25.886555 80.304276
v 59.899079 26.099041 80.20713
v 59.858782 30.714127 80.304278
v 59.931885 25.674063 80.000001
v 59.923582 25.886555 80.104849
v 59.931885 26.099041 80.000003
v 59.923582 30.714127 80.104852
v 59.923582 25.886555 79.895153
v 59.923582 30.714127 79.895154
v 59.803871 44.134396 79.606013
v 59.909166 58.007675 79.67596
v 59.899079 44.134396 79.79287
v 59.655581 44.134396 79.457723
v 59.777905 58.007675 79.495296
v 59.468726 44.134396 79.362516
v 59.597241 58.007675 79.364036
v 59.261595 44.134396 79.329709
v 59.384858 58.007675 79.295029
v 59.054463 44.134396 79.362514
v 59.161546 58.007675 79.295028
v 58.867608 44.134396 79.457725
v 58.949162 58.007675 79.364036
v 58.719319 44.134396 79.606023
v 58.768498 58.007675 79.495303
v 58.62411 44.134396 79.792877
v 58.637239 58.007675 79.675971
v 58.591305 44.134396 80.000002
v 58.568231 58.007675 79.888348
v 58.62411 44.134396 80.207135
v 58.568231 58.007675 80.111659
v 58.719318 44.134396 80.393987
v 58.637237999999996 58.007675 80.324042
v 58.867608 44.134396 80.542272
v 58.768498 58.007675 80.5047
v 59.054463 44.134396 80.637483
v 58.949162 58.007675 80.63596
v 59.261595 44.134396 80.670291
v 59.161546 58.007675 80.704971
v 59.468726 44.134396 80.637486
v 59.384858 58.007675 80.704972
v 59.655581 44.134396 80.542273
v 59.597241 58.007675 80.635963
v 59.803871 44.134396 80.393979
v 59.777905 58.007675 80.504697
v 59.899079 44.134396 80.207131
v 59.909165 58.007675 80.324035
v 59.931885 44.134396 80.000004
v 59.978173 58.007675 80.11166
v 59.978173 58.007675 79.888347
v 59.308024 63.981766 80.844382
v 59.190414 65.50779 80.963523
v 59.047095 63.981766 80.803053
v 58.900138 65.50779 80.869202
v 58.811708 63.981766 80.683113
v 58.653214 65.50779 80.689802
v 58.624904 63.981766 80.496315
v 58.473814 65.50779 80.442887
v 58.504969 63.981766 80.260934
v 58.379498 65.50779 80.152611
v 58.463642 63.981766 80.000002
v 58.379498 65.50779 79.847399
v 58.504969 63.981766 79.739082
v 58.473814 65.50779 79.557132
v 58.624905 63.981766 79.503697
v 58.653214 65.50779 79.310203
v 58.811708 63.981766 79.316883
v 58.900138 65.50779 79.130792
v 59.047095 63.981766 79.196943
v 59.190414 65.50779 79.036475
v 59.308024 63.981766 79.155618
v 59.495627999999996 65.50779 79.036477
v 59.568952 63.981766 79.196945
v 59.785904 65.50779 79.130793
v 59.804338 63.981766 79.316881
v 60.032827 65.50779 79.310194
v 59.991143 63.981766 79.503685
v 60.212228 65.50779 79.557117
v 60.111078 63.981766 79.739073
v 60.306544 65.50779 79.847397
v 60.152405 63.981766 80.000006
v 60.306543 65.50779 80.152612
v 60.111078 63.981766 80.260929
v 60.212227 65.50779 80.442876
v 59.991142 63.981766 80.496305
v 60.032827 65.50779 80.689797
v 59.804338 63.981766 80.683115
v 59.785904 65.50779 80.869206
v 59.568952 63.981766 80.803056
v 59.495627999999996 65.50779 80.963525
v 59.670694 66.03688 80.971132
v 59.355155 66.03688 81.021107
v 59.039615 66.03688 80.971129
v 58.754963000000004 66.03688 80.826086
v 58.529062 66.03688 80.600191
v 58.384025 66.03688 80.315546
v 58.334049 66.03688 80.000003
v 58.384025 66.03688 79.684473
v 58.529063 66.03688 79.399824
v 58.754963000000004 66.03688 79.17391
v 59.039615 66.03688 79.028868
v 59.355155 66.03688 78.978893
v 59.670694 66.03688 79.02887
v 59.955346 66.03688 79.173908
v 60.181247 66.03688 79.399809
v 60.326285 66.03688 79.684462
v 60.376261 66.03688 80.000007
v 60.326284 66.03688 80.31554
v 60.181247 66.03688 80.60018
v 59.955346 66.03688 80.826088
v 60.418353 -1.028631 79.688216
v 60.437858 -0.643344 79.54125
v 60.490805 -0.096184 79.6513
v 60.548716 -0.643344 79.758821
v 60.292057 -1.028631 79.514385
v 60.265192 -0.648042 79.368584
v 60.349556 -0.096184 79.456886
v 60.118226 -1.054942 79.388089
v 60.047621 -0.684718 79.257726
v 60.155142 -0.100883 79.315637
v 59.913875 -1.128773 79.321692
v 59.806442 -0.748666 79.219527
v 59.926596 -0.114067 79.241378
v 59.699008 -1.222971 79.321692
v 59.565263 -0.810129 79.257726
v 59.686288 -0.130888 79.241378
v 59.494658 -1.286255 79.388089
v 59.347692 -0.836257 79.368584
v 59.457742 -0.142189 79.315637
v 59.320827 -1.302861 79.514385
v 59.175026 -0.843198 79.54125
v 59.263328 -0.145154 79.456887
v 59.194531 -1.325124 79.688216
v 59.064168 -0.867051 79.758821
v 59.122079 -0.14913 79.651301
v 59.128134 -1.347387 79.892567
v 59.025969 -0.871026 80.0
v 59.04782 -0.153105 79.879847
v 59.128134 -1.347387 80.107433
v 59.064168 -0.871026 80.241179
v 59.04782 -0.153105 80.120154
v 59.194531 -1.347387 80.311784
v 59.175026 -0.867051 80.45875
v 59.122079 -0.153105 80.3487
v 59.320827 -1.325124 80.485615
v 59.347692 -0.840232 80.631416
v 59.263328 -0.14913 80.543113
v 59.494658 -1.286255 80.611911
v 59.565263 -0.810129 80.742274
v 59.457742 -0.142189 80.684363
v 59.699009 -1.222971 80.678308
v 59.806442 -0.748666 80.780473
v 59.686288 -0.130888 80.758622
v 59.913875 -1.128773 80.678308
v 60.047621 -0.684718 80.742273
v 59.926596 -0.114067 80.758622
v 60.118226 -1.054942 80.61191
v 60.265192 -0.648042 80.631415
v 60.155142 -0.100883 80.684363
v 60.292057 -1.028631 80.485615
v 60.437857 -0.643344 80.45875
v 60.349555 -0.096184 80.543112
v 60.418352 -1.028631 80.311784
v 60.548715 -0.643344 80.241179
v 60.490805 -0.096184 80.3487
v 60.48475 -1.028631 80.107433
v 60.586914 -0.643344 80.0
v 60.565064 -0.096184 80.120154
v 60.48475 -1.028631 79.892567
v 60.565064 -0.096184 79.879846
v 60.288382 -1.278228 79.843408
v 60.216405 -1.278228 79.702145
v 60.104297 -1.290005 79.590037
v 59.963034 -1.337085 79.51806
v 59.806442 -1.416372 79.493258
v 59.64985 -1.490865 79.51806
v 59.508587 -1.528049 79.590037
v 59.396479 -1.545447 79.702145
v 59.324502 -1.567286 79.843408
v 59.2997 -1.577251 80.0
v 59.324502 -1.577251 80.156592
v 59.396479 -1.567286 80.297855
v 59.508587 -1.538014 80.409963
v 59.64985 -1.490865 80.48194
v 59.806442 -1.416372 80.506742
v 59.963034 -1.337085 80.48194
v 60.104297 -1.290005 80.409963
v 60.216405 -1.278228 80.297855
v 60.288382 -1.278228 80.156592
v 60.313184 -1.278228 80.0
v 60.157398 66.05648 79.591466
v 59.893602 66.067505 79.609306
v 59.988014 66.067505 79.794601
v 59.991911 66.05648 79.363693
v 59.746552 66.067505 79.462255
v 59.764138 66.05648 79.198206
v 59.561257 66.067505 79.367843
v 59.496376 66.05648 79.111205
v 59.355857 66.067505 79.335311
v 59.214833 66.05648 79.111204
v 59.150457 66.067505 79.367842
v 58.94707 66.05648 79.198205
v 58.965163 66.067505 79.462258
v 58.719297 66.05648 79.363701
v 58.818112 66.067505 79.609314
v 58.553811 66.05648 79.591479
v 58.7237 66.067505 79.794607
v 58.466809 66.05648 79.859235
v 58.691168 66.067505 80.000004
v 58.466809 66.05648 80.140775
v 58.7237 66.067505 80.205404
v 58.55381 66.05648 80.408538
v 58.818112 66.067505 80.390695
v 58.719297 66.05648 80.636303
v 58.965162 66.067505 80.537742
v 58.94707 66.05648 80.80179
v 59.150457 66.067505 80.632156
v 59.214833 66.05648 80.888795
v 59.355857 66.067505 80.66469
v 59.496376 66.05648 80.888797
v 59.561257 66.067505 80.632158
v 59.764138 66.05648 80.801794
v 59.746552 66.067505 80.537742
v 59.991911 66.05648 80.636299
v 59.893602 66.067505 80.390689
v 60.157398 66.05648 80.408529
v 59.988014 66.067505 80.2054
v 60.244399 66.05648 80.140776
v 60.020546 66.067505 80.000004
v 60.244399 66.05648 79.859233
v 60.39794 0.420374 79.570251
v 60.414741 1.226747 79.720636
v 60.50179 0.420373 79.774068
v 60.23619 0.420375 79.408502
v 60.289191 1.226748 79.547831
v 60.032374 0.420375 79.304652
v 60.116386 1.226748 79.422281
v 59.806442 0.420375 79.268868
v 59.913241 1.226748 79.356275
v 59.58051 0.420375 79.304652
v 59.699643 1.226748 79.356275
v 59.376693 0.420375 79.408503
v 59.496498 1.226748 79.422281
v 59.214944 0.420375 79.570256
v 59.323693 1.226748 79.547835
v 59.111094 0.420375 79.774072
v 59.198143 1.226748 79.720645
v 59.07531 0.420375 80.000001
v 59.132137 1.226748 79.923785
v 59.111094 0.420375 80.225932
v 59.132137 1.226748 80.13738
v 59.214944 0.420375 80.429748
v 59.198143 1.226748 80.340524
v 59.376694 0.420375 80.591498
v 59.323693 1.226748 80.513329
v 59.58051 0.420375 80.695347
v 59.496498 1.226748 80.63888
v 59.806442 0.420375 80.731132
v 59.699643 1.226748 80.704885
v 60.032374 0.420375 80.695349
v 59.913241 1.226748 80.704887
v 60.23619 0.420375 80.591496
v 60.116386 1.226748 80.63888
v 60.39794 0.420375 80.429744
v 60.289191 1.226748 80.513323
v 60.501789 0.420375 80.225931
v 60.414741 1.226748 80.34052
v 60.537573 0.420374 80.0
v 60.480747 1.226748 80.13738
v 60.480747 1.226747 79.923781
v 60.32125 2.643352 79.748291
v 60.306496 4.604804 79.910647
v 60.411635 2.64335 79.925682
v 60.180472 2.643352 79.607513
v 60.195978 4.604804 79.758531
v 60.003081 2.643352 79.517128
v 60.043862 4.604804 79.648013
v 59.806442 2.643352 79.485983
v 59.86504 4.604804 79.58991
v 59.609803 2.643352 79.517128
v 59.677014 4.604804 79.58991
v 59.432412 2.643352 79.607514
v 59.498192 4.604804 79.648013
v 59.291634 2.643352 79.748299
v 59.346076 4.604804 79.758536
v 59.201249 2.643352 79.92569
v 59.235558 4.604804 79.910656
v 59.170104 2.643352 80.122323
v 59.177455 4.604804 80.089474
v 59.201249 2.643352 80.318961
v 59.177455 4.604804 80.277495
v 59.291634 2.643352 80.496351
v 59.235557 4.604804 80.456317
v 59.432412 2.643352 80.63713
v 59.346076 4.604804 80.608433
v 59.609803 2.643352 80.727515
v 59.498192 4.604804 80.718951
v 59.806442 2.643352 80.75866
v 59.677014 4.604804 80.777054
v 60.003081 2.643352 80.727517
v 59.865039 4.604804 80.777057
v 60.180472 2.643352 80.637125
v 60.043862 4.604804 80.718951
v 60.32125 2.643352 80.496344
v 60.195978 4.604804 80.608426
v 60.411635 2.643352 80.318959
v 60.306496 4.604804 80.456313
v 60.44278 2.643352 80.122321
v 60.364599 4.604804 80.277495
v 60.364599 4.604804 80.089469
v 60.138834 7.045722 79.777902
v 60.025845 9.693683 79.761937
v 60.222064 7.045722 79.941249
v 60.009201 7.045722 79.648269
v 59.917024 9.693683 79.612159
v 59.845854 7.045722 79.565039
v 59.767246 9.693683 79.503339
v 59.664782 7.045722 79.53636
v 59.591171 9.693683 79.446129
v 59.48371 7.045722 79.565039
v 59.406035 9.693683 79.446129
v 59.320362 7.045722 79.64827
v 59.22996 9.693683 79.503339
v 59.190729 7.045722 79.777909
v 59.080182 9.693683 79.612164
v 59.1075 7.045722 79.941257
v 58.971362 9.693683 79.761946
v 59.078821 7.045722 80.122322
v 58.914152 9.693683 79.938017
v 59.107499 7.045722 80.303393
v 58.914152 9.693683 80.123148
v 59.190729 7.045722 80.466741
v 58.971362 9.693683 80.299223
v 59.320362 7.045722 80.596374
v 59.080182 9.693683 80.449001
v 59.48371 7.045722 80.679604
v 59.22996 9.693683 80.557821
v 59.664782 7.045722 80.708283
v 59.406035 9.693683 80.615032
v 59.845854 7.045722 80.679606
v 59.591171 9.693683 80.615034
v 60.009201 7.045722 80.59637
v 59.767246 9.693683 80.557821
v 60.138834 7.045722 80.466734
v 59.917024 9.693683 80.448995
v 60.222064 7.045722 80.303392
v 60.025844 9.693683 80.299219
v 60.250743 7.045722 80.122321
v 60.083055 9.693683 80.123148
v 60.083055 9.693683 79.938012
v 59.784245 12.276262 79.636107
v 59.645176 14.450203 79.706003
v 59.872181 12.276262 79.80869
v 59.647282 12.276262 79.499144
v 59.526085 14.450203 79.542089
v 59.474699 12.276262 79.411208
v 59.362171000000004 14.450203 79.422998
v 59.283389 12.276262 79.380908
v 59.169478 14.450203 79.360389
v 59.092078 12.276262 79.411208
v 58.966869 14.450203 79.360389
v 58.919495 12.276262 79.499145
v 58.774177 14.450203 79.422998
v 58.782532 12.276262 79.636114
v 58.610263 14.450203 79.542094
v 58.694597 12.276262 79.808698
v 58.491172 14.450203 79.706012
v 58.664296 12.276262 80.000001
v 58.428563 14.450203 79.8987
v 58.694597 12.276262 80.19131
v 58.428563 14.450203 80.101304
v 58.782532 12.276262 80.363893
v 58.491172 14.450203 80.293997
v 58.919495 12.276262 80.500856
v 58.610263 14.450203 80.457911
v 59.092078 12.276262 80.588792
v 58.774177 14.450203 80.577002
v 59.283389 12.276262 80.619093
v 58.966869 14.450203 80.639611
v 59.474699 12.276262 80.58879400000001
v 59.169478 14.450203 80.639613
v 59.647282 12.276262 80.500852
v 59.362171000000004 14.450203 80.577001
v 59.784245 12.276262 80.363886
v 59.526085 14.450203 80.457904
v 59.87218 12.276262 80.191309
v 59.645175 14.450203 80.293992
v 59.902481 12.276262 80.0
v 59.707785 14.450203 80.101304
v 59.707785 14.450203 79.898696
v 59.433639 15.872253 79.613738
v 59.393918 16.696335 79.695218
v 59.52698 15.872253 79.79693
v 59.288257 15.872253 79.468356
v 59.270459 16.696335 79.525291
v 59.105065 15.872253 79.375015
v 59.100532 16.696335 79.401832
v 58.901996 15.872253 79.342852
v 58.900771 16.696335 79.336926
v 58.698926 15.872253 79.375015
v 58.69073 16.696335 79.336926
v 58.515734 15.872253 79.468358
v 58.490969 16.696335 79.401832
v 58.370352 15.872253 79.613747
v 58.321042 16.696335 79.525297
v 58.277011 15.872253 79.796939
v 58.197583 16.696335 79.695229
v 58.244848 15.872253 80.000001
v 58.132677 16.696335 79.894984
v 58.277011 15.872253 80.20307
v 58.132677 16.696335 80.10502
v 58.370352 15.872253 80.386261
v 58.197583 16.696335 80.304781
v 58.515734 15.872253 80.531643
v 58.321042 16.696335 80.474708
v 58.698926 15.872253 80.624984
v 58.490969 16.696335 80.598167
v 58.901996 15.872253 80.657148
v 58.69073 16.696335 80.663074
v 59.105065 15.872253 80.624987
v 58.900771 16.696335 80.663076
v 59.288257 15.872253 80.531639
v 59.100532 16.696335 80.598167
v 59.433639 15.872253 80.386254
v 59.270459 16.696335 80.474701
v 59.52698 15.872253 80.203068
v 59.393918 16.696335 80.304776
v 59.559143 15.872253 80.0
v 59.458824 16.696335 80.10502
v 59.458824 16.696335 79.894979
v 60.501795 -0.643344 79.6457
v 60.358277 -0.643344 79.448165
v 60.160742 -0.662137 79.304647
v 59.928525 -0.714873 79.229195
v 59.684358 -0.782158 79.229195
v 59.452142 -0.827361 79.304647
v 59.254607 -0.839222 79.448165
v 59.111089 -0.855124 79.6457
v 59.035637 -0.871026 79.877917
v 59.035637 -0.871026 80.122083
v 59.111089 -0.871026 80.3543
v 59.254607 -0.855124 80.551835
v 59.452142 -0.827361 80.695353
v 59.684358 -0.782158 80.770805
v 59.928525 -0.714873 80.770804
v 60.160742 -0.662137 80.695353
v 60.358277 -0.643344 80.551835
v 60.501795 -0.643344 80.3543
v 60.577246 -0.643344 80.122083
v 60.577247 -0.643344 79.877917
v 60.270011 -1.276119 79.7638
v 60.174332 -1.276119 79.63211
v 60.042642 -1.301176 79.536431
v 59.887831 -1.371491 79.48613
v 59.725053 -1.461204 79.48613
v 59.570242 -1.521475 79.536431
v 59.438552 -1.53729 79.63211
v 59.342873 -1.558493 79.7638
v 59.292572 -1.579695 79.918611
v 59.292572 -1.579695 80.081389
v 59.342873 -1.579695 80.2362
v 59.438552 -1.558493 80.36789
v 59.570242 -1.521475 80.463569
v 59.725053 -1.461204 80.51387
v 59.887831 -1.371491 80.51387
v 60.042642 -1.301176 80.463569
v 60.174332 -1.276119 80.36789
v 60.27001 -1.276119 80.2362
v 60.320312 -1.276119 80.081389
v 60.320312 -1.276119 79.918611
v 59.963917 66.067505 79.690179
v 59.838416 66.067505 79.517442
v 59.665679 66.067505 79.391941
v 59.462615 66.067505 79.325961
v 59.2491 66.067505 79.32596
v 59.046035 66.067505 79.39194
v 58.873299 66.067505 79.517448
v 58.747798 66.067505 79.690189
v 58.681818 66.067505 79.893248
v 58.681818 66.067505 80.106761
v 58.747797 66.067505 80.309825
v 58.873298 66.067505 80.482556
v 59.046035 66.067505 80.608057
v 59.2491 66.067505 80.674039
v 59.462615 66.067505 80.674041
v 59.665679 66.067505 80.60806
v 59.838416 66.067505 80.482553
v 59.963916 66.067505 80.309818
v 60.029896 66.067505 80.106761
v 60.029896 66.067505 79.893246
v 60.457835 0.420374 79.668099
v 60.323391 0.420375 79.483051
v 60.138343 0.420375 79.348607
v 59.920807 0.420375 79.277925
v 59.692077 0.420375 79.277925
v 59.474541 0.420375 79.348607
v 59.289494 0.420375 79.483054
v 59.155049 0.420375 79.668104
v 59.084367 0.420375 79.885637
v 59.084367 0.420375 80.114365
v 59.155049 0.420375 80.331901
v 59.289493 0.420375 80.516948
v 59.474541 0.420375 80.651393
v 59.692077 0.420375 80.722075
v 59.920807 0.420375 80.722076
v 60.138343 0.420375 80.651393
v 60.32339 0.420375 80.516945
v 60.457835 0.420375 80.331899
v 60.528517 0.420375 80.114365
v 60.528517 0.420374 79.885635
v 60.37338 2.643351 79.833452
v 60.256366 2.643352 79.672397
v 60.095311 2.643352 79.555384
v 59.90598 2.643352 79.493866
v 59.706904 2.643352 79.493866
v 59.517573 2.643352 79.555384
v 59.356518 2.643352 79.672402
v 59.239504 2.643352 79.833461
v 59.177987 2.643352 80.022789
v 59.177987 2.643352 80.221859
v 59.239504 2.643352 80.411191
v 59.356518 2.643352 80.572246
v 59.517573 2.643352 80.689259
v 59.706904 2.643352 80.750777
v 59.905979 2.643352 80.750779
v 60.095311 2.643352 80.689259
v 60.256366 2.643352 80.572239
v 60.37338 2.643352 80.411186
v 60.434897 2.643352 80.221859
v 60.434897 2.643351 80.022784
v 60.186837 7.045722 79.856321
v 60.079087 7.045722 79.708016
v 59.930782 7.045722 79.600266
v 59.756439 7.045722 79.543619
v 59.573124 7.045722 79.543619
v 59.398781 7.045722 79.600266
v 59.250476 7.045722 79.70802
v 59.142727 7.045722 79.85633
v 59.086079 7.045722 80.030668
v 59.086079 7.045722 80.213979
v 59.142727 7.045722 80.388322
v 59.250476 7.045722 80.536627
v 59.398781 7.045722 80.644377
v 59.573124 7.045722 80.701024
v 59.756439 7.045722 80.701026
v 59.930782 7.045722 80.644377
v 60.079087 7.045722 80.53662
v 60.186837 7.045722 80.388318
v 60.243484 7.045722 80.213979
v 60.243484 7.045722 80.030664
v 59.834962 12.276262 79.718959
v 59.72112 12.276262 79.562269
v 59.564429 12.276262 79.448427
v 59.380229 12.276262 79.388577
v 59.186549 12.276262 79.388577
v 59.002348 12.276262 79.448427
v 58.845658 12.276262 79.562274
v 58.731816 12.276262 79.718969
v 58.671965 12.276262 79.903165
v 58.671965 12.276262 80.09684
v 58.731816 12.276262 80.28104
v 58.845658 12.276262 80.437731
v 59.002348 12.276262 80.551573
v 59.186549 12.276262 80.611423
v 59.380229 12.276262 80.611426
v 59.564429 12.276262 80.551573
v 59.721119 12.276262 80.437724
v 59.834961 12.276262 80.281036
v 59.894812 12.276262 80.09684
v 59.894812 12.276262 79.90316
v 59.487474 15.872255 79.701684
v 59.366633 15.872255 79.535362
v 59.200311 15.872255 79.414522
v 59.004788 15.872255 79.350993
v 58.799203 15.872255 79.350993
v 58.60368 15.872255 79.414522
v 58.437358 15.872255 79.535367
v 58.316518 15.872255 79.701694
v 58.252988 15.872255 79.897212
v 58.252988 15.872255 80.102793
v 58.316518 15.872255 80.298316
v 58.437358 15.872255 80.464638
v 58.60368 15.872255 80.585478
v 58.799203 15.872255 80.649007
v 59.004788 15.872255 80.649009
v 59.200311 15.872255 80.585478
v 59.366633 15.872255 80.46463
v 59.487473 15.872255 80.298311
v 59.551003 15.872255 80.102793
v 59.551003 15.872255 79.897207
v 59.396572 17.076368 79.675821
v 59.396572 17.39238 79.675821
v 59.265255 17.076368 79.49508
v 59.265255 17.39238 79.49508
v 59.084514 17.076368 79.363764
v 59.084514 17.39238 79.363764
v 58.87204 17.076368 79.294726
v 58.87204 17.39238 79.294726
v 58.648631 17.076368 79.294726
v 58.648631 17.39238 79.294726
v 58.436157 17.076368 79.363763
v 58.436157 17.39238 79.363762
v 58.255415 17.076368 79.495085
v 58.255415 17.39238 79.495086
v 58.124099 17.076368 79.675833
v 58.124099 17.39238 79.675835
v 58.055062 17.076368 79.888301
v 58.055062 17.39238 79.888303
v 58.055062 17.076368 80.111704
v 58.055062 17.39238 80.111704
v 58.124099 17.076368 80.324178
v 58.124099 17.39238 80.324178
v 58.255415 17.076368 80.50492
v 58.255415 17.39238 80.50492
v 58.436157 17.076368 80.636236
v 58.436157 17.39238 80.636236
v 58.648631 17.076368 80.705273
v 58.648631 17.39238 80.705273
v 58.87204 17.076368 80.705275
v 58.87204 17.39238 80.705275
v 59.084514 17.076368 80.636236
v 59.084514 17.39238 80.636236
v 59.265255 17.076368 80.504912
v 59.265255 17.39238 80.504913
v 59.396571 17.076368 80.324173
v 59.396571 17.39238 80.324172
v 59.465609 17.076368 80.111704
v 59.465609 17.39238 80.111703
v 59.465609 17.076368 79.888296
v 59.465609 17.39238 79.888296
v 59.316539 18.073437 79.7166
v 59.201741 18.073437 79.558594
v 59.043735 18.073437 79.443796
v 58.857988 18.073437 79.383443
v 58.662682 18.073437 79.383442
v 58.476935 18.073437 79.443794
v 58.318929 18.073437 79.5586
v 58.204131 18.073437 79.716613
v 58.143779 18.073437 79.902354
v 58.143779 18.073437 80.097653
v 58.204131 18.073437 80.2834
v 58.318929 18.073437 80.441406
v 58.476935 18.073437 80.556204
v 58.662682 18.073437 80.616557
v 58.857988 18.073437 80.616558
v 59.043735 18.073437 80.556204
v 59.201741 18.073437 80.4414
v 59.316539 18.073437 80.283393
v 59.376892 18.073437 80.097651
v 59.376892 18.073437 79.902347
v 59.573024 22.029034 79.713617
v 59.457017 22.029034 79.553948
v 59.297348 22.029034 79.437941
v 59.109646 22.029034 79.376953
v 58.912284 22.029034 79.376952
v 58.724582 22.029034 79.437939
v 58.564913 22.029034 79.553953
v 58.448906 22.029034 79.71363
v 58.387918 22.029034 79.901326
v 58.387918 22.029034 80.098681
v 58.448906 22.029034 80.286383
v 58.564912 22.029034 80.446052
v 58.724582 22.029034 80.562059
v 58.912284 22.029034 80.623047
v 59.109646 22.029034 80.623048
v 59.297348 22.029034 80.562059
v 59.457017 22.029034 80.446046
v 59.573023 22.029034 80.286376
v 59.634012 22.029034 80.098679
v 59.634012 22.029034 79.901319
v 59.858782 25.674065 79.695718
v 59.858782 26.099041 79.695718
v 59.735525 25.674065 79.526069
v 59.735525 26.099041 79.526069
v 59.565877 25.674065 79.402812
v 59.565877 26.099041 79.402812
v 59.366443 25.674065 79.338013
v 59.366443 26.099041 79.338013
v 59.156746 25.674065 79.338012
v 59.156746 26.099041 79.338012
v 58.957312 25.674065 79.402811
v 58.957312 26.099041 79.402811
v 58.787664 25.674065 79.526075
v 58.787664 26.099041 79.526075
v 58.664407 25.674065 79.695731
v 58.664407 26.099041 79.695729
v 58.599607 25.674065 79.895158
v 58.599607 26.099041 79.895157
v 58.599607 25.674065 80.104849
v 58.599607 26.099041 80.104851
v 58.664407 25.674065 80.304283
v 58.664407 26.099041 80.304284
v 58.787664 25.674065 80.47393
v 58.787664 26.099041 80.473928
v 58.957312 25.674065 80.597187
v 58.957312 26.099041 80.597185
v 59.156746 25.674065 80.661987
v 59.156746 26.099041 80.661987
v 59.366443 25.674065 80.661988
v 59.366443 26.099041 80.661988
v 59.565877 25.674065 80.597187
v 59.565877 26.099041 80.597187
v 59.735525 25.674065 80.473924
v 59.735525 26.099041 80.473924
v 59.858782 25.674065 80.304276
v 59.858782 26.099041 80.304277
v 59.923582 25.674065 80.104848
v 59.923582 26.099041 80.10485
v 59.923582 25.674065 79.895152
v 59.923582 26.099041 79.895154
v 59.858782 44.134399 79.695718
v 59.735525 44.134399 79.526069
v 59.565877 44.134399 79.402812
v 59.366443 44.134399 79.338013
v 59.156746 44.134399 79.338012
v 58.957312 44.134399 79.402812
v 58.787664 44.134399 79.526075
v 58.664407 44.134399 79.695728
v 58.599607 44.134399 79.895156
v 58.599607 44.134399 80.104851
v 58.664407 44.134399 80.304285
v 58.787664 44.134399 80.473928
v 58.957312 44.134399 80.597184
v 59.156746 44.134399 80.661987
v 59.366443 44.134399 80.661988
v 59.565877 44.134399 80.597187
v 59.735525 44.134399 80.473924
v 59.858782 44.134399 80.304278
v 59.923582 44.134399 80.104852
v 59.923582 44.134399 79.895154
v 59.175943 63.981754 80.833922
v 58.924712 63.981754 80.752288
v 58.711001 63.981754 80.597018
v 58.555731 63.981754 80.383315
v 58.474102 63.981754 80.132084
v 58.474102 63.981754 79.867925
v 58.555732 63.981754 79.616701
v 58.711001 63.981754 79.402986
v 58.924712 63.981754 79.247707
v 59.175943 63.981754 79.166077
v 59.440104 63.981754 79.166078
v 59.691335 63.981754 79.247708
v 59.905046 63.981754 79.402978
v 60.060315 63.981754 79.616688
v 60.141945 63.981754 79.867923
v 60.141945 63.981754 80.132085
v 60.060315 63.981754 80.383306
v 59.905045 63.981754 80.597014
v 59.691335 63.981754 80.752292
v 59.440104 63.981754 80.833923
v 59.514879 66.03688 81.008459
v 59.195431 66.03688 81.00845699999999
v 58.891618 66.03688 80.909738
v 58.633178 66.03688 80.721971
v 58.445412 66.03688 80.463541
v 58.346697 66.03688 80.159728
v 58.346697 66.03688 79.840283
v 58.445412 66.03688 79.536478
v 58.633179 66.03688 79.278033
v 58.891618 66.03688 79.090256
v 59.195431 66.03688 78.991541
v 59.514879 66.03688 78.99154300000001
v 59.818692 66.03688 79.090257
v 60.07713 66.03688 79.278024
v 60.264897 66.03688 79.536463
v 60.363612 66.03688 79.84028
v 60.363612 66.03688 80.159729
v 60.264897 66.03688 80.46353
v 60.07713 66.03688 80.721966
v 59.818692 66.03688 80.909742
vt 0.120252 0.001992
vt 0.194355 0.010021
vt 0.123491 0.001992
vt 0.192704 0.006782
vt 0.126062 0.001992
vt 0.190133 0.004211
vt 0.060479 0.991312
vt 0.057240 0.992417
vt 0.186894 0.002561
vt 0.053649 0.994414
vt 0.183304 0.001992
vt 0.050058 0.996375
vt 0.179713 0.002561
vt 0.046819 0.997073
vt 0.176474 0.004211
vt 0.003319 0.002927
vt 0.005890 0.002927
vt 0.173903 0.006782
vt 0.009129 0.001992
vt 0.172252 0.010021
vt 0.012720 0.001992
vt 0.171684 0.013612
vt 0.016310 0.001992
vt 0.172252 0.017203
vt 0.019550 0.001992
vt 0.173903 0.020442
vt 0.022120 0.002927
vt 0.176474 0.023012
vt 0.083226 0.001992
vt 0.086465 0.002690
vt 0.179713 0.024663
vt 0.090056 0.004651
vt 0.183304 0.025232
vt 0.093647 0.006648
vt 0.186894 0.024663
vt 0.096886 0.007753
vt 0.190133 0.023012
vt 0.107261 0.001992
vt 0.109832 0.001992
vt 0.192704 0.020442
vt 0.113071 0.001992
vt 0.194355 0.017203
vt 0.116661 0.001992
vt 0.194923 0.013612
vt 0.120152 0.018310
vt 0.123301 0.018310
vt 0.126062 0.018535
vt 0.060479 0.974769
vt 0.057140 0.975146
vt 0.053649 0.975381
vt 0.050158 0.975607
vt 0.046819 0.974769
vt 0.003319 0.025232
vt 0.006080 0.024272
vt 0.009229 0.024184
vt 0.012720 0.024170
vt 0.016210 0.024170
vt 0.019359 0.024184
vt 0.022120 0.025232
vt 0.083226 0.024296
vt 0.086565 0.023458
vt 0.090056 0.023684
vt 0.093547 0.023919
vt 0.096886 0.024296
vt 0.107261 0.018535
vt 0.110022 0.018310
vt 0.113171 0.018310
vt 0.116661 0.018310
vt 0.183304 0.013612
vt 0.119314 0.037765
vt 0.122113 0.037765
vt 0.124873 0.033278
vt 0.059615 0.960025
vt 0.056752 0.955539
vt 0.053649 0.955539
vt 0.050546 0.955539
vt 0.047683 0.960025
vt 0.004508 0.039975
vt 0.007268 0.044462
vt 0.010067 0.044462
vt 0.013169 0.044462
vt 0.016272 0.044462
vt 0.019071 0.044462
vt 0.020932 0.039975
vt 0.084089 0.039039
vt 0.086953 0.043526
vt 0.090056 0.043526
vt 0.093159 0.043526
vt 0.096022 0.039039
vt 0.108450 0.033278
vt 0.110310 0.037765
vt 0.113109 0.037765
vt 0.116212 0.037765
vt 0.116694 0.087443
vt 0.119158 0.087443
vt 0.120181 0.083917
vt 0.058820 0.909386
vt 0.055859 0.905861
vt 0.053128 0.905861
vt 0.050397 0.905861
vt 0.048478 0.909386
vt 0.009200 0.090614
vt 0.010223 0.094139
vt 0.012687 0.094139
vt 0.015418 0.094139
vt 0.018149 0.094139
vt 0.020613 0.094139
vt 0.023435 0.090614
vt 0.084885 0.089678
vt 0.086804 0.093204
vt 0.089535 0.093204
vt 0.092266 0.093204
vt 0.095227 0.089678
vt 0.105947 0.083917
vt 0.108768 0.087443
vt 0.111232 0.087443
vt 0.113963 0.087443
vt 0.118901 0.162280
vt 0.121327 0.162280
vt 0.123660 0.162760
vt 0.054567 0.830543
vt 0.051811 0.831024
vt 0.049122 0.831024
vt 0.046433 0.831024
vt 0.044398 0.830543
vt 0.005721 0.169457
vt 0.008054 0.168976
vt 0.010480 0.168976
vt 0.013169 0.168976
vt 0.015859 0.168976
vt 0.018285 0.168976
vt 0.019718 0.169457
vt 0.080805 0.168522
vt 0.082839 0.168041
vt 0.085529 0.168041
vt 0.088218 0.168041
vt 0.090974 0.168522
vt 0.109663 0.162760
vt 0.111097 0.162280
vt 0.113522 0.162280
vt 0.116212 0.162280
vt 0.119605 0.232229
vt 0.122260 0.232229
vt 0.124577 0.237757
vt 0.048182 0.755546
vt 0.045735 0.761075
vt 0.042792 0.761075
vt 0.039849 0.761075
vt 0.036681 0.755546
vt 0.004805 0.244454
vt 0.007122 0.238925
vt 0.009777 0.238925
vt 0.012720 0.238925
vt 0.015663 0.238925
vt 0.018318 0.238925
vt 0.020635 0.244454
vt 0.073088 0.243519
vt 0.076256 0.237990
vt 0.079199 0.237990
vt 0.082142 0.237990
vt 0.084589 0.243519
vt 0.108746 0.237757
vt 0.111063 0.232229
vt 0.113718 0.232229
vt 0.116661 0.232229
vt 0.119713 0.265260
vt 0.122465 0.265260
vt 0.124577 0.268525
vt 0.044016 0.724778
vt 0.041837 0.728043
vt 0.038786 0.728043
vt 0.035735 0.728043
vt 0.032514 0.724778
vt 0.004805 0.275222
vt 0.006916 0.271957
vt 0.009669 0.271957
vt 0.012720 0.271957
vt 0.015771 0.271957
vt 0.018523 0.271957
vt 0.020635 0.275222
vt 0.068921 0.274287
vt 0.072142 0.271022
vt 0.075193 0.271022
vt 0.078244 0.271022
vt 0.080422 0.274287
vt 0.108746 0.268525
vt 0.110858 0.265260
vt 0.113610 0.265260
vt 0.116661 0.265260
vt 0.120036 0.273173
vt 0.119675 0.279162
vt 0.123080 0.273173
vt 0.122394 0.279162
vt 0.125949 0.273173
vt 0.045013 0.720131
vt 0.124577 0.277820
vt 0.044016 0.715484
vt 0.041640 0.720131
vt 0.041279 0.714141
vt 0.038265 0.720131
vt 0.038265 0.714141
vt 0.034890 0.720131
vt 0.035251 0.714141
vt 0.031517 0.720131
vt 0.003432 0.279869
vt 0.032514 0.715484
vt 0.004805 0.284517
vt 0.006301 0.279869
vt 0.006987 0.285859
vt 0.009345 0.279869
vt 0.009706 0.285859
vt 0.012720 0.279869
vt 0.012720 0.285859
vt 0.016094 0.279869
vt 0.015733 0.285859
vt 0.019139 0.279869
vt 0.018452 0.285859
vt 0.022007 0.279869
vt 0.067924 0.278934
vt 0.020635 0.284517
vt 0.068921 0.283581
vt 0.071297 0.278934
vt 0.071658 0.284923
vt 0.074672 0.278934
vt 0.074672 0.284923
vt 0.078046 0.278934
vt 0.077686 0.284923
vt 0.081420 0.278934
vt 0.107374 0.273173
vt 0.080422 0.283581
vt 0.108746 0.277820
vt 0.110242 0.273173
vt 0.110929 0.279162
vt 0.113287 0.273173
vt 0.113648 0.279162
vt 0.116661 0.273173
vt 0.116661 0.279162
vt 0.119431 0.303901
vt 0.121930 0.303901
vt 0.123785 0.293204
vt 0.043441 0.700100
vt 0.041956 0.689403
vt 0.039186 0.689403
vt 0.036416 0.689403
vt 0.033089 0.700100
vt 0.005596 0.299901
vt 0.007451 0.310597
vt 0.009950 0.310597
vt 0.012720 0.310597
vt 0.015490 0.310597
vt 0.017988 0.310597
vt 0.019843 0.299901
vt 0.069496 0.298965
vt 0.072823 0.309662
vt 0.075593 0.309662
vt 0.078363 0.309662
vt 0.079847 0.298965
vt 0.109538 0.293204
vt 0.111393 0.303901
vt 0.113892 0.303901
vt 0.116661 0.303901
vt 0.119663 0.382323
vt 0.122370 0.382323
vt 0.124735 0.394162
vt 0.051502 0.599142
vt 0.047716 0.610980
vt 0.044715 0.610980
vt 0.041714 0.610980
vt 0.039771 0.599142
vt 0.004646 0.400858
vt 0.007011 0.389020
vt 0.009719 0.389020
vt 0.012720 0.389020
vt 0.015721 0.389020
vt 0.018428 0.389020
vt 0.020793 0.400858
vt 0.076178 0.399923
vt 0.078121 0.388084
vt 0.081122 0.388084
vt 0.084123 0.388084
vt 0.087909 0.399923
vt 0.108588 0.394162
vt 0.110953 0.382323
vt 0.113660 0.382323
vt 0.116661 0.382323
vt 0.119708 0.400411
vt 0.119707 0.471406
vt 0.122455 0.400411
vt 0.122455 0.471406
vt 0.124735 0.400411
vt 0.051502 0.592892
vt 0.124735 0.406661
vt 0.051502 0.586642
vt 0.048682 0.592892
vt 0.048682 0.521898
vt 0.045636 0.592892
vt 0.045636 0.521898
vt 0.042590 0.592892
vt 0.042590 0.521898
vt 0.039771 0.592892
vt 0.004646 0.407108
vt 0.039771 0.586642
vt 0.004646 0.413358
vt 0.006926 0.407108
vt 0.006926 0.478102
vt 0.009674 0.407108
vt 0.009674 0.478102
vt 0.012720 0.407108
vt 0.012720 0.478102
vt 0.015766 0.407108
vt 0.015766 0.478102
vt 0.018514 0.407108
vt 0.018514 0.478102
vt 0.020793 0.407108
vt 0.076178 0.406173
vt 0.020793 0.413358
vt 0.076178 0.412422
vt 0.078997 0.406173
vt 0.078997 0.477167
vt 0.082043 0.406173
vt 0.082043 0.477167
vt 0.085089 0.406173
vt 0.085089 0.477167
vt 0.087909 0.406173
vt 0.108588 0.400411
vt 0.087909 0.412422
vt 0.108588 0.406661
vt 0.110868 0.400411
vt 0.110868 0.471406
vt 0.113615 0.400411
vt 0.113615 0.471406
vt 0.116661 0.400411
vt 0.116661 0.471406
vt 0.165014 0.021944
vt 0.121371 0.991311
vt 0.162849 0.026192
vt 0.125620 0.991311
vt 0.150518 0.017234
vt 0.159477 0.029564
vt 0.128992 0.991311
vt 0.055981 0.001992
vt 0.155228 0.031729
vt 0.051732 0.001992
vt 0.150518 0.032475
vt 0.047023 0.001992
vt 0.145808 0.031729
vt 0.042313 0.001992
vt 0.141560 0.029564
vt 0.038064 0.001992
vt 0.000389 0.998008
vt 0.138188 0.026192
vt 0.003761 0.998008
vt 0.136023 0.021943
vt 0.008010 0.998008
vt 0.135277 0.017234
vt 0.012720 0.998008
vt 0.136023 0.012524
vt 0.017430 0.998008
vt 0.138188 0.008275
vt 0.021679 0.998008
vt 0.141560 0.004903
vt 0.025050 0.998008
vt 0.074471 0.997073
vt 0.145808 0.002738
vt 0.078720 0.997073
vt 0.150518 0.001992
vt 0.083430 0.997073
vt 0.155228 0.002738
vt 0.088139 0.997073
vt 0.159477 0.004903
vt 0.092388 0.997073
vt 0.104331 0.991311
vt 0.162849 0.008275
vt 0.107703 0.991311
vt 0.165014 0.012524
vt 0.111952 0.991311
vt 0.165760 0.017234
vt 0.116661 0.991311
vt 0.082214 0.878545
vt 0.078970 0.878545
vt 0.020793 0.937563
vt 0.076178 0.936628
vt 0.018890 0.879480
vt 0.015964 0.879480
vt 0.012720 0.879480
vt 0.009476 0.879480
vt 0.006550 0.879480
vt 0.039771 0.062437
vt 0.004646 0.937563
vt 0.042563 0.120520
vt 0.045807 0.120520
vt 0.049051 0.120520
vt 0.124735 0.930866
vt 0.051502 0.062437
vt 0.122832 0.872784
vt 0.119905 0.872784
vt 0.116661 0.872784
vt 0.113418 0.872784
vt 0.110491 0.872784
vt 0.087909 0.936628
vt 0.108588 0.930866
vt 0.085458 0.878545
vt 0.087674 0.988841
vt 0.083241 0.988841
vt 0.078807 0.988841
vt 0.074496 0.996172
vt 0.024987 0.997107
vt 0.021153 0.989777
vt 0.017153 0.989777
vt 0.012720 0.989777
vt 0.008286 0.989777
vt 0.004287 0.989777
vt 0.000453 0.997107
vt 0.038089 0.002893
vt 0.042400 0.010223
vt 0.046834 0.010223
vt 0.051267 0.010223
vt 0.055915 0.002893
vt 0.128929 0.990411
vt 0.125095 0.983080
vt 0.121095 0.983080
vt 0.116661 0.983080
vt 0.112228 0.983080
vt 0.108228 0.983080
vt 0.104394 0.990411
vt 0.092322 0.996172
vt 0.121872 0.010264
vt 0.124777 0.010264
vt 0.058859 0.983316
vt 0.055444 0.984092
vt 0.051854 0.985081
vt 0.048439 0.985746
vt 0.004604 0.014080
vt 0.007509 0.013846
vt 0.010924 0.013612
vt 0.014515 0.013612
vt 0.017930 0.013612
vt 0.020835 0.013846
vt 0.084845 0.013319
vt 0.088260 0.013983
vt 0.091851 0.014973
vt 0.095266 0.015748
vt 0.108546 0.010264
vt 0.111451 0.010264
vt 0.114866 0.010264
vt 0.118457 0.010264
vt 0.190121 0.010138
vt 0.188714 0.008202
vt 0.186777 0.006795
vt 0.184500 0.006055
vt 0.182107 0.006055
vt 0.179830 0.006795
vt 0.177893 0.008202
vt 0.176486 0.010138
vt 0.175747 0.012415
vt 0.175747 0.014809
vt 0.176486 0.017085
vt 0.177893 0.019022
vt 0.179830 0.020429
vt 0.182107 0.021169
vt 0.184500 0.021169
vt 0.186777 0.020429
vt 0.188714 0.019022
vt 0.190121 0.017085
vt 0.190860 0.014809
vt 0.190860 0.012415
vt 0.159460 0.021790
vt 0.157615 0.024330
vt 0.155075 0.026176
vt 0.152088 0.027146
vt 0.148948 0.027146
vt 0.145962 0.026176
vt 0.143422 0.024330
vt 0.141576 0.021790
vt 0.140606 0.018804
vt 0.140606 0.015664
vt 0.141576 0.012677
vt 0.143422 0.010137
vt 0.145962 0.008292
vt 0.148948 0.007321
vt 0.152088 0.007321
vt 0.155075 0.008292
vt 0.157615 0.010137
vt 0.159460 0.012678
vt 0.160431 0.015664
vt 0.160431 0.018804
vt 0.121542 0.025907
vt 0.124264 0.025907
vt 0.058530 0.967397
vt 0.055331 0.967397
vt 0.051967 0.967397
vt 0.048768 0.967397
vt 0.005118 0.032603
vt 0.007839 0.032603
vt 0.011038 0.032603
vt 0.014402 0.032603
vt 0.017601 0.032603
vt 0.020322 0.032603
vt 0.085175 0.031668
vt 0.088374 0.031668
vt 0.091738 0.031668
vt 0.094937 0.031668
vt 0.109059 0.025907
vt 0.111781 0.025907
vt 0.114980 0.025907
vt 0.118343 0.025907
vt 0.119111 0.058598
vt 0.121479 0.058598
vt 0.057897 0.934706
vt 0.055113 0.934706
vt 0.052185 0.934706
vt 0.049401 0.934706
vt 0.007902 0.065294
vt 0.010271 0.065294
vt 0.013055 0.065294
vt 0.015982 0.065294
vt 0.018767 0.065294
vt 0.021135 0.065294
vt 0.085808 0.064359
vt 0.088592 0.064359
vt 0.091520 0.064359
vt 0.094304 0.064359
vt 0.108246 0.058598
vt 0.110615 0.058598
vt 0.113399 0.058598
vt 0.116326 0.058598
vt 0.118774 0.123339
vt 0.120955 0.123339
vt 0.055477 0.869965
vt 0.052914 0.869965
vt 0.050218 0.869965
vt 0.047654 0.869965
vt 0.008426 0.130035
vt 0.010607 0.130035
vt 0.013171 0.130035
vt 0.015867 0.130035
vt 0.018430 0.130035
vt 0.020611 0.130035
vt 0.084061 0.129100
vt 0.086625 0.129100
vt 0.089320 0.129100
vt 0.091884 0.129100
vt 0.108770 0.123339
vt 0.110951 0.123339
vt 0.113515 0.123339
vt 0.116210 0.123339
vt 0.120794 0.200259
vt 0.123099 0.200259
vt 0.050090 0.793045
vt 0.047381 0.793045
vt 0.044533 0.793045
vt 0.041824 0.793045
vt 0.006283 0.206955
vt 0.008587 0.206955
vt 0.011296 0.206955
vt 0.014144 0.206955
vt 0.016853 0.206955
vt 0.019157 0.206955
vt 0.078231 0.206020
vt 0.080940 0.206020
vt 0.083788 0.206020
vt 0.086497 0.206020
vt 0.110224 0.200259
vt 0.112529 0.200259
vt 0.115237 0.200259
vt 0.118086 0.200259
vt 0.121048 0.253141
vt 0.123494 0.253141
vt 0.044735 0.740162
vt 0.041860 0.740162
vt 0.038836 0.740162
vt 0.035961 0.740162
vt 0.005887 0.259838
vt 0.008333 0.259838
vt 0.011208 0.259838
vt 0.014231 0.259838
vt 0.017107 0.259838
vt 0.019553 0.259838
vt 0.072368 0.258903
vt 0.075243 0.258903
vt 0.078267 0.258903
vt 0.081142 0.258903
vt 0.109829 0.253141
vt 0.112274 0.253141
vt 0.115150 0.253141
vt 0.118173 0.253141
vt 0.121429 0.270849
vt 0.121429 0.275496
vt 0.124087 0.270849
vt 0.124087 0.275496
vt 0.043032 0.722454
vt 0.043032 0.717807
vt 0.039908 0.722454
vt 0.039908 0.717807
vt 0.036622 0.722454
vt 0.036622 0.717807
vt 0.033497 0.722454
vt 0.033497 0.717807
vt 0.005294 0.277546
vt 0.005294 0.282193
vt 0.007953 0.277546
vt 0.007953 0.282193
vt 0.011077 0.277546
vt 0.011077 0.282193
vt 0.014362 0.277546
vt 0.014362 0.282193
vt 0.017487 0.277546
vt 0.017487 0.282193
vt 0.020145 0.277546
vt 0.020145 0.282193
vt 0.069904 0.276610
vt 0.069904 0.281258
vt 0.073029 0.276610
vt 0.073029 0.281258
vt 0.076314 0.276610
vt 0.076314 0.281258
vt 0.079439 0.276610
vt 0.079439 0.281258
vt 0.109236 0.270849
vt 0.109236 0.275496
vt 0.111894 0.270849
vt 0.111894 0.275496
vt 0.115019 0.270849
vt 0.115019 0.275496
vt 0.118304 0.270849
vt 0.118304 0.275496
vt 0.120829 0.285512
vt 0.123153 0.285512
vt 0.042433 0.707792
vt 0.039701 0.707792
vt 0.036829 0.707792
vt 0.034097 0.707792
vt 0.006229 0.292209
vt 0.008552 0.292209
vt 0.011284 0.292209
vt 0.014156 0.292209
vt 0.016887 0.292209
vt 0.019211 0.292209
vt 0.070504 0.291273
vt 0.073236 0.291273
vt 0.076108 0.291273
vt 0.078839 0.291273
vt 0.110170 0.285512
vt 0.112494 0.285512
vt 0.115225 0.285512
vt 0.118098 0.285512
vt 0.120873 0.343683
vt 0.123221 0.343683
vt 0.046162 0.649621
vt 0.043402 0.649621
vt 0.040499 0.649621
vt 0.037739 0.649621
vt 0.006160 0.350379
vt 0.008508 0.350379
vt 0.011269 0.350379
vt 0.014171 0.350379
vt 0.016931 0.350379
vt 0.019279 0.350379
vt 0.074146 0.349444
vt 0.076906 0.349444
vt 0.079809 0.349444
vt 0.082569 0.349444
vt 0.110102 0.343683
vt 0.112450 0.343683
vt 0.115210 0.343683
vt 0.118113 0.343683
vt 0.121136 0.397287
vt 0.121136 0.403536
vt 0.123631 0.397287
vt 0.123631 0.403536
vt 0.050111 0.596017
vt 0.050111 0.589767
vt 0.047178 0.596017
vt 0.047178 0.589767
vt 0.044094 0.596017
vt 0.044094 0.589767
vt 0.041162 0.596017
vt 0.041162 0.589767
vt 0.005750 0.403983
vt 0.005750 0.410233
vt 0.008245 0.403983
vt 0.008245 0.410233
vt 0.011178 0.403983
vt 0.011178 0.410233
vt 0.014262 0.403983
vt 0.014262 0.410233
vt 0.017195 0.403983
vt 0.017195 0.410233
vt 0.019689 0.403983
vt 0.019689 0.410233
vt 0.077569 0.403048
vt 0.077569 0.409298
vt 0.080501 0.403048
vt 0.080501 0.409298
vt 0.083585 0.403048
vt 0.083585 0.409298
vt 0.086518 0.403048
vt 0.086518 0.409298
vt 0.109692 0.397287
vt 0.109692 0.403536
vt 0.112187 0.397287
vt 0.112187 0.403536
vt 0.115120 0.397287
vt 0.115119 0.403536
vt 0.118203 0.397287
vt 0.118203 0.403536
vt 0.121136 0.668764
vt 0.123631 0.668764
vt 0.050111 0.324540
vt 0.047178 0.324540
vt 0.044094 0.324540
vt 0.041162 0.324540
vt 0.005750 0.675460
vt 0.008245 0.675460
vt 0.011178 0.675460
vt 0.014262 0.675460
vt 0.017195 0.675460
vt 0.019689 0.675460
vt 0.077569 0.674525
vt 0.080501 0.674525
vt 0.083585 0.674525
vt 0.086518 0.674525
vt 0.109692 0.668764
vt 0.112187 0.668764
vt 0.115119 0.668764
vt 0.118203 0.668764
vt 0.080784 0.966400
vt 0.077089 0.966400
vt 0.021499 0.967335
vt 0.018357 0.967335
vt 0.014662 0.967335
vt 0.010777 0.967335
vt 0.007083 0.967335
vt 0.003940 0.967335
vt 0.040682 0.032665
vt 0.044377 0.032665
vt 0.048262 0.032665
vt 0.051956 0.032665
vt 0.125441 0.960638
vt 0.122298 0.960638
vt 0.118604 0.960638
vt 0.114719 0.960638
vt 0.111025 0.960638
vt 0.107882 0.960638
vt 0.088363 0.966400
vt 0.084668 0.966400
vt 0.085768 0.996622
vt 0.081070 0.996622
vt 0.076602 0.996622
vt 0.023337 0.997558
vt 0.019537 0.997558
vt 0.015069 0.997558
vt 0.010371 0.997558
vt 0.005903 0.997558
vt 0.002103 0.997558
vt 0.040195 0.002443
vt 0.044663 0.002443
vt 0.049361 0.002443
vt 0.053829 0.002443
vt 0.127279 0.990861
vt 0.123478 0.990861
vt 0.119010 0.990861
vt 0.114312 0.990861
vt 0.109845 0.990861
vt 0.106044 0.990861
vt 0.090236 0.996622
vt 0.121872 0.001992
vt 0.193529 0.008401
vt 0.123408 0.010264
vt 0.121789 0.018310
vt 0.120208 0.010264
vt 0.124777 0.001992
vt 0.191419 0.005497
vt 0.126062 0.010264
vt 0.060479 0.983040
vt 0.124648 0.018310
vt 0.058859 0.991864
vt 0.188514 0.003386
vt 0.057196 0.983649
vt 0.058777 0.975063
vt 0.055444 0.993415
vt 0.185099 0.002276
vt 0.053649 0.984589
vt 0.055416 0.975257
vt 0.051854 0.995394
vt 0.181508 0.002276
vt 0.050102 0.985493
vt 0.051882 0.975504
vt 0.048439 0.996724
vt 0.178093 0.003386
vt 0.046819 0.985921
vt 0.003319 0.014080
vt 0.048521 0.975670
vt 0.004604 0.002927
vt 0.175188 0.005497
vt 0.005973 0.014021
vt 0.004733 0.024286
vt 0.007509 0.002460
vt 0.173078 0.008401
vt 0.009173 0.013670
vt 0.007592 0.024228
vt 0.010924 0.001992
vt 0.171968 0.011816
vt 0.012720 0.013612
vt 0.010953 0.024170
vt 0.014515 0.001992
vt 0.171968 0.015407
vt 0.016267 0.013612
vt 0.014487 0.024170
vt 0.017930 0.001992
vt 0.173078 0.018822
vt 0.019466 0.013670
vt 0.017848 0.024170
vt 0.020835 0.002460
vt 0.175188 0.021727
vt 0.022120 0.014080
vt 0.083226 0.013144
vt 0.020707 0.024228
vt 0.084845 0.002341
vt 0.178093 0.023838
vt 0.086509 0.013572
vt 0.084928 0.023395
vt 0.088260 0.003670
vt 0.181508 0.024947
vt 0.090056 0.014476
vt 0.088289 0.023561
vt 0.091851 0.005649
vt 0.185099 0.024947
vt 0.093603 0.015416
vt 0.091823 0.023808
vt 0.095266 0.007200
vt 0.188514 0.023838
vt 0.096886 0.016025
vt 0.107261 0.010264
vt 0.095184 0.024002
vt 0.108546 0.001992
vt 0.191419 0.021727
vt 0.109915 0.010264
vt 0.108674 0.018310
vt 0.111451 0.001992
vt 0.193529 0.018822
vt 0.113115 0.010264
vt 0.111533 0.018310
vt 0.114866 0.001992
vt 0.194639 0.015407
vt 0.116661 0.010264
vt 0.114894 0.018310
vt 0.118457 0.001992
vt 0.194639 0.011816
vt 0.118428 0.018310
vt 0.190391 0.011309
vt 0.189332 0.009232
vt 0.187684 0.007583
vt 0.185606 0.006524
vt 0.183304 0.006160
vt 0.181001 0.006524
vt 0.178923 0.007583
vt 0.177275 0.009232
vt 0.176216 0.011309
vt 0.175851 0.013612
vt 0.176216 0.015915
vt 0.177275 0.017992
vt 0.178923 0.019641
vt 0.181001 0.020699
vt 0.183304 0.021064
vt 0.185606 0.020699
vt 0.187684 0.019641
vt 0.189332 0.017992
vt 0.190391 0.015915
vt 0.190756 0.013612
vt 0.163932 0.024068
vt 0.123496 0.991311
vt 0.158426 0.022979
vt 0.159815 0.020254
vt 0.161163 0.027878
vt 0.127306 0.991311
vt 0.156264 0.025142
vt 0.157353 0.030647
vt 0.053857 0.001992
vt 0.153539 0.026530
vt 0.152873 0.032102
vt 0.049378 0.001992
vt 0.150518 0.027009
vt 0.148163 0.032102
vt 0.044668 0.001992
vt 0.147498 0.026530
vt 0.143684 0.030647
vt 0.040188 0.001992
vt 0.144773 0.025142
vt 0.139874 0.027878
vt 0.002075 0.998008
vt 0.142610 0.022979
vt 0.137105 0.024068
vt 0.005886 0.998008
vt 0.141222 0.020254
vt 0.135650 0.019589
vt 0.010365 0.998008
vt 0.140743 0.017234
vt 0.135650 0.014879
vt 0.015075 0.998008
vt 0.141222 0.014213
vt 0.137105 0.010399
vt 0.019554 0.998008
vt 0.142610 0.011488
vt 0.139874 0.006589
vt 0.023364 0.998008
vt 0.144773 0.009326
vt 0.143684 0.003821
vt 0.076595 0.997073
vt 0.147498 0.007937
vt 0.148163 0.002365
vt 0.081075 0.997073
vt 0.150518 0.007459
vt 0.152873 0.002365
vt 0.085784 0.997073
vt 0.153539 0.007937
vt 0.157353 0.003821
vt 0.090264 0.997073
vt 0.156264 0.009326
vt 0.161163 0.006589
vt 0.106017 0.991311
vt 0.158426 0.011488
vt 0.163932 0.010399
vt 0.109827 0.991311
vt 0.159815 0.014213
vt 0.165387 0.014879
vt 0.114306 0.991311
vt 0.160293 0.017234
vt 0.165387 0.019589
vt 0.119016 0.991311
vt 0.122981 0.025907
vt 0.120770 0.037765
vt 0.119984 0.025907
vt 0.125468 0.025907
vt 0.060047 0.967397
vt 0.123311 0.037765
vt 0.056971 0.967397
vt 0.058207 0.955539
vt 0.053649 0.967397
vt 0.055219 0.955539
vt 0.050326 0.967397
vt 0.052078 0.955539
vt 0.047251 0.967397
vt 0.003913 0.032603
vt 0.049091 0.955539
vt 0.006400 0.032603
vt 0.006070 0.044462
vt 0.009397 0.032603
vt 0.008612 0.044462
vt 0.012720 0.032603
vt 0.011599 0.044462
vt 0.016042 0.032603
vt 0.014740 0.044462
vt 0.019040 0.032603
vt 0.017727 0.044462
vt 0.021526 0.032603
vt 0.083658 0.031668
vt 0.020269 0.044462
vt 0.086733 0.031668
vt 0.085498 0.043526
vt 0.090056 0.031668
vt 0.088485 0.043526
vt 0.093378 0.031668
vt 0.091626 0.043526
vt 0.096454 0.031668
vt 0.107855 0.025907
vt 0.094614 0.043526
vt 0.110342 0.025907
vt 0.109113 0.037765
vt 0.113339 0.025907
vt 0.111654 0.037765
vt 0.116661 0.025907
vt 0.114641 0.037765
vt 0.117782 0.037765
vt 0.120363 0.058598
vt 0.117975 0.087443
vt 0.117754 0.058598
vt 0.122527 0.058598
vt 0.059217 0.934706
vt 0.120212 0.087443
vt 0.056541 0.934706
vt 0.057140 0.905861
vt 0.053649 0.934706
vt 0.054511 0.905861
vt 0.050757 0.934706
vt 0.051746 0.905861
vt 0.048080 0.934706
vt 0.006854 0.065294
vt 0.049116 0.905861
vt 0.009018 0.065294
vt 0.009169 0.094139
vt 0.011627 0.065294
vt 0.011406 0.094139
vt 0.014519 0.065294
vt 0.014036 0.094139
vt 0.017410 0.065294
vt 0.016801 0.094139
vt 0.020019 0.065294
vt 0.019430 0.094139
vt 0.022183 0.065294
vt 0.084487 0.064359
vt 0.021667 0.094139
vt 0.087164 0.064359
vt 0.085523 0.093204
vt 0.090056 0.064359
vt 0.088152 0.093204
vt 0.092948 0.064359
vt 0.090918 0.093204
vt 0.095624 0.064359
vt 0.107198 0.058598
vt 0.093547 0.093204
vt 0.109362 0.058598
vt 0.107714 0.087443
vt 0.111971 0.058598
vt 0.109951 0.087443
vt 0.114863 0.058598
vt 0.112581 0.087443
vt 0.115346 0.087443
vt 0.119928 0.123339
vt 0.120162 0.162280
vt 0.117525 0.123339
vt 0.121920 0.123339
vt 0.056693 0.869965
vt 0.122365 0.162280
vt 0.054228 0.869965
vt 0.053072 0.831024
vt 0.051566 0.869965
vt 0.050483 0.831024
vt 0.048903 0.869965
vt 0.047761 0.831024
vt 0.046438 0.869965
vt 0.007461 0.130035
vt 0.045171 0.831024
vt 0.009454 0.130035
vt 0.007016 0.168976
vt 0.011856 0.130035
vt 0.009219 0.168976
vt 0.014519 0.130035
vt 0.011808 0.168976
vt 0.017181 0.130035
vt 0.014531 0.168976
vt 0.019584 0.130035
vt 0.017120 0.168976
vt 0.021576 0.130035
vt 0.082845 0.129100
vt 0.019323 0.168976
vt 0.085310 0.129100
vt 0.081578 0.168041
vt 0.087973 0.129100
vt 0.084167 0.168041
vt 0.090635 0.129100
vt 0.086890 0.168041
vt 0.093100 0.129100
vt 0.107805 0.123339
vt 0.089479 0.168041
vt 0.109798 0.123339
vt 0.110059 0.162280
vt 0.112200 0.123339
vt 0.112261 0.162280
vt 0.114863 0.123339
vt 0.114850 0.162280
vt 0.117573 0.162280
vt 0.122013 0.200259
vt 0.120985 0.232229
vt 0.119475 0.200259
vt 0.124118 0.200259
vt 0.051375 0.793045
vt 0.123395 0.232229
vt 0.048770 0.793045
vt 0.047115 0.761075
vt 0.045957 0.793045
vt 0.044282 0.761075
vt 0.043143 0.793045
vt 0.041302 0.761075
vt 0.040539 0.793045
vt 0.005263 0.206955
vt 0.038468 0.761075
vt 0.007368 0.206955
vt 0.005986 0.238925
vt 0.009906 0.206955
vt 0.008396 0.238925
vt 0.012720 0.206955
vt 0.011230 0.238925
vt 0.015533 0.206955
vt 0.014210 0.238925
vt 0.018071 0.206955
vt 0.017043 0.238925
vt 0.020177 0.206955
vt 0.076946 0.206020
vt 0.019454 0.238925
vt 0.079550 0.206020
vt 0.074875 0.237990
vt 0.082364 0.206020
vt 0.077709 0.237990
vt 0.085177 0.206020
vt 0.080689 0.237990
vt 0.087781 0.206020
vt 0.109205 0.200259
vt 0.083522 0.237990
vt 0.111310 0.200259
vt 0.109928 0.232229
vt 0.113848 0.200259
vt 0.112338 0.232229
vt 0.116661 0.200259
vt 0.115172 0.232229
vt 0.118151 0.232229
vt 0.122342 0.253141
vt 0.121144 0.265260
vt 0.119648 0.253141
vt 0.124577 0.253141
vt 0.046099 0.740162
vt 0.123642 0.265260
vt 0.043334 0.740162
vt 0.043268 0.728043
vt 0.040348 0.740162
vt 0.040330 0.728043
vt 0.037362 0.740162
vt 0.037241 0.728043
vt 0.034597 0.740162
vt 0.004805 0.259838
vt 0.034304 0.728043
vt 0.007039 0.259838
vt 0.005739 0.271957
vt 0.009734 0.259838
vt 0.008238 0.271957
vt 0.012720 0.259838
vt 0.011175 0.271957
vt 0.015706 0.259838
vt 0.014264 0.271957
vt 0.018400 0.259838
vt 0.017202 0.271957
vt 0.020635 0.259838
vt 0.071004 0.258903
vt 0.019701 0.271957
vt 0.073769 0.258903
vt 0.070710 0.271022
vt 0.076755 0.258903
vt 0.073648 0.271022
vt 0.079741 0.258903
vt 0.076737 0.271022
vt 0.082506 0.258903
vt 0.108746 0.253141
vt 0.079675 0.271022
vt 0.110981 0.253141
vt 0.109680 0.265260
vt 0.113675 0.253141
vt 0.112179 0.265260
vt 0.116661 0.253141
vt 0.115117 0.265260
vt 0.118206 0.265260
vt 0.122834 0.270849
vt 0.121619 0.273173
vt 0.119907 0.270849
vt 0.122834 0.275496
vt 0.121089 0.279162
vt 0.119907 0.275496
vt 0.125263 0.270849
vt 0.044514 0.722454
vt 0.124383 0.273173
vt 0.125263 0.275496
vt 0.044514 0.717807
vt 0.123557 0.279162
vt 0.041510 0.722454
vt 0.043222 0.720131
vt 0.041510 0.717807
vt 0.042692 0.714141
vt 0.038265 0.722454
vt 0.039973 0.720131
vt 0.038265 0.717807
vt 0.039790 0.714141
vt 0.035020 0.722454
vt 0.036557 0.720131
vt 0.035020 0.717807
vt 0.036739 0.714141
vt 0.032016 0.722454
vt 0.004118 0.277546
vt 0.033307 0.720131
vt 0.032016 0.717807
vt 0.004118 0.282193
vt 0.033838 0.714141
vt 0.006547 0.277546
vt 0.004998 0.279869
vt 0.006547 0.282193
vt 0.005824 0.285859
vt 0.009475 0.277546
vt 0.007762 0.279869
vt 0.009475 0.282193
vt 0.008293 0.285859
vt 0.012720 0.277546
vt 0.011012 0.279869
vt 0.012720 0.282193
vt 0.011194 0.285859
vt 0.015965 0.277546
vt 0.014428 0.279869
vt 0.015965 0.282193
vt 0.014245 0.285859
vt 0.018893 0.277546
vt 0.017677 0.279869
vt 0.018893 0.282193
vt 0.017147 0.285859
vt 0.021321 0.277546
vt 0.068422 0.276610
vt 0.020441 0.279869
vt 0.021321 0.282193
vt 0.068422 0.281258
vt 0.019615 0.285859
vt 0.071427 0.276610
vt 0.069714 0.278934
vt 0.071427 0.281258
vt 0.070244 0.284923
vt 0.074672 0.276610
vt 0.072964 0.278934
vt 0.074672 0.281258
vt 0.073146 0.284923
vt 0.077917 0.276610
vt 0.076380 0.278934
vt 0.077917 0.281258
vt 0.076197 0.284923
vt 0.080921 0.276610
vt 0.108060 0.270849
vt 0.079629 0.278934
vt 0.080921 0.281258
vt 0.108060 0.275496
vt 0.079099 0.284923
vt 0.110489 0.270849
vt 0.108940 0.273173
vt 0.110489 0.275496
vt 0.109766 0.279162
vt 0.113416 0.270849
vt 0.111704 0.273173
vt 0.113416 0.275496
vt 0.112234 0.279162
vt 0.116661 0.270849
vt 0.114953 0.273173
vt 0.116661 0.275496
vt 0.115136 0.279162
vt 0.118370 0.273173
vt 0.118187 0.279162
vt 0.122058 0.285512
vt 0.120730 0.303901
vt 0.119498 0.285512
vt 0.124181 0.285512
vt 0.043728 0.707792
vt 0.122999 0.303901
vt 0.041102 0.707792
vt 0.043255 0.689403
vt 0.038265 0.707792
vt 0.040588 0.689403
vt 0.035428 0.707792
vt 0.037784 0.689403
vt 0.032802 0.707792
vt 0.005200 0.292209
vt 0.035117 0.689403
vt 0.007324 0.292209
vt 0.006382 0.310597
vt 0.009883 0.292209
vt 0.008651 0.310597
vt 0.012720 0.292209
vt 0.011318 0.310597
vt 0.015557 0.292209
vt 0.014122 0.310597
vt 0.018116 0.292209
vt 0.016789 0.310597
vt 0.020239 0.292209
vt 0.069209 0.291273
vt 0.019057 0.310597
vt 0.071835 0.291273
vt 0.071524 0.309662
vt 0.074672 0.291273
vt 0.074191 0.309662
vt 0.077509 0.291273
vt 0.076995 0.309662
vt 0.080135 0.291273
vt 0.109142 0.285512
vt 0.079662 0.309662
vt 0.111265 0.285512
vt 0.110324 0.303901
vt 0.113824 0.285512
vt 0.112593 0.303901
vt 0.116661 0.285512
vt 0.115259 0.303901
vt 0.118064 0.303901
vt 0.122115 0.343683
vt 0.121070 0.382323
vt 0.119528 0.343683
vt 0.124260 0.343683
vt 0.047471 0.649621
vt 0.123529 0.382323
vt 0.044817 0.649621
vt 0.049124 0.610980
vt 0.041951 0.649621
vt 0.046234 0.610980
vt 0.039084 0.649621
vt 0.043196 0.610980
vt 0.036430 0.649621
vt 0.005121 0.350379
vt 0.040306 0.610980
vt 0.007267 0.350379
vt 0.005853 0.389020
vt 0.009853 0.350379
vt 0.008311 0.389020
vt 0.012720 0.350379
vt 0.011201 0.389020
vt 0.015587 0.350379
vt 0.014239 0.389020
vt 0.018173 0.350379
vt 0.017129 0.389020
vt 0.020318 0.350379
vt 0.072837 0.349444
vt 0.019587 0.389020
vt 0.075491 0.349444
vt 0.076713 0.388084
vt 0.078358 0.349444
vt 0.079603 0.388084
vt 0.081224 0.349444
vt 0.082641 0.388084
vt 0.083878 0.349444
vt 0.109063 0.343683
vt 0.085531 0.388084
vt 0.111208 0.343683
vt 0.109794 0.382323
vt 0.113795 0.343683
vt 0.112253 0.382323
vt 0.116661 0.343683
vt 0.115142 0.382323
vt 0.118181 0.382323
vt 0.122455 0.397287
vt 0.121136 0.400411
vt 0.119708 0.397287
vt 0.122455 0.403536
vt 0.121136 0.471406
vt 0.119708 0.403536
vt 0.124735 0.397287
vt 0.051502 0.596017
vt 0.123631 0.400411
vt 0.124735 0.403536
vt 0.051502 0.589767
vt 0.123631 0.471406
vt 0.048682 0.596017
vt 0.050111 0.592892
vt 0.048682 0.589767
vt 0.050111 0.521898
vt 0.045636 0.596017
vt 0.047178 0.592892
vt 0.045636 0.589767
vt 0.047178 0.521898
vt 0.042590 0.596017
vt 0.044094 0.592892
vt 0.042590 0.589767
vt 0.044094 0.521898
vt 0.039771 0.596017
vt 0.004646 0.403983
vt 0.041162 0.592892
vt 0.039771 0.589767
vt 0.004646 0.410233
vt 0.041162 0.521898
vt 0.006926 0.403983
vt 0.005750 0.407108
vt 0.006926 0.410233
vt 0.005750 0.478102
vt 0.009674 0.403983
vt 0.008245 0.407108
vt 0.009674 0.410233
vt 0.008245 0.478102
vt 0.012720 0.403983
vt 0.011178 0.407108
vt 0.012720 0.410233
vt 0.011178 0.478102
vt 0.015766 0.403983
vt 0.014262 0.407108
vt 0.015766 0.410233
vt 0.014262 0.478102
vt 0.018514 0.403983
vt 0.017195 0.407108
vt 0.018514 0.410233
vt 0.017195 0.478102
vt 0.020793 0.403983
vt 0.076178 0.403048
vt 0.019689 0.407108
vt 0.020793 0.410233
vt 0.076178 0.409298
vt 0.019689 0.478102
vt 0.078997 0.403048
vt 0.077569 0.406173
vt 0.078997 0.409298
vt 0.077569 0.477167
vt 0.082043 0.403048
vt 0.080501 0.406173
vt 0.082043 0.409298
vt 0.080501 0.477167
vt 0.085089 0.403048
vt 0.083585 0.406173
vt 0.085089 0.409298
vt 0.083585 0.477167
vt 0.087909 0.403048
vt 0.108588 0.397287
vt 0.086518 0.406173
vt 0.087909 0.409298
vt 0.108588 0.403536
vt 0.086518 0.477167
vt 0.110868 0.397287
vt 0.109692 0.400411
vt 0.110868 0.403536
vt 0.109692 0.471406
vt 0.113615 0.397287
vt 0.112187 0.400411
vt 0.113615 0.403536
vt 0.112187 0.471406
vt 0.116661 0.397287
vt 0.115120 0.400411
vt 0.116661 0.403536
vt 0.115119 0.471406
vt 0.118203 0.400411
vt 0.118203 0.471406
vt 0.122455 0.668764
vt 0.121427 0.872784
vt 0.119707 0.668764
vt 0.124735 0.668764
vt 0.051502 0.324540
vt 0.124084 0.872784
vt 0.048682 0.324540
vt 0.050572 0.120520
vt 0.045636 0.324540
vt 0.047449 0.120520
vt 0.042590 0.324540
vt 0.044165 0.120520
vt 0.039771 0.324540
vt 0.004646 0.675460
vt 0.041042 0.120520
vt 0.006926 0.675460
vt 0.005298 0.879480
vt 0.009674 0.675460
vt 0.007955 0.879480
vt 0.012720 0.675460
vt 0.011078 0.879480
vt 0.015766 0.675460
vt 0.014362 0.879480
vt 0.018514 0.675460
vt 0.017485 0.879480
vt 0.020793 0.675460
vt 0.076178 0.674525
vt 0.020142 0.879480
vt 0.078997 0.674525
vt 0.077449 0.878545
vt 0.082043 0.674525
vt 0.080572 0.878545
vt 0.085089 0.674525
vt 0.083856 0.878545
vt 0.087909 0.674525
vt 0.108588 0.668764
vt 0.086979 0.878545
vt 0.110868 0.668764
vt 0.109239 0.872784
vt 0.113615 0.668764
vt 0.111896 0.872784
vt 0.116661 0.668764
vt 0.115019 0.872784
vt 0.118303 0.872784
vt 0.082726 0.966400
vt 0.080996 0.988841
vt 0.078889 0.966400
vt 0.076728 0.988841
vt 0.075337 0.966400
vt 0.022890 0.967335
vt 0.022864 0.989777
vt 0.020019 0.967335
vt 0.019233 0.989777
vt 0.016557 0.967335
vt 0.014964 0.989777
vt 0.012720 0.967335
vt 0.010476 0.989777
vt 0.008883 0.967335
vt 0.006207 0.989777
vt 0.005421 0.967335
vt 0.002576 0.989777
vt 0.002549 0.967335
vt 0.038930 0.032665
vt 0.040321 0.010223
vt 0.042482 0.032665
vt 0.044590 0.010223
vt 0.046319 0.032665
vt 0.049078 0.010223
vt 0.050156 0.032665
vt 0.053347 0.010223
vt 0.053708 0.032665
vt 0.126832 0.960639
vt 0.126806 0.983080
vt 0.123960 0.960639
vt 0.123174 0.983080
vt 0.120499 0.960639
vt 0.118906 0.983080
vt 0.116661 0.960639
vt 0.114417 0.983080
vt 0.112824 0.960639
vt 0.110148 0.983080
vt 0.109363 0.960639
vt 0.106517 0.983080
vt 0.106491 0.960639
vt 0.090115 0.966400
vt 0.089754 0.988841
vt 0.086563 0.966400
vt 0.085485 0.988841
vt 0.088059 0.996622
vt 0.083419 0.996622
vt 0.078779 0.996622
vt 0.074483 0.996622
vt 0.025019 0.997558
vt 0.021546 0.997558
vt 0.017360 0.997558
vt 0.012720 0.997558
vt 0.008080 0.997558
vt 0.003894 0.997558
vt 0.000421 0.997558
vt 0.038077 0.002443
vt 0.042372 0.002443
vt 0.047012 0.002443
vt 0.051653 0.002443
vt 0.055948 0.002443
vt 0.128960 0.990861
vt 0.125488 0.990861
vt 0.121302 0.990861
vt 0.116661 0.990861
vt 0.112021 0.990861
vt 0.107835 0.990861
vt 0.104363 0.990861
vt 0.092355 0.996622
vn 0.862427 -0.421541 -0.280219
vn 0.846164 -0.313244 -0.431143
vn 0.888540 -0.074350 -0.452734
vn 0.948377 -0.075023 -0.308145
vn 0.733624 -0.421541 -0.533009
vn 0.806737 -0.075023 -0.586129
vn 0.808165 0.045882 -0.587166
vn 0.890068 0.045879 -0.453512
vn 0.950055 0.045882 -0.308691
vn 0.680221 -0.309913 -0.664269
vn 0.706134 -0.072867 -0.704319
vn 0.573239 -0.411636 -0.708486
vn 0.592990 -0.071626 -0.802018
vn 0.586199 0.045733 -0.808875
vn 0.706148 0.045905 -0.706575
vn 0.492039 -0.302824 -0.816208
vn 0.460875 -0.070066 -0.884695
vn 0.403584 -0.405254 -0.820298
vn 0.329894 -0.069074 -0.941488
vn 0.305657 0.044210 -0.951115
vn 0.451484 0.045132 -0.891137
vn 0.261423 -0.293093 -0.919649
vn 0.170740 -0.067188 -0.983023
vn 0.166721 -0.406690 -0.898225
vn 0.028812 -0.066264 -0.997386
vn -0.003794 0.041738 -0.999121
vn 0.152590 0.043010 -0.987353
vn -0.045091 -0.280338 -0.958842
vn -0.142614 -0.064671 -0.987664
vn -0.165152 -0.425889 -0.889575
vn -0.289664 -0.064757 -0.954935
vn -0.311032 0.039557 -0.949576
vn -0.159588 0.040527 -0.986351
vn -0.397449 -0.267267 -0.877840
vn -0.448260 -0.062481 -0.891717
vn -0.505200 -0.429735 -0.748399
vn -0.582664 -0.061904 -0.810352
vn -0.587833 0.038759 -0.808053
vn -0.454838 0.039017 -0.889719
vn -0.673435 -0.258516 -0.692571
vn -0.704947 -0.059376 -0.706770
vn -0.711059 -0.416637 -0.566400
vn -0.804079 -0.057947 -0.591691
vn -0.808880 0.038656 -0.586702
vn -0.706826 0.038720 -0.706327
vn -0.845165 -0.255790 -0.469326
vn -0.887575 -0.058686 -0.456909
vn -0.843841 -0.431980 -0.318318
vn -0.947273 -0.060534 -0.314658
vn -0.950616 0.037809 -0.308057
vn -0.890888 0.038229 -0.452611
vn -0.954185 -0.253568 -0.158854
vn -0.985867 -0.058754 -0.156889
vn -0.904787 -0.425864 -0.000000
vn -0.998298 -0.058327 0.000000
vn -0.999287 0.037755 -0.000000
vn -0.987016 0.037721 -0.156133
vn -0.955929 -0.251548 0.151404
vn -0.986039 -0.057775 0.156173
vn -0.860504 -0.425864 0.279595
vn -0.949437 -0.058327 0.308491
vn -0.950379 0.037755 0.308797
vn -0.986984 0.037753 0.156323
vn -0.858395 -0.253568 0.445939
vn -0.889133 -0.058753 0.453861
vn -0.704174 -0.431980 0.563500
vn -0.803676 -0.060534 0.591981
vn -0.808895 0.037809 0.586736
vn -0.890460 0.037720 0.453496
vn -0.653918 -0.257496 0.711398
vn -0.702396 -0.059419 0.709302
vn -0.474328 -0.420010 0.773695
vn -0.577820 -0.059618 0.813984
vn -0.588473 0.038699 0.807591
vn -0.707526 0.038204 0.705654
vn -0.390903 -0.265231 0.881389
vn -0.447781 -0.061458 0.892029
vn -0.165152 -0.425889 0.889575
vn -0.289664 -0.064757 0.954935
vn -0.311032 0.039557 0.949576
vn -0.455014 0.039049 0.889628
vn -0.045091 -0.280338 0.958842
vn -0.142613 -0.064671 0.987664
vn 0.166721 -0.406690 0.898225
vn 0.028812 -0.066264 0.997386
vn -0.003796 0.041738 0.999121
vn -0.159589 0.040527 0.986351
vn 0.261423 -0.293093 0.919649
vn 0.170740 -0.067188 0.983023
vn 0.403585 -0.405254 0.820298
vn 0.329894 -0.069075 0.941487
vn 0.305660 0.044209 0.951114
vn 0.152588 0.043009 0.987354
vn 0.492040 -0.302823 0.816208
vn 0.460876 -0.070066 0.884694
vn 0.573240 -0.411636 0.708486
vn 0.592990 -0.071626 0.802018
vn 0.586203 0.045734 0.808873
vn 0.451488 0.045132 0.891135
vn 0.680221 -0.309913 0.664269
vn 0.706134 -0.072866 0.704319
vn 0.733624 -0.421541 0.533009
vn 0.806737 -0.075022 0.586129
vn 0.808164 0.045884 0.587167
vn 0.706149 0.045907 0.706573
vn 0.846165 -0.313244 0.431143
vn 0.888540 -0.074350 0.452734
vn 0.862427 -0.421541 0.280219
vn 0.948376 -0.075023 0.308146
vn 0.950055 0.045882 0.308692
vn 0.890067 0.045880 0.453515
vn 0.937981 -0.313244 0.148561
vn 0.984955 -0.074350 0.156001
vn 0.906810 -0.421541 0.000001
vn 0.997182 -0.075023 0.000001
vn 0.998947 0.045882 0.000001
vn 0.986648 0.045879 0.156270
vn 0.937981 -0.313244 -0.148560
vn 0.984955 -0.074350 -0.156000
vn 0.986649 0.045879 -0.156268
vn 0.464880 -0.853100 -0.236867
vn 0.388478 -0.886080 -0.252877
vn 0.437570 -0.887873 -0.142174
vn 0.320105 -0.947373 -0.004203
vn 0.415576 -0.846285 -0.333313
vn 0.384703 -0.878455 -0.283409
vn 0.449928 -0.830249 -0.329015
vn 0.427271 -0.864301 -0.265375
vn 0.475495 -0.819745 -0.319253
vn 0.405133 -0.874853 -0.265516
vn 0.366857 -0.865383 -0.341362
vn 0.242399 -0.939210 -0.243163
vn 0.097854 -0.949577 -0.297874
vn 0.046923 -0.983547 -0.174452
vn -0.085645 -0.969875 -0.228052
vn -0.016361 -0.987977 -0.153733
vn -0.100875 -0.970983 -0.216831
vn -0.021969 -0.993723 -0.109688
vn -0.141196 -0.986609 -0.081644
vn -0.044491 -0.998755 -0.022555
vn -0.159155 -0.986932 0.025207
vn -0.035344 -0.998755 0.035199
vn -0.109056 -0.986609 0.121279
vn 0.024688 -0.992144 0.122638
vn 0.005782 -0.965370 0.260820
vn 0.111702 -0.971730 0.207999
vn 0.143958 -0.935074 0.323902
vn 0.260180 -0.932274 0.251339
vn 0.366857 -0.865383 0.341362
vn 0.405133 -0.874853 0.265516
vn 0.475495 -0.819745 0.319253
vn 0.427272 -0.864301 0.265375
vn 0.449928 -0.830249 0.329015
vn 0.384703 -0.878455 0.283408
vn 0.415576 -0.846286 0.333313
vn 0.388478 -0.886080 0.252877
vn 0.464880 -0.853100 0.236868
vn 0.437570 -0.887873 0.142175
vn 0.515324 -0.853100 0.081619
vn 0.460088 -0.887873 0.000000
vn 0.515324 -0.853100 -0.081618
vn 0.096763 0.994811 -0.031427
vn 0.084130 0.995532 -0.042879
vn 0.013097 0.999892 -0.006679
vn 0.009905 0.999946 -0.003197
vn 0.082292 0.994816 -0.059747
vn 0.008426 0.999946 -0.006125
vn 0.000000 1.000000 0.000001
vn 0.066742 0.995537 -0.066727
vn 0.010392 0.999892 -0.010398
vn 0.059770 0.994819 -0.082232
vn 0.006123 0.999946 -0.008421
vn 0.042830 0.995538 -0.084080
vn 0.006671 0.999892 -0.013075
vn 0.031422 0.994827 -0.096603
vn 0.003220 0.999946 -0.009888
vn 0.014749 0.995545 -0.093125
vn 0.002297 0.999892 -0.014510
vn 0.000039 0.994836 -0.101494
vn 0.000002 0.999946 -0.010411
vn -0.014741 0.995551 -0.093069
vn -0.002301 0.999892 -0.014503
vn -0.031304 0.994845 -0.096458
vn -0.003216 0.999946 -0.009896
vn -0.042758 0.995556 -0.083908
vn -0.006673 0.999892 -0.013081
vn -0.059545 0.994852 -0.082005
vn -0.006118 0.999946 -0.008420
vn -0.066565 0.995560 -0.066560
vn -0.010390 0.999892 -0.010382
vn -0.081929 0.994857 -0.059557
vn -0.008422 0.999946 -0.006116
vn -0.083844 0.995562 -0.042741
vn -0.013090 0.999892 -0.006674
vn -0.096289 0.994861 -0.031313
vn -0.009900 0.999946 -0.003220
vn -0.092924 0.995565 -0.014700
vn -0.014510 0.999892 -0.002287
vn -0.101236 0.994862 0.000008
vn -0.010410 0.999946 0.000004
vn -0.092925 0.995564 0.014713
vn -0.014510 0.999892 0.002292
vn -0.096289 0.994861 0.031323
vn -0.009900 0.999946 0.003242
vn -0.083844 0.995562 0.042736
vn -0.013090 0.999892 0.006706
vn -0.081927 0.994858 0.059551
vn -0.008421 0.999946 0.006119
vn -0.066562 0.995560 0.066562
vn -0.010390 0.999892 0.010359
vn -0.059542 0.994851 0.082014
vn -0.006118 0.999946 0.008413
vn -0.042758 0.995556 0.083908
vn -0.006672 0.999892 0.013089
vn -0.031305 0.994846 0.096447
vn -0.003216 0.999946 0.009898
vn -0.014743 0.995551 0.093066
vn -0.002301 0.999892 0.014502
vn 0.000038 0.994836 0.101494
vn 0.000002 0.999946 0.010414
vn 0.014749 0.995546 0.093118
vn 0.002297 0.999892 0.014516
vn 0.031423 0.994828 0.096587
vn 0.003220 0.999946 0.009890
vn 0.042832 0.995540 0.084055
vn 0.006671 0.999892 0.013069
vn 0.059773 0.994821 0.082204
vn 0.006123 0.999946 0.008407
vn 0.066744 0.995537 0.066726
vn 0.010393 0.999892 0.010381
vn 0.082292 0.994816 0.059738
vn 0.008426 0.999946 0.006106
vn 0.084129 0.995532 0.042868
vn 0.013097 0.999892 0.006672
vn 0.096763 0.994811 0.031438
vn 0.009905 0.999946 0.003198
vn 0.093276 0.995531 0.014762
vn 0.014519 0.999892 0.002256
vn 0.101751 0.994810 -0.000004
vn 0.010415 0.999946 0.000001
vn 0.093277 0.995531 -0.014761
vn 0.014519 0.999892 -0.002259
vn 0.888062 0.074760 -0.453605
vn 0.948288 0.071532 -0.309246
vn 0.806032 0.077744 -0.586744
vn 0.806121 0.075047 -0.586973
vn 0.888439 0.067813 -0.453959
vn 0.948964 0.059966 -0.309630
vn 0.704198 0.080375 -0.705440
vn 0.584951 0.082549 -0.806857
vn 0.584944 0.086965 -0.806398
vn 0.704118 0.081477 -0.705393
vn 0.451307 0.084134 -0.888394
vn 0.306610 0.085095 -0.948024
vn 0.307253 0.094590 -0.946915
vn 0.451576 0.091366 -0.887542
vn 0.154497 0.085413 -0.984294
vn -0.001269 0.085149 -0.996368
vn -0.000000 0.097213 -0.995264
vn 0.155507 0.096550 -0.983105
vn -0.156844 0.084357 -0.984014
vn -0.308427 0.083149 -0.947607
vn -0.307252 0.094590 -0.946915
vn -0.155507 0.096550 -0.983105
vn -0.452476 0.081579 -0.888037
vn -0.585585 0.079683 -0.806685
vn -0.584957 0.086965 -0.806388
vn -0.451580 0.091366 -0.887540
vn -0.704547 0.077429 -0.705421
vn -0.806412 0.074797 -0.586605
vn -0.806128 0.075048 -0.586963
vn -0.704133 0.081477 -0.705379
vn -0.888474 0.071790 -0.453277
vn -0.948590 0.068560 -0.308993
vn -0.948962 0.059967 -0.309637
vn -0.888438 0.067814 -0.453959
vn -0.985431 0.065225 -0.157074
vn -0.998084 0.061867 -0.001082
vn -0.999067 0.043176 -0.001296
vn -0.986169 0.051680 -0.157477
vn -0.986161 0.058505 0.155123
vn -0.949923 0.055232 0.307565
vn -0.951107 0.026324 0.307736
vn -0.987292 0.034647 0.155092
vn -0.890261 0.052117 0.452459
vn -0.808722 0.049285 0.586123
vn -0.809583 0.011079 0.586900
vn -0.891373 0.018395 0.452897
vn -0.707219 0.046798 0.705445
vn -0.588132 0.044712 0.807528
vn -0.588401 -0.001041 0.808568
vn -0.707740 0.004540 0.706459
vn -0.454504 0.043043 0.889704
vn -0.309870 0.041888 0.949856
vn -0.309386 -0.008829 0.950896
vn -0.454501 -0.005540 0.890729
vn -0.157606 0.041291 0.986638
vn -0.001275 0.041280 0.999147
vn -0.000010 -0.011514 0.999934
vn -0.156626 -0.010842 0.987599
vn 0.155266 0.041810 0.986988
vn 0.308110 0.042874 0.950384
vn 0.309395 -0.008829 0.950893
vn 0.156614 -0.010842 0.987600
vn 0.453382 0.044407 0.890209
vn 0.587409 0.046383 0.807960
vn 0.588420 -0.001040 0.808555
vn 0.454525 -0.005539 0.890717
vn 0.706766 0.048728 0.705767
vn 0.808482 0.051431 0.586269
vn 0.809580 0.011079 0.586905
vn 0.707746 0.004541 0.706452
vn 0.890134 0.054434 0.452436
vn 0.949803 0.057696 0.307482
vn 0.951106 0.026323 0.307743
vn 0.891368 0.018395 0.452907
vn 0.986014 0.061114 0.155053
vn 0.997909 0.064624 -0.001130
vn 0.999067 0.043176 -0.001295
vn 0.987292 0.034647 0.155092
vn 0.985221 0.068118 -0.157159
vn 0.986170 0.051679 -0.157472
vn 0.890012 0.054183 -0.452706
vn 0.950157 0.048169 -0.308030
vn 0.808012 0.059468 -0.586158
vn 0.809371 0.037775 -0.586082
vn 0.890998 0.040285 -0.452216
vn 0.950697 0.042090 -0.307251
vn 0.706174 0.063887 -0.705150
vn 0.587034 0.067339 -0.806756
vn 0.588675 0.030880 -0.807779
vn 0.707755 0.034612 -0.705610
vn 0.453495 0.069733 -0.888527
vn 0.308852 0.071018 -0.948455
vn 0.310053 0.022072 -0.950463
vn 0.454994 0.026663 -0.890095
vn 0.156609 0.071152 -0.985094
vn 0.000510 0.070142 -0.997537
vn 0.000775 0.012213 -0.999925
vn 0.157371 0.017212 -0.987390
vn -0.155660 0.068000 -0.985467
vn -0.308060 0.064789 -0.949158
vn -0.308726 0.002277 -0.951148
vn -0.155897 0.007190 -0.987747
vn -0.452970 0.060573 -0.889466
vn -0.586810 0.055467 -0.807823
vn -0.587944 -0.006747 -0.808874
vn -0.453944 -0.002409 -0.891027
vn -0.706261 0.049585 -0.706213
vn -0.808347 0.043083 -0.587128
vn -0.809342 -0.013961 -0.587171
vn -0.707392 -0.010631 -0.706742
vn -0.890531 0.036112 -0.453487
vn -0.950764 0.028852 -0.308569
vn -0.951225 -0.018654 -0.307935
vn -0.891283 -0.016658 -0.453142
vn -0.987528 0.021477 -0.155974
vn -0.999899 0.014177 0.000528
vn -0.999792 -0.020369 0.001397
vn -0.987686 -0.019902 -0.155181
vn -0.987570 0.007129 0.157018
vn -0.950852 0.000513 0.309645
vn -0.950400 -0.018948 0.310453
vn -0.987257 -0.020050 0.157868
vn -0.890677 -0.005512 0.454603
vn -0.808541 -0.010793 0.588341
vn -0.807997 -0.014542 0.589007
vn -0.890159 -0.017098 0.455330
vn -0.706511 -0.015205 0.707539
vn -0.587096 -0.018637 0.809303
vn -0.586594 -0.007591 0.809845
vn -0.705986 -0.011348 0.708135
vn -0.453276 -0.021012 0.891122
vn -0.308321 -0.022265 0.951022
vn -0.307903 0.001217 0.951417
vn -0.452819 -0.003370 0.891596
vn -0.155823 -0.022376 0.987531
vn 0.000501 -0.021334 0.999772
vn 0.000765 0.011019 0.999939
vn -0.155473 0.006051 0.987822
vn 0.156808 -0.019175 0.987443
vn 0.309296 -0.015942 0.950832
vn 0.309251 0.020864 0.950752
vn 0.156938 0.015996 0.987479
vn 0.454177 -0.011722 0.890835
vn 0.587878 -0.006613 0.808923
vn 0.587390 0.029797 0.808756
vn 0.453920 0.025502 0.890677
vn 0.707106 -0.000746 0.707107
vn 0.808925 0.005743 0.587884
vn 0.808063 0.036955 0.587936
vn 0.706407 0.033645 0.707006
vn 0.890821 0.012688 0.454177
vn 0.950759 0.019925 0.309290
vn 0.949892 0.041648 0.309792
vn 0.889898 0.039644 0.454433
vn 0.987253 0.027269 0.156809
vn 0.999403 0.034544 0.000529
vn 0.999056 0.043420 0.001398
vn 0.986583 0.042917 0.157520
vn 0.986928 0.041567 -0.155711
vn 0.987000 0.043142 -0.154823
vn 0.890668 0.035885 -0.453235
vn 0.950302 0.043419 -0.308288
vn 0.809051 0.027508 -0.587094
vn 0.808310 0.038991 -0.587465
vn 0.889855 0.048050 -0.453706
vn 0.949459 0.055767 -0.308898
vn 0.707418 0.018489 -0.706554
vn 0.588281 0.009054 -0.808606
vn 0.587762 0.017759 -0.808839
vn 0.706788 0.028811 -0.706838
vn 0.454562 -0.000566 -0.890715
vn 0.309611 -0.010128 -0.950809
vn 0.309314 -0.005855 -0.950942
vn 0.454162 0.006107 -0.890898
vn 0.157007 -0.019398 -0.987407
vn 0.000578 -0.028141 -0.999604
vn 0.000519 -0.029521 -0.999564
vn 0.156823 -0.017831 -0.987466
vn -0.155820 -0.036145 -0.987124
vn -0.308292 -0.043208 -0.950310
vn -0.307979 -0.050901 -0.950030
vn -0.155717 -0.040637 -0.986966
vn -0.453111 -0.049158 -0.890098
vn -0.586710 -0.053851 -0.808005
vn -0.585835 -0.067906 -0.807581
vn -0.452542 -0.060066 -0.889718
vn -0.705828 -0.057170 -0.706072
vn -0.807554 -0.059036 -0.586831
vn -0.806055 -0.078891 -0.586559
vn -0.704638 -0.074232 -0.705674
vn -0.889433 -0.059405 -0.453189
vn -0.949470 -0.058267 -0.308403
vn -0.947571 -0.082811 -0.308628
vn -0.887690 -0.081773 -0.453122
vn -0.986188 -0.055649 -0.156003
vn -0.998667 -0.051615 0.000293
vn -0.996852 -0.079285 -0.000569
vn -0.984264 -0.081974 -0.156539
vn -0.986572 -0.046262 0.156639
vn -0.950164 -0.039722 0.309209
vn -0.948932 -0.068630 0.307925
vn -0.984996 -0.074800 0.155527
vn -0.890310 -0.032154 0.454218
vn -0.808449 -0.023743 0.588087
vn -0.808022 -0.051845 0.586867
vn -0.889474 -0.060914 0.452908
vn -0.706599 -0.014702 0.707462
vn -0.587257 -0.005250 0.809383
vn -0.587443 -0.030547 0.808689
vn -0.706520 -0.041637 0.706468
vn -0.453414 0.004372 0.891290
vn -0.308376 0.013929 0.951163
vn -0.308708 -0.006836 0.951132
vn -0.453731 -0.018848 0.890939
vn -0.155792 0.023179 0.987518
vn 0.000568 0.031897 0.999491
vn 0.000508 0.016921 0.999857
vn -0.156022 0.005188 0.987740
vn 0.156812 0.039867 0.986824
vn 0.309125 0.046896 0.949865
vn 0.309438 0.038354 0.950146
vn 0.156949 0.028068 0.987208
vn 0.453721 0.052811 0.889578
vn 0.587075 0.057472 0.807490
vn 0.587518 0.055348 0.807316
vn 0.454141 0.047521 0.889662
vn 0.705949 0.060767 0.705651
vn 0.807485 0.062618 0.586555
vn 0.807684 0.066266 0.585880
vn 0.706308 0.061645 0.705216
vn 0.889231 0.062982 0.453102
vn 0.949202 0.061851 0.308529
vn 0.948932 0.070090 0.307596
vn 0.889203 0.069103 0.452264
vn 0.985922 0.059251 0.156356
vn 0.998473 0.055243 0.000296
vn 0.997788 0.066473 -0.000568
vn 0.985419 0.069206 0.155433
vn 0.986516 0.049923 -0.155866
vn 0.985717 0.061958 -0.156602
vn 0.888960 0.065971 -0.453209
vn 0.948486 0.072281 -0.308464
vn 0.807552 0.057747 -0.586963
vn 0.806521 0.075112 -0.586414
vn 0.887753 0.083733 -0.452640
vn 0.947136 0.090032 -0.307941
vn 0.706192 0.047809 -0.706405
vn 0.587311 0.036393 -0.808543
vn 0.586597 0.051775 -0.808222
vn 0.705339 0.064377 -0.705941
vn 0.453815 0.023780 -0.890779
vn 0.308999 0.010279 -0.951007
vn 0.308389 0.022248 -0.951000
vn 0.453191 0.037617 -0.890619
vn 0.156482 -0.003769 -0.987674
vn 0.000101 -0.018015 -0.999838
vn -0.000609 -0.010553 -0.999944
vn 0.155844 0.006056 -0.987763
vn -0.156208 -0.032099 -0.987202
vn -0.308511 -0.045669 -0.950124
vn -0.309277 -0.043325 -0.949985
vn -0.156963 -0.027153 -0.987231
vn -0.453017 -0.058387 -0.889588
vn -0.586147 -0.069939 -0.807181
vn -0.586640 -0.072780 -0.806571
vn -0.453690 -0.058660 -0.889227
vn -0.704652 -0.080042 -0.705024
vn -0.805670 -0.088457 -0.585723
vn -0.805496 -0.096024 -0.584770
vn -0.704845 -0.085333 -0.704210
vn -0.886833 -0.094982 -0.452224
vn -0.946236 -0.099469 -0.307804
vn -0.945249 -0.110869 -0.306941
vn -0.886242 -0.104600 -0.451259
vn -0.982505 -0.101810 -0.155942
vn -0.994789 -0.101955 -0.000314
vn -0.993253 -0.115969 0.000000
vn -0.981185 -0.114686 -0.155314
vn -0.982794 -0.099894 0.155364
vn -0.946776 -0.095680 0.307345
vn -0.945251 -0.110870 0.306934
vn -0.981186 -0.114686 0.155309
vn -0.887544 -0.089401 0.451966
vn -0.806461 -0.081210 0.585684
vn -0.805488 -0.096024 0.584781
vn -0.886242 -0.104600 0.451259
vn -0.705414 -0.071293 0.705201
vn -0.586815 -0.059892 0.807503
vn -0.586624 -0.072778 0.806583
vn -0.704827 -0.085331 0.704228
vn -0.453531 -0.047280 0.889985
vn -0.308844 -0.033773 0.950513
vn -0.309277 -0.043325 0.949984
vn -0.453685 -0.058660 0.889230
vn -0.156359 -0.019704 0.987504
vn 0.000089 -0.005433 0.999985
vn -0.000620 -0.010554 0.999944
vn -0.156966 -0.027153 0.987231
vn 0.156562 0.008685 0.987630
vn 0.309135 0.022291 0.950757
vn 0.308400 0.022249 0.950997
vn 0.155833 0.006055 0.987765
vn 0.453945 0.035044 0.890341
vn 0.587385 0.046624 0.807963
vn 0.586621 0.051777 0.808205
vn 0.453219 0.037620 0.890605
vn 0.706181 0.056750 0.705753
vn 0.807477 0.065176 0.586287
vn 0.806517 0.075112 0.586420
vn 0.705348 0.064378 0.705932
vn 0.888853 0.071705 0.452548
vn 0.948393 0.076183 0.307812
vn 0.947134 0.090032 0.307948
vn 0.887747 0.083732 0.452652
vn 0.984690 0.078508 0.155634
vn 0.996904 0.078624 -0.000314
vn 0.995462 0.095159 0.000001
vn 0.983312 0.093872 0.155837
vn 0.984746 0.076533 -0.156262
vn 0.983313 0.093872 -0.155835
vn 0.886545 0.097006 -0.452359
vn 0.945759 0.104193 -0.307709
vn 0.805497 0.087169 -0.586154
vn 0.807163 0.046603 -0.588486
vn 0.889021 0.056272 -0.454395
vn 0.948878 0.063342 -0.309222
vn 0.704488 0.074910 -0.705751
vn 0.585870 0.060513 -0.808143
vn 0.585810 0.020498 -0.810189
vn 0.705288 0.034586 -0.708077
vn 0.452538 0.044332 -0.890642
vn 0.307745 0.026759 -0.951093
vn 0.306429 -0.012380 -0.951813
vn 0.451764 0.004719 -0.892125
vn 0.155191 0.008245 -0.987850
vn -0.001286 -0.010745 -0.999941
vn -0.002836 -0.048681 -0.998810
vn 0.153630 -0.030321 -0.987663
vn -0.157604 -0.029715 -0.987055
vn -0.309820 -0.048187 -0.949573
vn -0.310468 -0.084695 -0.946803
vn -0.158814 -0.066947 -0.985036
vn -0.454022 -0.065685 -0.888566
vn -0.586672 -0.081782 -0.805685
vn -0.585625 -0.116825 -0.802120
vn -0.453871 -0.101443 -0.885274
vn -0.704486 -0.096078 -0.703184
vn -0.804714 -0.108240 -0.583711
vn -0.801798 -0.142012 -0.580476
vn -0.702476 -0.130439 -0.699652
vn -0.885043 -0.117986 -0.450309
vn -0.943704 -0.125106 -0.306221
vn -0.939373 -0.158018 -0.304316
vn -0.881326 -0.151260 -0.447644
vn -0.979410 -0.129437 -0.154928
vn -0.991397 -0.130893 0.000000
vn -0.986543 -0.163501 -0.000000
vn -0.974690 -0.162117 -0.153942
vn -0.979411 -0.129437 0.154923
vn -0.943707 -0.125106 0.306213
vn -0.939376 -0.158018 0.304307
vn -0.974690 -0.162117 0.153938
vn -0.885043 -0.117986 0.450308
vn -0.804706 -0.108240 0.583723
vn -0.801789 -0.142012 0.580488
vn -0.881327 -0.151261 0.447642
vn -0.704469 -0.096076 0.703202
vn -0.586656 -0.081780 0.805696
vn -0.585609 -0.116823 0.802132
vn -0.702457 -0.130437 0.699671
vn -0.454017 -0.065684 0.888569
vn -0.309820 -0.048187 0.949573
vn -0.310468 -0.084695 0.946803
vn -0.453866 -0.101442 0.885277
vn -0.157606 -0.029715 0.987055
vn -0.001297 -0.010746 0.999941
vn -0.002847 -0.048682 0.998810
vn -0.158817 -0.066947 0.985036
vn 0.155180 0.008244 0.987852
vn 0.307755 0.026760 0.951089
vn 0.306438 -0.012378 0.951810
vn 0.153618 -0.030322 0.987665
vn 0.452566 0.044335 0.890628
vn 0.585893 0.060516 0.808126
vn 0.585833 0.020501 0.810173
vn 0.451791 0.004722 0.892111
vn 0.704498 0.074911 0.705742
vn 0.805493 0.087168 0.586160
vn 0.807160 0.046603 0.588491
vn 0.705298 0.034587 0.708067
vn 0.886538 0.097006 0.452371
vn 0.945756 0.104192 0.307716
vn 0.948876 0.063342 0.309229
vn 0.889015 0.056271 0.454408
vn 0.981819 0.108570 0.155705
vn 0.993927 0.110039 0.000001
vn 0.997610 0.069102 0.000001
vn 0.985357 0.067656 0.156506
vn 0.981820 0.108570 -0.155702
vn 0.985357 0.067656 -0.156504
vn 0.887806 -0.075461 -0.453990
vn 0.948307 -0.071582 -0.309176
vn 0.805253 -0.080779 -0.587403
vn 0.809015 -0.000002 -0.587788
vn 0.891006 0.000002 -0.453993
vn 0.951056 -0.000002 -0.309018
vn 0.874602 0.190998 -0.445636
vn 0.933545 0.191011 -0.303329
vn 0.794120 0.191011 -0.576964
vn 0.801840 0.132904 -0.582571
vn 0.883104 0.132891 -0.449965
vn 0.942620 0.132904 -0.306275
vn 0.702806 -0.087341 -0.706000
vn 0.583010 -0.095030 -0.806889
vn 0.587783 -0.000002 -0.809019
vn 0.707105 0.000002 -0.707108
vn 0.694088 0.190998 -0.694090
vn 0.576961 0.191010 -0.794123
vn 0.582571 0.132904 -0.801840
vn 0.700835 0.132891 -0.700835
vn 0.449018 -0.103588 -0.887498
vn 0.304130 -0.112850 -0.945923
vn 0.309016 -0.000001 -0.951057
vn 0.453988 0.000002 -0.891008
vn 0.445631 0.190998 -0.874604
vn 0.303327 0.191010 -0.933546
vn 0.306276 0.132904 -0.942620
vn 0.449965 0.132891 -0.883104
vn 0.152161 -0.122518 -0.980733
vn -0.003204 -0.132407 -0.991190
vn 0.000003 -0.000002 -1.000000
vn 0.156434 0.000002 -0.987688
vn 0.153555 0.190998 -0.969505
vn 0.000004 0.191009 -0.981588
vn 0.000005 0.132904 -0.991129
vn 0.155049 0.132891 -0.978928
vn -0.157922 -0.142208 -0.977158
vn -0.308321 -0.151739 -0.939103
vn -0.309013 -0.000004 -0.951058
vn -0.156430 0.000000 -0.987689
vn -0.153548 0.190996 -0.969507
vn -0.303323 0.191009 -0.933548
vn -0.306272 0.132904 -0.942621
vn -0.155040 0.132890 -0.978929
vn -0.450586 -0.160711 -0.878148
vn -0.581427 -0.168968 -0.795860
vn -0.587803 -0.000003 -0.809004
vn -0.453993 -0.000001 -0.891005
vn -0.445637 0.190996 -0.874602
vn -0.576984 0.191009 -0.794106
vn -0.582596 0.132904 -0.801822
vn -0.449971 0.132890 -0.883101
vn -0.697618 -0.176266 -0.694449
vn -0.796531 -0.182488 -0.576400
vn -0.809026 0.000001 -0.587773
vn -0.707130 0.000003 -0.707084
vn -0.694114 0.190997 -0.694065
vn -0.794132 0.191010 -0.576948
vn -0.801854 0.132904 -0.582552
vn -0.700864 0.132890 -0.700806
vn -0.875853 -0.187455 -0.444682
vn -0.933827 -0.191099 -0.302403
vn -0.951053 -0.000000 -0.309027
vn -0.891006 0.000005 -0.453992
vn -0.874603 0.190998 -0.445634
vn -0.933542 0.191011 -0.303337
vn -0.942617 0.132904 -0.306285
vn -0.883104 0.132890 -0.449964
vn -0.969135 -0.193303 -0.153010
vn -0.980991 -0.194054 0.000000
vn -1.000000 -0.000002 0.000000
vn -0.987687 0.000002 -0.156442
vn -0.969504 0.190998 -0.153561
vn -0.981588 0.191011 0.000001
vn -0.991129 0.132904 0.000000
vn -0.978927 0.132891 -0.155053
vn -0.969135 -0.193303 0.153005
vn -0.933830 -0.191101 0.302395
vn -0.951056 -0.000002 0.309019
vn -0.987688 0.000002 0.156436
vn -0.969505 0.190998 0.153556
vn -0.933545 0.191011 0.303329
vn -0.942620 0.132904 0.306275
vn -0.978928 0.132890 0.155047
vn -0.875853 -0.187458 0.444680
vn -0.796522 -0.182490 0.576411
vn -0.809016 -0.000002 0.587787
vn -0.891005 0.000002 0.453993
vn -0.874603 0.190998 0.445635
vn -0.794120 0.191011 0.576965
vn -0.801841 0.132904 0.582570
vn -0.883104 0.132890 0.449963
vn -0.697596 -0.176266 0.694471
vn -0.581409 -0.168967 0.795873
vn -0.587782 -0.000002 0.809020
vn -0.707104 0.000002 0.707110
vn -0.694087 0.190998 0.694091
vn -0.576961 0.191010 0.794123
vn -0.582572 0.132904 0.801840
vn -0.700835 0.132890 0.700835
vn -0.450582 -0.160709 0.878151
vn -0.308321 -0.151737 0.939103
vn -0.309015 -0.000003 0.951057
vn -0.453988 0.000002 0.891008
vn -0.445631 0.190997 0.874605
vn -0.303326 0.191010 0.933546
vn -0.306276 0.132904 0.942620
vn -0.449965 0.132891 0.883104
vn -0.157926 -0.142207 0.977157
vn -0.003214 -0.132407 0.991190
vn -0.000009 -0.000001 1.000000
vn -0.156436 0.000002 0.987688
vn -0.153555 0.190998 0.969505
vn -0.000007 0.191010 0.981588
vn -0.000007 0.132904 0.991129
vn -0.155049 0.132891 0.978928
vn 0.152150 -0.122518 0.980734
vn 0.304139 -0.112850 0.945920
vn 0.309024 -0.000001 0.951054
vn 0.156425 0.000003 0.987690
vn 0.153547 0.190999 0.969506
vn 0.303333 0.191012 0.933544
vn 0.306282 0.132905 0.942617
vn 0.155042 0.132891 0.978929
vn 0.449043 -0.103586 0.887486
vn 0.583031 -0.095029 0.806873
vn 0.587804 -0.000003 0.809003
vn 0.454011 0.000001 0.890996
vn 0.445651 0.190998 0.874594
vn 0.576981 0.191009 0.794109
vn 0.582591 0.132903 0.801826
vn 0.449982 0.132891 0.883095
vn 0.702816 -0.087339 0.705990
vn 0.805251 -0.080778 0.587405
vn 0.809015 -0.000001 0.587788
vn 0.707116 0.000001 0.707098
vn 0.694099 0.190996 0.694080
vn 0.794121 0.191009 0.576964
vn 0.801842 0.132903 0.582569
vn 0.700848 0.132889 0.700823
vn 0.887800 -0.075460 0.454001
vn 0.948305 -0.071581 0.309183
vn 0.951054 -0.000001 0.309025
vn 0.891001 0.000003 0.454001
vn 0.874598 0.190998 0.445643
vn 0.933543 0.191011 0.303336
vn 0.942617 0.132904 0.306282
vn 0.883101 0.132890 0.449971
vn 0.985243 -0.069191 0.156556
vn 0.997658 -0.068404 0.000001
vn 1.000000 -0.000002 0.000001
vn 0.987688 0.000002 0.156438
vn 0.969505 0.190999 0.153557
vn 0.981588 0.191011 0.000000
vn 0.991129 0.132904 0.000000
vn 0.978928 0.132891 0.155049
vn 0.985243 -0.069191 -0.156553
vn 0.987688 0.000002 -0.156434
vn 0.969505 0.190998 -0.153555
vn 0.978928 0.132891 -0.155046
vn 0.890631 -0.000189 -0.454728
vn 0.950878 -0.002410 -0.309558
vn 0.808375 0.002850 -0.588661
vn 0.807335 -0.052880 -0.587719
vn 0.889179 -0.058075 -0.453859
vn 0.949083 -0.061879 -0.308890
vn 0.706178 0.006616 -0.708003
vn 0.586541 0.011032 -0.809845
vn 0.586300 -0.038850 -0.809162
vn 0.705559 -0.046419 -0.707129
vn 0.452484 0.015969 -0.891630
vn 0.307275 0.021322 -0.951382
vn 0.307506 -0.021161 -0.951311
vn 0.452533 -0.030361 -0.891231
vn 0.154599 0.026940 -0.987610
vn -0.001842 0.032700 -0.999463
vn -0.001590 -0.001557 -0.999998
vn 0.154889 -0.011480 -0.987865
vn -0.158090 0.038442 -0.986676
vn -0.310383 0.044043 -0.949591
vn -0.310405 0.018019 -0.950434
vn -0.157958 0.008356 -0.987410
vn -0.454892 0.049347 -0.889178
vn -0.588154 0.054243 -0.806928
vn -0.588482 0.035640 -0.807724
vn -0.455081 0.027188 -0.890035
vn -0.706833 0.058594 -0.704949
vn -0.808096 0.062312 -0.585746
vn -0.808586 0.049582 -0.586285
vn -0.707266 0.043165 -0.705629
vn -0.889481 0.065292 -0.452284
vn -0.949062 0.067479 -0.307780
vn -0.949576 0.058510 -0.308029
vn -0.889995 0.054737 -0.452672
vn -0.985391 0.068808 -0.155789
vn -0.997599 0.069258 0.000000
vn -0.998102 0.061582 0.000001
vn -0.985898 0.060810 -0.155908
vn -0.985392 0.068808 0.155782
vn -0.949065 0.067480 0.307769
vn -0.949580 0.058510 0.308017
vn -0.985899 0.060810 0.155901
vn -0.889481 0.065293 0.452283
vn -0.808083 0.062311 0.585764
vn -0.808573 0.049581 0.586303
vn -0.889996 0.054737 0.452671
vn -0.706803 0.058593 0.704980
vn -0.588128 0.054242 0.806947
vn -0.588456 0.035638 0.807743
vn -0.707235 0.043163 0.705660
vn -0.454886 0.049347 0.889182
vn -0.310387 0.044043 0.949589
vn -0.310410 0.018020 0.950432
vn -0.455074 0.027187 0.890038
vn -0.158100 0.038443 0.986675
vn -0.001853 0.032701 0.999463
vn -0.001601 -0.001557 0.999998
vn -0.157968 0.008357 0.987409
vn 0.154592 0.026940 0.987611
vn 0.307282 0.021322 0.951380
vn 0.307512 -0.021161 0.951309
vn 0.154882 -0.011480 0.987866
vn 0.452501 0.015969 0.891621
vn 0.586560 0.011031 0.809831
vn 0.586319 -0.038851 0.809148
vn 0.452550 -0.030363 0.891222
vn 0.706192 0.006616 0.707989
vn 0.808378 0.002849 0.588657
vn 0.807338 -0.052880 0.587716
vn 0.705572 -0.046419 0.707117
vn 0.890627 -0.000189 0.454734
vn 0.950875 -0.002410 0.309566
vn 0.949080 -0.061879 0.308898
vn 0.889176 -0.058075 0.453865
vn 0.987636 -0.003771 0.156718
vn 0.999991 -0.004224 0.000001
vn 0.997887 -0.064978 0.000001
vn 0.985612 -0.064198 0.156357
vn 0.987637 -0.003771 -0.156714
vn 0.985613 -0.064198 -0.156353
vn 0.888664 -0.072234 -0.452834
vn 0.948268 -0.076436 -0.308133
vn 0.807202 -0.066493 -0.586519
vn 0.807818 -0.066272 -0.585695
vn 0.889045 -0.071843 -0.452147
vn 0.948472 -0.075920 -0.307631
vn 0.705826 -0.059346 -0.705895
vn 0.586975 -0.050968 -0.807999
vn 0.588115 -0.051197 -0.807155
vn 0.706691 -0.059333 -0.705030
vn 0.453543 -0.041560 -0.890265
vn 0.308801 -0.031355 -0.950610
vn 0.310380 -0.032134 -0.950069
vn 0.454908 -0.042054 -0.889545
vn 0.156334 -0.020604 -0.987489
vn -0.000066 -0.009576 -0.999954
vn 0.001689 -0.010936 -0.999939
vn 0.158021 -0.021672 -0.987198
vn -0.156495 0.001456 -0.987678
vn -0.309053 0.012215 -0.950966
vn -0.307473 0.010304 -0.951501
vn -0.154804 -0.000185 -0.987945
vn -0.453939 0.022434 -0.890750
vn -0.587560 0.031859 -0.808554
vn -0.586454 0.029479 -0.809446
vn -0.452584 0.020278 -0.891491
vn -0.706599 0.040257 -0.706468
vn -0.808145 0.047419 -0.587072
vn -0.807641 0.044688 -0.587979
vn -0.705804 0.037686 -0.707404
vn -0.889760 0.053178 -0.453320
vn -0.949492 0.057391 -0.308497
vn -0.949482 0.054444 -0.309062
vn -0.889535 0.050321 -0.454088
vn -0.985912 0.059961 -0.156148
vn -0.998149 0.060824 0.000000
vn -0.998328 0.057804 -0.000000
vn -0.986043 0.056959 -0.156442
vn -0.985913 0.059961 0.156141
vn -0.949496 0.057391 0.308485
vn -0.949486 0.054444 0.309050
vn -0.986044 0.056960 0.156436
vn -0.889761 0.053178 0.453319
vn -0.808132 0.047418 0.587090
vn -0.807627 0.044687 0.587998
vn -0.889536 0.050321 0.454085
vn -0.706568 0.040254 0.706499
vn -0.587533 0.031857 0.808573
vn -0.586427 0.029478 0.809465
vn -0.705772 0.037684 0.707436
vn -0.453932 0.022434 0.890754
vn -0.309059 0.012215 0.950965
vn -0.307478 0.010304 0.951499
vn -0.452578 0.020278 0.891494
vn -0.156504 0.001457 0.987676
vn -0.000077 -0.009575 0.999954
vn 0.001678 -0.010935 0.999939
vn -0.154813 -0.000184 0.987944
vn 0.156327 -0.020604 0.987490
vn 0.308807 -0.031356 0.950608
vn 0.310386 -0.032134 0.950067
vn 0.158014 -0.021671 0.987199
vn 0.453560 -0.041561 0.890256
vn 0.586995 -0.050969 0.807985
vn 0.588134 -0.051199 0.807141
vn 0.454925 -0.042056 0.889536
vn 0.705838 -0.059347 0.705883
vn 0.807204 -0.066493 0.586516
vn 0.807820 -0.066272 0.585692
vn 0.706703 -0.059334 0.705018
vn 0.888661 -0.072234 0.452840
vn 0.948265 -0.076436 0.308141
vn 0.948469 -0.075920 0.307640
vn 0.889042 -0.071843 0.452154
vn 0.984599 -0.078997 0.155960
vn 0.996806 -0.079858 0.000001
vn 0.996856 -0.079238 0.000002
vn 0.984688 -0.078403 0.155701
vn 0.984600 -0.078997 -0.155955
vn 0.984689 -0.078403 -0.155696
vn 0.890261 -0.053261 -0.452325
vn 0.949793 -0.056282 -0.307775
vn 0.808921 -0.049133 -0.585861
vn 0.809017 -0.000000 -0.587786
vn 0.891007 0.000000 -0.453989
vn 0.951058 0.000000 -0.309014
vn 0.891007 0.000000 -0.453990
vn 0.951058 0.000000 -0.309013
vn 0.809017 0.000000 -0.587786
vn 0.809017 -0.000000 -0.587786
vn 0.891007 0.000000 -0.453990
vn 0.951058 0.000000 -0.309013
vn 0.707682 -0.043993 -0.705160
vn 0.589033 -0.037969 -0.807217
vn 0.587786 0.000000 -0.809017
vn 0.707107 -0.000000 -0.707106
vn 0.707107 0.000000 -0.707107
vn 0.587785 0.000000 -0.809017
vn 0.587785 -0.000000 -0.809017
vn 0.707107 0.000000 -0.707107
vn 0.455772 -0.031198 -0.889550
vn 0.311239 -0.023855 -0.950032
vn 0.309017 -0.000000 -0.951057
vn 0.453991 0.000000 -0.891006
vn 0.453991 -0.000000 -0.891006
vn 0.309017 -0.000000 -0.951057
vn 0.309017 -0.000000 -0.951057
vn 0.453991 0.000000 -0.891007
vn 0.158877 -0.016109 -0.987167
vn 0.002560 -0.008160 -0.999963
vn 0.000005 0.000000 -1.000000
vn 0.156436 -0.000000 -0.987688
vn 0.156436 -0.000000 -0.987688
vn 0.000005 0.000000 -1.000000
vn 0.000005 -0.000000 -1.000000
vn 0.156436 0.000000 -0.987688
vn -0.153966 -0.000196 -0.988076
vn -0.306695 0.007576 -0.951778
vn -0.309015 0.000001 -0.951057
vn -0.156428 0.000000 -0.987689
vn -0.156428 0.000000 -0.987689
vn -0.309017 0.000000 -0.951056
vn -0.309018 0.000000 -0.951056
vn -0.156428 0.000000 -0.987689
vn -0.451946 0.014972 -0.891920
vn -0.586000 0.021799 -0.810018
vn -0.587811 0.000001 -0.808998
vn -0.454000 0.000001 -0.891002
vn -0.454001 0.000000 -0.891001
vn -0.587808 0.000000 -0.809001
vn -0.587807 0.000000 -0.809001
vn -0.454002 0.000000 -0.891001
vn -0.705600 0.027893 -0.708061
vn -0.807705 0.033095 -0.588657
vn -0.809028 -0.000002 -0.587770
vn -0.707134 -0.000000 -0.707080
vn -0.707129 -0.000000 -0.707085
vn -0.809025 -0.000000 -0.587774
vn -0.809024 -0.000000 -0.587775
vn -0.707128 -0.000000 -0.707086
vn -0.889867 0.037284 -0.454694
vn -0.950035 0.040351 -0.309523
vn -0.951054 -0.000001 -0.309025
vn -0.891006 -0.000002 -0.453992
vn -0.891004 -0.000000 -0.453995
vn -0.951054 -0.000000 -0.309025
vn -0.951054 -0.000000 -0.309025
vn -0.891004 -0.000000 -0.453995
vn -0.986745 0.042223 -0.156689
vn -0.999081 0.042852 -0.000000
vn -1.000000 -0.000000 0.000000
vn -0.987688 -0.000000 -0.156438
vn -0.987688 -0.000000 -0.156437
vn -1.000000 0.000000 0.000000
vn -1.000000 0.000000 0.000000
vn -0.987688 -0.000000 -0.156437
vn -0.986746 0.042223 0.156683
vn -0.950039 0.040351 0.309512
vn -0.951057 -0.000002 0.309015
vn -0.987689 -0.000001 0.156432
vn -0.987689 -0.000000 0.156431
vn -0.951057 -0.000000 0.309015
vn -0.951057 -0.000000 0.309015
vn -0.987689 0.000000 0.156430
vn -0.889868 0.037284 0.454693
vn -0.807691 0.033095 0.588677
vn -0.809012 0.000000 0.587792
vn -0.891005 -0.000001 0.453994
vn -0.891003 -0.000000 0.453997
vn -0.809009 0.000000 0.587796
vn -0.809008 0.000000 0.587798
vn -0.891003 -0.000000 0.453998
vn -0.705568 0.027892 0.708093
vn -0.585974 0.021799 0.810036
vn -0.587786 0.000003 0.809017
vn -0.707102 0.000002 0.707111
vn -0.707098 0.000000 0.707116
vn -0.587785 0.000000 0.809017
vn -0.587785 0.000000 0.809017
vn -0.707097 0.000000 0.707117
vn -0.451941 0.014972 0.891922
vn -0.306701 0.007576 0.951776
vn -0.309024 0.000001 0.951054
vn -0.453998 0.000003 0.891003
vn -0.454001 0.000000 0.891001
vn -0.309027 0.000000 0.951053
vn -0.309028 0.000000 0.951053
vn -0.454003 0.000000 0.891000
vn -0.153975 -0.000196 0.988075
vn 0.002548 -0.008160 0.999964
vn -0.000006 -0.000000 1.000000
vn -0.156438 0.000000 0.987688
vn -0.156439 0.000000 0.987688
vn -0.000006 -0.000000 1.000000
vn -0.000006 -0.000000 1.000000
vn -0.156439 0.000000 0.987688
vn 0.158869 -0.016108 0.987168
vn 0.311246 -0.023855 0.950030
vn 0.309023 0.000000 0.951055
vn 0.156429 -0.000000 0.987689
vn 0.156428 -0.000000 0.987689
vn 0.309023 0.000000 0.951055
vn 0.309023 -0.000000 0.951055
vn 0.156428 0.000000 0.987689
vn 0.455790 -0.031199 0.889540
vn 0.589051 -0.037969 0.807203
vn 0.587805 0.000000 0.809002
vn 0.454008 0.000000 0.890998
vn 0.454008 0.000000 0.890997
vn 0.587805 -0.000000 0.809003
vn 0.587805 -0.000000 0.809003
vn 0.454008 0.000000 0.890998
vn 0.707695 -0.043993 0.705147
vn 0.808922 -0.049133 0.585859
vn 0.809017 -0.000001 0.587785
vn 0.707119 -0.000000 0.707094
vn 0.707118 -0.000000 0.707095
vn 0.809015 -0.000000 0.587789
vn 0.809014 -0.000000 0.587789
vn 0.707118 -0.000000 0.707096
vn 0.890257 -0.053261 0.452333
vn 0.949790 -0.056282 0.307785
vn 0.951054 -0.000002 0.309025
vn 0.891002 -0.000001 0.454000
vn 0.890999 -0.000000 0.454005
vn 0.951053 -0.000000 0.309027
vn 0.951053 -0.000000 0.309028
vn 0.890999 -0.000000 0.454005
vn 0.986080 -0.058123 0.155784
vn 0.998273 -0.058742 0.000001
vn 1.000000 -0.000000 0.000001
vn 0.987688 -0.000001 0.156438
vn 0.987688 -0.000000 0.156438
vn 1.000000 -0.000000 0.000001
vn 1.000000 -0.000000 0.000001
vn 0.987688 -0.000000 0.156438
vn 0.986080 -0.058123 -0.155779
vn 0.987689 0.000000 -0.156432
vn 0.987689 0.000000 -0.156431
vn 0.987689 0.000000 -0.156431
vn 0.891001 -0.002005 -0.453997
vn 0.951054 -0.002031 -0.309018
vn 0.809008 -0.001969 -0.587795
vn 0.808942 -0.011251 -0.587780
vn 0.890935 -0.011453 -0.453986
vn 0.950988 -0.011601 -0.309012
vn 0.707094 -0.001925 -0.707117
vn 0.587770 -0.001874 -0.809026
vn 0.587708 -0.010704 -0.809003
vn 0.707031 -0.010999 -0.707097
vn 0.453973 -0.001816 -0.891014
vn 0.308997 -0.001753 -0.951061
vn 0.308941 -0.010016 -0.951029
vn 0.453913 -0.010374 -0.890985
vn 0.156415 -0.001687 -0.987690
vn -0.000016 -0.001620 -0.999999
vn -0.000062 -0.009253 -0.999957
vn 0.156364 -0.009639 -0.987652
vn -0.156449 -0.001552 -0.987685
vn -0.309037 -0.001486 -0.951049
vn -0.309068 -0.008490 -0.951002
vn -0.156487 -0.008866 -0.987640
vn -0.454019 -0.001424 -0.890991
vn -0.587821 -0.001366 -0.808990
vn -0.587833 -0.007802 -0.808944
vn -0.454040 -0.008132 -0.890944
vn -0.707138 -0.001314 -0.707075
vn -0.809031 -0.001270 -0.587765
vn -0.809026 -0.007256 -0.587728
vn -0.707141 -0.007507 -0.707033
vn -0.891008 -0.001235 -0.453987
vn -0.951055 -0.001209 -0.309018
vn -0.951038 -0.006905 -0.308997
vn -0.890996 -0.007053 -0.453957
vn -0.987688 -0.001193 -0.156433
vn -0.999999 -0.001188 0.000000
vn -0.999977 -0.006785 0.000000
vn -0.987667 -0.006815 -0.156423
vn -0.987689 -0.001193 0.156426
vn -0.951058 -0.001209 0.309009
vn -0.951041 -0.006905 0.308988
vn -0.987668 -0.006815 0.156416
vn -0.891006 -0.001235 0.453989
vn -0.809014 -0.001270 0.587787
vn -0.809010 -0.007256 0.587751
vn -0.890994 -0.007053 0.453960
vn -0.707107 -0.001314 0.707106
vn -0.587798 -0.001366 0.809006
vn -0.587811 -0.007802 0.808961
vn -0.707110 -0.007507 0.707064
vn -0.454020 -0.001424 0.890990
vn -0.309048 -0.001486 0.951045
vn -0.309079 -0.008490 0.950999
vn -0.454041 -0.008132 0.890944
vn -0.156460 -0.001552 0.987683
vn -0.000028 -0.001620 0.999999
vn -0.000073 -0.009253 0.999957
vn -0.156498 -0.008866 0.987639
vn 0.156407 -0.001687 0.987691
vn 0.309003 -0.001753 0.951060
vn 0.308947 -0.010016 0.951027
vn 0.156356 -0.009639 0.987654
vn 0.453990 -0.001816 0.891005
vn 0.587790 -0.001874 0.809012
vn 0.587727 -0.010704 0.808988
vn 0.453931 -0.010374 0.890976
vn 0.707106 -0.001925 0.707105
vn 0.809005 -0.001969 0.587799
vn 0.808940 -0.011251 0.587784
vn 0.707042 -0.010999 0.707086
vn 0.890993 -0.002005 0.454014
vn 0.951049 -0.002031 0.309034
vn 0.950983 -0.011601 0.309027
vn 0.890927 -0.011453 0.454003
vn 0.987685 -0.002046 0.156441
vn 0.999998 -0.002052 0.000001
vn 0.999931 -0.011722 0.000001
vn 0.987619 -0.011692 0.156437
vn 0.987686 -0.002046 -0.156433
vn 0.987620 -0.011692 -0.156430
vn -0.156380 -0.035093 0.987073
vn -0.308889 -0.033608 0.950504
vn -0.000044 -0.036627 0.999329
vn 0.000508 -0.085688 0.996322
vn -0.155414 -0.082131 0.984429
vn -0.307605 -0.078671 0.948256
vn -0.453799 -0.032186 0.890523
vn -0.587530 -0.030884 0.808613
vn -0.452309 -0.075368 0.888671
vn -0.585908 -0.072330 0.807143
vn -0.706803 -0.029714 0.706786
vn -0.808687 -0.028724 0.587537
vn -0.705126 -0.069606 0.705658
vn -0.806996 -0.067290 0.586711
vn -0.890663 -0.027918 0.453806
vn -0.950705 -0.027337 0.308888
vn -0.888989 -0.065414 0.453233
vn -0.949055 -0.064051 0.308533
vn -0.987331 -0.026974 0.156367
vn -0.999639 -0.026859 0.000000
vn -0.985702 -0.063208 0.156196
vn -0.998018 -0.062934 0.000000
vn -0.987330 -0.026974 -0.156374
vn -0.950703 -0.027337 -0.308897
vn -0.985700 -0.063208 -0.156203
vn -0.949052 -0.064050 -0.308541
vn -0.890665 -0.027918 -0.453803
vn -0.808704 -0.028724 -0.587515
vn -0.888991 -0.065413 -0.453229
vn -0.807012 -0.067289 -0.586689
vn -0.706834 -0.029713 -0.706755
vn -0.587552 -0.030884 -0.808597
vn -0.705157 -0.069605 -0.705627
vn -0.585929 -0.072329 -0.807128
vn -0.453797 -0.032186 -0.890524
vn -0.308878 -0.033608 -0.950508
vn -0.452306 -0.075368 -0.888672
vn -0.307594 -0.078672 -0.948260
vn -0.156369 -0.035093 -0.987075
vn -0.000033 -0.036627 -0.999329
vn -0.155403 -0.082131 -0.984431
vn 0.000520 -0.085688 -0.996322
vn 0.156285 -0.038150 -0.986975
vn 0.308740 -0.039648 -0.950320
vn 0.156307 -0.089227 -0.983670
vn 0.308151 -0.092689 -0.946811
vn 0.453578 -0.041058 -0.890270
vn 0.587233 -0.042373 -0.808308
vn 0.452298 -0.095962 -0.886689
vn 0.585234 -0.098991 -0.804799
vn 0.706418 -0.043533 -0.706455
vn 0.808201 -0.044536 -0.587220
vn 0.703695 -0.101678 -0.703189
vn 0.804808 -0.103983 -0.584356
vn 0.890084 -0.045331 -0.453538
vn 0.950051 -0.045925 -0.308698
vn 0.886108 -0.105825 -0.451236
vn 0.945628 -0.107184 -0.307082
vn 0.986630 -0.046276 -0.156269
vn 0.998923 -0.046403 0.000001
vn 0.981924 -0.108002 -0.155437
vn 0.994120 -0.108285 0.000000
vn 0.986629 -0.046276 0.156275
vn 0.950046 -0.045925 0.308713
vn 0.981923 -0.108002 0.155443
vn 0.945623 -0.107184 0.307097
vn 0.890075 -0.045330 0.453554
vn 0.808199 -0.044536 0.587224
vn 0.886100 -0.105824 0.451252
vn 0.804806 -0.103983 0.584359
vn 0.706429 -0.043532 0.706444
vn 0.587252 -0.042373 0.808294
vn 0.703706 -0.101678 0.703178
vn 0.585253 -0.098992 0.804785
vn 0.453595 -0.041059 0.890261
vn 0.308746 -0.039648 0.950318
vn 0.452316 -0.095962 0.886680
vn 0.308158 -0.092690 0.946809
vn 0.156278 -0.038150 0.986976
vn 0.156300 -0.089228 0.983671
vn 0.156664 0.103059 0.982260
vn 0.001077 0.106620 0.994299
vn 0.308463 0.099715 0.945996
vn -0.154419 0.110046 0.981858
vn -0.306049 0.113516 0.945224
vn -0.450031 0.116682 0.885357
vn -0.582847 0.119727 0.803713
vn -0.701236 0.122317 0.702358
vn -0.802321 0.124646 0.583733
vn -0.883628 0.126406 0.450804
vn -0.943153 0.127803 0.306805
vn -0.979466 0.128555 0.155303
vn -0.991659 0.128891 0.000000
vn -0.979465 0.128555 -0.155310
vn -0.943151 0.127804 -0.306811
vn -0.883631 0.126407 -0.450797
vn -0.802337 0.124648 -0.583710
vn -0.701268 0.122319 -0.702326
vn -0.582870 0.119728 -0.803697
vn -0.450030 0.116681 -0.885358
vn -0.306038 0.113514 -0.945228
vn -0.154408 0.110045 -0.981860
vn 0.001089 0.106621 -0.994299
vn 0.156669 0.103058 -0.982260
vn 0.308453 0.099714 -0.945999
vn 0.452741 0.096401 -0.886416
vn 0.585919 0.093475 -0.804961
vn 0.704737 0.090735 -0.703643
vn 0.806217 0.088522 -0.584960
vn 0.887883 0.086612 -0.451843
vn 0.947692 0.085336 -0.307567
vn 0.984188 0.084444 -0.155702
vn 0.996446 0.084239 -0.000001
vn 0.984186 0.084443 0.155713
vn 0.947686 0.085336 0.307586
vn 0.887876 0.086612 0.451857
vn 0.806212 0.088521 0.584967
vn 0.704747 0.090733 0.703633
vn 0.585941 0.093475 0.804944
vn 0.452762 0.096401 0.886405
s 1
g pCylinder1
usemtl phong1SG
f 1/941/1 663/1707/2 983/1367/3
f 1/941/1 983/1367/3 666/1711/4
f 663/1707/2 2/943/5 664/1709/6
f 663/1707/2 664/1709/6 983/1367/3
f 983/1367/3 664/1709/6 22/986/7
f 983/1367/3 22/986/7 665/1710/8
f 666/1711/4 983/1367/3 665/1710/8
f 666/1711/4 665/1710/8 21/985/9
f 2/943/5 667/1712/10 984/1368/11
f 2/943/5 984/1368/11 664/1709/6
f 667/1712/10 3/945/12 668/1714/13
f 667/1712/10 668/1714/13 984/1368/11
f 984/1368/11 668/1714/13 23/987/14
f 984/1368/11 23/987/14 669/1716/15
f 664/1709/6 984/1368/11 669/1716/15
f 664/1709/6 669/1716/15 22/986/7
f 3/947/12 670/1717/16 985/1369/17
f 3/947/12 985/1369/17 668/1715/13
f 670/1717/16 4/948/18 671/1719/19
f 670/1717/16 671/1719/19 985/1369/17
f 985/1369/17 671/1719/19 24/989/20
f 985/1369/17 24/989/20 672/1720/21
f 668/1715/13 985/1369/17 672/1720/21
f 668/1715/13 672/1720/21 23/988/14
f 4/948/18 673/1721/22 986/1370/23
f 4/948/18 986/1370/23 671/1719/19
f 673/1721/22 5/950/24 674/1723/25
f 673/1721/22 674/1723/25 986/1370/23
f 986/1370/23 674/1723/25 25/990/26
f 986/1370/23 25/990/26 675/1724/27
f 671/1719/19 986/1370/23 675/1724/27
f 671/1719/19 675/1724/27 24/989/20
f 5/950/24 676/1725/28 987/1371/29
f 5/950/24 987/1371/29 674/1723/25
f 676/1725/28 6/952/30 677/1727/31
f 676/1725/28 677/1727/31 987/1371/29
f 987/1371/29 677/1727/31 26/991/32
f 987/1371/29 26/991/32 678/1728/33
f 674/1723/25 987/1371/29 678/1728/33
f 674/1723/25 678/1728/33 25/990/26
f 6/952/30 679/1729/34 988/1372/35
f 6/952/30 988/1372/35 677/1727/31
f 679/1729/34 7/954/36 680/1731/37
f 679/1729/34 680/1731/37 988/1372/35
f 988/1372/35 680/1731/37 27/992/38
f 988/1372/35 27/992/38 681/1733/39
f 677/1727/31 988/1372/35 681/1733/39
f 677/1727/31 681/1733/39 26/991/32
f 7/956/36 682/1734/40 989/1373/41
f 7/956/36 989/1373/41 680/1732/37
f 682/1734/40 8/957/42 683/1736/43
f 682/1734/40 683/1736/43 989/1373/41
f 989/1373/41 683/1736/43 28/994/44
f 989/1373/41 28/994/44 684/1737/45
f 680/1732/37 989/1373/41 684/1737/45
f 680/1732/37 684/1737/45 27/993/38
f 8/957/42 685/1738/46 990/1374/47
f 8/957/42 990/1374/47 683/1736/43
f 685/1738/46 9/959/48 686/1740/49
f 685/1738/46 686/1740/49 990/1374/47
f 990/1374/47 686/1740/49 29/995/50
f 990/1374/47 29/995/50 687/1741/51
f 683/1736/43 990/1374/47 687/1741/51
f 683/1736/43 687/1741/51 28/994/44
f 9/959/48 688/1742/52 991/1375/53
f 9/959/48 991/1375/53 686/1740/49
f 688/1742/52 10/961/54 689/1744/55
f 688/1742/52 689/1744/55 991/1375/53
f 991/1375/53 689/1744/55 30/996/56
f 991/1375/53 30/996/56 690/1745/57
f 686/1740/49 991/1375/53 690/1745/57
f 686/1740/49 690/1745/57 29/995/50
f 10/961/54 691/1746/58 992/1376/59
f 10/961/54 992/1376/59 689/1744/55
f 691/1746/58 11/963/60 692/1748/61
f 691/1746/58 692/1748/61 992/1376/59
f 992/1376/59 692/1748/61 31/997/62
f 992/1376/59 31/997/62 693/1749/63
f 689/1744/55 992/1376/59 693/1749/63
f 689/1744/55 693/1749/63 30/996/56
f 11/963/60 694/1750/64 993/1377/65
f 11/963/60 993/1377/65 692/1748/61
f 694/1750/64 12/965/66 695/1752/67
f 694/1750/64 695/1752/67 993/1377/65
f 993/1377/65 695/1752/67 32/998/68
f 993/1377/65 32/998/68 696/1753/69
f 692/1748/61 993/1377/65 696/1753/69
f 692/1748/61 696/1753/69 31/997/62
f 12/965/66 697/1754/70 994/1378/71
f 12/965/66 994/1378/71 695/1752/67
f 697/1754/70 13/967/72 698/1756/73
f 697/1754/70 698/1756/73 994/1378/71
f 994/1378/71 698/1756/73 33/999/74
f 994/1378/71 33/999/74 699/1758/75
f 695/1752/67 994/1378/71 699/1758/75
f 695/1752/67 699/1758/75 32/998/68
f 13/969/72 700/1759/76 995/1379/77
f 13/969/72 995/1379/77 698/1757/73
f 700/1759/76 14/970/78 701/1761/79
f 700/1759/76 701/1761/79 995/1379/77
f 995/1379/77 701/1761/79 34/1001/80
f 995/1379/77 34/1001/80 702/1762/81
f 698/1757/73 995/1379/77 702/1762/81
f 698/1757/73 702/1762/81 33/1000/74
f 14/970/78 703/1763/82 996/1380/83
f 14/970/78 996/1380/83 701/1761/79
f 703/1763/82 15/972/84 704/1765/85
f 703/1763/82 704/1765/85 996/1380/83
f 996/1380/83 704/1765/85 35/1002/86
f 996/1380/83 35/1002/86 705/1766/87
f 701/1761/79 996/1380/83 705/1766/87
f 701/1761/79 705/1766/87 34/1001/80
f 15/972/84 706/1767/88 997/1381/89
f 15/972/84 997/1381/89 704/1765/85
f 706/1767/88 16/974/90 707/1769/91
f 706/1767/88 707/1769/91 997/1381/89
f 997/1381/89 707/1769/91 36/1003/92
f 997/1381/89 36/1003/92 708/1770/93
f 704/1765/85 997/1381/89 708/1770/93
f 704/1765/85 708/1770/93 35/1002/86
f 16/974/90 709/1771/94 998/1382/95
f 16/974/90 998/1382/95 707/1769/91
f 709/1771/94 17/976/96 710/1773/97
f 709/1771/94 710/1773/97 998/1382/95
f 998/1382/95 710/1773/97 37/1004/98
f 998/1382/95 37/1004/98 711/1775/99
f 707/1769/91 998/1382/95 711/1775/99
f 707/1769/91 711/1775/99 36/1003/92
f 17/978/96 712/1776/100 999/1383/101
f 17/978/96 999/1383/101 710/1774/97
f 712/1776/100 18/979/102 713/1778/103
f 712/1776/100 713/1778/103 999/1383/101
f 999/1383/101 713/1778/103 38/1006/104
f 999/1383/101 38/1006/104 714/1779/105
f 710/1774/97 999/1383/101 714/1779/105
f 710/1774/97 714/1779/105 37/1005/98
f 18/979/102 715/1780/106 1000/1384/107
f 18/979/102 1000/1384/107 713/1778/103
f 715/1780/106 19/981/108 716/1782/109
f 715/1780/106 716/1782/109 1000/1384/107
f 1000/1384/107 716/1782/109 39/1007/110
f 1000/1384/107 39/1007/110 717/1783/111
f 713/1778/103 1000/1384/107 717/1783/111
f 713/1778/103 717/1783/111 38/1006/104
f 19/981/108 718/1784/112 1001/1385/113
f 19/981/108 1001/1385/113 716/1782/109
f 718/1784/112 20/983/114 719/1786/115
f 718/1784/112 719/1786/115 1001/1385/113
f 1001/1385/113 719/1786/115 40/1008/116
f 1001/1385/113 40/1008/116 720/1787/117
f 716/1782/109 1001/1385/113 720/1787/117
f 716/1782/109 720/1787/117 39/1007/110
f 20/983/114 721/1788/118 1002/1386/119
f 20/983/114 1002/1386/119 719/1786/115
f 721/1788/118 1/941/1 666/1711/4
f 721/1788/118 666/1711/4 1002/1386/119
f 1002/1386/119 666/1711/4 21/985/9
f 1002/1386/119 21/985/9 722/1790/120
f 719/1786/115 1002/1386/119 722/1790/120
f 719/1786/115 722/1790/120 40/1008/116
f 2/944/5 663/1708/2 1003/1387/121
f 2/944/5 1003/1387/121 724/1792/122
f 1/942/1 723/1791/123 1003/1387/121
f 1/942/1 1003/1387/121 663/1708/2
f 41/1009/124 724/1792/122 1003/1387/121
f 41/1009/124 1003/1387/121 723/1791/123
f 3/946/12 667/1713/10 1004/1388/125
f 3/946/12 1004/1388/125 725/1793/126
f 2/944/5 724/1792/122 1004/1388/125
f 2/944/5 1004/1388/125 667/1713/10
f 41/1009/124 725/1793/126 1004/1388/125
f 41/1009/124 1004/1388/125 724/1792/122
f 4/949/18 670/1718/16 1005/1389/127
f 4/949/18 1005/1389/127 726/1794/128
f 3/946/12 725/1793/126 1005/1389/127
f 3/946/12 1005/1389/127 670/1718/16
f 41/1009/124 726/1794/128 1005/1389/127
f 41/1009/124 1005/1389/127 725/1793/126
f 5/951/24 673/1722/22 1006/1390/129
f 5/951/24 1006/1390/129 727/1795/130
f 4/949/18 726/1794/128 1006/1390/129
f 4/949/18 1006/1390/129 673/1722/22
f 41/1009/124 727/1795/130 1006/1390/129
f 41/1009/124 1006/1390/129 726/1794/128
f 6/953/30 676/1726/28 1007/1391/131
f 6/953/30 1007/1391/131 728/1796/132
f 5/951/24 727/1795/130 1007/1391/131
f 5/951/24 1007/1391/131 676/1726/28
f 41/1009/124 728/1796/132 1007/1391/131
f 41/1009/124 1007/1391/131 727/1795/130
f 7/955/36 679/1730/34 1008/1392/133
f 7/955/36 1008/1392/133 729/1797/134
f 6/953/30 728/1796/132 1008/1392/133
f 6/953/30 1008/1392/133 679/1730/34
f 41/1009/124 729/1797/134 1008/1392/133
f 41/1009/124 1008/1392/133 728/1796/132
f 8/958/42 682/1735/40 1009/1393/135
f 8/958/42 1009/1393/135 730/1798/136
f 7/955/36 729/1797/134 1009/1393/135
f 7/955/36 1009/1393/135 682/1735/40
f 41/1009/124 730/1798/136 1009/1393/135
f 41/1009/124 1009/1393/135 729/1797/134
f 9/960/48 685/1739/46 1010/1394/137
f 9/960/48 1010/1394/137 731/1799/138
f 8/958/42 730/1798/136 1010/1394/137
f 8/958/42 1010/1394/137 685/1739/46
f 41/1009/124 731/1799/138 1010/1394/137
f 41/1009/124 1010/1394/137 730/1798/136
f 10/962/54 688/1743/52 1011/1395/139
f 10/962/54 1011/1395/139 732/1800/140
f 9/960/48 731/1799/138 1011/1395/139
f 9/960/48 1011/1395/139 688/1743/52
f 41/1009/124 732/1800/140 1011/1395/139
f 41/1009/124 1011/1395/139 731/1799/138
f 11/964/60 691/1747/58 1012/1396/141
f 11/964/60 1012/1396/141 733/1801/142
f 10/962/54 732/1800/140 1012/1396/141
f 10/962/54 1012/1396/141 691/1747/58
f 41/1009/124 733/1801/142 1012/1396/141
f 41/1009/124 1012/1396/141 732/1800/140
f 12/966/66 694/1751/64 1013/1397/143
f 12/966/66 1013/1397/143 734/1802/144
f 11/964/60 733/1801/142 1013/1397/143
f 11/964/60 1013/1397/143 694/1751/64
f 41/1009/124 734/1802/144 1013/1397/143
f 41/1009/124 1013/1397/143 733/1801/142
f 13/968/72 697/1755/70 1014/1398/145
f 13/968/72 1014/1398/145 735/1803/146
f 12/966/66 734/1802/144 1014/1398/145
f 12/966/66 1014/1398/145 697/1755/70
f 41/1009/124 735/1803/146 1014/1398/145
f 41/1009/124 1014/1398/145 734/1802/144
f 14/971/78 700/1760/76 1015/1399/147
f 14/971/78 1015/1399/147 736/1804/148
f 13/968/72 735/1803/146 1015/1399/147
f 13/968/72 1015/1399/147 700/1760/76
f 41/1009/124 736/1804/148 1015/1399/147
f 41/1009/124 1015/1399/147 735/1803/146
f 15/973/84 703/1764/82 1016/1400/149
f 15/973/84 1016/1400/149 737/1805/150
f 14/971/78 736/1804/148 1016/1400/149
f 14/971/78 1016/1400/149 703/1764/82
f 41/1009/124 737/1805/150 1016/1400/149
f 41/1009/124 1016/1400/149 736/1804/148
f 16/975/90 706/1768/88 1017/1401/151
f 16/975/90 1017/1401/151 738/1806/152
f 15/973/84 737/1805/150 1017/1401/151
f 15/973/84 1017/1401/151 706/1768/88
f 41/1009/124 738/1806/152 1017/1401/151
f 41/1009/124 1017/1401/151 737/1805/150
f 17/977/96 709/1772/94 1018/1402/153
f 17/977/96 1018/1402/153 739/1807/154
f 16/975/90 738/1806/152 1018/1402/153
f 16/975/90 1018/1402/153 709/1772/94
f 41/1009/124 739/1807/154 1018/1402/153
f 41/1009/124 1018/1402/153 738/1806/152
f 18/980/102 712/1777/100 1019/1403/155
f 18/980/102 1019/1403/155 740/1808/156
f 17/977/96 739/1807/154 1019/1403/155
f 17/977/96 1019/1403/155 712/1777/100
f 41/1009/124 740/1808/156 1019/1403/155
f 41/1009/124 1019/1403/155 739/1807/154
f 19/982/108 715/1781/106 1020/1404/157
f 19/982/108 1020/1404/157 741/1809/158
f 18/980/102 740/1808/156 1020/1404/157
f 18/980/102 1020/1404/157 715/1781/106
f 41/1009/124 741/1809/158 1020/1404/157
f 41/1009/124 1020/1404/157 740/1808/156
f 20/984/114 718/1785/112 1021/1405/159
f 20/984/114 1021/1405/159 742/1810/160
f 19/982/108 741/1809/158 1021/1405/159
f 19/982/108 1021/1405/159 718/1785/112
f 41/1009/124 742/1810/160 1021/1405/159
f 41/1009/124 1021/1405/159 741/1809/158
f 1/942/1 721/1789/118 1022/1406/161
f 1/942/1 1022/1406/161 723/1791/123
f 20/984/114 742/1810/160 1022/1406/161
f 20/984/114 1022/1406/161 721/1789/118
f 41/1009/124 723/1791/123 1022/1406/161
f 41/1009/124 1022/1406/161 742/1810/160
f 262/1274/162 743/1811/163 1023/1407/164
f 262/1274/162 1023/1407/164 745/1814/165
f 263/1276/166 744/1813/167 1023/1407/164
f 263/1276/166 1023/1407/164 743/1811/163
f 264/1278/168 745/1814/165 1023/1407/164
f 264/1278/168 1023/1407/164 744/1813/167
f 263/1276/166 746/1815/169 1024/1408/170
f 263/1276/166 1024/1408/170 744/1813/167
f 265/1279/171 747/1817/172 1024/1408/170
f 265/1279/171 1024/1408/170 746/1815/169
f 264/1278/168 744/1813/167 1024/1408/170
f 264/1278/168 1024/1408/170 747/1817/172
f 265/1279/171 748/1818/173 1025/1409/174
f 265/1279/171 1025/1409/174 747/1817/172
f 266/1282/175 749/1820/176 1025/1409/174
f 266/1282/175 1025/1409/174 748/1818/173
f 264/1278/168 747/1817/172 1025/1409/174
f 264/1278/168 1025/1409/174 749/1820/176
f 266/1282/175 750/1821/177 1026/1410/178
f 266/1282/175 1026/1410/178 749/1820/176
f 267/1284/179 751/1823/180 1026/1410/178
f 267/1284/179 1026/1410/178 750/1821/177
f 264/1278/168 749/1820/176 1026/1410/178
f 264/1278/168 1026/1410/178 751/1823/180
f 267/1284/179 752/1824/181 1027/1411/182
f 267/1284/179 1027/1411/182 751/1823/180
f 268/1286/183 753/1826/184 1027/1411/182
f 268/1286/183 1027/1411/182 752/1824/181
f 264/1278/168 751/1823/180 1027/1411/182
f 264/1278/168 1027/1411/182 753/1826/184
f 268/1286/183 754/1827/185 1028/1412/186
f 268/1286/183 1028/1412/186 753/1826/184
f 269/1288/187 755/1829/188 1028/1412/186
f 269/1288/187 1028/1412/186 754/1827/185
f 264/1278/168 753/1826/184 1028/1412/186
f 264/1278/168 1028/1412/186 755/1829/188
f 269/1288/187 756/1830/189 1029/1413/190
f 269/1288/187 1029/1413/190 755/1829/188
f 270/1291/191 757/1832/192 1029/1413/190
f 270/1291/191 1029/1413/190 756/1830/189
f 264/1278/168 755/1829/188 1029/1413/190
f 264/1278/168 1029/1413/190 757/1832/192
f 270/1291/191 758/1833/193 1030/1414/194
f 270/1291/191 1030/1414/194 757/1832/192
f 271/1293/195 759/1835/196 1030/1414/194
f 271/1293/195 1030/1414/194 758/1833/193
f 264/1278/168 757/1832/192 1030/1414/194
f 264/1278/168 1030/1414/194 759/1835/196
f 271/1293/195 760/1836/197 1031/1415/198
f 271/1293/195 1031/1415/198 759/1835/196
f 272/1295/199 761/1838/200 1031/1415/198
f 272/1295/199 1031/1415/198 760/1836/197
f 264/1278/168 759/1835/196 1031/1415/198
f 264/1278/168 1031/1415/198 761/1838/200
f 272/1295/199 762/1839/201 1032/1416/202
f 272/1295/199 1032/1416/202 761/1838/200
f 273/1297/203 763/1841/204 1032/1416/202
f 273/1297/203 1032/1416/202 762/1839/201
f 264/1278/168 761/1838/200 1032/1416/202
f 264/1278/168 1032/1416/202 763/1841/204
f 273/1297/203 764/1842/205 1033/1417/206
f 273/1297/203 1033/1417/206 763/1841/204
f 274/1299/207 765/1844/208 1033/1417/206
f 274/1299/207 1033/1417/206 764/1842/205
f 264/1278/168 763/1841/204 1033/1417/206
f 264/1278/168 1033/1417/206 765/1844/208
f 274/1299/207 766/1845/209 1034/1418/210
f 274/1299/207 1034/1418/210 765/1844/208
f 275/1301/211 767/1847/212 1034/1418/210
f 275/1301/211 1034/1418/210 766/1845/209
f 264/1278/168 765/1844/208 1034/1418/210
f 264/1278/168 1034/1418/210 767/1847/212
f 275/1301/211 768/1848/213 1035/1419/214
f 275/1301/211 1035/1419/214 767/1847/212
f 276/1304/215 769/1850/216 1035/1419/214
f 276/1304/215 1035/1419/214 768/1848/213
f 264/1278/168 767/1847/212 1035/1419/214
f 264/1278/168 1035/1419/214 769/1850/216
f 276/1304/215 770/1851/217 1036/1420/218
f 276/1304/215 1036/1420/218 769/1850/216
f 277/1306/219 771/1853/220 1036/1420/218
f 277/1306/219 1036/1420/218 770/1851/217
f 264/1278/168 769/1850/216 1036/1420/218
f 264/1278/168 1036/1420/218 771/1853/220
f 277/1306/219 772/1854/221 1037/1421/222
f 277/1306/219 1037/1421/222 771/1853/220
f 278/1308/223 773/1856/224 1037/1421/222
f 278/1308/223 1037/1421/222 772/1854/221
f 264/1278/168 771/1853/220 1037/1421/222
f 264/1278/168 1037/1421/222 773/1856/224
f 278/1308/223 774/1857/225 1038/1422/226
f 278/1308/223 1038/1422/226 773/1856/224
f 279/1310/227 775/1859/228 1038/1422/226
f 279/1310/227 1038/1422/226 774/1857/225
f 264/1278/168 773/1856/224 1038/1422/226
f 264/1278/168 1038/1422/226 775/1859/228
f 279/1310/227 776/1860/229 1039/1423/230
f 279/1310/227 1039/1423/230 775/1859/228
f 280/1313/231 777/1862/232 1039/1423/230
f 280/1313/231 1039/1423/230 776/1860/229
f 264/1278/168 775/1859/228 1039/1423/230
f 264/1278/168 1039/1423/230 777/1862/232
f 280/1313/231 778/1863/233 1040/1424/234
f 280/1313/231 1040/1424/234 777/1862/232
f 281/1315/235 779/1865/236 1040/1424/234
f 281/1315/235 1040/1424/234 778/1863/233
f 264/1278/168 777/1862/232 1040/1424/234
f 264/1278/168 1040/1424/234 779/1865/236
f 281/1315/235 780/1866/237 1041/1425/238
f 281/1315/235 1041/1425/238 779/1865/236
f 282/1317/239 781/1868/240 1041/1425/238
f 282/1317/239 1041/1425/238 780/1866/237
f 264/1278/168 779/1865/236 1041/1425/238
f 264/1278/168 1041/1425/238 781/1868/240
f 282/1317/239 782/1869/241 1042/1426/242
f 282/1317/239 1042/1426/242 781/1868/240
f 262/1274/162 745/1814/165 1042/1426/242
f 262/1274/162 1042/1426/242 782/1869/241
f 264/1278/168 781/1868/240 1042/1426/242
f 264/1278/168 1042/1426/242 745/1814/165
f 21/985/9 665/1710/8 1043/1427/243
f 21/985/9 1043/1427/243 785/1873/244
f 665/1710/8 22/986/7 783/1871/245
f 665/1710/8 783/1871/245 1043/1427/243
f 1043/1427/243 783/1871/245 43/1011/246
f 1043/1427/243 43/1011/246 784/1872/247
f 785/1873/244 1043/1427/243 784/1872/247
f 785/1873/244 784/1872/247 42/1010/248
f 22/986/7 669/1716/15 1044/1428/249
f 22/986/7 1044/1428/249 783/1871/245
f 669/1716/15 23/987/14 786/1874/250
f 669/1716/15 786/1874/250 1044/1428/249
f 1044/1428/249 786/1874/250 44/1012/251
f 1044/1428/249 44/1012/251 787/1876/252
f 783/1871/245 1044/1428/249 787/1876/252
f 783/1871/245 787/1876/252 43/1011/246
f 23/988/14 672/1720/21 1045/1429/253
f 23/988/14 1045/1429/253 786/1875/250
f 672/1720/21 24/989/20 788/1877/254
f 672/1720/21 788/1877/254 1045/1429/253
f 1045/1429/253 788/1877/254 45/1014/255
f 1045/1429/253 45/1014/255 789/1878/256
f 786/1875/250 1045/1429/253 789/1878/256
f 786/1875/250 789/1878/256 44/1013/251
f 24/989/20 675/1724/27 1046/1430/257
f 24/989/20 1046/1430/257 788/1877/254
f 675/1724/27 25/990/26 790/1879/258
f 675/1724/27 790/1879/258 1046/1430/257
f 1046/1430/257 790/1879/258 46/1015/259
f 1046/1430/257 46/1015/259 791/1880/260
f 788/1877/254 1046/1430/257 791/1880/260
f 788/1877/254 791/1880/260 45/1014/255
f 25/990/26 678/1728/33 1047/1431/261
f 25/990/26 1047/1431/261 790/1879/258
f 678/1728/33 26/991/32 792/1881/262
f 678/1728/33 792/1881/262 1047/1431/261
f 1047/1431/261 792/1881/262 47/1016/263
f 1047/1431/261 47/1016/263 793/1882/264
f 790/1879/258 1047/1431/261 793/1882/264
f 790/1879/258 793/1882/264 46/1015/259
f 26/991/32 681/1733/39 1048/1432/265
f 26/991/32 1048/1432/265 792/1881/262
f 681/1733/39 27/992/38 794/1883/266
f 681/1733/39 794/1883/266 1048/1432/265
f 1048/1432/265 794/1883/266 48/1017/267
f 1048/1432/265 48/1017/267 795/1885/268
f 792/1881/262 1048/1432/265 795/1885/268
f 792/1881/262 795/1885/268 47/1016/263
f 27/993/38 684/1737/45 1049/1433/269
f 27/993/38 1049/1433/269 794/1884/266
f 684/1737/45 28/994/44 796/1886/270
f 684/1737/45 796/1886/270 1049/1433/269
f 1049/1433/269 796/1886/270 49/1019/271
f 1049/1433/269 49/1019/271 797/1887/272
f 794/1884/266 1049/1433/269 797/1887/272
f 794/1884/266 797/1887/272 48/1018/267
f 28/994/44 687/1741/51 1050/1434/273
f 28/994/44 1050/1434/273 796/1886/270
f 687/1741/51 29/995/50 798/1888/274
f 687/1741/51 798/1888/274 1050/1434/273
f 1050/1434/273 798/1888/274 50/1020/275
f 1050/1434/273 50/1020/275 799/1889/276
f 796/1886/270 1050/1434/273 799/1889/276
f 796/1886/270 799/1889/276 49/1019/271
f 29/995/50 690/1745/57 1051/1435/277
f 29/995/50 1051/1435/277 798/1888/274
f 690/1745/57 30/996/56 800/1890/278
f 690/1745/57 800/1890/278 1051/1435/277
f 1051/1435/277 800/1890/278 51/1021/279
f 1051/1435/277 51/1021/279 801/1891/280
f 798/1888/274 1051/1435/277 801/1891/280
f 798/1888/274 801/1891/280 50/1020/275
f 30/996/56 693/1749/63 1052/1436/281
f 30/996/56 1052/1436/281 800/1890/278
f 693/1749/63 31/997/62 802/1892/282
f 693/1749/63 802/1892/282 1052/1436/281
f 1052/1436/281 802/1892/282 52/1022/283
f 1052/1436/281 52/1022/283 803/1893/284
f 800/1890/278 1052/1436/281 803/1893/284
f 800/1890/278 803/1893/284 51/1021/279
f 31/997/62 696/1753/69 1053/1437/285
f 31/997/62 1053/1437/285 802/1892/282
f 696/1753/69 32/998/68 804/1894/286
f 696/1753/69 804/1894/286 1053/1437/285
f 1053/1437/285 804/1894/286 53/1023/287
f 1053/1437/285 53/1023/287 805/1895/288
f 802/1892/282 1053/1437/285 805/1895/288
f 802/1892/282 805/1895/288 52/1022/283
f 32/998/68 699/1758/75 1054/1438/289
f 32/998/68 1054/1438/289 804/1894/286
f 699/1758/75 33/999/74 806/1896/290
f 699/1758/75 806/1896/290 1054/1438/289
f 1054/1438/289 806/1896/290 54/1024/291
f 1054/1438/289 54/1024/291 807/1898/292
f 804/1894/286 1054/1438/289 807/1898/292
f 804/1894/286 807/1898/292 53/1023/287
f 33/1000/74 702/1762/81 1055/1439/293
f 33/1000/74 1055/1439/293 806/1897/290
f 702/1762/81 34/1001/80 808/1899/294
f 702/1762/81 808/1899/294 1055/1439/293
f 1055/1439/293 808/1899/294 55/1026/295
f 1055/1439/293 55/1026/295 809/1900/296
f 806/1897/290 1055/1439/293 809/1900/296
f 806/1897/290 809/1900/296 54/1025/291
f 34/1001/80 705/1766/87 1056/1440/297
f 34/1001/80 1056/1440/297 808/1899/294
f 705/1766/87 35/1002/86 810/1901/298
f 705/1766/87 810/1901/298 1056/1440/297
f 1056/1440/297 810/1901/298 56/1027/299
f 1056/1440/297 56/1027/299 811/1902/300
f 808/1899/294 1056/1440/297 811/1902/300
f 808/1899/294 811/1902/300 55/1026/295
f 35/1002/86 708/1770/93 1057/1441/301
f 35/1002/86 1057/1441/301 810/1901/298
f 708/1770/93 36/1003/92 812/1903/302
f 708/1770/93 812/1903/302 1057/1441/301
f 1057/1441/301 812/1903/302 57/1028/303
f 1057/1441/301 57/1028/303 813/1904/304
f 810/1901/298 1057/1441/301 813/1904/304
f 810/1901/298 813/1904/304 56/1027/299
f 36/1003/92 711/1775/99 1058/1442/305
f 36/1003/92 1058/1442/305 812/1903/302
f 711/1775/99 37/1004/98 814/1905/306
f 711/1775/99 814/1905/306 1058/1442/305
f 1058/1442/305 814/1905/306 58/1029/307
f 1058/1442/305 58/1029/307 815/1907/308
f 812/1903/302 1058/1442/305 815/1907/308
f 812/1903/302 815/1907/308 57/1028/303
f 37/1005/98 714/1779/105 1059/1443/309
f 37/1005/98 1059/1443/309 814/1906/306
f 714/1779/105 38/1006/104 816/1908/310
f 714/1779/105 816/1908/310 1059/1443/309
f 1059/1443/309 816/1908/310 59/1031/311
f 1059/1443/309 59/1031/311 817/1909/312
f 814/1906/306 1059/1443/309 817/1909/312
f 814/1906/306 817/1909/312 58/1030/307
f 38/1006/104 717/1783/111 1060/1444/313
f 38/1006/104 1060/1444/313 816/1908/310
f 717/1783/111 39/1007/110 818/1910/314
f 717/1783/111 818/1910/314 1060/1444/313
f 1060/1444/313 818/1910/314 60/1032/315
f 1060/1444/313 60/1032/315 819/1911/316
f 816/1908/310 1060/1444/313 819/1911/316
f 816/1908/310 819/1911/316 59/1031/311
f 39/1007/110 720/1787/117 1061/1445/317
f 39/1007/110 1061/1445/317 818/1910/314
f 720/1787/117 40/1008/116 820/1912/318
f 720/1787/117 820/1912/318 1061/1445/317
f 1061/1445/317 820/1912/318 61/1033/319
f 1061/1445/317 61/1033/319 821/1913/320
f 818/1910/314 1061/1445/317 821/1913/320
f 818/1910/314 821/1913/320 60/1032/315
f 40/1008/116 722/1790/120 1062/1446/321
f 40/1008/116 1062/1446/321 820/1912/318
f 722/1790/120 21/985/9 785/1873/244
f 722/1790/120 785/1873/244 1062/1446/321
f 1062/1446/321 785/1873/244 42/1010/248
f 1062/1446/321 42/1010/248 822/1914/322
f 820/1912/318 1062/1446/321 822/1914/322
f 820/1912/318 822/1914/322 61/1033/319
f 42/1010/248 784/1872/247 1063/1447/323
f 42/1010/248 1063/1447/323 825/1917/324
f 784/1872/247 43/1011/246 823/1915/325
f 784/1872/247 823/1915/325 1063/1447/323
f 1063/1447/323 823/1915/325 63/1035/326
f 1063/1447/323 63/1035/326 824/1916/327
f 825/1917/324 1063/1447/323 824/1916/327
f 825/1917/324 824/1916/327 62/1034/328
f 43/1011/246 787/1876/252 1064/1448/329
f 43/1011/246 1064/1448/329 823/1915/325
f 787/1876/252 44/1012/251 826/1918/330
f 787/1876/252 826/1918/330 1064/1448/329
f 1064/1448/329 826/1918/330 64/1036/331
f 1064/1448/329 64/1036/331 827/1920/332
f 823/1915/325 1064/1448/329 827/1920/332
f 823/1915/325 827/1920/332 63/1035/326
f 44/1013/251 789/1878/256 1065/1449/333
f 44/1013/251 1065/1449/333 826/1919/330
f 789/1878/256 45/1014/255 828/1921/334
f 789/1878/256 828/1921/334 1065/1449/333
f 1065/1449/333 828/1921/334 65/1038/335
f 1065/1449/333 65/1038/335 829/1922/336
f 826/1919/330 1065/1449/333 829/1922/336
f 826/1919/330 829/1922/336 64/1037/331
f 45/1014/255 791/1880/260 1066/1450/337
f 45/1014/255 1066/1450/337 828/1921/334
f 791/1880/260 46/1015/259 830/1923/338
f 791/1880/260 830/1923/338 1066/1450/337
f 1066/1450/337 830/1923/338 66/1039/339
f 1066/1450/337 66/1039/339 831/1924/340
f 828/1921/334 1066/1450/337 831/1924/340
f 828/1921/334 831/1924/340 65/1038/335
f 46/1015/259 793/1882/264 1067/1451/341
f 46/1015/259 1067/1451/341 830/1923/338
f 793/1882/264 47/1016/263 832/1925/342
f 793/1882/264 832/1925/342 1067/1451/341
f 1067/1451/341 832/1925/342 67/1040/343
f 1067/1451/341 67/1040/343 833/1926/344
f 830/1923/338 1067/1451/341 833/1926/344
f 830/1923/338 833/1926/344 66/1039/339
f 47/1016/263 795/1885/268 1068/1452/345
f 47/1016/263 1068/1452/345 832/1925/342
f 795/1885/268 48/1017/267 834/1927/346
f 795/1885/268 834/1927/346 1068/1452/345
f 1068/1452/345 834/1927/346 68/1041/347
f 1068/1452/345 68/1041/347 835/1929/348
f 832/1925/342 1068/1452/345 835/1929/348
f 832/1925/342 835/1929/348 67/1040/343
f 48/1018/267 797/1887/272 1069/1453/349
f 48/1018/267 1069/1453/349 834/1928/346
f 797/1887/272 49/1019/271 836/1930/350
f 797/1887/272 836/1930/350 1069/1453/349
f 1069/1453/349 836/1930/350 69/1043/351
f 1069/1453/349 69/1043/351 837/1931/352
f 834/1928/346 1069/1453/349 837/1931/352
f 834/1928/346 837/1931/352 68/1042/347
f 49/1019/271 799/1889/276 1070/1454/353
f 49/1019/271 1070/1454/353 836/1930/350
f 799/1889/276 50/1020/275 838/1932/354
f 799/1889/276 838/1932/354 1070/1454/353
f 1070/1454/353 838/1932/354 70/1044/355
f 1070/1454/353 70/1044/355 839/1933/356
f 836/1930/350 1070/1454/353 839/1933/356
f 836/1930/350 839/1933/356 69/1043/351
f 50/1020/275 801/1891/280 1071/1455/357
f 50/1020/275 1071/1455/357 838/1932/354
f 801/1891/280 51/1021/279 840/1934/358
f 801/1891/280 840/1934/358 1071/1455/357
f 1071/1455/357 840/1934/358 71/1045/359
f 1071/1455/357 71/1045/359 841/1935/360
f 838/1932/354 1071/1455/357 841/1935/360
f 838/1932/354 841/1935/360 70/1044/355
f 51/1021/279 803/1893/284 1072/1456/361
f 51/1021/279 1072/1456/361 840/1934/358
f 803/1893/284 52/1022/283 842/1936/362
f 803/1893/284 842/1936/362 1072/1456/361
f 1072/1456/361 842/1936/362 72/1046/363
f 1072/1456/361 72/1046/363 843/1937/364
f 840/1934/358 1072/1456/361 843/1937/364
f 840/1934/358 843/1937/364 71/1045/359
f 52/1022/283 805/1895/288 1073/1457/365
f 52/1022/283 1073/1457/365 842/1936/362
f 805/1895/288 53/1023/287 844/1938/366
f 805/1895/288 844/1938/366 1073/1457/365
f 1073/1457/365 844/1938/366 73/1047/367
f 1073/1457/365 73/1047/367 845/1939/368
f 842/1936/362 1073/1457/365 845/1939/368
f 842/1936/362 845/1939/368 72/1046/363
f 53/1023/287 807/1898/292 1074/1458/369
f 53/1023/287 1074/1458/369 844/1938/366
f 807/1898/292 54/1024/291 846/1940/370
f 807/1898/292 846/1940/370 1074/1458/369
f 1074/1458/369 846/1940/370 74/1048/371
f 1074/1458/369 74/1048/371 847/1942/372
f 844/1938/366 1074/1458/369 847/1942/372
f 844/1938/366 847/1942/372 73/1047/367
f 54/1025/291 809/1900/296 1075/1459/373
f 54/1025/291 1075/1459/373 846/1941/370
f 809/1900/296 55/1026/295 848/1943/374
f 809/1900/296 848/1943/374 1075/1459/373
f 1075/1459/373 848/1943/374 75/1050/375
f 1075/1459/373 75/1050/375 849/1944/376
f 846/1941/370 1075/1459/373 849/1944/376
f 846/1941/370 849/1944/376 74/1049/371
f 55/1026/295 811/1902/300 1076/1460/377
f 55/1026/295 1076/1460/377 848/1943/374
f 811/1902/300 56/1027/299 850/1945/378
f 811/1902/300 850/1945/378 1076/1460/377
f 1076/1460/377 850/1945/378 76/1051/379
f 1076/1460/377 76/1051/379 851/1946/380
f 848/1943/374 1076/1460/377 851/1946/380
f 848/1943/374 851/1946/380 75/1050/375
f 56/1027/299 813/1904/304 1077/1461/381
f 56/1027/299 1077/1461/381 850/1945/378
f 813/1904/304 57/1028/303 852/1947/382
f 813/1904/304 852/1947/382 1077/1461/381
f 1077/1461/381 852/1947/382 77/1052/383
f 1077/1461/381 77/1052/383 853/1948/384
f 850/1945/378 1077/1461/381 853/1948/384
f 850/1945/378 853/1948/384 76/1051/379
f 57/1028/303 815/1907/308 1078/1462/385
f 57/1028/303 1078/1462/385 852/1947/382
f 815/1907/308 58/1029/307 854/1949/386
f 815/1907/308 854/1949/386 1078/1462/385
f 1078/1462/385 854/1949/386 78/1053/387
f 1078/1462/385 78/1053/387 855/1951/388
f 852/1947/382 1078/1462/385 855/1951/388
f 852/1947/382 855/1951/388 77/1052/383
f 58/1030/307 817/1909/312 1079/1463/389
f 58/1030/307 1079/1463/389 854/1950/386
f 817/1909/312 59/1031/311 856/1952/390
f 817/1909/312 856/1952/390 1079/1463/389
f 1079/1463/389 856/1952/390 79/1055/391
f 1079/1463/389 79/1055/391 857/1953/392
f 854/1950/386 1079/1463/389 857/1953/392
f 854/1950/386 857/1953/392 78/1054/387
f 59/1031/311 819/1911/316 1080/1464/393
f 59/1031/311 1080/1464/393 856/1952/390
f 819/1911/316 60/1032/315 858/1954/394
f 819/1911/316 858/1954/394 1080/1464/393
f 1080/1464/393 858/1954/394 80/1056/395
f 1080/1464/393 80/1056/395 859/1955/396
f 856/1952/390 1080/1464/393 859/1955/396
f 856/1952/390 859/1955/396 79/1055/391
f 60/1032/315 821/1913/320 1081/1465/397
f 60/1032/315 1081/1465/397 858/1954/394
f 821/1913/320 61/1033/319 860/1956/398
f 821/1913/320 860/1956/398 1081/1465/397
f 1081/1465/397 860/1956/398 81/1057/399
f 1081/1465/397 81/1057/399 861/1957/400
f 858/1954/394 1081/1465/397 861/1957/400
f 858/1954/394 861/1957/400 80/1056/395
f 61/1033/319 822/1914/322 1082/1466/401
f 61/1033/319 1082/1466/401 860/1956/398
f 822/1914/322 42/1010/248 825/1917/324
f 822/1914/322 825/1917/324 1082/1466/401
f 1082/1466/401 825/1917/324 62/1034/328
f 1082/1466/401 62/1034/328 862/1958/402
f 860/1956/398 1082/1466/401 862/1958/402
f 860/1956/398 862/1958/402 81/1057/399
f 62/1034/328 824/1916/327 1083/1467/403
f 62/1034/328 1083/1467/403 865/1961/404
f 824/1916/327 63/1035/326 863/1959/405
f 824/1916/327 863/1959/405 1083/1467/403
f 1083/1467/403 863/1959/405 83/1059/406
f 1083/1467/403 83/1059/406 864/1960/407
f 865/1961/404 1083/1467/403 864/1960/407
f 865/1961/404 864/1960/407 82/1058/408
f 63/1035/326 827/1920/332 1084/1468/409
f 63/1035/326 1084/1468/409 863/1959/405
f 827/1920/332 64/1036/331 866/1962/410
f 827/1920/332 866/1962/410 1084/1468/409
f 1084/1468/409 866/1962/410 84/1060/411
f 1084/1468/409 84/1060/411 867/1964/412
f 863/1959/405 1084/1468/409 867/1964/412
f 863/1959/405 867/1964/412 83/1059/406
f 64/1037/331 829/1922/336 1085/1469/413
f 64/1037/331 1085/1469/413 866/1963/410
f 829/1922/336 65/1038/335 868/1965/414
f 829/1922/336 868/1965/414 1085/1469/413
f 1085/1469/413 868/1965/414 85/1062/415
f 1085/1469/413 85/1062/415 869/1966/416
f 866/1963/410 1085/1469/413 869/1966/416
f 866/1963/410 869/1966/416 84/1061/411
f 65/1038/335 831/1924/340 1086/1470/417
f 65/1038/335 1086/1470/417 868/1965/414
f 831/1924/340 66/1039/339 870/1967/418
f 831/1924/340 870/1967/418 1086/1470/417
f 1086/1470/417 870/1967/418 86/1063/419
f 1086/1470/417 86/1063/419 871/1968/420
f 868/1965/414 1086/1470/417 871/1968/420
f 868/1965/414 871/1968/420 85/1062/415
f 66/1039/339 833/1926/344 1087/1471/421
f 66/1039/339 1087/1471/421 870/1967/418
f 833/1926/344 67/1040/343 872/1969/422
f 833/1926/344 872/1969/422 1087/1471/421
f 1087/1471/421 872/1969/422 87/1064/423
f 1087/1471/421 87/1064/423 873/1970/424
f 870/1967/418 1087/1471/421 873/1970/424
f 870/1967/418 873/1970/424 86/1063/419
f 67/1040/343 835/1929/348 1088/1472/425
f 67/1040/343 1088/1472/425 872/1969/422
f 835/1929/348 68/1041/347 874/1971/426
f 835/1929/348 874/1971/426 1088/1472/425
f 1088/1472/425 874/1971/426 88/1065/427
f 1088/1472/425 88/1065/427 875/1973/428
f 872/1969/422 1088/1472/425 875/1973/428
f 872/1969/422 875/1973/428 87/1064/423
f 68/1042/347 837/1931/352 1089/1473/429
f 68/1042/347 1089/1473/429 874/1972/426
f 837/1931/352 69/1043/351 876/1974/430
f 837/1931/352 876/1974/430 1089/1473/429
f 1089/1473/429 876/1974/430 89/1067/431
f 1089/1473/429 89/1067/431 877/1975/432
f 874/1972/426 1089/1473/429 877/1975/432
f 874/1972/426 877/1975/432 88/1066/427
f 69/1043/351 839/1933/356 1090/1474/433
f 69/1043/351 1090/1474/433 876/1974/430
f 839/1933/356 70/1044/355 878/1976/434
f 839/1933/356 878/1976/434 1090/1474/433
f 1090/1474/433 878/1976/434 90/1068/435
f 1090/1474/433 90/1068/435 879/1977/436
f 876/1974/430 1090/1474/433 879/1977/436
f 876/1974/430 879/1977/436 89/1067/431
f 70/1044/355 841/1935/360 1091/1475/437
f 70/1044/355 1091/1475/437 878/1976/434
f 841/1935/360 71/1045/359 880/1978/438
f 841/1935/360 880/1978/438 1091/1475/437
f 1091/1475/437 880/1978/438 91/1069/439
f 1091/1475/437 91/1069/439 881/1979/440
f 878/1976/434 1091/1475/437 881/1979/440
f 878/1976/434 881/1979/440 90/1068/435
f 71/1045/359 843/1937/364 1092/1476/441
f 71/1045/359 1092/1476/441 880/1978/438
f 843/1937/364 72/1046/363 882/1980/442
f 843/1937/364 882/1980/442 1092/1476/441
f 1092/1476/441 882/1980/442 92/1070/443
f 1092/1476/441 92/1070/443 883/1981/444
f 880/1978/438 1092/1476/441 883/1981/444
f 880/1978/438 883/1981/444 91/1069/439
f 72/1046/363 845/1939/368 1093/1477/445
f 72/1046/363 1093/1477/445 882/1980/442
f 845/1939/368 73/1047/367 884/1982/446
f 845/1939/368 884/1982/446 1093/1477/445
f 1093/1477/445 884/1982/446 93/1071/447
f 1093/1477/445 93/1071/447 885/1983/448
f 882/1980/442 1093/1477/445 885/1983/448
f 882/1980/442 885/1983/448 92/1070/443
f 73/1047/367 847/1942/372 1094/1478/449
f 73/1047/367 1094/1478/449 884/1982/446
f 847/1942/372 74/1048/371 886/1984/450
f 847/1942/372 886/1984/450 1094/1478/449
f 1094/1478/449 886/1984/450 94/1072/451
f 1094/1478/449 94/1072/451 887/1986/452
f 884/1982/446 1094/1478/449 887/1986/452
f 884/1982/446 887/1986/452 93/1071/447
f 74/1049/371 849/1944/376 1095/1479/453
f 74/1049/371 1095/1479/453 886/1985/450
f 849/1944/376 75/1050/375 888/1987/454
f 849/1944/376 888/1987/454 1095/1479/453
f 1095/1479/453 888/1987/454 95/1074/455
f 1095/1479/453 95/1074/455 889/1988/456
f 886/1985/450 1095/1479/453 889/1988/456
f 886/1985/450 889/1988/456 94/1073/451
f 75/1050/375 851/1946/380 1096/1480/457
f 75/1050/375 1096/1480/457 888/1987/454
f 851/1946/380 76/1051/379 890/1989/458
f 851/1946/380 890/1989/458 1096/1480/457
f 1096/1480/457 890/1989/458 96/1075/459
f 1096/1480/457 96/1075/459 891/1990/460
f 888/1987/454 1096/1480/457 891/1990/460
f 888/1987/454 891/1990/460 95/1074/455
f 76/1051/379 853/1948/384 1097/1481/461
f 76/1051/379 1097/1481/461 890/1989/458
f 853/1948/384 77/1052/383 892/1991/462
f 853/1948/384 892/1991/462 1097/1481/461
f 1097/1481/461 892/1991/462 97/1076/463
f 1097/1481/461 97/1076/463 893/1992/464
f 890/1989/458 1097/1481/461 893/1992/464
f 890/1989/458 893/1992/464 96/1075/459
f 77/1052/383 855/1951/388 1098/1482/465
f 77/1052/383 1098/1482/465 892/1991/462
f 855/1951/388 78/1053/387 894/1993/466
f 855/1951/388 894/1993/466 1098/1482/465
f 1098/1482/465 894/1993/466 98/1077/467
f 1098/1482/465 98/1077/467 895/1995/468
f 892/1991/462 1098/1482/465 895/1995/468
f 892/1991/462 895/1995/468 97/1076/463
f 78/1054/387 857/1953/392 1099/1483/469
f 78/1054/387 1099/1483/469 894/1994/466
f 857/1953/392 79/1055/391 896/1996/470
f 857/1953/392 896/1996/470 1099/1483/469
f 1099/1483/469 896/1996/470 99/1079/471
f 1099/1483/469 99/1079/471 897/1997/472
f 894/1994/466 1099/1483/469 897/1997/472
f 894/1994/466 897/1997/472 98/1078/467
f 79/1055/391 859/1955/396 1100/1484/473
f 79/1055/391 1100/1484/473 896/1996/470
f 859/1955/396 80/1056/395 898/1998/474
f 859/1955/396 898/1998/474 1100/1484/473
f 1100/1484/473 898/1998/474 100/1080/475
f 1100/1484/473 100/1080/475 899/1999/476
f 896/1996/470 1100/1484/473 899/1999/476
f 896/1996/470 899/1999/476 99/1079/471
f 80/1056/395 861/1957/400 1101/1485/477
f 80/1056/395 1101/1485/477 898/1998/474
f 861/1957/400 81/1057/399 900/2000/478
f 861/1957/400 900/2000/478 1101/1485/477
f 1101/1485/477 900/2000/478 101/1081/479
f 1101/1485/477 101/1081/479 901/2001/480
f 898/1998/474 1101/1485/477 901/2001/480
f 898/1998/474 901/2001/480 100/1080/475
f 81/1057/399 862/1958/402 1102/1486/481
f 81/1057/399 1102/1486/481 900/2000/478
f 862/1958/402 62/1034/328 865/1961/404
f 862/1958/402 865/1961/404 1102/1486/481
f 1102/1486/481 865/1961/404 82/1058/408
f 1102/1486/481 82/1058/408 902/2002/482
f 900/2000/478 1102/1486/481 902/2002/482
f 900/2000/478 902/2002/482 101/1081/479
f 82/1058/408 864/1960/407 1103/1487/483
f 82/1058/408 1103/1487/483 905/2005/484
f 864/1960/407 83/1059/406 903/2003/485
f 864/1960/407 903/2003/485 1103/1487/483
f 1103/1487/483 903/2003/485 103/1083/486
f 1103/1487/483 103/1083/486 904/2004/487
f 905/2005/484 1103/1487/483 904/2004/487
f 905/2005/484 904/2004/487 102/1082/488
f 83/1059/406 867/1964/412 1104/1488/489
f 83/1059/406 1104/1488/489 903/2003/485
f 867/1964/412 84/1060/411 906/2006/490
f 867/1964/412 906/2006/490 1104/1488/489
f 1104/1488/489 906/2006/490 104/1084/491
f 1104/1488/489 104/1084/491 907/2008/492
f 903/2003/485 1104/1488/489 907/2008/492
f 903/2003/485 907/2008/492 103/1083/486
f 84/1061/411 869/1966/416 1105/1489/493
f 84/1061/411 1105/1489/493 906/2007/490
f 869/1966/416 85/1062/415 908/2009/494
f 869/1966/416 908/2009/494 1105/1489/493
f 1105/1489/493 908/2009/494 105/1086/495
f 1105/1489/493 105/1086/495 909/2010/496
f 906/2007/490 1105/1489/493 909/2010/496
f 906/2007/490 909/2010/496 104/1085/491
f 85/1062/415 871/1968/420 1106/1490/497
f 85/1062/415 1106/1490/497 908/2009/494
f 871/1968/420 86/1063/419 910/2011/498
f 871/1968/420 910/2011/498 1106/1490/497
f 1106/1490/497 910/2011/498 106/1087/499
f 1106/1490/497 106/1087/499 911/2012/500
f 908/2009/494 1106/1490/497 911/2012/500
f 908/2009/494 911/2012/500 105/1086/495
f 86/1063/419 873/1970/424 1107/1491/501
f 86/1063/419 1107/1491/501 910/2011/498
f 873/1970/424 87/1064/423 912/2013/502
f 873/1970/424 912/2013/502 1107/1491/501
f 1107/1491/501 912/2013/502 107/1088/503
f 1107/1491/501 107/1088/503 913/2014/504
f 910/2011/498 1107/1491/501 913/2014/504
f 910/2011/498 913/2014/504 106/1087/499
f 87/1064/423 875/1973/428 1108/1492/505
f 87/1064/423 1108/1492/505 912/2013/502
f 875/1973/428 88/1065/427 914/2015/506
f 875/1973/428 914/2015/506 1108/1492/505
f 1108/1492/505 914/2015/506 108/1089/507
f 1108/1492/505 108/1089/507 915/2017/508
f 912/2013/502 1108/1492/505 915/2017/508
f 912/2013/502 915/2017/508 107/1088/503
f 88/1066/427 877/1975/432 1109/1493/509
f 88/1066/427 1109/1493/509 914/2016/506
f 877/1975/432 89/1067/431 916/2018/510
f 877/1975/432 916/2018/510 1109/1493/509
f 1109/1493/509 916/2018/510 109/1091/511
f 1109/1493/509 109/1091/511 917/2019/512
f 914/2016/506 1109/1493/509 917/2019/512
f 914/2016/506 917/2019/512 108/1090/507
f 89/1067/431 879/1977/436 1110/1494/513
f 89/1067/431 1110/1494/513 916/2018/510
f 879/1977/436 90/1068/435 918/2020/514
f 879/1977/436 918/2020/514 1110/1494/513
f 1110/1494/513 918/2020/514 110/1092/515
f 1110/1494/513 110/1092/515 919/2021/516
f 916/2018/510 1110/1494/513 919/2021/516
f 916/2018/510 919/2021/516 109/1091/511
f 90/1068/435 881/1979/440 1111/1495/517
f 90/1068/435 1111/1495/517 918/2020/514
f 881/1979/440 91/1069/439 920/2022/518
f 881/1979/440 920/2022/518 1111/1495/517
f 1111/1495/517 920/2022/518 111/1093/519
f 1111/1495/517 111/1093/519 921/2023/520
f 918/2020/514 1111/1495/517 921/2023/520
f 918/2020/514 921/2023/520 110/1092/515
f 91/1069/439 883/1981/444 1112/1496/521
f 91/1069/439 1112/1496/521 920/2022/518
f 883/1981/444 92/1070/443 922/2024/522
f 883/1981/444 922/2024/522 1112/1496/521
f 1112/1496/521 922/2024/522 112/1094/523
f 1112/1496/521 112/1094/523 923/2025/524
f 920/2022/518 1112/1496/521 923/2025/524
f 920/2022/518 923/2025/524 111/1093/519
f 92/1070/443 885/1983/448 1113/1497/525
f 92/1070/443 1113/1497/525 922/2024/522
f 885/1983/448 93/1071/447 924/2026/526
f 885/1983/448 924/2026/526 1113/1497/525
f 1113/1497/525 924/2026/526 113/1095/527
f 1113/1497/525 113/1095/527 925/2027/528
f 922/2024/522 1113/1497/525 925/2027/528
f 922/2024/522 925/2027/528 112/1094/523
f 93/1071/447 887/1986/452 1114/1498/529
f 93/1071/447 1114/1498/529 924/2026/526
f 887/1986/452 94/1072/451 926/2028/530
f 887/1986/452 926/2028/530 1114/1498/529
f 1114/1498/529 926/2028/530 114/1096/531
f 1114/1498/529 114/1096/531 927/2030/532
f 924/2026/526 1114/1498/529 927/2030/532
f 924/2026/526 927/2030/532 113/1095/527
f 94/1073/451 889/1988/456 1115/1499/533
f 94/1073/451 1115/1499/533 926/2029/530
f 889/1988/456 95/1074/455 928/2031/534
f 889/1988/456 928/2031/534 1115/1499/533
f 1115/1499/533 928/2031/534 115/1098/535
f 1115/1499/533 115/1098/535 929/2032/536
f 926/2029/530 1115/1499/533 929/2032/536
f 926/2029/530 929/2032/536 114/1097/531
f 95/1074/455 891/1990/460 1116/1500/537
f 95/1074/455 1116/1500/537 928/2031/534
f 891/1990/460 96/1075/459 930/2033/538
f 891/1990/460 930/2033/538 1116/1500/537
f 1116/1500/537 930/2033/538 116/1099/539
f 1116/1500/537 116/1099/539 931/2034/540
f 928/2031/534 1116/1500/537 931/2034/540
f 928/2031/534 931/2034/540 115/1098/535
f 96/1075/459 893/1992/464 1117/1501/541
f 96/1075/459 1117/1501/541 930/2033/538
f 893/1992/464 97/1076/463 932/2035/542
f 893/1992/464 932/2035/542 1117/1501/541
f 1117/1501/541 932/2035/542 117/1100/543
f 1117/1501/541 117/1100/543 933/2036/544
f 930/2033/538 1117/1501/541 933/2036/544
f 930/2033/538 933/2036/544 116/1099/539
f 97/1076/463 895/1995/468 1118/1502/545
f 97/1076/463 1118/1502/545 932/2035/542
f 895/1995/468 98/1077/467 934/2037/546
f 895/1995/468 934/2037/546 1118/1502/545
f 1118/1502/545 934/2037/546 118/1101/547
f 1118/1502/545 118/1101/547 935/2039/548
f 932/2035/542 1118/1502/545 935/2039/548
f 932/2035/542 935/2039/548 117/1100/543
f 98/1078/467 897/1997/472 1119/1503/549
f 98/1078/467 1119/1503/549 934/2038/546
f 897/1997/472 99/1079/471 936/2040/550
f 897/1997/472 936/2040/550 1119/1503/549
f 1119/1503/549 936/2040/550 119/1103/551
f 1119/1503/549 119/1103/551 937/2041/552
f 934/2038/546 1119/1503/549 937/2041/552
f 934/2038/546 937/2041/552 118/1102/547
f 99/1079/471 899/1999/476 1120/1504/553
f 99/1079/471 1120/1504/553 936/2040/550
f 899/1999/476 100/1080/475 938/2042/554
f 899/1999/476 938/2042/554 1120/1504/553
f 1120/1504/553 938/2042/554 120/1104/555
f 1120/1504/553 120/1104/555 939/2043/556
f 936/2040/550 1120/1504/553 939/2043/556
f 936/2040/550 939/2043/556 119/1103/551
f 100/1080/475 901/2001/480 1121/1505/557
f 100/1080/475 1121/1505/557 938/2042/554
f 901/2001/480 101/1081/479 940/2044/558
f 901/2001/480 940/2044/558 1121/1505/557
f 1121/1505/557 940/2044/558 121/1105/559
f 1121/1505/557 121/1105/559 941/2045/560
f 938/2042/554 1121/1505/557 941/2045/560
f 938/2042/554 941/2045/560 120/1104/555
f 101/1081/479 902/2002/482 1122/1506/561
f 101/1081/479 1122/1506/561 940/2044/558
f 902/2002/482 82/1058/408 905/2005/484
f 902/2002/482 905/2005/484 1122/1506/561
f 1122/1506/561 905/2005/484 102/1082/488
f 1122/1506/561 102/1082/488 942/2046/562
f 940/2044/558 1122/1506/561 942/2046/562
f 940/2044/558 942/2046/562 121/1105/559
f 102/1082/488 904/2004/487 1123/1507/563
f 102/1082/488 1123/1507/563 945/2049/564
f 904/2004/487 103/1083/486 943/2047/565
f 904/2004/487 943/2047/565 1123/1507/563
f 1123/1507/563 943/2047/565 123/1107/566
f 1123/1507/563 123/1107/566 944/2048/567
f 945/2049/564 1123/1507/563 944/2048/567
f 945/2049/564 944/2048/567 122/1106/568
f 103/1083/486 907/2008/492 1124/1508/569
f 103/1083/486 1124/1508/569 943/2047/565
f 907/2008/492 104/1084/491 946/2050/570
f 907/2008/492 946/2050/570 1124/1508/569
f 1124/1508/569 946/2050/570 124/1108/571
f 1124/1508/569 124/1108/571 947/2052/572
f 943/2047/565 1124/1508/569 947/2052/572
f 943/2047/565 947/2052/572 123/1107/566
f 104/1085/491 909/2010/496 1125/1509/573
f 104/1085/491 1125/1509/573 946/2051/570
f 909/2010/496 105/1086/495 948/2053/574
f 909/2010/496 948/2053/574 1125/1509/573
f 1125/1509/573 948/2053/574 125/1110/575
f 1125/1509/573 125/1110/575 949/2054/576
f 946/2051/570 1125/1509/573 949/2054/576
f 946/2051/570 949/2054/576 124/1109/571
f 105/1086/495 911/2012/500 1126/1510/577
f 105/1086/495 1126/1510/577 948/2053/574
f 911/2012/500 106/1087/499 950/2055/578
f 911/2012/500 950/2055/578 1126/1510/577
f 1126/1510/577 950/2055/578 126/1111/579
f 1126/1510/577 126/1111/579 951/2056/580
f 948/2053/574 1126/1510/577 951/2056/580
f 948/2053/574 951/2056/580 125/1110/575
f 106/1087/499 913/2014/504 1127/1511/581
f 106/1087/499 1127/1511/581 950/2055/578
f 913/2014/504 107/1088/503 952/2057/582
f 913/2014/504 952/2057/582 1127/1511/581
f 1127/1511/581 952/2057/582 127/1112/583
f 1127/1511/581 127/1112/583 953/2058/584
f 950/2055/578 1127/1511/581 953/2058/584
f 950/2055/578 953/2058/584 126/1111/579
f 107/1088/503 915/2017/508 1128/1512/585
f 107/1088/503 1128/1512/585 952/2057/582
f 915/2017/508 108/1089/507 954/2059/586
f 915/2017/508 954/2059/586 1128/1512/585
f 1128/1512/585 954/2059/586 128/1113/587
f 1128/1512/585 128/1113/587 955/2061/588
f 952/2057/582 1128/1512/585 955/2061/588
f 952/2057/582 955/2061/588 127/1112/583
f 108/1090/507 917/2019/512 1129/1513/589
f 108/1090/507 1129/1513/589 954/2060/586
f 917/2019/512 109/1091/511 956/2062/590
f 917/2019/512 956/2062/590 1129/1513/589
f 1129/1513/589 956/2062/590 129/1115/591
f 1129/1513/589 129/1115/591 957/2063/592
f 954/2060/586 1129/1513/589 957/2063/592
f 954/2060/586 957/2063/592 128/1114/587
f 109/1091/511 919/2021/516 1130/1514/593
f 109/1091/511 1130/1514/593 956/2062/590
f 919/2021/516 110/1092/515 958/2064/594
f 919/2021/516 958/2064/594 1130/1514/593
f 1130/1514/593 958/2064/594 130/1116/595
f 1130/1514/593 130/1116/595 959/2065/596
f 956/2062/590 1130/1514/593 959/2065/596
f 956/2062/590 959/2065/596 129/1115/591
f 110/1092/515 921/2023/520 1131/1515/597
f 110/1092/515 1131/1515/597 958/2064/594
f 921/2023/520 111/1093/519 960/2066/598
f 921/2023/520 960/2066/598 1131/1515/597
f 1131/1515/597 960/2066/598 131/1117/599
f 1131/1515/597 131/1117/599 961/2067/600
f 958/2064/594 1131/1515/597 961/2067/600
f 958/2064/594 961/2067/600 130/1116/595
f 111/1093/519 923/2025/524 1132/1516/601
f 111/1093/519 1132/1516/601 960/2066/598
f 923/2025/524 112/1094/523 962/2068/602
f 923/2025/524 962/2068/602 1132/1516/601
f 1132/1516/601 962/2068/602 132/1118/603
f 1132/1516/601 132/1118/603 963/2069/604
f 960/2066/598 1132/1516/601 963/2069/604
f 960/2066/598 963/2069/604 131/1117/599
f 112/1094/523 925/2027/528 1133/1517/605
f 112/1094/523 1133/1517/605 962/2068/602
f 925/2027/528 113/1095/527 964/2070/606
f 925/2027/528 964/2070/606 1133/1517/605
f 1133/1517/605 964/2070/606 133/1119/607
f 1133/1517/605 133/1119/607 965/2071/608
f 962/2068/602 1133/1517/605 965/2071/608
f 962/2068/602 965/2071/608 132/1118/603
f 113/1095/527 927/2030/532 1134/1518/609
f 113/1095/527 1134/1518/609 964/2070/606
f 927/2030/532 114/1096/531 966/2072/610
f 927/2030/532 966/2072/610 1134/1518/609
f 1134/1518/609 966/2072/610 134/1120/611
f 1134/1518/609 134/1120/611 967/2074/612
f 964/2070/606 1134/1518/609 967/2074/612
f 964/2070/606 967/2074/612 133/1119/607
f 114/1097/531 929/2032/536 1135/1519/613
f 114/1097/531 1135/1519/613 966/2073/610
f 929/2032/536 115/1098/535 968/2075/614
f 929/2032/536 968/2075/614 1135/1519/613
f 1135/1519/613 968/2075/614 135/1122/615
f 1135/1519/613 135/1122/615 969/2076/616
f 966/2073/610 1135/1519/613 969/2076/616
f 966/2073/610 969/2076/616 134/1121/611
f 115/1098/535 931/2034/540 1136/1520/617
f 115/1098/535 1136/1520/617 968/2075/614
f 931/2034/540 116/1099/539 970/2077/618
f 931/2034/540 970/2077/618 1136/1520/617
f 1136/1520/617 970/2077/618 136/1123/619
f 1136/1520/617 136/1123/619 971/2078/620
f 968/2075/614 1136/1520/617 971/2078/620
f 968/2075/614 971/2078/620 135/1122/615
f 116/1099/539 933/2036/544 1137/1521/621
f 116/1099/539 1137/1521/621 970/2077/618
f 933/2036/544 117/1100/543 972/2079/622
f 933/2036/544 972/2079/622 1137/1521/621
f 1137/1521/621 972/2079/622 137/1124/623
f 1137/1521/621 137/1124/623 973/2080/624
f 970/2077/618 1137/1521/621 973/2080/624
f 970/2077/618 973/2080/624 136/1123/619
f 117/1100/543 935/2039/548 1138/1522/625
f 117/1100/543 1138/1522/625 972/2079/622
f 935/2039/548 118/1101/547 974/2081/626
f 935/2039/548 974/2081/626 1138/1522/625
f 1138/1522/625 974/2081/626 138/1125/627
f 1138/1522/625 138/1125/627 975/2083/628
f 972/2079/622 1138/1522/625 975/2083/628
f 972/2079/622 975/2083/628 137/1124/623
f 118/1102/547 937/2041/552 1139/1523/629
f 118/1102/547 1139/1523/629 974/2082/626
f 937/2041/552 119/1103/551 976/2084/630
f 937/2041/552 976/2084/630 1139/1523/629
f 1139/1523/629 976/2084/630 139/1127/631
f 1139/1523/629 139/1127/631 977/2085/632
f 974/2082/626 1139/1523/629 977/2085/632
f 974/2082/626 977/2085/632 138/1126/627
f 119/1103/551 939/2043/556 1140/1524/633
f 119/1103/551 1140/1524/633 976/2084/630
f 939/2043/556 120/1104/555 978/2086/634
f 939/2043/556 978/2086/634 1140/1524/633
f 1140/1524/633 978/2086/634 140/1128/635
f 1140/1524/633 140/1128/635 979/2087/636
f 976/2084/630 1140/1524/633 979/2087/636
f 976/2084/630 979/2087/636 139/1127/631
f 120/1104/555 941/2045/560 1141/1525/637
f 120/1104/555 1141/1525/637 978/2086/634
f 941/2045/560 121/1105/559 980/2088/638
f 941/2045/560 980/2088/638 1141/1525/637
f 1141/1525/637 980/2088/638 141/1129/639
f 1141/1525/637 141/1129/639 981/2089/640
f 978/2086/634 1141/1525/637 981/2089/640
f 978/2086/634 981/2089/640 140/1128/635
f 121/1105/559 942/2046/562 1142/1526/641
f 121/1105/559 1142/1526/641 980/2088/638
f 942/2046/562 102/1082/488 945/2049/564
f 942/2046/562 945/2049/564 1142/1526/641
f 1142/1526/641 945/2049/564 122/1106/568
f 1142/1526/641 122/1106/568 982/2090/642
f 980/2088/638 1142/1526/641 982/2090/642
f 980/2088/638 982/2090/642 141/1129/639
f 122/1106/568 944/2048/567 1143/1527/643
f 122/1106/568 1143/1527/643 325/2093/644
f 944/2048/567 123/1107/566 323/2091/645
f 944/2048/567 323/2091/645 1143/1527/643
f 1143/1527/643 323/2091/645 144/1132/646
f 1143/1527/643 144/1132/646 324/2092/647
f 325/2093/644 1143/1527/643 324/2092/647
f 325/2093/644 324/2092/647 142/1130/648
f 142/1130/648 324/2092/647 1144/1528/649
f 142/1130/648 1144/1528/649 328/2096/650
f 324/2092/647 144/1132/646 326/2094/651
f 324/2092/647 326/2094/651 1144/1528/649
f 1144/1528/649 326/2094/651 145/1133/652
f 1144/1528/649 145/1133/652 327/2095/653
f 328/2096/650 1144/1528/649 327/2095/653
f 328/2096/650 327/2095/653 143/1131/654
f 123/1107/566 947/2052/572 1145/1529/655
f 123/1107/566 1145/1529/655 323/2091/645
f 947/2052/572 124/1108/571 329/2097/656
f 947/2052/572 329/2097/656 1145/1529/655
f 1145/1529/655 329/2097/656 146/1134/657
f 1145/1529/655 146/1134/657 330/2099/658
f 323/2091/645 1145/1529/655 330/2099/658
f 323/2091/645 330/2099/658 144/1132/646
f 144/1132/646 330/2099/658 1146/1530/659
f 144/1132/646 1146/1530/659 326/2094/651
f 330/2099/658 146/1134/657 331/2100/660
f 330/2099/658 331/2100/660 1146/1530/659
f 1146/1530/659 331/2100/660 147/1136/661
f 1146/1530/659 147/1136/661 332/2102/662
f 326/2094/651 1146/1530/659 332/2102/662
f 326/2094/651 332/2102/662 145/1133/652
f 124/1109/571 949/2054/576 1147/1531/663
f 124/1109/571 1147/1531/663 329/2098/656
f 949/2054/576 125/1110/575 333/2103/664
f 949/2054/576 333/2103/664 1147/1531/663
f 1147/1531/663 333/2103/664 148/1138/665
f 1147/1531/663 148/1138/665 334/2104/666
f 329/2098/656 1147/1531/663 334/2104/666
f 329/2098/656 334/2104/666 146/1135/657
f 146/1135/657 334/2104/666 1148/1532/667
f 146/1135/657 1148/1532/667 331/2101/660
f 334/2104/666 148/1138/665 335/2105/668
f 334/2104/666 335/2105/668 1148/1532/667
f 1148/1532/667 335/2105/668 149/1139/669
f 1148/1532/667 149/1139/669 336/2106/670
f 331/2101/660 1148/1532/667 336/2106/670
f 331/2101/660 336/2106/670 147/1137/661
f 125/1110/575 951/2056/580 1149/1533/671
f 125/1110/575 1149/1533/671 333/2103/664
f 951/2056/580 126/1111/579 337/2107/672
f 951/2056/580 337/2107/672 1149/1533/671
f 1149/1533/671 337/2107/672 150/1140/673
f 1149/1533/671 150/1140/673 338/2108/674
f 333/2103/664 1149/1533/671 338/2108/674
f 333/2103/664 338/2108/674 148/1138/665
f 148/1138/665 338/2108/674 1150/1534/675
f 148/1138/665 1150/1534/675 335/2105/668
f 338/2108/674 150/1140/673 339/2109/676
f 338/2108/674 339/2109/676 1150/1534/675
f 1150/1534/675 339/2109/676 151/1141/677
f 1150/1534/675 151/1141/677 340/2110/678
f 335/2105/668 1150/1534/675 340/2110/678
f 335/2105/668 340/2110/678 149/1139/669
f 126/1111/579 953/2058/584 1151/1535/679
f 126/1111/579 1151/1535/679 337/2107/672
f 953/2058/584 127/1112/583 341/2111/680
f 953/2058/584 341/2111/680 1151/1535/679
f 1151/1535/679 341/2111/680 152/1142/681
f 1151/1535/679 152/1142/681 342/2112/682
f 337/2107/672 1151/1535/679 342/2112/682
f 337/2107/672 342/2112/682 150/1140/673
f 150/1140/673 342/2112/682 1152/1536/683
f 150/1140/673 1152/1536/683 339/2109/676
f 342/2112/682 152/1142/681 343/2113/684
f 342/2112/682 343/2113/684 1152/1536/683
f 1152/1536/683 343/2113/684 153/1143/685
f 1152/1536/683 153/1143/685 344/2114/686
f 339/2109/676 1152/1536/683 344/2114/686
f 339/2109/676 344/2114/686 151/1141/677
f 127/1112/583 955/2061/588 1153/1537/687
f 127/1112/583 1153/1537/687 341/2111/680
f 955/2061/588 128/1113/587 345/2115/688
f 955/2061/588 345/2115/688 1153/1537/687
f 1153/1537/687 345/2115/688 154/1144/689
f 1153/1537/687 154/1144/689 346/2117/690
f 341/2111/680 1153/1537/687 346/2117/690
f 341/2111/680 346/2117/690 152/1142/681
f 152/1142/681 346/2117/690 1154/1538/691
f 152/1142/681 1154/1538/691 343/2113/684
f 346/2117/690 154/1144/689 347/2118/692
f 346/2117/690 347/2118/692 1154/1538/691
f 1154/1538/691 347/2118/692 155/1146/693
f 1154/1538/691 155/1146/693 348/2120/694
f 343/2113/684 1154/1538/691 348/2120/694
f 343/2113/684 348/2120/694 153/1143/685
f 128/1114/587 957/2063/592 1155/1539/695
f 128/1114/587 1155/1539/695 345/2116/688
f 957/2063/592 129/1115/591 349/2121/696
f 957/2063/592 349/2121/696 1155/1539/695
f 1155/1539/695 349/2121/696 156/1148/697
f 1155/1539/695 156/1148/697 350/2122/698
f 345/2116/688 1155/1539/695 350/2122/698
f 345/2116/688 350/2122/698 154/1145/689
f 154/1145/689 350/2122/698 1156/1540/699
f 154/1145/689 1156/1540/699 347/2119/692
f 350/2122/698 156/1148/697 351/2123/700
f 350/2122/698 351/2123/700 1156/1540/699
f 1156/1540/699 351/2123/700 157/1149/701
f 1156/1540/699 157/1149/701 352/2124/702
f 347/2119/692 1156/1540/699 352/2124/702
f 347/2119/692 352/2124/702 155/1147/693
f 129/1115/591 959/2065/596 1157/1541/703
f 129/1115/591 1157/1541/703 349/2121/696
f 959/2065/596 130/1116/595 353/2125/704
f 959/2065/596 353/2125/704 1157/1541/703
f 1157/1541/703 353/2125/704 158/1150/705
f 1157/1541/703 158/1150/705 354/2126/706
f 349/2121/696 1157/1541/703 354/2126/706
f 349/2121/696 354/2126/706 156/1148/697
f 156/1148/697 354/2126/706 1158/1542/707
f 156/1148/697 1158/1542/707 351/2123/700
f 354/2126/706 158/1150/705 355/2127/708
f 354/2126/706 355/2127/708 1158/1542/707
f 1158/1542/707 355/2127/708 159/1151/709
f 1158/1542/707 159/1151/709 356/2128/710
f 351/2123/700 1158/1542/707 356/2128/710
f 351/2123/700 356/2128/710 157/1149/701
f 130/1116/595 961/2067/600 1159/1543/711
f 130/1116/595 1159/1543/711 353/2125/704
f 961/2067/600 131/1117/599 357/2129/712
f 961/2067/600 357/2129/712 1159/1543/711
f 1159/1543/711 357/2129/712 160/1152/713
f 1159/1543/711 160/1152/713 358/2130/714
f 353/2125/704 1159/1543/711 358/2130/714
f 353/2125/704 358/2130/714 158/1150/705
f 158/1150/705 358/2130/714 1160/1544/715
f 158/1150/705 1160/1544/715 355/2127/708
f 358/2130/714 160/1152/713 359/2131/716
f 358/2130/714 359/2131/716 1160/1544/715
f 1160/1544/715 359/2131/716 161/1153/717
f 1160/1544/715 161/1153/717 360/2132/718
f 355/2127/708 1160/1544/715 360/2132/718
f 355/2127/708 360/2132/718 159/1151/709
f 131/1117/599 963/2069/604 1161/1545/719
f 131/1117/599 1161/1545/719 357/2129/712
f 963/2069/604 132/1118/603 361/2133/720
f 963/2069/604 361/2133/720 1161/1545/719
f 1161/1545/719 361/2133/720 162/1154/721
f 1161/1545/719 162/1154/721 362/2134/722
f 357/2129/712 1161/1545/719 362/2134/722
f 357/2129/712 362/2134/722 160/1152/713
f 160/1152/713 362/2134/722 1162/1546/723
f 160/1152/713 1162/1546/723 359/2131/716
f 362/2134/722 162/1154/721 363/2135/724
f 362/2134/722 363/2135/724 1162/1546/723
f 1162/1546/723 363/2135/724 163/1155/725
f 1162/1546/723 163/1155/725 364/2136/726
f 359/2131/716 1162/1546/723 364/2136/726
f 359/2131/716 364/2136/726 161/1153/717
f 132/1118/603 965/2071/608 1163/1547/727
f 132/1118/603 1163/1547/727 361/2133/720
f 965/2071/608 133/1119/607 365/2137/728
f 965/2071/608 365/2137/728 1163/1547/727
f 1163/1547/727 365/2137/728 164/1156/729
f 1163/1547/727 164/1156/729 366/2138/730
f 361/2133/720 1163/1547/727 366/2138/730
f 361/2133/720 366/2138/730 162/1154/721
f 162/1154/721 366/2138/730 1164/1548/731
f 162/1154/721 1164/1548/731 363/2135/724
f 366/2138/730 164/1156/729 367/2139/732
f 366/2138/730 367/2139/732 1164/1548/731
f 1164/1548/731 367/2139/732 165/1157/733
f 1164/1548/731 165/1157/733 368/2140/734
f 363/2135/724 1164/1548/731 368/2140/734
f 363/2135/724 368/2140/734 163/1155/725
f 133/1119/607 967/2074/612 1165/1549/735
f 133/1119/607 1165/1549/735 365/2137/728
f 967/2074/612 134/1120/611 369/2141/736
f 967/2074/612 369/2141/736 1165/1549/735
f 1165/1549/735 369/2141/736 166/1158/737
f 1165/1549/735 166/1158/737 370/2143/738
f 365/2137/728 1165/1549/735 370/2143/738
f 365/2137/728 370/2143/738 164/1156/729
f 164/1156/729 370/2143/738 1166/1550/739
f 164/1156/729 1166/1550/739 367/2139/732
f 370/2143/738 166/1158/737 371/2144/740
f 370/2143/738 371/2144/740 1166/1550/739
f 1166/1550/739 371/2144/740 167/1160/741
f 1166/1550/739 167/1160/741 372/2146/742
f 367/2139/732 1166/1550/739 372/2146/742
f 367/2139/732 372/2146/742 165/1157/733
f 134/1121/611 969/2076/616 1167/1551/743
f 134/1121/611 1167/1551/743 369/2142/736
f 969/2076/616 135/1122/615 373/2147/744
f 969/2076/616 373/2147/744 1167/1551/743
f 1167/1551/743 373/2147/744 168/1162/745
f 1167/1551/743 168/1162/745 374/2148/746
f 369/2142/736 1167/1551/743 374/2148/746
f 369/2142/736 374/2148/746 166/1159/737
f 166/1159/737 374/2148/746 1168/1552/747
f 166/1159/737 1168/1552/747 371/2145/740
f 374/2148/746 168/1162/745 375/2149/748
f 374/2148/746 375/2149/748 1168/1552/747
f 1168/1552/747 375/2149/748 169/1163/749
f 1168/1552/747 169/1163/749 376/2150/750
f 371/2145/740 1168/1552/747 376/2150/750
f 371/2145/740 376/2150/750 167/1161/741
f 135/1122/615 971/2078/620 1169/1553/751
f 135/1122/615 1169/1553/751 373/2147/744
f 971/2078/620 136/1123/619 377/2151/752
f 971/2078/620 377/2151/752 1169/1553/751
f 1169/1553/751 377/2151/752 170/1164/753
f 1169/1553/751 170/1164/753 378/2152/754
f 373/2147/744 1169/1553/751 378/2152/754
f 373/2147/744 378/2152/754 168/1162/745
f 168/1162/745 378/2152/754 1170/1554/755
f 168/1162/745 1170/1554/755 375/2149/748
f 378/2152/754 170/1164/753 379/2153/756
f 378/2152/754 379/2153/756 1170/1554/755
f 1170/1554/755 379/2153/756 171/1165/757
f 1170/1554/755 171/1165/757 380/2154/758
f 375/2149/748 1170/1554/755 380/2154/758
f 375/2149/748 380/2154/758 169/1163/749
f 136/1123/619 973/2080/624 1171/1555/759
f 136/1123/619 1171/1555/759 377/2151/752
f 973/2080/624 137/1124/623 381/2155/760
f 973/2080/624 381/2155/760 1171/1555/759
f 1171/1555/759 381/2155/760 172/1166/761
f 1171/1555/759 172/1166/761 382/2156/762
f 377/2151/752 1171/1555/759 382/2156/762
f 377/2151/752 382/2156/762 170/1164/753
f 170/1164/753 382/2156/762 1172/1556/763
f 170/1164/753 1172/1556/763 379/2153/756
f 382/2156/762 172/1166/761 383/2157/764
f 382/2156/762 383/2157/764 1172/1556/763
f 1172/1556/763 383/2157/764 173/1167/765
f 1172/1556/763 173/1167/765 384/2158/766
f 379/2153/756 1172/1556/763 384/2158/766
f 379/2153/756 384/2158/766 171/1165/757
f 137/1124/623 975/2083/628 1173/1557/767
f 137/1124/623 1173/1557/767 381/2155/760
f 975/2083/628 138/1125/627 385/2159/768
f 975/2083/628 385/2159/768 1173/1557/767
f 1173/1557/767 385/2159/768 174/1168/769
f 1173/1557/767 174/1168/769 386/2161/770
f 381/2155/760 1173/1557/767 386/2161/770
f 381/2155/760 386/2161/770 172/1166/761
f 172/1166/761 386/2161/770 1174/1558/771
f 172/1166/761 1174/1558/771 383/2157/764
f 386/2161/770 174/1168/769 387/2162/772
f 386/2161/770 387/2162/772 1174/1558/771
f 1174/1558/771 387/2162/772 175/1170/773
f 1174/1558/771 175/1170/773 388/2164/774
f 383/2157/764 1174/1558/771 388/2164/774
f 383/2157/764 388/2164/774 173/1167/765
f 138/1126/627 977/2085/632 1175/1559/775
f 138/1126/627 1175/1559/775 385/2160/768
f 977/2085/632 139/1127/631 389/2165/776
f 977/2085/632 389/2165/776 1175/1559/775
f 1175/1559/775 389/2165/776 176/1172/777
f 1175/1559/775 176/1172/777 390/2166/778
f 385/2160/768 1175/1559/775 390/2166/778
f 385/2160/768 390/2166/778 174/1169/769
f 174/1169/769 390/2166/778 1176/1560/779
f 174/1169/769 1176/1560/779 387/2163/772
f 390/2166/778 176/1172/777 391/2167/780
f 390/2166/778 391/2167/780 1176/1560/779
f 1176/1560/779 391/2167/780 177/1173/781
f 1176/1560/779 177/1173/781 392/2168/782
f 387/2163/772 1176/1560/779 392/2168/782
f 387/2163/772 392/2168/782 175/1171/773
f 139/1127/631 979/2087/636 1177/1561/783
f 139/1127/631 1177/1561/783 389/2165/776
f 979/2087/636 140/1128/635 393/2169/784
f 979/2087/636 393/2169/784 1177/1561/783
f 1177/1561/783 393/2169/784 178/1174/785
f 1177/1561/783 178/1174/785 394/2170/786
f 389/2165/776 1177/1561/783 394/2170/786
f 389/2165/776 394/2170/786 176/1172/777
f 176/1172/777 394/2170/786 1178/1562/787
f 176/1172/777 1178/1562/787 391/2167/780
f 394/2170/786 178/1174/785 395/2171/788
f 394/2170/786 395/2171/788 1178/1562/787
f 1178/1562/787 395/2171/788 179/1175/789
f 1178/1562/787 179/1175/789 396/2172/790
f 391/2167/780 1178/1562/787 396/2172/790
f 391/2167/780 396/2172/790 177/1173/781
f 140/1128/635 981/2089/640 1179/1563/791
f 140/1128/635 1179/1563/791 393/2169/784
f 981/2089/640 141/1129/639 397/2173/792
f 981/2089/640 397/2173/792 1179/1563/791
f 1179/1563/791 397/2173/792 180/1176/793
f 1179/1563/791 180/1176/793 398/2174/794
f 393/2169/784 1179/1563/791 398/2174/794
f 393/2169/784 398/2174/794 178/1174/785
f 178/1174/785 398/2174/794 1180/1564/795
f 178/1174/785 1180/1564/795 395/2171/788
f 398/2174/794 180/1176/793 399/2175/796
f 398/2174/794 399/2175/796 1180/1564/795
f 1180/1564/795 399/2175/796 181/1177/797
f 1180/1564/795 181/1177/797 400/2176/798
f 395/2171/788 1180/1564/795 400/2176/798
f 395/2171/788 400/2176/798 179/1175/789
f 141/1129/639 982/2090/642 1181/1565/799
f 141/1129/639 1181/1565/799 397/2173/792
f 982/2090/642 122/1106/568 325/2093/644
f 982/2090/642 325/2093/644 1181/1565/799
f 1181/1565/799 325/2093/644 142/1130/648
f 1181/1565/799 142/1130/648 401/2177/800
f 397/2173/792 1181/1565/799 401/2177/800
f 397/2173/792 401/2177/800 180/1176/793
f 180/1176/793 401/2177/800 1182/1566/801
f 180/1176/793 1182/1566/801 399/2175/796
f 401/2177/800 142/1130/648 328/2096/650
f 401/2177/800 328/2096/650 1182/1566/801
f 1182/1566/801 328/2096/650 143/1131/654
f 1182/1566/801 143/1131/654 402/2178/802
f 399/2175/796 1182/1566/801 402/2178/802
f 399/2175/796 402/2178/802 181/1177/797
f 143/1131/654 327/2095/653 1183/1567/803
f 143/1131/654 1183/1567/803 405/2181/804
f 327/2095/653 145/1133/652 403/2179/805
f 327/2095/653 403/2179/805 1183/1567/803
f 1183/1567/803 403/2179/805 183/1179/806
f 1183/1567/803 183/1179/806 404/2180/807
f 405/2181/804 1183/1567/803 404/2180/807
f 405/2181/804 404/2180/807 182/1178/808
f 145/1133/652 332/2102/662 1184/1568/809
f 145/1133/652 1184/1568/809 403/2179/805
f 332/2102/662 147/1136/661 406/2182/810
f 332/2102/662 406/2182/810 1184/1568/809
f 1184/1568/809 406/2182/810 184/1180/811
f 1184/1568/809 184/1180/811 407/2184/812
f 403/2179/805 1184/1568/809 407/2184/812
f 403/2179/805 407/2184/812 183/1179/806
f 147/1137/661 336/2106/670 1185/1569/813
f 147/1137/661 1185/1569/813 406/2183/810
f 336/2106/670 149/1139/669 408/2185/814
f 336/2106/670 408/2185/814 1185/1569/813
f 1185/1569/813 408/2185/814 185/1182/815
f 1185/1569/813 185/1182/815 409/2186/816
f 406/2183/810 1185/1569/813 409/2186/816
f 406/2183/810 409/2186/816 184/1181/811
f 149/1139/669 340/2110/678 1186/1570/817
f 149/1139/669 1186/1570/817 408/2185/814
f 340/2110/678 151/1141/677 410/2187/818
f 340/2110/678 410/2187/818 1186/1570/817
f 1186/1570/817 410/2187/818 186/1183/819
f 1186/1570/817 186/1183/819 411/2188/820
f 408/2185/814 1186/1570/817 411/2188/820
f 408/2185/814 411/2188/820 185/1182/815
f 151/1141/677 344/2114/686 1187/1571/821
f 151/1141/677 1187/1571/821 410/2187/818
f 344/2114/686 153/1143/685 412/2189/822
f 344/2114/686 412/2189/822 1187/1571/821
f 1187/1571/821 412/2189/822 187/1184/823
f 1187/1571/821 187/1184/823 413/2190/824
f 410/2187/818 1187/1571/821 413/2190/824
f 410/2187/818 413/2190/824 186/1183/819
f 153/1143/685 348/2120/694 1188/1572/825
f 153/1143/685 1188/1572/825 412/2189/822
f 348/2120/694 155/1146/693 414/2191/826
f 348/2120/694 414/2191/826 1188/1572/825
f 1188/1572/825 414/2191/826 188/1185/827
f 1188/1572/825 188/1185/827 415/2193/828
f 412/2189/822 1188/1572/825 415/2193/828
f 412/2189/822 415/2193/828 187/1184/823
f 155/1147/693 352/2124/702 1189/1573/829
f 155/1147/693 1189/1573/829 414/2192/826
f 352/2124/702 157/1149/701 416/2194/830
f 352/2124/702 416/2194/830 1189/1573/829
f 1189/1573/829 416/2194/830 189/1187/831
f 1189/1573/829 189/1187/831 417/2195/832
f 414/2192/826 1189/1573/829 417/2195/832
f 414/2192/826 417/2195/832 188/1186/827
f 157/1149/701 356/2128/710 1190/1574/833
f 157/1149/701 1190/1574/833 416/2194/830
f 356/2128/710 159/1151/709 418/2196/834
f 356/2128/710 418/2196/834 1190/1574/833
f 1190/1574/833 418/2196/834 190/1188/835
f 1190/1574/833 190/1188/835 419/2197/836
f 416/2194/830 1190/1574/833 419/2197/836
f 416/2194/830 419/2197/836 189/1187/831
f 159/1151/709 360/2132/718 1191/1575/837
f 159/1151/709 1191/1575/837 418/2196/834
f 360/2132/718 161/1153/717 420/2198/838
f 360/2132/718 420/2198/838 1191/1575/837
f 1191/1575/837 420/2198/838 191/1189/839
f 1191/1575/837 191/1189/839 421/2199/840
f 418/2196/834 1191/1575/837 421/2199/840
f 418/2196/834 421/2199/840 190/1188/835
f 161/1153/717 364/2136/726 1192/1576/841
f 161/1153/717 1192/1576/841 420/2198/838
f 364/2136/726 163/1155/725 422/2200/842
f 364/2136/726 422/2200/842 1192/1576/841
f 1192/1576/841 422/2200/842 192/1190/843
f 1192/1576/841 192/1190/843 423/2201/844
f 420/2198/838 1192/1576/841 423/2201/844
f 420/2198/838 423/2201/844 191/1189/839
f 163/1155/725 368/2140/734 1193/1577/845
f 163/1155/725 1193/1577/845 422/2200/842
f 368/2140/734 165/1157/733 424/2202/846
f 368/2140/734 424/2202/846 1193/1577/845
f 1193/1577/845 424/2202/846 193/1191/847
f 1193/1577/845 193/1191/847 425/2203/848
f 422/2200/842 1193/1577/845 425/2203/848
f 422/2200/842 425/2203/848 192/1190/843
f 165/1157/733 372/2146/742 1194/1578/849
f 165/1157/733 1194/1578/849 424/2202/846
f 372/2146/742 167/1160/741 426/2204/850
f 372/2146/742 426/2204/850 1194/1578/849
f 1194/1578/849 426/2204/850 194/1192/851
f 1194/1578/849 194/1192/851 427/2206/852
f 424/2202/846 1194/1578/849 427/2206/852
f 424/2202/846 427/2206/852 193/1191/847
f 167/1161/741 376/2150/750 1195/1579/853
f 167/1161/741 1195/1579/853 426/2205/850
f 376/2150/750 169/1163/749 428/2207/854
f 376/2150/750 428/2207/854 1195/1579/853
f 1195/1579/853 428/2207/854 195/1194/855
f 1195/1579/853 195/1194/855 429/2208/856
f 426/2205/850 1195/1579/853 429/2208/856
f 426/2205/850 429/2208/856 194/1193/851
f 169/1163/749 380/2154/758 1196/1580/857
f 169/1163/749 1196/1580/857 428/2207/854
f 380/2154/758 171/1165/757 430/2209/858
f 380/2154/758 430/2209/858 1196/1580/857
f 1196/1580/857 430/2209/858 196/1195/859
f 1196/1580/857 196/1195/859 431/2210/860
f 428/2207/854 1196/1580/857 431/2210/860
f 428/2207/854 431/2210/860 195/1194/855
f 171/1165/757 384/2158/766 1197/1581/861
f 171/1165/757 1197/1581/861 430/2209/858
f 384/2158/766 173/1167/765 432/2211/862
f 384/2158/766 432/2211/862 1197/1581/861
f 1197/1581/861 432/2211/862 197/1196/863
f 1197/1581/861 197/1196/863 433/2212/864
f 430/2209/858 1197/1581/861 433/2212/864
f 430/2209/858 433/2212/864 196/1195/859
f 173/1167/765 388/2164/774 1198/1582/865
f 173/1167/765 1198/1582/865 432/2211/862
f 388/2164/774 175/1170/773 434/2213/866
f 388/2164/774 434/2213/866 1198/1582/865
f 1198/1582/865 434/2213/866 198/1197/867
f 1198/1582/865 198/1197/867 435/2215/868
f 432/2211/862 1198/1582/865 435/2215/868
f 432/2211/862 435/2215/868 197/1196/863
f 175/1171/773 392/2168/782 1199/1583/869
f 175/1171/773 1199/1583/869 434/2214/866
f 392/2168/782 177/1173/781 436/2216/870
f 392/2168/782 436/2216/870 1199/1583/869
f 1199/1583/869 436/2216/870 199/1199/871
f 1199/1583/869 199/1199/871 437/2217/872
f 434/2214/866 1199/1583/869 437/2217/872
f 434/2214/866 437/2217/872 198/1198/867
f 177/1173/781 396/2172/790 1200/1584/873
f 177/1173/781 1200/1584/873 436/2216/870
f 396/2172/790 179/1175/789 438/2218/874
f 396/2172/790 438/2218/874 1200/1584/873
f 1200/1584/873 438/2218/874 200/1200/875
f 1200/1584/873 200/1200/875 439/2219/876
f 436/2216/870 1200/1584/873 439/2219/876
f 436/2216/870 439/2219/876 199/1199/871
f 179/1175/789 400/2176/798 1201/1585/877
f 179/1175/789 1201/1585/877 438/2218/874
f 400/2176/798 181/1177/797 440/2220/878
f 400/2176/798 440/2220/878 1201/1585/877
f 1201/1585/877 440/2220/878 201/1201/879
f 1201/1585/877 201/1201/879 441/2221/880
f 438/2218/874 1201/1585/877 441/2221/880
f 438/2218/874 441/2221/880 200/1200/875
f 181/1177/797 402/2178/802 1202/1586/881
f 181/1177/797 1202/1586/881 440/2220/878
f 402/2178/802 143/1131/654 405/2181/804
f 402/2178/802 405/2181/804 1202/1586/881
f 1202/1586/881 405/2181/804 182/1178/808
f 1202/1586/881 182/1178/808 442/2222/882
f 440/2220/878 1202/1586/881 442/2222/882
f 440/2220/878 442/2222/882 201/1201/879
f 182/1178/808 404/2180/807 1203/1587/883
f 182/1178/808 1203/1587/883 445/2225/884
f 404/2180/807 183/1179/806 443/2223/885
f 404/2180/807 443/2223/885 1203/1587/883
f 1203/1587/883 443/2223/885 203/1203/886
f 1203/1587/883 203/1203/886 444/2224/887
f 445/2225/884 1203/1587/883 444/2224/887
f 445/2225/884 444/2224/887 202/1202/888
f 183/1179/806 407/2184/812 1204/1588/889
f 183/1179/806 1204/1588/889 443/2223/885
f 407/2184/812 184/1180/811 446/2226/890
f 407/2184/812 446/2226/890 1204/1588/889
f 1204/1588/889 446/2226/890 204/1204/891
f 1204/1588/889 204/1204/891 447/2228/892
f 443/2223/885 1204/1588/889 447/2228/892
f 443/2223/885 447/2228/892 203/1203/886
f 184/1181/811 409/2186/816 1205/1589/893
f 184/1181/811 1205/1589/893 446/2227/890
f 409/2186/816 185/1182/815 448/2229/894
f 409/2186/816 448/2229/894 1205/1589/893
f 1205/1589/893 448/2229/894 205/1206/895
f 1205/1589/893 205/1206/895 449/2230/896
f 446/2227/890 1205/1589/893 449/2230/896
f 446/2227/890 449/2230/896 204/1205/891
f 185/1182/815 411/2188/820 1206/1590/897
f 185/1182/815 1206/1590/897 448/2229/894
f 411/2188/820 186/1183/819 450/2231/898
f 411/2188/820 450/2231/898 1206/1590/897
f 1206/1590/897 450/2231/898 206/1207/899
f 1206/1590/897 206/1207/899 451/2232/900
f 448/2229/894 1206/1590/897 451/2232/900
f 448/2229/894 451/2232/900 205/1206/895
f 186/1183/819 413/2190/824 1207/1591/901
f 186/1183/819 1207/1591/901 450/2231/898
f 413/2190/824 187/1184/823 452/2233/902
f 413/2190/824 452/2233/902 1207/1591/901
f 1207/1591/901 452/2233/902 207/1208/903
f 1207/1591/901 207/1208/903 453/2234/904
f 450/2231/898 1207/1591/901 453/2234/904
f 450/2231/898 453/2234/904 206/1207/899
f 187/1184/823 415/2193/828 1208/1592/905
f 187/1184/823 1208/1592/905 452/2233/902
f 415/2193/828 188/1185/827 454/2235/906
f 415/2193/828 454/2235/906 1208/1592/905
f 1208/1592/905 454/2235/906 208/1209/907
f 1208/1592/905 208/1209/907 455/2237/908
f 452/2233/902 1208/1592/905 455/2237/908
f 452/2233/902 455/2237/908 207/1208/903
f 188/1186/827 417/2195/832 1209/1593/909
f 188/1186/827 1209/1593/909 454/2236/906
f 417/2195/832 189/1187/831 456/2238/910
f 417/2195/832 456/2238/910 1209/1593/909
f 1209/1593/909 456/2238/910 209/1211/911
f 1209/1593/909 209/1211/911 457/2239/912
f 454/2236/906 1209/1593/909 457/2239/912
f 454/2236/906 457/2239/912 208/1210/907
f 189/1187/831 419/2197/836 1210/1594/913
f 189/1187/831 1210/1594/913 456/2238/910
f 419/2197/836 190/1188/835 458/2240/914
f 419/2197/836 458/2240/914 1210/1594/913
f 1210/1594/913 458/2240/914 210/1212/915
f 1210/1594/913 210/1212/915 459/2241/916
f 456/2238/910 1210/1594/913 459/2241/916
f 456/2238/910 459/2241/916 209/1211/911
f 190/1188/835 421/2199/840 1211/1595/917
f 190/1188/835 1211/1595/917 458/2240/914
f 421/2199/840 191/1189/839 460/2242/918
f 421/2199/840 460/2242/918 1211/1595/917
f 1211/1595/917 460/2242/918 211/1213/919
f 1211/1595/917 211/1213/919 461/2243/920
f 458/2240/914 1211/1595/917 461/2243/920
f 458/2240/914 461/2243/920 210/1212/915
f 191/1189/839 423/2201/844 1212/1596/921
f 191/1189/839 1212/1596/921 460/2242/918
f 423/2201/844 192/1190/843 462/2244/922
f 423/2201/844 462/2244/922 1212/1596/921
f 1212/1596/921 462/2244/922 212/1214/923
f 1212/1596/921 212/1214/923 463/2245/924
f 460/2242/918 1212/1596/921 463/2245/924
f 460/2242/918 463/2245/924 211/1213/919
f 192/1190/843 425/2203/848 1213/1597/925
f 192/1190/843 1213/1597/925 462/2244/922
f 425/2203/848 193/1191/847 464/2246/926
f 425/2203/848 464/2246/926 1213/1597/925
f 1213/1597/925 464/2246/926 213/1215/927
f 1213/1597/925 213/1215/927 465/2247/928
f 462/2244/922 1213/1597/925 465/2247/928
f 462/2244/922 465/2247/928 212/1214/923
f 193/1191/847 427/2206/852 1214/1598/929
f 193/1191/847 1214/1598/929 464/2246/926
f 427/2206/852 194/1192/851 466/2248/930
f 427/2206/852 466/2248/930 1214/1598/929
f 1214/1598/929 466/2248/930 214/1216/931
f 1214/1598/929 214/1216/931 467/2250/932
f 464/2246/926 1214/1598/929 467/2250/932
f 464/2246/926 467/2250/932 213/1215/927
f 194/1193/851 429/2208/856 1215/1599/933
f 194/1193/851 1215/1599/933 466/2249/930
f 429/2208/856 195/1194/855 468/2251/934
f 429/2208/856 468/2251/934 1215/1599/933
f 1215/1599/933 468/2251/934 215/1218/935
f 1215/1599/933 215/1218/935 469/2252/936
f 466/2249/930 1215/1599/933 469/2252/936
f 466/2249/930 469/2252/936 214/1217/931
f 195/1194/855 431/2210/860 1216/1600/937
f 195/1194/855 1216/1600/937 468/2251/934
f 431/2210/860 196/1195/859 470/2253/938
f 431/2210/860 470/2253/938 1216/1600/937
f 1216/1600/937 470/2253/938 216/1219/939
f 1216/1600/937 216/1219/939 471/2254/940
f 468/2251/934 1216/1600/937 471/2254/940
f 468/2251/934 471/2254/940 215/1218/935
f 196/1195/859 433/2212/864 1217/1601/941
f 196/1195/859 1217/1601/941 470/2253/938
f 433/2212/864 197/1196/863 472/2255/942
f 433/2212/864 472/2255/942 1217/1601/941
f 1217/1601/941 472/2255/942 217/1220/943
f 1217/1601/941 217/1220/943 473/2256/944
f 470/2253/938 1217/1601/941 473/2256/944
f 470/2253/938 473/2256/944 216/1219/939
f 197/1196/863 435/2215/868 1218/1602/945
f 197/1196/863 1218/1602/945 472/2255/942
f 435/2215/868 198/1197/867 474/2257/946
f 435/2215/868 474/2257/946 1218/1602/945
f 1218/1602/945 474/2257/946 218/1221/947
f 1218/1602/945 218/1221/947 475/2259/948
f 472/2255/942 1218/1602/945 475/2259/948
f 472/2255/942 475/2259/948 217/1220/943
f 198/1198/867 437/2217/872 1219/1603/949
f 198/1198/867 1219/1603/949 474/2258/946
f 437/2217/872 199/1199/871 476/2260/950
f 437/2217/872 476/2260/950 1219/1603/949
f 1219/1603/949 476/2260/950 219/1223/951
f 1219/1603/949 219/1223/951 477/2261/952
f 474/2258/946 1219/1603/949 477/2261/952
f 474/2258/946 477/2261/952 218/1222/947
f 199/1199/871 439/2219/876 1220/1604/953
f 199/1199/871 1220/1604/953 476/2260/950
f 439/2219/876 200/1200/875 478/2262/954
f 439/2219/876 478/2262/954 1220/1604/953
f 1220/1604/953 478/2262/954 220/1224/955
f 1220/1604/953 220/1224/955 479/2263/956
f 476/2260/950 1220/1604/953 479/2263/956
f 476/2260/950 479/2263/956 219/1223/951
f 200/1200/875 441/2221/880 1221/1605/957
f 200/1200/875 1221/1605/957 478/2262/954
f 441/2221/880 201/1201/879 480/2264/958
f 441/2221/880 480/2264/958 1221/1605/957
f 1221/1605/957 480/2264/958 221/1225/959
f 1221/1605/957 221/1225/959 481/2265/960
f 478/2262/954 1221/1605/957 481/2265/960
f 478/2262/954 481/2265/960 220/1224/955
f 201/1201/879 442/2222/882 1222/1606/961
f 201/1201/879 1222/1606/961 480/2264/958
f 442/2222/882 182/1178/808 445/2225/884
f 442/2222/882 445/2225/884 1222/1606/961
f 1222/1606/961 445/2225/884 202/1202/888
f 1222/1606/961 202/1202/888 482/2266/962
f 480/2264/958 1222/1606/961 482/2266/962
f 480/2264/958 482/2266/962 221/1225/959
f 202/1202/888 444/2224/887 1223/1607/963
f 202/1202/888 1223/1607/963 485/2269/964
f 444/2224/887 203/1203/886 483/2267/965
f 444/2224/887 483/2267/965 1223/1607/963
f 1223/1607/963 483/2267/965 224/1228/966
f 1223/1607/963 224/1228/966 484/2268/967
f 485/2269/964 1223/1607/963 484/2268/967
f 485/2269/964 484/2268/967 222/1226/968
f 222/1226/968 484/2268/967 1224/1608/969
f 222/1226/968 1224/1608/969 488/2272/970
f 484/2268/967 224/1228/966 486/2270/971
f 484/2268/967 486/2270/971 1224/1608/969
f 1224/1608/969 486/2270/971 225/1229/972
f 1224/1608/969 225/1229/972 487/2271/973
f 488/2272/970 1224/1608/969 487/2271/973
f 488/2272/970 487/2271/973 223/1227/974
f 203/1203/886 447/2228/892 1225/1609/975
f 203/1203/886 1225/1609/975 483/2267/965
f 447/2228/892 204/1204/891 489/2273/976
f 447/2228/892 489/2273/976 1225/1609/975
f 1225/1609/975 489/2273/976 226/1230/977
f 1225/1609/975 226/1230/977 490/2275/978
f 483/2267/965 1225/1609/975 490/2275/978
f 483/2267/965 490/2275/978 224/1228/966
f 224/1228/966 490/2275/978 1226/1610/979
f 224/1228/966 1226/1610/979 486/2270/971
f 490/2275/978 226/1230/977 491/2276/980
f 490/2275/978 491/2276/980 1226/1610/979
f 1226/1610/979 491/2276/980 227/1232/981
f 1226/1610/979 227/1232/981 492/2278/982
f 486/2270/971 1226/1610/979 492/2278/982
f 486/2270/971 492/2278/982 225/1229/972
f 204/1205/891 449/2230/896 1227/1611/983
f 204/1205/891 1227/1611/983 489/2274/976
f 449/2230/896 205/1206/895 493/2279/984
f 449/2230/896 493/2279/984 1227/1611/983
f 1227/1611/983 493/2279/984 228/1234/985
f 1227/1611/983 228/1234/985 494/2280/986
f 489/2274/976 1227/1611/983 494/2280/986
f 489/2274/976 494/2280/986 226/1231/977
f 226/1231/977 494/2280/986 1228/1612/987
f 226/1231/977 1228/1612/987 491/2277/980
f 494/2280/986 228/1234/985 495/2281/988
f 494/2280/986 495/2281/988 1228/1612/987
f 1228/1612/987 495/2281/988 229/1235/989
f 1228/1612/987 229/1235/989 496/2282/990
f 491/2277/980 1228/1612/987 496/2282/990
f 491/2277/980 496/2282/990 227/1233/981
f 205/1206/895 451/2232/900 1229/1613/991
f 205/1206/895 1229/1613/991 493/2279/984
f 451/2232/900 206/1207/899 497/2283/992
f 451/2232/900 497/2283/992 1229/1613/991
f 1229/1613/991 497/2283/992 230/1236/993
f 1229/1613/991 230/1236/993 498/2284/994
f 493/2279/984 1229/1613/991 498/2284/994
f 493/2279/984 498/2284/994 228/1234/985
f 228/1234/985 498/2284/994 1230/1614/995
f 228/1234/985 1230/1614/995 495/2281/988
f 498/2284/994 230/1236/993 499/2285/996
f 498/2284/994 499/2285/996 1230/1614/995
f 1230/1614/995 499/2285/996 231/1237/997
f 1230/1614/995 231/1237/997 500/2286/998
f 495/2281/988 1230/1614/995 500/2286/998
f 495/2281/988 500/2286/998 229/1235/989
f 206/1207/899 453/2234/904 1231/1615/999
f 206/1207/899 1231/1615/999 497/2283/992
f 453/2234/904 207/1208/903 501/2287/1000
f 453/2234/904 501/2287/1000 1231/1615/999
f 1231/1615/999 501/2287/1000 232/1238/1001
f 1231/1615/999 232/1238/1001 502/2288/1002
f 497/2283/992 1231/1615/999 502/2288/1002
f 497/2283/992 502/2288/1002 230/1236/993
f 230/1236/993 502/2288/1002 1232/1616/1003
f 230/1236/993 1232/1616/1003 499/2285/996
f 502/2288/1002 232/1238/1001 503/2289/1004
f 502/2288/1002 503/2289/1004 1232/1616/1003
f 1232/1616/1003 503/2289/1004 233/1239/1005
f 1232/1616/1003 233/1239/1005 504/2290/1006
f 499/2285/996 1232/1616/1003 504/2290/1006
f 499/2285/996 504/2290/1006 231/1237/997
f 207/1208/903 455/2237/908 1233/1617/1007
f 207/1208/903 1233/1617/1007 501/2287/1000
f 455/2237/908 208/1209/907 505/2291/1008
f 455/2237/908 505/2291/1008 1233/1617/1007
f 1233/1617/1007 505/2291/1008 234/1240/1009
f 1233/1617/1007 234/1240/1009 506/2293/1010
f 501/2287/1000 1233/1617/1007 506/2293/1010
f 501/2287/1000 506/2293/1010 232/1238/1001
f 232/1238/1001 506/2293/1010 1234/1618/1011
f 232/1238/1001 1234/1618/1011 503/2289/1004
f 506/2293/1010 234/1240/1009 507/2294/1012
f 506/2293/1010 507/2294/1012 1234/1618/1011
f 1234/1618/1011 507/2294/1012 235/1242/1013
f 1234/1618/1011 235/1242/1013 508/2296/1014
f 503/2289/1004 1234/1618/1011 508/2296/1014
f 503/2289/1004 508/2296/1014 233/1239/1005
f 208/1210/907 457/2239/912 1235/1619/1015
f 208/1210/907 1235/1619/1015 505/2292/1008
f 457/2239/912 209/1211/911 509/2297/1016
f 457/2239/912 509/2297/1016 1235/1619/1015
f 1235/1619/1015 509/2297/1016 236/1244/1017
f 1235/1619/1015 236/1244/1017 510/2298/1018
f 505/2292/1008 1235/1619/1015 510/2298/1018
f 505/2292/1008 510/2298/1018 234/1241/1009
f 234/1241/1009 510/2298/1018 1236/1620/1019
f 234/1241/1009 1236/1620/1019 507/2295/1012
f 510/2298/1018 236/1244/1017 511/2299/1020
f 510/2298/1018 511/2299/1020 1236/1620/1019
f 1236/1620/1019 511/2299/1020 237/1245/1021
f 1236/1620/1019 237/1245/1021 512/2300/1022
f 507/2295/1012 1236/1620/1019 512/2300/1022
f 507/2295/1012 512/2300/1022 235/1243/1013
f 209/1211/911 459/2241/916 1237/1621/1023
f 209/1211/911 1237/1621/1023 509/2297/1016
f 459/2241/916 210/1212/915 513/2301/1024
f 459/2241/916 513/2301/1024 1237/1621/1023
f 1237/1621/1023 513/2301/1024 238/1246/1025
f 1237/1621/1023 238/1246/1025 514/2302/1026
f 509/2297/1016 1237/1621/1023 514/2302/1026
f 509/2297/1016 514/2302/1026 236/1244/1017
f 236/1244/1017 514/2302/1026 1238/1622/1027
f 236/1244/1017 1238/1622/1027 511/2299/1020
f 514/2302/1026 238/1246/1025 515/2303/1028
f 514/2302/1026 515/2303/1028 1238/1622/1027
f 1238/1622/1027 515/2303/1028 239/1247/1029
f 1238/1622/1027 239/1247/1029 516/2304/1030
f 511/2299/1020 1238/1622/1027 516/2304/1030
f 511/2299/1020 516/2304/1030 237/1245/1021
f 210/1212/915 461/2243/920 1239/1623/1031
f 210/1212/915 1239/1623/1031 513/2301/1024
f 461/2243/920 211/1213/919 517/2305/1032
f 461/2243/920 517/2305/1032 1239/1623/1031
f 1239/1623/1031 517/2305/1032 240/1248/1033
f 1239/1623/1031 240/1248/1033 518/2306/1034
f 513/2301/1024 1239/1623/1031 518/2306/1034
f 513/2301/1024 518/2306/1034 238/1246/1025
f 238/1246/1025 518/2306/1034 1240/1624/1035
f 238/1246/1025 1240/1624/1035 515/2303/1028
f 518/2306/1034 240/1248/1033 519/2307/1036
f 518/2306/1034 519/2307/1036 1240/1624/1035
f 1240/1624/1035 519/2307/1036 241/1249/1037
f 1240/1624/1035 241/1249/1037 520/2308/1038
f 515/2303/1028 1240/1624/1035 520/2308/1038
f 515/2303/1028 520/2308/1038 239/1247/1029
f 211/1213/919 463/2245/924 1241/1625/1039
f 211/1213/919 1241/1625/1039 517/2305/1032
f 463/2245/924 212/1214/923 521/2309/1040
f 463/2245/924 521/2309/1040 1241/1625/1039
f 1241/1625/1039 521/2309/1040 242/1250/1041
f 1241/1625/1039 242/1250/1041 522/2310/1042
f 517/2305/1032 1241/1625/1039 522/2310/1042
f 517/2305/1032 522/2310/1042 240/1248/1033
f 240/1248/1033 522/2310/1042 1242/1626/1043
f 240/1248/1033 1242/1626/1043 519/2307/1036
f 522/2310/1042 242/1250/1041 523/2311/1044
f 522/2310/1042 523/2311/1044 1242/1626/1043
f 1242/1626/1043 523/2311/1044 243/1251/1045
f 1242/1626/1043 243/1251/1045 524/2312/1046
f 519/2307/1036 1242/1626/1043 524/2312/1046
f 519/2307/1036 524/2312/1046 241/1249/1037
f 212/1214/923 465/2247/928 1243/1627/1047
f 212/1214/923 1243/1627/1047 521/2309/1040
f 465/2247/928 213/1215/927 525/2313/1048
f 465/2247/928 525/2313/1048 1243/1627/1047
f 1243/1627/1047 525/2313/1048 244/1252/1049
f 1243/1627/1047 244/1252/1049 526/2314/1050
f 521/2309/1040 1243/1627/1047 526/2314/1050
f 521/2309/1040 526/2314/1050 242/1250/1041
f 242/1250/1041 526/2314/1050 1244/1628/1051
f 242/1250/1041 1244/1628/1051 523/2311/1044
f 526/2314/1050 244/1252/1049 527/2315/1052
f 526/2314/1050 527/2315/1052 1244/1628/1051
f 1244/1628/1051 527/2315/1052 245/1253/1053
f 1244/1628/1051 245/1253/1053 528/2316/1054
f 523/2311/1044 1244/1628/1051 528/2316/1054
f 523/2311/1044 528/2316/1054 243/1251/1045
f 213/1215/927 467/2250/932 1245/1629/1055
f 213/1215/927 1245/1629/1055 525/2313/1048
f 467/2250/932 214/1216/931 529/2317/1056
f 467/2250/932 529/2317/1056 1245/1629/1055
f 1245/1629/1055 529/2317/1056 246/1254/1057
f 1245/1629/1055 246/1254/1057 530/2319/1058
f 525/2313/1048 1245/1629/1055 530/2319/1058
f 525/2313/1048 530/2319/1058 244/1252/1049
f 244/1252/1049 530/2319/1058 1246/1630/1059
f 244/1252/1049 1246/1630/1059 527/2315/1052
f 530/2319/1058 246/1254/1057 531/2320/1060
f 530/2319/1058 531/2320/1060 1246/1630/1059
f 1246/1630/1059 531/2320/1060 247/1256/1061
f 1246/1630/1059 247/1256/1061 532/2322/1062
f 527/2315/1052 1246/1630/1059 532/2322/1062
f 527/2315/1052 532/2322/1062 245/1253/1053
f 214/1217/931 469/2252/936 1247/1631/1063
f 214/1217/931 1247/1631/1063 529/2318/1056
f 469/2252/936 215/1218/935 533/2323/1064
f 469/2252/936 533/2323/1064 1247/1631/1063
f 1247/1631/1063 533/2323/1064 248/1258/1065
f 1247/1631/1063 248/1258/1065 534/2324/1066
f 529/2318/1056 1247/1631/1063 534/2324/1066
f 529/2318/1056 534/2324/1066 246/1255/1057
f 246/1255/1057 534/2324/1066 1248/1632/1067
f 246/1255/1057 1248/1632/1067 531/2321/1060
f 534/2324/1066 248/1258/1065 535/2325/1068
f 534/2324/1066 535/2325/1068 1248/1632/1067
f 1248/1632/1067 535/2325/1068 249/1259/1069
f 1248/1632/1067 249/1259/1069 536/2326/1070
f 531/2321/1060 1248/1632/1067 536/2326/1070
f 531/2321/1060 536/2326/1070 247/1257/1061
f 215/1218/935 471/2254/940 1249/1633/1071
f 215/1218/935 1249/1633/1071 533/2323/1064
f 471/2254/940 216/1219/939 537/2327/1072
f 471/2254/940 537/2327/1072 1249/1633/1071
f 1249/1633/1071 537/2327/1072 250/1260/1073
f 1249/1633/1071 250/1260/1073 538/2328/1074
f 533/2323/1064 1249/1633/1071 538/2328/1074
f 533/2323/1064 538/2328/1074 248/1258/1065
f 248/1258/1065 538/2328/1074 1250/1634/1075
f 248/1258/1065 1250/1634/1075 535/2325/1068
f 538/2328/1074 250/1260/1073 539/2329/1076
f 538/2328/1074 539/2329/1076 1250/1634/1075
f 1250/1634/1075 539/2329/1076 251/1261/1077
f 1250/1634/1075 251/1261/1077 540/2330/1078
f 535/2325/1068 1250/1634/1075 540/2330/1078
f 535/2325/1068 540/2330/1078 249/1259/1069
f 216/1219/939 473/2256/944 1251/1635/1079
f 216/1219/939 1251/1635/1079 537/2327/1072
f 473/2256/944 217/1220/943 541/2331/1080
f 473/2256/944 541/2331/1080 1251/1635/1079
f 1251/1635/1079 541/2331/1080 252/1262/1081
f 1251/1635/1079 252/1262/1081 542/2332/1082
f 537/2327/1072 1251/1635/1079 542/2332/1082
f 537/2327/1072 542/2332/1082 250/1260/1073
f 250/1260/1073 542/2332/1082 1252/1636/1083
f 250/1260/1073 1252/1636/1083 539/2329/1076
f 542/2332/1082 252/1262/1081 543/2333/1084
f 542/2332/1082 543/2333/1084 1252/1636/1083
f 1252/1636/1083 543/2333/1084 253/1263/1085
f 1252/1636/1083 253/1263/1085 544/2334/1086
f 539/2329/1076 1252/1636/1083 544/2334/1086
f 539/2329/1076 544/2334/1086 251/1261/1077
f 217/1220/943 475/2259/948 1253/1637/1087
f 217/1220/943 1253/1637/1087 541/2331/1080
f 475/2259/948 218/1221/947 545/2335/1088
f 475/2259/948 545/2335/1088 1253/1637/1087
f 1253/1637/1087 545/2335/1088 254/1264/1089
f 1253/1637/1087 254/1264/1089 546/2337/1090
f 541/2331/1080 1253/1637/1087 546/2337/1090
f 541/2331/1080 546/2337/1090 252/1262/1081
f 252/1262/1081 546/2337/1090 1254/1638/1091
f 252/1262/1081 1254/1638/1091 543/2333/1084
f 546/2337/1090 254/1264/1089 547/2338/1092
f 546/2337/1090 547/2338/1092 1254/1638/1091
f 1254/1638/1091 547/2338/1092 255/1266/1093
f 1254/1638/1091 255/1266/1093 548/2340/1094
f 543/2333/1084 1254/1638/1091 548/2340/1094
f 543/2333/1084 548/2340/1094 253/1263/1085
f 218/1222/947 477/2261/952 1255/1639/1095
f 218/1222/947 1255/1639/1095 545/2336/1088
f 477/2261/952 219/1223/951 549/2341/1096
f 477/2261/952 549/2341/1096 1255/1639/1095
f 1255/1639/1095 549/2341/1096 256/1268/1097
f 1255/1639/1095 256/1268/1097 550/2342/1098
f 545/2336/1088 1255/1639/1095 550/2342/1098
f 545/2336/1088 550/2342/1098 254/1265/1089
f 254/1265/1089 550/2342/1098 1256/1640/1099
f 254/1265/1089 1256/1640/1099 547/2339/1092
f 550/2342/1098 256/1268/1097 551/2343/1100
f 550/2342/1098 551/2343/1100 1256/1640/1099
f 1256/1640/1099 551/2343/1100 257/1269/1101
f 1256/1640/1099 257/1269/1101 552/2344/1102
f 547/2339/1092 1256/1640/1099 552/2344/1102
f 547/2339/1092 552/2344/1102 255/1267/1093
f 219/1223/951 479/2263/956 1257/1641/1103
f 219/1223/951 1257/1641/1103 549/2341/1096
f 479/2263/956 220/1224/955 553/2345/1104
f 479/2263/956 553/2345/1104 1257/1641/1103
f 1257/1641/1103 553/2345/1104 258/1270/1105
f 1257/1641/1103 258/1270/1105 554/2346/1106
f 549/2341/1096 1257/1641/1103 554/2346/1106
f 549/2341/1096 554/2346/1106 256/1268/1097
f 256/1268/1097 554/2346/1106 1258/1642/1107
f 256/1268/1097 1258/1642/1107 551/2343/1100
f 554/2346/1106 258/1270/1105 555/2347/1108
f 554/2346/1106 555/2347/1108 1258/1642/1107
f 1258/1642/1107 555/2347/1108 259/1271/1109
f 1258/1642/1107 259/1271/1109 556/2348/1110
f 551/2343/1100 1258/1642/1107 556/2348/1110
f 551/2343/1100 556/2348/1110 257/1269/1101
f 220/1224/955 481/2265/960 1259/1643/1111
f 220/1224/955 1259/1643/1111 553/2345/1104
f 481/2265/960 221/1225/959 557/2349/1112
f 481/2265/960 557/2349/1112 1259/1643/1111
f 1259/1643/1111 557/2349/1112 260/1272/1113
f 1259/1643/1111 260/1272/1113 558/2350/1114
f 553/2345/1104 1259/1643/1111 558/2350/1114
f 553/2345/1104 558/2350/1114 258/1270/1105
f 258/1270/1105 558/2350/1114 1260/1644/1115
f 258/1270/1105 1260/1644/1115 555/2347/1108
f 558/2350/1114 260/1272/1113 559/2351/1116
f 558/2350/1114 559/2351/1116 1260/1644/1115
f 1260/1644/1115 559/2351/1116 261/1273/1117
f 1260/1644/1115 261/1273/1117 560/2352/1118
f 555/2347/1108 1260/1644/1115 560/2352/1118
f 555/2347/1108 560/2352/1118 259/1271/1109
f 221/1225/959 482/2266/962 1261/1645/1119
f 221/1225/959 1261/1645/1119 557/2349/1112
f 482/2266/962 202/1202/888 485/2269/964
f 482/2266/962 485/2269/964 1261/1645/1119
f 1261/1645/1119 485/2269/964 222/1226/968
f 1261/1645/1119 222/1226/968 561/2353/1120
f 557/2349/1112 1261/1645/1119 561/2353/1120
f 557/2349/1112 561/2353/1120 260/1272/1113
f 260/1272/1113 561/2353/1120 1262/1646/1121
f 260/1272/1113 1262/1646/1121 559/2351/1116
f 561/2353/1120 222/1226/968 488/2272/970
f 561/2353/1120 488/2272/970 1262/1646/1121
f 1262/1646/1121 488/2272/970 223/1227/974
f 1262/1646/1121 223/1227/974 562/2354/1122
f 559/2351/1116 1262/1646/1121 562/2354/1122
f 559/2351/1116 562/2354/1122 261/1273/1117
f 223/1227/974 487/2271/973 1263/1647/1123
f 223/1227/974 1263/1647/1123 565/2357/1124
f 487/2271/973 225/1229/972 563/2355/1125
f 487/2271/973 563/2355/1125 1263/1647/1123
f 1263/1647/1123 563/2355/1125 296/1335/1126
f 1263/1647/1123 296/1335/1126 564/2356/1127
f 565/2357/1124 1263/1647/1123 564/2356/1127
f 565/2357/1124 564/2356/1127 297/1336/1128
f 225/1229/972 492/2278/982 1264/1648/1129
f 225/1229/972 1264/1648/1129 563/2355/1125
f 492/2278/982 227/1232/981 566/2358/1130
f 492/2278/982 566/2358/1130 1264/1648/1129
f 1264/1648/1129 566/2358/1130 295/1333/1131
f 1264/1648/1129 295/1333/1131 567/2360/1132
f 563/2355/1125 1264/1648/1129 567/2360/1132
f 563/2355/1125 567/2360/1132 296/1335/1126
f 227/1233/981 496/2282/990 1265/1649/1133
f 227/1233/981 1265/1649/1133 566/2359/1130
f 496/2282/990 229/1235/989 568/2361/1134
f 496/2282/990 568/2361/1134 1265/1649/1133
f 1265/1649/1133 568/2361/1134 294/1332/1135
f 1265/1649/1133 294/1332/1135 569/2362/1136
f 566/2359/1130 1265/1649/1133 569/2362/1136
f 566/2359/1130 569/2362/1136 295/1334/1131
f 229/1235/989 500/2286/998 1266/1650/1137
f 229/1235/989 1266/1650/1137 568/2361/1134
f 500/2286/998 231/1237/997 570/2363/1138
f 500/2286/998 570/2363/1138 1266/1650/1137
f 1266/1650/1137 570/2363/1138 293/1331/1139
f 1266/1650/1137 293/1331/1139 571/2364/1140
f 568/2361/1134 1266/1650/1137 571/2364/1140
f 568/2361/1134 571/2364/1140 294/1332/1135
f 231/1237/997 504/2290/1006 1267/1651/1141
f 231/1237/997 1267/1651/1141 570/2363/1138
f 504/2290/1006 233/1239/1005 572/2365/1142
f 504/2290/1006 572/2365/1142 1267/1651/1141
f 1267/1651/1141 572/2365/1142 292/1330/1143
f 1267/1651/1141 292/1330/1143 573/2366/1144
f 570/2363/1138 1267/1651/1141 573/2366/1144
f 570/2363/1138 573/2366/1144 293/1331/1139
f 233/1239/1005 508/2296/1014 1268/1652/1145
f 233/1239/1005 1268/1652/1145 572/2365/1142
f 508/2296/1014 235/1242/1013 574/2367/1146
f 508/2296/1014 574/2367/1146 1268/1652/1145
f 1268/1652/1145 574/2367/1146 291/1328/1147
f 1268/1652/1145 291/1328/1147 575/2369/1148
f 572/2365/1142 1268/1652/1145 575/2369/1148
f 572/2365/1142 575/2369/1148 292/1330/1143
f 235/1243/1013 512/2300/1022 1269/1653/1149
f 235/1243/1013 1269/1653/1149 574/2368/1146
f 512/2300/1022 237/1245/1021 576/2370/1150
f 512/2300/1022 576/2370/1150 1269/1653/1149
f 1269/1653/1149 576/2370/1150 290/1327/1151
f 1269/1653/1149 290/1327/1151 577/2371/1152
f 574/2368/1146 1269/1653/1149 577/2371/1152
f 574/2368/1146 577/2371/1152 291/1329/1147
f 237/1245/1021 516/2304/1030 1270/1654/1153
f 237/1245/1021 1270/1654/1153 576/2370/1150
f 516/2304/1030 239/1247/1029 578/2372/1154
f 516/2304/1030 578/2372/1154 1270/1654/1153
f 1270/1654/1153 578/2372/1154 289/1326/1155
f 1270/1654/1153 289/1326/1155 579/2373/1156
f 576/2370/1150 1270/1654/1153 579/2373/1156
f 576/2370/1150 579/2373/1156 290/1327/1151
f 239/1247/1029 520/2308/1038 1271/1655/1157
f 239/1247/1029 1271/1655/1157 578/2372/1154
f 520/2308/1038 241/1249/1037 580/2374/1158
f 520/2308/1038 580/2374/1158 1271/1655/1157
f 1271/1655/1157 580/2374/1158 288/1325/1159
f 1271/1655/1157 288/1325/1159 581/2375/1160
f 578/2372/1154 1271/1655/1157 581/2375/1160
f 578/2372/1154 581/2375/1160 289/1326/1155
f 241/1249/1037 524/2312/1046 1272/1656/1161
f 241/1249/1037 1272/1656/1161 580/2374/1158
f 524/2312/1046 243/1251/1045 582/2376/1162
f 524/2312/1046 582/2376/1162 1272/1656/1161
f 1272/1656/1161 582/2376/1162 287/1324/1163
f 1272/1656/1161 287/1324/1163 583/2377/1164
f 580/2374/1158 1272/1656/1161 583/2377/1164
f 580/2374/1158 583/2377/1164 288/1325/1159
f 243/1251/1045 528/2316/1054 1273/1657/1165
f 243/1251/1045 1273/1657/1165 582/2376/1162
f 528/2316/1054 245/1253/1053 584/2378/1166
f 528/2316/1054 584/2378/1166 1273/1657/1165
f 1273/1657/1165 584/2378/1166 286/1323/1167
f 1273/1657/1165 286/1323/1167 585/2379/1168
f 582/2376/1162 1273/1657/1165 585/2379/1168
f 582/2376/1162 585/2379/1168 287/1324/1163
f 245/1253/1053 532/2322/1062 1274/1658/1169
f 245/1253/1053 1274/1658/1169 584/2378/1166
f 532/2322/1062 247/1256/1061 586/2380/1170
f 532/2322/1062 586/2380/1170 1274/1658/1169
f 1274/1658/1169 586/2380/1170 285/1321/1171
f 1274/1658/1169 285/1321/1171 587/2382/1172
f 584/2378/1166 1274/1658/1169 587/2382/1172
f 584/2378/1166 587/2382/1172 286/1323/1167
f 247/1257/1061 536/2326/1070 1275/1659/1173
f 247/1257/1061 1275/1659/1173 586/2381/1170
f 536/2326/1070 249/1259/1069 588/2383/1174
f 536/2326/1070 588/2383/1174 1275/1659/1173
f 1275/1659/1173 588/2383/1174 284/1320/1175
f 1275/1659/1173 284/1320/1175 589/2384/1176
f 586/2381/1170 1275/1659/1173 589/2384/1176
f 586/2381/1170 589/2384/1176 285/1322/1171
f 249/1259/1069 540/2330/1078 1276/1660/1177
f 249/1259/1069 1276/1660/1177 588/2383/1174
f 540/2330/1078 251/1261/1077 590/2385/1178
f 540/2330/1078 590/2385/1178 1276/1660/1177
f 1276/1660/1177 590/2385/1178 283/1319/1179
f 1276/1660/1177 283/1319/1179 591/2386/1180
f 588/2383/1174 1276/1660/1177 591/2386/1180
f 588/2383/1174 591/2386/1180 284/1320/1175
f 251/1261/1077 544/2334/1086 1277/1661/1181
f 251/1261/1077 1277/1661/1181 590/2385/1178
f 544/2334/1086 253/1263/1085 592/2387/1182
f 544/2334/1086 592/2387/1182 1277/1661/1181
f 1277/1661/1181 592/2387/1182 302/1342/1183
f 1277/1661/1181 302/1342/1183 593/2388/1184
f 590/2385/1178 1277/1661/1181 593/2388/1184
f 590/2385/1178 593/2388/1184 283/1319/1179
f 253/1263/1085 548/2340/1094 1278/1662/1185
f 253/1263/1085 1278/1662/1185 592/2387/1182
f 548/2340/1094 255/1266/1093 594/2389/1186
f 548/2340/1094 594/2389/1186 1278/1662/1185
f 1278/1662/1185 594/2389/1186 301/1340/1187
f 1278/1662/1185 301/1340/1187 595/2391/1188
f 592/2387/1182 1278/1662/1185 595/2391/1188
f 592/2387/1182 595/2391/1188 302/1342/1183
f 255/1267/1093 552/2344/1102 1279/1663/1189
f 255/1267/1093 1279/1663/1189 594/2390/1186
f 552/2344/1102 257/1269/1101 596/2392/1190
f 552/2344/1102 596/2392/1190 1279/1663/1189
f 1279/1663/1189 596/2392/1190 300/1339/1191
f 1279/1663/1189 300/1339/1191 597/2393/1192
f 594/2390/1186 1279/1663/1189 597/2393/1192
f 594/2390/1186 597/2393/1192 301/1341/1187
f 257/1269/1101 556/2348/1110 1280/1664/1193
f 257/1269/1101 1280/1664/1193 596/2392/1190
f 556/2348/1110 259/1271/1109 598/2394/1194
f 556/2348/1110 598/2394/1194 1280/1664/1193
f 1280/1664/1193 598/2394/1194 299/1338/1195
f 1280/1664/1193 299/1338/1195 599/2395/1196
f 596/2392/1190 1280/1664/1193 599/2395/1196
f 596/2392/1190 599/2395/1196 300/1339/1191
f 259/1271/1109 560/2352/1118 1281/1665/1197
f 259/1271/1109 1281/1665/1197 598/2394/1194
f 560/2352/1118 261/1273/1117 600/2396/1198
f 560/2352/1118 600/2396/1198 1281/1665/1197
f 1281/1665/1197 600/2396/1198 298/1337/1199
f 1281/1665/1197 298/1337/1199 601/2397/1200
f 598/2394/1194 1281/1665/1197 601/2397/1200
f 598/2394/1194 601/2397/1200 299/1338/1195
f 261/1273/1117 562/2354/1122 1282/1666/1201
f 261/1273/1117 1282/1666/1201 600/2396/1198
f 562/2354/1122 223/1227/974 565/2357/1124
f 562/2354/1122 565/2357/1124 1282/1666/1201
f 1282/1666/1201 565/2357/1124 297/1336/1128
f 1282/1666/1201 297/1336/1128 602/2398/1202
f 600/2396/1198 1282/1666/1201 602/2398/1202
f 600/2396/1198 602/2398/1202 298/1337/1199
f 284/1320/1175 591/2386/1180 1283/1667/1203
f 284/1320/1175 1283/1667/1203 605/2401/1204
f 591/2386/1180 283/1319/1179 603/2399/1205
f 591/2386/1180 603/2399/1205 1283/1667/1203
f 1283/1667/1203 603/2399/1205 304/1344/1206
f 1283/1667/1203 304/1344/1206 604/2400/1207
f 605/2401/1204 1283/1667/1203 604/2400/1207
f 605/2401/1204 604/2400/1207 305/1345/1208
f 285/1322/1171 589/2384/1176 1284/1668/1209
f 285/1322/1171 1284/1668/1209 607/2403/1210
f 589/2384/1176 284/1320/1175 605/2401/1204
f 589/2384/1176 605/2401/1204 1284/1668/1209
f 1284/1668/1209 605/2401/1204 305/1345/1208
f 1284/1668/1209 305/1345/1208 606/2402/1211
f 607/2403/1210 1284/1668/1209 606/2402/1211
f 607/2403/1210 606/2402/1211 306/1346/1212
f 286/1323/1167 587/2382/1172 1285/1669/1213
f 286/1323/1167 1285/1669/1213 609/2406/1214
f 587/2382/1172 285/1321/1171 607/2404/1210
f 587/2382/1172 607/2404/1210 1285/1669/1213
f 1285/1669/1213 607/2404/1210 306/1347/1212
f 1285/1669/1213 306/1347/1212 608/2405/1215
f 609/2406/1214 1285/1669/1213 608/2405/1215
f 609/2406/1214 608/2405/1215 307/1348/1216
f 287/1324/1163 585/2379/1168 1286/1670/1217
f 287/1324/1163 1286/1670/1217 611/2408/1218
f 585/2379/1168 286/1323/1167 609/2406/1214
f 585/2379/1168 609/2406/1214 1286/1670/1217
f 1286/1670/1217 609/2406/1214 307/1348/1216
f 1286/1670/1217 307/1348/1216 610/2407/1219
f 611/2408/1218 1286/1670/1217 610/2407/1219
f 611/2408/1218 610/2407/1219 308/1349/1220
f 288/1325/1159 583/2377/1164 1287/1671/1221
f 288/1325/1159 1287/1671/1221 613/2410/1222
f 583/2377/1164 287/1324/1163 611/2408/1218
f 583/2377/1164 611/2408/1218 1287/1671/1221
f 1287/1671/1221 611/2408/1218 308/1349/1220
f 1287/1671/1221 308/1349/1220 612/2409/1223
f 613/2410/1222 1287/1671/1221 612/2409/1223
f 613/2410/1222 612/2409/1223 309/1350/1224
f 289/1326/1155 581/2375/1160 1288/1672/1225
f 289/1326/1155 1288/1672/1225 615/2412/1226
f 581/2375/1160 288/1325/1159 613/2410/1222
f 581/2375/1160 613/2410/1222 1288/1672/1225
f 1288/1672/1225 613/2410/1222 309/1350/1224
f 1288/1672/1225 309/1350/1224 614/2411/1227
f 615/2412/1226 1288/1672/1225 614/2411/1227
f 615/2412/1226 614/2411/1227 310/1351/1228
f 290/1327/1151 579/2373/1156 1289/1673/1229
f 290/1327/1151 1289/1673/1229 617/2414/1230
f 579/2373/1156 289/1326/1155 615/2412/1226
f 579/2373/1156 615/2412/1226 1289/1673/1229
f 1289/1673/1229 615/2412/1226 310/1351/1228
f 1289/1673/1229 310/1351/1228 616/2413/1231
f 617/2414/1230 1289/1673/1229 616/2413/1231
f 617/2414/1230 616/2413/1231 311/1352/1232
f 291/1329/1147 577/2371/1152 1290/1674/1233
f 291/1329/1147 1290/1674/1233 619/2416/1234
f 577/2371/1152 290/1327/1151 617/2414/1230
f 577/2371/1152 617/2414/1230 1290/1674/1233
f 1290/1674/1233 617/2414/1230 311/1352/1232
f 1290/1674/1233 311/1352/1232 618/2415/1235
f 619/2416/1234 1290/1674/1233 618/2415/1235
f 619/2416/1234 618/2415/1235 312/1353/1236
f 292/1330/1143 575/2369/1148 1291/1675/1237
f 292/1330/1143 1291/1675/1237 621/2419/1238
f 575/2369/1148 291/1328/1147 619/2417/1234
f 575/2369/1148 619/2417/1234 1291/1675/1237
f 1291/1675/1237 619/2417/1234 312/1354/1236
f 1291/1675/1237 312/1354/1236 620/2418/1239
f 621/2419/1238 1291/1675/1237 620/2418/1239
f 621/2419/1238 620/2418/1239 313/1355/1240
f 293/1331/1139 573/2366/1144 1292/1676/1241
f 293/1331/1139 1292/1676/1241 623/2421/1242
f 573/2366/1144 292/1330/1143 621/2419/1238
f 573/2366/1144 621/2419/1238 1292/1676/1241
f 1292/1676/1241 621/2419/1238 313/1355/1240
f 1292/1676/1241 313/1355/1240 622/2420/1243
f 623/2421/1242 1292/1676/1241 622/2420/1243
f 623/2421/1242 622/2420/1243 314/1356/1244
f 294/1332/1135 571/2364/1140 1293/1677/1245
f 294/1332/1135 1293/1677/1245 625/2423/1246
f 571/2364/1140 293/1331/1139 623/2421/1242
f 571/2364/1140 623/2421/1242 1293/1677/1245
f 1293/1677/1245 623/2421/1242 314/1356/1244
f 1293/1677/1245 314/1356/1244 624/2422/1247
f 625/2423/1246 1293/1677/1245 624/2422/1247
f 625/2423/1246 624/2422/1247 315/1357/1248
f 295/1334/1131 569/2362/1136 1294/1678/1249
f 295/1334/1131 1294/1678/1249 627/2425/1250
f 569/2362/1136 294/1332/1135 625/2423/1246
f 569/2362/1136 625/2423/1246 1294/1678/1249
f 1294/1678/1249 625/2423/1246 315/1357/1248
f 1294/1678/1249 315/1357/1248 626/2424/1251
f 627/2425/1250 1294/1678/1249 626/2424/1251
f 627/2425/1250 626/2424/1251 316/1358/1252
f 296/1335/1126 567/2360/1132 1295/1679/1253
f 296/1335/1126 1295/1679/1253 629/2428/1254
f 567/2360/1132 295/1333/1131 627/2426/1250
f 567/2360/1132 627/2426/1250 1295/1679/1253
f 1295/1679/1253 627/2426/1250 316/1359/1252
f 1295/1679/1253 316/1359/1252 628/2427/1255
f 629/2428/1254 1295/1679/1253 628/2427/1255
f 629/2428/1254 628/2427/1255 317/1360/1256
f 297/1336/1128 564/2356/1127 1296/1680/1257
f 297/1336/1128 1296/1680/1257 631/2430/1258
f 564/2356/1127 296/1335/1126 629/2428/1254
f 564/2356/1127 629/2428/1254 1296/1680/1257
f 1296/1680/1257 629/2428/1254 317/1360/1256
f 1296/1680/1257 317/1360/1256 630/2429/1259
f 631/2430/1258 1296/1680/1257 630/2429/1259
f 631/2430/1258 630/2429/1259 318/1361/1260
f 298/1337/1199 602/2398/1202 1297/1681/1261
f 298/1337/1199 1297/1681/1261 633/2432/1262
f 602/2398/1202 297/1336/1128 631/2430/1258
f 602/2398/1202 631/2430/1258 1297/1681/1261
f 1297/1681/1261 631/2430/1258 318/1361/1260
f 1297/1681/1261 318/1361/1260 632/2431/1263
f 633/2432/1262 1297/1681/1261 632/2431/1263
f 633/2432/1262 632/2431/1263 319/1362/1264
f 299/1338/1195 601/2397/1200 1298/1682/1265
f 299/1338/1195 1298/1682/1265 635/2434/1266
f 601/2397/1200 298/1337/1199 633/2432/1262
f 601/2397/1200 633/2432/1262 1298/1682/1265
f 1298/1682/1265 633/2432/1262 319/1362/1264
f 1298/1682/1265 319/1362/1264 634/2433/1267
f 635/2434/1266 1298/1682/1265 634/2433/1267
f 635/2434/1266 634/2433/1267 320/1363/1268
f 300/1339/1191 599/2395/1196 1299/1683/1269
f 300/1339/1191 1299/1683/1269 637/2436/1270
f 599/2395/1196 299/1338/1195 635/2434/1266
f 599/2395/1196 635/2434/1266 1299/1683/1269
f 1299/1683/1269 635/2434/1266 320/1363/1268
f 1299/1683/1269 320/1363/1268 636/2435/1271
f 637/2436/1270 1299/1683/1269 636/2435/1271
f 637/2436/1270 636/2435/1271 321/1364/1272
f 301/1341/1187 597/2393/1192 1300/1684/1273
f 301/1341/1187 1300/1684/1273 639/2438/1274
f 597/2393/1192 300/1339/1191 637/2436/1270
f 597/2393/1192 637/2436/1270 1300/1684/1273
f 1300/1684/1273 637/2436/1270 321/1364/1272
f 1300/1684/1273 321/1364/1272 638/2437/1275
f 639/2438/1274 1300/1684/1273 638/2437/1275
f 639/2438/1274 638/2437/1275 322/1365/1276
f 302/1342/1183 595/2391/1188 1301/1685/1277
f 302/1342/1183 1301/1685/1277 641/2441/1278
f 595/2391/1188 301/1340/1187 639/2439/1274
f 595/2391/1188 639/2439/1274 1301/1685/1277
f 1301/1685/1277 639/2439/1274 322/1366/1276
f 1301/1685/1277 322/1366/1276 640/2440/1279
f 641/2441/1278 1301/1685/1277 640/2440/1279
f 641/2441/1278 640/2440/1279 303/1343/1280
f 283/1319/1179 593/2388/1184 1302/1686/1281
f 283/1319/1179 1302/1686/1281 603/2399/1205
f 593/2388/1184 302/1342/1183 641/2441/1278
f 593/2388/1184 641/2441/1278 1302/1686/1281
f 1302/1686/1281 641/2441/1278 303/1343/1280
f 1302/1686/1281 303/1343/1280 642/2442/1282
f 603/2399/1205 1302/1686/1281 642/2442/1282
f 603/2399/1205 642/2442/1282 304/1344/1206
f 304/1344/1206 642/2442/1282 1303/1687/1283
f 304/1344/1206 1303/1687/1283 644/2444/1284
f 642/2442/1282 303/1343/1280 643/2443/1285
f 642/2442/1282 643/2443/1285 1303/1687/1283
f 1303/1687/1283 643/2443/1285 278/1309/223
f 1303/1687/1283 278/1309/223 772/1855/221
f 644/2444/1284 1303/1687/1283 772/1855/221
f 644/2444/1284 772/1855/221 277/1307/219
f 305/1345/1208 604/2400/1207 1304/1688/1286
f 305/1345/1208 1304/1688/1286 645/2445/1287
f 604/2400/1207 304/1344/1206 644/2444/1284
f 604/2400/1207 644/2444/1284 1304/1688/1286
f 1304/1688/1286 644/2444/1284 277/1307/219
f 1304/1688/1286 277/1307/219 770/1852/217
f 645/2445/1287 1304/1688/1286 770/1852/217
f 645/2445/1287 770/1852/217 276/1305/215
f 306/1346/1212 606/2402/1211 1305/1689/1288
f 306/1346/1212 1305/1689/1288 646/2446/1289
f 606/2402/1211 305/1345/1208 645/2445/1287
f 606/2402/1211 645/2445/1287 1305/1689/1288
f 1305/1689/1288 645/2445/1287 276/1305/215
f 1305/1689/1288 276/1305/215 768/1849/213
f 646/2446/1289 1305/1689/1288 768/1849/213
f 646/2446/1289 768/1849/213 275/1303/211
f 307/1348/1216 608/2405/1215 1306/1690/1290
f 307/1348/1216 1306/1690/1290 647/2448/1291
f 608/2405/1215 306/1347/1212 646/2447/1289
f 608/2405/1215 646/2447/1289 1306/1690/1290
f 1306/1690/1290 646/2447/1289 275/1302/211
f 1306/1690/1290 275/1302/211 766/1846/209
f 647/2448/1291 1306/1690/1290 766/1846/209
f 647/2448/1291 766/1846/209 274/1300/207
f 308/1349/1220 610/2407/1219 1307/1691/1292
f 308/1349/1220 1307/1691/1292 648/2449/1293
f 610/2407/1219 307/1348/1216 647/2448/1291
f 610/2407/1219 647/2448/1291 1307/1691/1292
f 1307/1691/1292 647/2448/1291 274/1300/207
f 1307/1691/1292 274/1300/207 764/1843/205
f 648/2449/1293 1307/1691/1292 764/1843/205
f 648/2449/1293 764/1843/205 273/1298/203
f 309/1350/1224 612/2409/1223 1308/1692/1294
f 309/1350/1224 1308/1692/1294 649/2450/1295
f 612/2409/1223 308/1349/1220 648/2449/1293
f 612/2409/1223 648/2449/1293 1308/1692/1294
f 1308/1692/1294 648/2449/1293 273/1298/203
f 1308/1692/1294 273/1298/203 762/1840/201
f 649/2450/1295 1308/1692/1294 762/1840/201
f 649/2450/1295 762/1840/201 272/1296/199
f 310/1351/1228 614/2411/1227 1309/1693/1296
f 310/1351/1228 1309/1693/1296 650/2451/1297
f 614/2411/1227 309/1350/1224 649/2450/1295
f 614/2411/1227 649/2450/1295 1309/1693/1296
f 1309/1693/1296 649/2450/1295 272/1296/199
f 1309/1693/1296 272/1296/199 760/1837/197
f 650/2451/1297 1309/1693/1296 760/1837/197
f 650/2451/1297 760/1837/197 271/1294/195
f 311/1352/1232 616/2413/1231 1310/1694/1298
f 311/1352/1232 1310/1694/1298 651/2452/1299
f 616/2413/1231 310/1351/1228 650/2451/1297
f 616/2413/1231 650/2451/1297 1310/1694/1298
f 1310/1694/1298 650/2451/1297 271/1294/195
f 1310/1694/1298 271/1294/195 758/1834/193
f 651/2452/1299 1310/1694/1298 758/1834/193
f 651/2452/1299 758/1834/193 270/1292/191
f 312/1353/1236 618/2415/1235 1311/1695/1300
f 312/1353/1236 1311/1695/1300 652/2453/1301
f 618/2415/1235 311/1352/1232 651/2452/1299
f 618/2415/1235 651/2452/1299 1311/1695/1300
f 1311/1695/1300 651/2452/1299 270/1292/191
f 1311/1695/1300 270/1292/191 756/1831/189
f 652/2453/1301 1311/1695/1300 756/1831/189
f 652/2453/1301 756/1831/189 269/1290/187
f 313/1355/1240 620/2418/1239 1312/1696/1302
f 313/1355/1240 1312/1696/1302 653/2455/1303
f 620/2418/1239 312/1354/1236 652/2454/1301
f 620/2418/1239 652/2454/1301 1312/1696/1302
f 1312/1696/1302 652/2454/1301 269/1289/187
f 1312/1696/1302 269/1289/187 754/1828/185
f 653/2455/1303 1312/1696/1302 754/1828/185
f 653/2455/1303 754/1828/185 268/1287/183
f 314/1356/1244 622/2420/1243 1313/1697/1304
f 314/1356/1244 1313/1697/1304 654/2456/1305
f 622/2420/1243 313/1355/1240 653/2455/1303
f 622/2420/1243 653/2455/1303 1313/1697/1304
f 1313/1697/1304 653/2455/1303 268/1287/183
f 1313/1697/1304 268/1287/183 752/1825/181
f 654/2456/1305 1313/1697/1304 752/1825/181
f 654/2456/1305 752/1825/181 267/1285/179
f 315/1357/1248 624/2422/1247 1314/1698/1306
f 315/1357/1248 1314/1698/1306 655/2457/1307
f 624/2422/1247 314/1356/1244 654/2456/1305
f 624/2422/1247 654/2456/1305 1314/1698/1306
f 1314/1698/1306 654/2456/1305 267/1285/179
f 1314/1698/1306 267/1285/179 750/1822/177
f 655/2457/1307 1314/1698/1306 750/1822/177
f 655/2457/1307 750/1822/177 266/1283/175
f 316/1358/1252 626/2424/1251 1315/1699/1308
f 316/1358/1252 1315/1699/1308 656/2458/1309
f 626/2424/1251 315/1357/1248 655/2457/1307
f 626/2424/1251 655/2457/1307 1315/1699/1308
f 1315/1699/1308 655/2457/1307 266/1283/175
f 1315/1699/1308 266/1283/175 748/1819/173
f 656/2458/1309 1315/1699/1308 748/1819/173
f 656/2458/1309 748/1819/173 265/1281/171
f 317/1360/1256 628/2427/1255 1316/1700/1310
f 317/1360/1256 1316/1700/1310 657/2460/1311
f 628/2427/1255 316/1359/1252 656/2459/1309
f 628/2427/1255 656/2459/1309 1316/1700/1310
f 1316/1700/1310 656/2459/1309 265/1280/171
f 1316/1700/1310 265/1280/171 746/1816/169
f 657/2460/1311 1316/1700/1310 746/1816/169
f 657/2460/1311 746/1816/169 263/1277/166
f 318/1361/1260 630/2429/1259 1317/1701/1312
f 318/1361/1260 1317/1701/1312 658/2461/1313
f 630/2429/1259 317/1360/1256 657/2460/1311
f 630/2429/1259 657/2460/1311 1317/1701/1312
f 1317/1701/1312 657/2460/1311 263/1277/166
f 1317/1701/1312 263/1277/166 743/1812/163
f 658/2461/1313 1317/1701/1312 743/1812/163
f 658/2461/1313 743/1812/163 262/1275/162
f 319/1362/1264 632/2431/1263 1318/1702/1314
f 319/1362/1264 1318/1702/1314 659/2462/1315
f 632/2431/1263 318/1361/1260 658/2461/1313
f 632/2431/1263 658/2461/1313 1318/1702/1314
f 1318/1702/1314 658/2461/1313 262/1275/162
f 1318/1702/1314 262/1275/162 782/1870/241
f 659/2462/1315 1318/1702/1314 782/1870/241
f 659/2462/1315 782/1870/241 282/1318/239
f 320/1363/1268 634/2433/1267 1319/1703/1316
f 320/1363/1268 1319/1703/1316 660/2463/1317
f 634/2433/1267 319/1362/1264 659/2462/1315
f 634/2433/1267 659/2462/1315 1319/1703/1316
f 1319/1703/1316 659/2462/1315 282/1318/239
f 1319/1703/1316 282/1318/239 780/1867/237
f 660/2463/1317 1319/1703/1316 780/1867/237
f 660/2463/1317 780/1867/237 281/1316/235
f 321/1364/1272 636/2435/1271 1320/1704/1318
f 321/1364/1272 1320/1704/1318 661/2464/1319
f 636/2435/1271 320/1363/1268 660/2463/1317
f 636/2435/1271 660/2463/1317 1320/1704/1318
f 1320/1704/1318 660/2463/1317 281/1316/235
f 1320/1704/1318 281/1316/235 778/1864/233
f 661/2464/1319 1320/1704/1318 778/1864/233
f 661/2464/1319 778/1864/233 280/1314/231
f 322/1365/1276 638/2437/1275 1321/1705/1320
f 322/1365/1276 1321/1705/1320 662/2465/1321
f 638/2437/1275 321/1364/1272 661/2464/1319
f 638/2437/1275 661/2464/1319 1321/1705/1320
f 1321/1705/1320 661/2464/1319 280/1314/231
f 1321/1705/1320 280/1314/231 776/1861/229
f 662/2465/1321 1321/1705/1320 776/1861/229
f 662/2465/1321 776/1861/229 279/1312/227
f 303/1343/1280 640/2440/1279 1322/1706/1322
f 303/1343/1280 1322/1706/1322 643/2443/1285
f 640/2440/1279 322/1366/1276 662/2466/1321
f 640/2440/1279 662/2466/1321 1322/1706/1322
f 1322/1706/1322 662/2466/1321 279/1311/227
f 1322/1706/1322 279/1311/227 774/1858/225
f 643/2443/1285 1322/1706/1322 774/1858/225
f 643/2443/1285 774/1858/225 278/1309/223
